-- MySQL dump 10.13  Distrib 5.1.41, for debian-linux-gnu (i486)
--
-- Host: localhost    Database: v43_civicrm
-- ------------------------------------------------------
-- Server version	5.1.41-3ubuntu12.10

/*!40101 SET @OLD_CHARACTER_SET_CLIENT=@@CHARACTER_SET_CLIENT */;
/*!40101 SET @OLD_CHARACTER_SET_RESULTS=@@CHARACTER_SET_RESULTS */;
/*!40101 SET @OLD_COLLATION_CONNECTION=@@COLLATION_CONNECTION */;
/*!40101 SET NAMES utf8 */;
/*!40103 SET @OLD_TIME_ZONE=@@TIME_ZONE */;
/*!40103 SET TIME_ZONE='+00:00' */;
/*!40014 SET @OLD_UNIQUE_CHECKS=@@UNIQUE_CHECKS, UNIQUE_CHECKS=0 */;
/*!40014 SET @OLD_FOREIGN_KEY_CHECKS=@@FOREIGN_KEY_CHECKS, FOREIGN_KEY_CHECKS=0 */;
/*!40101 SET @OLD_SQL_MODE=@@SQL_MODE, SQL_MODE='NO_AUTO_VALUE_ON_ZERO' */;
/*!40111 SET @OLD_SQL_NOTES=@@SQL_NOTES, SQL_NOTES=0 */;

--
-- Dumping data for table `civicrm_acl`
--

LOCK TABLES `civicrm_acl` WRITE;
/*!40000 ALTER TABLE `civicrm_acl` DISABLE KEYS */;
INSERT INTO `civicrm_acl` (`id`, `name`, `deny`, `entity_table`, `entity_id`, `operation`, `object_table`, `object_id`, `acl_table`, `acl_id`, `is_active`) VALUES (1,'Edit All Contacts',0,'civicrm_acl_role',1,'Edit','civicrm_saved_search',0,NULL,NULL,1),(2,'Core ACL',0,'civicrm_acl_role',0,'All','access CiviMail subscribe/unsubscribe pages',NULL,NULL,NULL,1),(3,'Core ACL',0,'civicrm_acl_role',0,'All','access all custom data',NULL,NULL,NULL,1),(4,'Core ACL',0,'civicrm_acl_role',0,'All','make online contributions',NULL,NULL,NULL,1),(5,'Core ACL',0,'civicrm_acl_role',0,'All','make online pledges',NULL,NULL,NULL,1),(6,'Core ACL',0,'civicrm_acl_role',0,'All','profile listings and forms',NULL,NULL,NULL,1),(7,'Core ACL',0,'civicrm_acl_role',0,'All','view event info',NULL,NULL,NULL,1),(8,'Core ACL',0,'civicrm_acl_role',0,'All','register for events',NULL,NULL,NULL,1),(9,'Core ACL',0,'civicrm_acl_role',1,'All','access CiviCRM',NULL,NULL,NULL,1),(10,'Core ACL',0,'civicrm_acl_role',1,'All','access CiviContribute',NULL,NULL,NULL,1),(11,'Core ACL',0,'civicrm_acl_role',1,'All','access CiviEvent',NULL,NULL,NULL,1),(12,'Core ACL',0,'civicrm_acl_role',1,'All','access CiviMail',NULL,NULL,NULL,1),(13,'Core ACL',0,'civicrm_acl_role',1,'All','access CiviMail subscribe/unsubscribe pages',NULL,NULL,NULL,1),(14,'Core ACL',0,'civicrm_acl_role',1,'All','access CiviMember',NULL,NULL,NULL,1),(15,'Core ACL',0,'civicrm_acl_role',1,'All','access CiviPledge',NULL,NULL,NULL,1),(16,'Core ACL',0,'civicrm_acl_role',1,'All','administer CiviCase',NULL,NULL,NULL,1),(17,'Core ACL',0,'civicrm_acl_role',1,'All','access my cases and activities',NULL,NULL,NULL,1),(18,'Core ACL',0,'civicrm_acl_role',1,'All','access all cases and activities',NULL,NULL,NULL,1),(19,'Core ACL',0,'civicrm_acl_role',1,'All','delete in CiviCase',NULL,NULL,NULL,1),(20,'Core ACL',0,'civicrm_acl_role',1,'All','access CiviGrant',NULL,NULL,NULL,1),(21,'Core ACL',0,'civicrm_acl_role',1,'All','access Contact Dashboard',NULL,NULL,NULL,1),(22,'Core ACL',0,'civicrm_acl_role',1,'All','administer Multiple Organizations',NULL,NULL,NULL,1),(23,'Core ACL',0,'civicrm_acl_role',1,'All','delete activities',NULL,NULL,NULL,1),(24,'Core ACL',0,'civicrm_acl_role',1,'All','delete in CiviContribute',NULL,NULL,NULL,1),(25,'Core ACL',0,'civicrm_acl_role',1,'All','delete in CiviMail',NULL,NULL,NULL,1),(26,'Core ACL',0,'civicrm_acl_role',1,'All','delete in CiviPledge',NULL,NULL,NULL,1),(27,'Core ACL',0,'civicrm_acl_role',1,'All','delete contacts',NULL,NULL,NULL,1),(28,'Core ACL',0,'civicrm_acl_role',1,'All','delete in CiviEvent',NULL,NULL,NULL,1),(29,'Core ACL',0,'civicrm_acl_role',1,'All','delete in CiviMember',NULL,NULL,NULL,1),(30,'Core ACL',0,'civicrm_acl_role',1,'All','translate CiviCRM',NULL,NULL,NULL,1),(31,'Core ACL',0,'civicrm_acl_role',1,'All','edit grants',NULL,NULL,NULL,1),(32,'Core ACL',0,'civicrm_acl_role',1,'All','access all custom data',NULL,NULL,NULL,1),(33,'Core ACL',0,'civicrm_acl_role',1,'All','access uploaded files',NULL,NULL,NULL,1),(34,'Core ACL',0,'civicrm_acl_role',1,'All','add contacts',NULL,NULL,NULL,1),(35,'Core ACL',0,'civicrm_acl_role',1,'All','administer CiviCRM',NULL,NULL,NULL,1),(36,'Core ACL',0,'civicrm_acl_role',1,'All','edit all contacts',NULL,NULL,NULL,1),(37,'Core ACL',0,'civicrm_acl_role',1,'All','edit contributions',NULL,NULL,NULL,1),(38,'Core ACL',0,'civicrm_acl_role',1,'All','edit event participants',NULL,NULL,NULL,1),(39,'Core ACL',0,'civicrm_acl_role',1,'All','edit groups',NULL,NULL,NULL,1),(40,'Core ACL',0,'civicrm_acl_role',1,'All','edit memberships',NULL,NULL,NULL,1),(41,'Core ACL',0,'civicrm_acl_role',1,'All','edit pledges',NULL,NULL,NULL,1),(42,'Core ACL',0,'civicrm_acl_role',1,'All','access CiviReport',NULL,NULL,NULL,1),(43,'Core ACL',0,'civicrm_acl_role',1,'All','access Report Criteria',NULL,NULL,NULL,1),(44,'Core ACL',0,'civicrm_acl_role',1,'All','administer Reports',NULL,NULL,NULL,1),(45,'Core ACL',0,'civicrm_acl_role',1,'All','import contacts',NULL,NULL,NULL,1),(46,'Core ACL',0,'civicrm_acl_role',1,'All','make online contributions',NULL,NULL,NULL,1),(47,'Core ACL',0,'civicrm_acl_role',1,'All','make online pledges',NULL,NULL,NULL,1),(48,'Core ACL',0,'civicrm_acl_role',1,'All','profile listings and forms',NULL,NULL,NULL,1),(49,'Core ACL',0,'civicrm_acl_role',1,'All','profile create',NULL,NULL,NULL,1),(50,'Core ACL',0,'civicrm_acl_role',1,'All','profile edit',NULL,NULL,NULL,1),(51,'Core ACL',0,'civicrm_acl_role',1,'All','profile listings',NULL,NULL,NULL,1),(52,'Core ACL',0,'civicrm_acl_role',1,'All','profile view',NULL,NULL,NULL,1),(53,'Core ACL',0,'civicrm_acl_role',1,'All','register for events',NULL,NULL,NULL,1),(54,'Core ACL',0,'civicrm_acl_role',1,'All','view all activities',NULL,NULL,NULL,1),(55,'Core ACL',0,'civicrm_acl_role',1,'All','view all contacts',NULL,NULL,NULL,1),(56,'Core ACL',0,'civicrm_acl_role',1,'All','view event info',NULL,NULL,NULL,1),(57,'Core ACL',0,'civicrm_acl_role',1,'All','view event participants',NULL,NULL,NULL,1),(58,'Core ACL',0,'civicrm_acl_role',1,'All','edit all events',NULL,NULL,NULL,1),(59,'Core ACL',0,'civicrm_acl_role',2,'All','access CiviMail subscribe/unsubscribe pages',NULL,NULL,NULL,1),(60,'Core ACL',0,'civicrm_acl_role',2,'All','access all custom data',NULL,NULL,NULL,1),(61,'Core ACL',0,'civicrm_acl_role',2,'All','make online contributions',NULL,NULL,NULL,1),(62,'Core ACL',0,'civicrm_acl_role',2,'All','make online pledges',NULL,NULL,NULL,1),(63,'Core ACL',0,'civicrm_acl_role',2,'All','profile listings and forms',NULL,NULL,NULL,1),(64,'Core ACL',0,'civicrm_acl_role',2,'All','register for events',NULL,NULL,NULL,1),(65,'Core ACL',0,'civicrm_acl_role',2,'All','view event info',NULL,NULL,NULL,1);
/*!40000 ALTER TABLE `civicrm_acl` ENABLE KEYS */;
UNLOCK TABLES;

--
-- Dumping data for table `civicrm_acl_cache`
--

LOCK TABLES `civicrm_acl_cache` WRITE;
/*!40000 ALTER TABLE `civicrm_acl_cache` DISABLE KEYS */;
/*!40000 ALTER TABLE `civicrm_acl_cache` ENABLE KEYS */;
UNLOCK TABLES;

--
-- Dumping data for table `civicrm_acl_contact_cache`
--

LOCK TABLES `civicrm_acl_contact_cache` WRITE;
/*!40000 ALTER TABLE `civicrm_acl_contact_cache` DISABLE KEYS */;
/*!40000 ALTER TABLE `civicrm_acl_contact_cache` ENABLE KEYS */;
UNLOCK TABLES;

--
-- Dumping data for table `civicrm_acl_entity_role`
--

LOCK TABLES `civicrm_acl_entity_role` WRITE;
/*!40000 ALTER TABLE `civicrm_acl_entity_role` DISABLE KEYS */;
INSERT INTO `civicrm_acl_entity_role` (`id`, `acl_role_id`, `entity_table`, `entity_id`, `is_active`) VALUES (1,1,'civicrm_group',1,1);
/*!40000 ALTER TABLE `civicrm_acl_entity_role` ENABLE KEYS */;
UNLOCK TABLES;

--
-- Dumping data for table `civicrm_action_log`
--

LOCK TABLES `civicrm_action_log` WRITE;
/*!40000 ALTER TABLE `civicrm_action_log` DISABLE KEYS */;
/*!40000 ALTER TABLE `civicrm_action_log` ENABLE KEYS */;
UNLOCK TABLES;

--
-- Dumping data for table `civicrm_action_mapping`
--

LOCK TABLES `civicrm_action_mapping` WRITE;
/*!40000 ALTER TABLE `civicrm_action_mapping` DISABLE KEYS */;
INSERT INTO `civicrm_action_mapping` (`id`, `entity`, `entity_value`, `entity_value_label`, `entity_status`, `entity_status_label`, `entity_date_start`, `entity_date_end`, `entity_recipient`) VALUES (1,'civicrm_activity','activity_type','Activity Type','activity_status','Activity Status','activity_date_time',NULL,'activity_contacts'),(2,'civicrm_participant','event_type','Event Type','civicrm_participant_status_type','Participant Status','event_start_date','event_end_date','event_contacts'),(3,'civicrm_participant','civicrm_event','Event Name','civicrm_participant_status_type','Participant Status','event_start_date','event_end_date','event_contacts'),(4,'civicrm_membership','civicrm_membership_type','Membership Type','auto_renew_options','Auto Renew Options','membership_join_date','membership_end_date',NULL);
/*!40000 ALTER TABLE `civicrm_action_mapping` ENABLE KEYS */;
UNLOCK TABLES;

--
-- Dumping data for table `civicrm_action_schedule`
--

LOCK TABLES `civicrm_action_schedule` WRITE;
/*!40000 ALTER TABLE `civicrm_action_schedule` DISABLE KEYS */;
/*!40000 ALTER TABLE `civicrm_action_schedule` ENABLE KEYS */;
UNLOCK TABLES;

--
-- Dumping data for table `civicrm_activity`
--

LOCK TABLES `civicrm_activity` WRITE;
/*!40000 ALTER TABLE `civicrm_activity` DISABLE KEYS */;
INSERT INTO `civicrm_activity` (`id`, `source_contact_id`, `source_record_id`, `activity_type_id`, `subject`, `activity_date_time`, `duration`, `location`, `phone_id`, `phone_number`, `details`, `status_id`, `priority_id`, `parent_id`, `is_test`, `medium_id`, `is_auto`, `relationship_id`, `is_current_revision`, `original_id`, `result`, `is_deleted`, `campaign_id`, `engagement_level`, `weight`) VALUES (1,16,NULL,7,'Subject for Membership Signup','2012-04-25 02:33:54',6,NULL,NULL,NULL,NULL,2,NULL,NULL,0,NULL,0,NULL,1,NULL,NULL,0,NULL,NULL,NULL),(2,16,NULL,7,'Subject for Membership Signup','2012-04-10 10:24:39',4,NULL,NULL,NULL,NULL,2,NULL,NULL,0,NULL,0,NULL,1,NULL,NULL,0,NULL,NULL,NULL),(3,16,NULL,7,'Subject for Membership Signup','2012-09-06 11:43:08',1,NULL,NULL,NULL,NULL,2,NULL,NULL,0,NULL,0,NULL,1,NULL,NULL,0,NULL,NULL,NULL),(4,16,NULL,10,'Subject for Pledge Acknowledgment','2012-08-24 08:06:04',2,NULL,NULL,NULL,NULL,2,NULL,NULL,0,NULL,0,NULL,1,NULL,NULL,0,NULL,NULL,NULL),(5,16,NULL,10,'Subject for Pledge Acknowledgment','2012-06-07 03:24:05',3,NULL,NULL,NULL,NULL,2,NULL,NULL,0,NULL,0,NULL,1,NULL,NULL,0,NULL,NULL,NULL),(6,16,NULL,8,'Subject for Membership Renewal','2012-03-26 09:00:16',3,NULL,NULL,NULL,NULL,2,NULL,NULL,0,NULL,0,NULL,1,NULL,NULL,0,NULL,NULL,NULL),(7,16,NULL,10,'Subject for Pledge Acknowledgment','2012-09-06 03:08:55',2,NULL,NULL,NULL,NULL,2,NULL,NULL,0,NULL,0,NULL,1,NULL,NULL,0,NULL,NULL,NULL),(8,16,NULL,10,'Subject for Pledge Acknowledgment','2012-07-14 02:20:14',4,NULL,NULL,NULL,NULL,2,NULL,NULL,0,NULL,0,NULL,1,NULL,NULL,0,NULL,NULL,NULL),(9,16,NULL,8,'Subject for Membership Renewal','2012-04-18 03:56:28',6,NULL,NULL,NULL,NULL,2,NULL,NULL,0,NULL,0,NULL,1,NULL,NULL,0,NULL,NULL,NULL),(10,16,NULL,10,'Subject for Pledge Acknowledgment','2012-04-16 05:18:47',3,NULL,NULL,NULL,NULL,2,NULL,NULL,0,NULL,0,NULL,1,NULL,NULL,0,NULL,NULL,NULL),(11,16,NULL,9,'Subject for Tell a Friend','2012-04-16 11:22:24',5,NULL,NULL,NULL,NULL,2,NULL,NULL,0,NULL,0,NULL,1,NULL,NULL,0,NULL,NULL,NULL),(12,16,NULL,10,'Subject for Pledge Acknowledgment','2012-05-20 03:33:37',1,NULL,NULL,NULL,NULL,2,NULL,NULL,0,NULL,0,NULL,1,NULL,NULL,0,NULL,NULL,NULL),(13,16,NULL,7,'Subject for Membership Signup','2012-11-01 10:01:47',3,NULL,NULL,NULL,NULL,2,NULL,NULL,0,NULL,0,NULL,1,NULL,NULL,0,NULL,NULL,NULL),(14,16,NULL,9,'Subject for Tell a Friend','2012-05-09 09:18:53',1,NULL,NULL,NULL,NULL,2,NULL,NULL,0,NULL,0,NULL,1,NULL,NULL,0,NULL,NULL,NULL),(15,16,NULL,9,'Subject for Tell a Friend','2012-02-19 06:52:03',5,NULL,NULL,NULL,NULL,2,NULL,NULL,0,NULL,0,NULL,1,NULL,NULL,0,NULL,NULL,NULL),(16,16,NULL,7,'Subject for Membership Signup','2012-03-24 02:24:44',1,NULL,NULL,NULL,NULL,2,NULL,NULL,0,NULL,0,NULL,1,NULL,NULL,0,NULL,NULL,NULL),(17,16,NULL,9,'Subject for Tell a Friend','2012-06-27 11:11:58',2,NULL,NULL,NULL,NULL,2,NULL,NULL,0,NULL,0,NULL,1,NULL,NULL,0,NULL,NULL,NULL),(18,16,NULL,8,'Subject for Membership Renewal','2012-10-27 09:12:42',5,NULL,NULL,NULL,NULL,2,NULL,NULL,0,NULL,0,NULL,1,NULL,NULL,0,NULL,NULL,NULL),(19,16,NULL,7,'Subject for Membership Signup','2012-07-08 01:36:24',6,NULL,NULL,NULL,NULL,2,NULL,NULL,0,NULL,0,NULL,1,NULL,NULL,0,NULL,NULL,NULL),(20,16,NULL,8,'Subject for Membership Renewal','2012-03-01 02:19:23',1,NULL,NULL,NULL,NULL,2,NULL,NULL,0,NULL,0,NULL,1,NULL,NULL,0,NULL,NULL,NULL),(21,16,NULL,9,'Subject for Tell a Friend','2012-10-04 04:39:58',4,NULL,NULL,NULL,NULL,2,NULL,NULL,0,NULL,0,NULL,1,NULL,NULL,0,NULL,NULL,NULL),(22,16,NULL,8,'Subject for Membership Renewal','2012-06-30 03:12:08',5,NULL,NULL,NULL,NULL,2,NULL,NULL,0,NULL,0,NULL,1,NULL,NULL,0,NULL,NULL,NULL),(23,16,NULL,8,'Subject for Membership Renewal','2012-04-02 11:46:34',5,NULL,NULL,NULL,NULL,2,NULL,NULL,0,NULL,0,NULL,1,NULL,NULL,0,NULL,NULL,NULL),(24,16,NULL,10,'Subject for Pledge Acknowledgment','2012-08-15 03:41:46',5,NULL,NULL,NULL,NULL,2,NULL,NULL,0,NULL,0,NULL,1,NULL,NULL,0,NULL,NULL,NULL),(25,16,NULL,10,'Subject for Pledge Acknowledgment','2012-01-22 01:53:14',2,NULL,NULL,NULL,NULL,2,NULL,NULL,0,NULL,0,NULL,1,NULL,NULL,0,NULL,NULL,NULL),(26,16,NULL,7,'Subject for Membership Signup','2012-10-28 08:41:33',6,NULL,NULL,NULL,NULL,2,NULL,NULL,0,NULL,0,NULL,1,NULL,NULL,0,NULL,NULL,NULL),(27,16,NULL,10,'Subject for Pledge Acknowledgment','2012-05-20 01:34:12',2,NULL,NULL,NULL,NULL,2,NULL,NULL,0,NULL,0,NULL,1,NULL,NULL,0,NULL,NULL,NULL),(28,16,NULL,8,'Subject for Membership Renewal','2011-12-22 06:27:00',6,NULL,NULL,NULL,NULL,2,NULL,NULL,0,NULL,0,NULL,1,NULL,NULL,0,NULL,NULL,NULL),(29,16,NULL,10,'Subject for Pledge Acknowledgment','2012-03-13 11:10:23',4,NULL,NULL,NULL,NULL,2,NULL,NULL,0,NULL,0,NULL,1,NULL,NULL,0,NULL,NULL,NULL),(30,16,NULL,8,'Subject for Membership Renewal','2012-11-06 02:35:14',4,NULL,NULL,NULL,NULL,2,NULL,NULL,0,NULL,0,NULL,1,NULL,NULL,0,NULL,NULL,NULL),(31,16,NULL,9,'Subject for Tell a Friend','2012-02-17 11:12:06',2,NULL,NULL,NULL,NULL,2,NULL,NULL,0,NULL,0,NULL,1,NULL,NULL,0,NULL,NULL,NULL),(32,16,NULL,10,'Subject for Pledge Acknowledgment','2012-05-05 02:19:55',4,NULL,NULL,NULL,NULL,2,NULL,NULL,0,NULL,0,NULL,1,NULL,NULL,0,NULL,NULL,NULL),(33,16,NULL,8,'Subject for Membership Renewal','2011-12-18 10:29:05',6,NULL,NULL,NULL,NULL,2,NULL,NULL,0,NULL,0,NULL,1,NULL,NULL,0,NULL,NULL,NULL),(34,16,NULL,8,'Subject for Membership Renewal','2012-10-04 08:01:47',6,NULL,NULL,NULL,NULL,2,NULL,NULL,0,NULL,0,NULL,1,NULL,NULL,0,NULL,NULL,NULL),(35,16,NULL,8,'Subject for Membership Renewal','2012-09-20 05:35:53',5,NULL,NULL,NULL,NULL,2,NULL,NULL,0,NULL,0,NULL,1,NULL,NULL,0,NULL,NULL,NULL),(36,16,NULL,10,'Subject for Pledge Acknowledgment','2012-02-21 09:24:56',3,NULL,NULL,NULL,NULL,2,NULL,NULL,0,NULL,0,NULL,1,NULL,NULL,0,NULL,NULL,NULL),(37,16,NULL,7,'Subject for Membership Signup','2012-09-09 01:53:38',1,NULL,NULL,NULL,NULL,2,NULL,NULL,0,NULL,0,NULL,1,NULL,NULL,0,NULL,NULL,NULL),(38,16,NULL,10,'Subject for Pledge Acknowledgment','2012-09-26 07:15:39',4,NULL,NULL,NULL,NULL,2,NULL,NULL,0,NULL,0,NULL,1,NULL,NULL,0,NULL,NULL,NULL),(39,16,NULL,7,'Subject for Membership Signup','2012-01-12 08:18:26',1,NULL,NULL,NULL,NULL,2,NULL,NULL,0,NULL,0,NULL,1,NULL,NULL,0,NULL,NULL,NULL),(40,16,NULL,9,'Subject for Tell a Friend','2012-05-26 03:41:31',6,NULL,NULL,NULL,NULL,2,NULL,NULL,0,NULL,0,NULL,1,NULL,NULL,0,NULL,NULL,NULL),(41,16,NULL,10,'Subject for Pledge Acknowledgment','2012-01-15 08:11:16',6,NULL,NULL,NULL,NULL,2,NULL,NULL,0,NULL,0,NULL,1,NULL,NULL,0,NULL,NULL,NULL),(42,16,NULL,9,'Subject for Tell a Friend','2012-03-09 10:33:11',6,NULL,NULL,NULL,NULL,2,NULL,NULL,0,NULL,0,NULL,1,NULL,NULL,0,NULL,NULL,NULL),(43,16,NULL,10,'Subject for Pledge Acknowledgment','2012-07-27 06:01:44',3,NULL,NULL,NULL,NULL,2,NULL,NULL,0,NULL,0,NULL,1,NULL,NULL,0,NULL,NULL,NULL),(44,16,NULL,9,'Subject for Tell a Friend','2012-06-01 06:57:32',2,NULL,NULL,NULL,NULL,2,NULL,NULL,0,NULL,0,NULL,1,NULL,NULL,0,NULL,NULL,NULL),(45,16,NULL,8,'Subject for Membership Renewal','2012-10-12 01:16:10',2,NULL,NULL,NULL,NULL,2,NULL,NULL,0,NULL,0,NULL,1,NULL,NULL,0,NULL,NULL,NULL),(46,16,NULL,7,'Subject for Membership Signup','2012-03-29 12:21:36',2,NULL,NULL,NULL,NULL,2,NULL,NULL,0,NULL,0,NULL,1,NULL,NULL,0,NULL,NULL,NULL),(47,16,NULL,8,'Subject for Membership Renewal','2012-08-01 06:25:30',1,NULL,NULL,NULL,NULL,2,NULL,NULL,0,NULL,0,NULL,1,NULL,NULL,0,NULL,NULL,NULL),(48,16,NULL,9,'Subject for Tell a Friend','2012-10-15 06:31:37',1,NULL,NULL,NULL,NULL,2,NULL,NULL,0,NULL,0,NULL,1,NULL,NULL,0,NULL,NULL,NULL),(49,16,NULL,8,'Subject for Membership Renewal','2012-06-16 08:14:27',5,NULL,NULL,NULL,NULL,2,NULL,NULL,0,NULL,0,NULL,1,NULL,NULL,0,NULL,NULL,NULL),(50,16,NULL,10,'Subject for Pledge Acknowledgment','2012-10-05 02:49:22',5,NULL,NULL,NULL,NULL,2,NULL,NULL,0,NULL,0,NULL,1,NULL,NULL,0,NULL,NULL,NULL),(51,16,NULL,10,'Subject for Pledge Acknowledgment','2012-10-19 10:06:19',4,NULL,NULL,NULL,NULL,2,NULL,NULL,0,NULL,0,NULL,1,NULL,NULL,0,NULL,NULL,NULL),(52,16,NULL,10,'Subject for Pledge Acknowledgment','2012-07-07 09:33:43',4,NULL,NULL,NULL,NULL,2,NULL,NULL,0,NULL,0,NULL,1,NULL,NULL,0,NULL,NULL,NULL),(53,16,NULL,10,'Subject for Pledge Acknowledgment','2012-10-21 06:45:54',5,NULL,NULL,NULL,NULL,2,NULL,NULL,0,NULL,0,NULL,1,NULL,NULL,0,NULL,NULL,NULL),(54,16,NULL,8,'Subject for Membership Renewal','2012-08-22 12:29:57',4,NULL,NULL,NULL,NULL,2,NULL,NULL,0,NULL,0,NULL,1,NULL,NULL,0,NULL,NULL,NULL),(55,16,NULL,9,'Subject for Tell a Friend','2012-10-07 07:10:16',4,NULL,NULL,NULL,NULL,2,NULL,NULL,0,NULL,0,NULL,1,NULL,NULL,0,NULL,NULL,NULL),(56,16,NULL,8,'Subject for Membership Renewal','2012-02-26 04:41:15',2,NULL,NULL,NULL,NULL,2,NULL,NULL,0,NULL,0,NULL,1,NULL,NULL,0,NULL,NULL,NULL),(57,16,NULL,8,'Subject for Membership Renewal','2012-06-03 01:21:29',1,NULL,NULL,NULL,NULL,2,NULL,NULL,0,NULL,0,NULL,1,NULL,NULL,0,NULL,NULL,NULL),(58,16,NULL,10,'Subject for Pledge Acknowledgment','2012-11-19 01:05:13',1,NULL,NULL,NULL,NULL,2,NULL,NULL,0,NULL,0,NULL,1,NULL,NULL,0,NULL,NULL,NULL),(59,16,NULL,10,'Subject for Pledge Acknowledgment','2012-09-25 02:48:59',4,NULL,NULL,NULL,NULL,2,NULL,NULL,0,NULL,0,NULL,1,NULL,NULL,0,NULL,NULL,NULL),(60,16,NULL,9,'Subject for Tell a Friend','2012-11-04 11:38:58',6,NULL,NULL,NULL,NULL,2,NULL,NULL,0,NULL,0,NULL,1,NULL,NULL,0,NULL,NULL,NULL),(61,16,NULL,7,'Subject for Membership Signup','2012-10-22 03:34:11',1,NULL,NULL,NULL,NULL,2,NULL,NULL,0,NULL,0,NULL,1,NULL,NULL,0,NULL,NULL,NULL),(62,16,NULL,7,'Subject for Membership Signup','2012-07-18 04:51:09',3,NULL,NULL,NULL,NULL,2,NULL,NULL,0,NULL,0,NULL,1,NULL,NULL,0,NULL,NULL,NULL),(63,16,NULL,8,'Subject for Membership Renewal','2012-05-04 11:19:59',1,NULL,NULL,NULL,NULL,2,NULL,NULL,0,NULL,0,NULL,1,NULL,NULL,0,NULL,NULL,NULL),(64,16,NULL,10,'Subject for Pledge Acknowledgment','2012-11-02 09:48:16',1,NULL,NULL,NULL,NULL,2,NULL,NULL,0,NULL,0,NULL,1,NULL,NULL,0,NULL,NULL,NULL),(65,16,NULL,9,'Subject for Tell a Friend','2012-08-24 12:12:58',3,NULL,NULL,NULL,NULL,2,NULL,NULL,0,NULL,0,NULL,1,NULL,NULL,0,NULL,NULL,NULL),(66,16,NULL,8,'Subject for Membership Renewal','2012-05-24 08:08:33',5,NULL,NULL,NULL,NULL,2,NULL,NULL,0,NULL,0,NULL,1,NULL,NULL,0,NULL,NULL,NULL),(67,16,NULL,8,'Subject for Membership Renewal','2012-04-16 12:32:50',3,NULL,NULL,NULL,NULL,2,NULL,NULL,0,NULL,0,NULL,1,NULL,NULL,0,NULL,NULL,NULL),(68,16,NULL,9,'Subject for Tell a Friend','2012-08-27 03:55:36',2,NULL,NULL,NULL,NULL,2,NULL,NULL,0,NULL,0,NULL,1,NULL,NULL,0,NULL,NULL,NULL),(69,16,NULL,7,'Subject for Membership Signup','2012-11-14 09:38:47',3,NULL,NULL,NULL,NULL,2,NULL,NULL,0,NULL,0,NULL,1,NULL,NULL,0,NULL,NULL,NULL),(70,16,NULL,9,'Subject for Tell a Friend','2012-02-17 09:44:40',3,NULL,NULL,NULL,NULL,2,NULL,NULL,0,NULL,0,NULL,1,NULL,NULL,0,NULL,NULL,NULL),(71,16,NULL,9,'Subject for Tell a Friend','2012-08-15 11:17:49',1,NULL,NULL,NULL,NULL,2,NULL,NULL,0,NULL,0,NULL,1,NULL,NULL,0,NULL,NULL,NULL),(72,16,NULL,9,'Subject for Tell a Friend','2012-05-30 09:09:10',2,NULL,NULL,NULL,NULL,2,NULL,NULL,0,NULL,0,NULL,1,NULL,NULL,0,NULL,NULL,NULL),(73,16,NULL,9,'Subject for Tell a Friend','2012-09-30 07:06:57',5,NULL,NULL,NULL,NULL,2,NULL,NULL,0,NULL,0,NULL,1,NULL,NULL,0,NULL,NULL,NULL),(74,16,NULL,9,'Subject for Tell a Friend','2012-10-04 03:38:58',4,NULL,NULL,NULL,NULL,2,NULL,NULL,0,NULL,0,NULL,1,NULL,NULL,0,NULL,NULL,NULL),(75,16,NULL,8,'Subject for Membership Renewal','2012-02-08 04:36:25',6,NULL,NULL,NULL,NULL,2,NULL,NULL,0,NULL,0,NULL,1,NULL,NULL,0,NULL,NULL,NULL),(76,16,NULL,9,'Subject for Tell a Friend','2012-01-17 06:38:00',6,NULL,NULL,NULL,NULL,2,NULL,NULL,0,NULL,0,NULL,1,NULL,NULL,0,NULL,NULL,NULL),(77,16,NULL,7,'Subject for Membership Signup','2012-09-25 02:28:30',1,NULL,NULL,NULL,NULL,2,NULL,NULL,0,NULL,0,NULL,1,NULL,NULL,0,NULL,NULL,NULL),(78,16,NULL,10,'Subject for Pledge Acknowledgment','2012-11-30 05:43:48',1,NULL,NULL,NULL,NULL,2,NULL,NULL,0,NULL,0,NULL,1,NULL,NULL,0,NULL,NULL,NULL),(79,16,NULL,10,'Subject for Pledge Acknowledgment','2012-08-27 11:48:43',4,NULL,NULL,NULL,NULL,2,NULL,NULL,0,NULL,0,NULL,1,NULL,NULL,0,NULL,NULL,NULL),(80,16,NULL,8,'Subject for Membership Renewal','2012-04-05 05:26:32',2,NULL,NULL,NULL,NULL,2,NULL,NULL,0,NULL,0,NULL,1,NULL,NULL,0,NULL,NULL,NULL),(81,16,NULL,8,'Subject for Membership Renewal','2012-10-06 10:46:12',5,NULL,NULL,NULL,NULL,2,NULL,NULL,0,NULL,0,NULL,1,NULL,NULL,0,NULL,NULL,NULL),(82,16,NULL,7,'Subject for Membership Signup','2012-11-14 10:02:06',6,NULL,NULL,NULL,NULL,2,NULL,NULL,0,NULL,0,NULL,1,NULL,NULL,0,NULL,NULL,NULL),(83,16,NULL,10,'Subject for Pledge Acknowledgment','2012-07-22 11:52:35',2,NULL,NULL,NULL,NULL,2,NULL,NULL,0,NULL,0,NULL,1,NULL,NULL,0,NULL,NULL,NULL),(84,16,NULL,9,'Subject for Tell a Friend','2012-04-02 01:33:52',6,NULL,NULL,NULL,NULL,2,NULL,NULL,0,NULL,0,NULL,1,NULL,NULL,0,NULL,NULL,NULL),(85,16,NULL,10,'Subject for Pledge Acknowledgment','2012-08-04 08:48:22',4,NULL,NULL,NULL,NULL,2,NULL,NULL,0,NULL,0,NULL,1,NULL,NULL,0,NULL,NULL,NULL),(86,16,NULL,9,'Subject for Tell a Friend','2012-10-02 01:38:01',6,NULL,NULL,NULL,NULL,2,NULL,NULL,0,NULL,0,NULL,1,NULL,NULL,0,NULL,NULL,NULL),(87,16,NULL,8,'Subject for Membership Renewal','2011-12-27 09:40:04',3,NULL,NULL,NULL,NULL,2,NULL,NULL,0,NULL,0,NULL,1,NULL,NULL,0,NULL,NULL,NULL),(88,16,NULL,10,'Subject for Pledge Acknowledgment','2012-08-18 07:34:49',4,NULL,NULL,NULL,NULL,2,NULL,NULL,0,NULL,0,NULL,1,NULL,NULL,0,NULL,NULL,NULL),(89,16,NULL,10,'Subject for Pledge Acknowledgment','2012-03-29 01:07:15',2,NULL,NULL,NULL,NULL,2,NULL,NULL,0,NULL,0,NULL,1,NULL,NULL,0,NULL,NULL,NULL),(90,16,NULL,9,'Subject for Tell a Friend','2012-06-01 05:00:21',6,NULL,NULL,NULL,NULL,2,NULL,NULL,0,NULL,0,NULL,1,NULL,NULL,0,NULL,NULL,NULL),(91,16,NULL,7,'Subject for Membership Signup','2012-11-28 07:12:23',2,NULL,NULL,NULL,NULL,2,NULL,NULL,0,NULL,0,NULL,1,NULL,NULL,0,NULL,NULL,NULL),(92,16,NULL,10,'Subject for Pledge Acknowledgment','2011-12-28 06:56:52',6,NULL,NULL,NULL,NULL,2,NULL,NULL,0,NULL,0,NULL,1,NULL,NULL,0,NULL,NULL,NULL),(93,16,NULL,10,'Subject for Pledge Acknowledgment','2012-03-30 10:38:39',6,NULL,NULL,NULL,NULL,2,NULL,NULL,0,NULL,0,NULL,1,NULL,NULL,0,NULL,NULL,NULL),(94,16,NULL,7,'Subject for Membership Signup','2012-06-28 05:32:34',1,NULL,NULL,NULL,NULL,2,NULL,NULL,0,NULL,0,NULL,1,NULL,NULL,0,NULL,NULL,NULL),(95,16,NULL,8,'Subject for Membership Renewal','2012-01-10 10:09:11',5,NULL,NULL,NULL,NULL,2,NULL,NULL,0,NULL,0,NULL,1,NULL,NULL,0,NULL,NULL,NULL),(96,16,NULL,9,'Subject for Tell a Friend','2012-09-30 03:28:38',6,NULL,NULL,NULL,NULL,2,NULL,NULL,0,NULL,0,NULL,1,NULL,NULL,0,NULL,NULL,NULL),(97,16,NULL,7,'Subject for Membership Signup','2011-12-28 06:50:09',4,NULL,NULL,NULL,NULL,2,NULL,NULL,0,NULL,0,NULL,1,NULL,NULL,0,NULL,NULL,NULL),(98,16,NULL,10,'Subject for Pledge Acknowledgment','2012-02-12 02:59:11',5,NULL,NULL,NULL,NULL,2,NULL,NULL,0,NULL,0,NULL,1,NULL,NULL,0,NULL,NULL,NULL),(99,16,NULL,7,'Subject for Membership Signup','2012-02-27 09:36:44',5,NULL,NULL,NULL,NULL,2,NULL,NULL,0,NULL,0,NULL,1,NULL,NULL,0,NULL,NULL,NULL),(100,16,NULL,10,'Subject for Pledge Acknowledgment','2012-08-14 03:44:03',3,NULL,NULL,NULL,NULL,2,NULL,NULL,0,NULL,0,NULL,1,NULL,NULL,0,NULL,NULL,NULL),(101,16,NULL,8,'Subject for Membership Renewal','2012-03-17 03:57:33',5,NULL,NULL,NULL,NULL,2,NULL,NULL,0,NULL,0,NULL,1,NULL,NULL,0,NULL,NULL,NULL),(102,16,NULL,10,'Subject for Pledge Acknowledgment','2012-03-07 09:15:32',1,NULL,NULL,NULL,NULL,2,NULL,NULL,0,NULL,0,NULL,1,NULL,NULL,0,NULL,NULL,NULL),(103,16,NULL,9,'Subject for Tell a Friend','2012-11-22 03:52:39',1,NULL,NULL,NULL,NULL,2,NULL,NULL,0,NULL,0,NULL,1,NULL,NULL,0,NULL,NULL,NULL),(104,16,NULL,7,'Subject for Membership Signup','2012-04-18 05:27:30',2,NULL,NULL,NULL,NULL,2,NULL,NULL,0,NULL,0,NULL,1,NULL,NULL,0,NULL,NULL,NULL),(105,16,NULL,7,'Subject for Membership Signup','2012-04-09 09:38:05',4,NULL,NULL,NULL,NULL,2,NULL,NULL,0,NULL,0,NULL,1,NULL,NULL,0,NULL,NULL,NULL),(106,16,NULL,10,'Subject for Pledge Acknowledgment','2012-03-18 02:23:03',1,NULL,NULL,NULL,NULL,2,NULL,NULL,0,NULL,0,NULL,1,NULL,NULL,0,NULL,NULL,NULL),(107,16,NULL,7,'Subject for Membership Signup','2012-01-15 08:59:51',3,NULL,NULL,NULL,NULL,2,NULL,NULL,0,NULL,0,NULL,1,NULL,NULL,0,NULL,NULL,NULL),(108,16,NULL,8,'Subject for Membership Renewal','2012-05-15 09:40:12',1,NULL,NULL,NULL,NULL,2,NULL,NULL,0,NULL,0,NULL,1,NULL,NULL,0,NULL,NULL,NULL),(109,16,NULL,8,'Subject for Membership Renewal','2012-05-17 07:08:22',6,NULL,NULL,NULL,NULL,2,NULL,NULL,0,NULL,0,NULL,1,NULL,NULL,0,NULL,NULL,NULL),(110,16,NULL,9,'Subject for Tell a Friend','2011-12-23 11:24:46',2,NULL,NULL,NULL,NULL,2,NULL,NULL,0,NULL,0,NULL,1,NULL,NULL,0,NULL,NULL,NULL),(111,16,NULL,7,'Subject for Membership Signup','2012-09-10 10:16:53',3,NULL,NULL,NULL,NULL,2,NULL,NULL,0,NULL,0,NULL,1,NULL,NULL,0,NULL,NULL,NULL),(112,16,NULL,8,'Subject for Membership Renewal','2012-09-30 07:05:57',3,NULL,NULL,NULL,NULL,2,NULL,NULL,0,NULL,0,NULL,1,NULL,NULL,0,NULL,NULL,NULL),(113,16,NULL,10,'Subject for Pledge Acknowledgment','2012-09-01 12:47:48',2,NULL,NULL,NULL,NULL,2,NULL,NULL,0,NULL,0,NULL,1,NULL,NULL,0,NULL,NULL,NULL),(114,16,NULL,10,'Subject for Pledge Acknowledgment','2012-01-12 07:39:50',6,NULL,NULL,NULL,NULL,2,NULL,NULL,0,NULL,0,NULL,1,NULL,NULL,0,NULL,NULL,NULL),(115,16,NULL,7,'Subject for Membership Signup','2012-11-05 09:24:27',4,NULL,NULL,NULL,NULL,2,NULL,NULL,0,NULL,0,NULL,1,NULL,NULL,0,NULL,NULL,NULL),(116,16,NULL,10,'Subject for Pledge Acknowledgment','2012-08-04 07:44:04',1,NULL,NULL,NULL,NULL,2,NULL,NULL,0,NULL,0,NULL,1,NULL,NULL,0,NULL,NULL,NULL),(117,16,NULL,8,'Subject for Membership Renewal','2012-06-01 03:37:57',6,NULL,NULL,NULL,NULL,2,NULL,NULL,0,NULL,0,NULL,1,NULL,NULL,0,NULL,NULL,NULL),(118,16,NULL,9,'Subject for Tell a Friend','2012-02-17 06:46:06',6,NULL,NULL,NULL,NULL,2,NULL,NULL,0,NULL,0,NULL,1,NULL,NULL,0,NULL,NULL,NULL),(119,16,NULL,9,'Subject for Tell a Friend','2012-06-07 04:35:14',2,NULL,NULL,NULL,NULL,2,NULL,NULL,0,NULL,0,NULL,1,NULL,NULL,0,NULL,NULL,NULL),(120,16,NULL,8,'Subject for Membership Renewal','2012-02-14 11:43:10',2,NULL,NULL,NULL,NULL,2,NULL,NULL,0,NULL,0,NULL,1,NULL,NULL,0,NULL,NULL,NULL),(121,16,NULL,8,'Subject for Membership Renewal','2012-09-04 06:59:19',6,NULL,NULL,NULL,NULL,2,NULL,NULL,0,NULL,0,NULL,1,NULL,NULL,0,NULL,NULL,NULL),(122,16,NULL,10,'Subject for Pledge Acknowledgment','2012-05-02 12:51:01',5,NULL,NULL,NULL,NULL,2,NULL,NULL,0,NULL,0,NULL,1,NULL,NULL,0,NULL,NULL,NULL),(123,16,NULL,8,'Subject for Membership Renewal','2012-06-04 09:26:52',3,NULL,NULL,NULL,NULL,2,NULL,NULL,0,NULL,0,NULL,1,NULL,NULL,0,NULL,NULL,NULL),(124,16,NULL,8,'Subject for Membership Renewal','2012-09-25 03:43:19',3,NULL,NULL,NULL,NULL,2,NULL,NULL,0,NULL,0,NULL,1,NULL,NULL,0,NULL,NULL,NULL),(125,16,NULL,9,'Subject for Tell a Friend','2012-05-17 03:03:16',6,NULL,NULL,NULL,NULL,2,NULL,NULL,0,NULL,0,NULL,1,NULL,NULL,0,NULL,NULL,NULL),(126,16,NULL,9,'Subject for Tell a Friend','2012-11-24 10:18:29',1,NULL,NULL,NULL,NULL,2,NULL,NULL,0,NULL,0,NULL,1,NULL,NULL,0,NULL,NULL,NULL),(127,16,NULL,7,'Subject for Membership Signup','2012-06-22 09:43:06',1,NULL,NULL,NULL,NULL,2,NULL,NULL,0,NULL,0,NULL,1,NULL,NULL,0,NULL,NULL,NULL),(128,16,NULL,9,'Subject for Tell a Friend','2012-07-21 07:52:20',5,NULL,NULL,NULL,NULL,2,NULL,NULL,0,NULL,0,NULL,1,NULL,NULL,0,NULL,NULL,NULL),(129,16,NULL,8,'Subject for Membership Renewal','2012-03-04 03:15:27',4,NULL,NULL,NULL,NULL,2,NULL,NULL,0,NULL,0,NULL,1,NULL,NULL,0,NULL,NULL,NULL),(130,16,NULL,10,'Subject for Pledge Acknowledgment','2012-11-25 03:55:48',6,NULL,NULL,NULL,NULL,2,NULL,NULL,0,NULL,0,NULL,1,NULL,NULL,0,NULL,NULL,NULL),(131,16,NULL,7,'Subject for Membership Signup','2012-04-23 07:43:15',4,NULL,NULL,NULL,NULL,2,NULL,NULL,0,NULL,0,NULL,1,NULL,NULL,0,NULL,NULL,NULL),(132,16,NULL,7,'Subject for Membership Signup','2012-09-28 01:13:52',5,NULL,NULL,NULL,NULL,2,NULL,NULL,0,NULL,0,NULL,1,NULL,NULL,0,NULL,NULL,NULL),(133,16,NULL,9,'Subject for Tell a Friend','2012-02-21 04:17:00',4,NULL,NULL,NULL,NULL,2,NULL,NULL,0,NULL,0,NULL,1,NULL,NULL,0,NULL,NULL,NULL),(134,16,NULL,10,'Subject for Pledge Acknowledgment','2012-01-11 05:57:24',1,NULL,NULL,NULL,NULL,2,NULL,NULL,0,NULL,0,NULL,1,NULL,NULL,0,NULL,NULL,NULL),(135,16,NULL,8,'Subject for Membership Renewal','2012-11-22 10:40:46',5,NULL,NULL,NULL,NULL,2,NULL,NULL,0,NULL,0,NULL,1,NULL,NULL,0,NULL,NULL,NULL),(136,16,NULL,8,'Subject for Membership Renewal','2012-09-16 08:44:22',3,NULL,NULL,NULL,NULL,2,NULL,NULL,0,NULL,0,NULL,1,NULL,NULL,0,NULL,NULL,NULL),(137,16,NULL,7,'Subject for Membership Signup','2012-05-29 04:02:12',1,NULL,NULL,NULL,NULL,2,NULL,NULL,0,NULL,0,NULL,1,NULL,NULL,0,NULL,NULL,NULL),(138,16,NULL,8,'Subject for Membership Renewal','2012-04-19 10:10:14',5,NULL,NULL,NULL,NULL,2,NULL,NULL,0,NULL,0,NULL,1,NULL,NULL,0,NULL,NULL,NULL),(139,16,NULL,7,'Subject for Membership Signup','2012-09-30 06:33:21',6,NULL,NULL,NULL,NULL,2,NULL,NULL,0,NULL,0,NULL,1,NULL,NULL,0,NULL,NULL,NULL),(140,16,NULL,7,'Subject for Membership Signup','2012-03-27 05:42:17',2,NULL,NULL,NULL,NULL,2,NULL,NULL,0,NULL,0,NULL,1,NULL,NULL,0,NULL,NULL,NULL),(141,16,NULL,9,'Subject for Tell a Friend','2012-09-12 01:27:10',5,NULL,NULL,NULL,NULL,2,NULL,NULL,0,NULL,0,NULL,1,NULL,NULL,0,NULL,NULL,NULL),(142,16,NULL,8,'Subject for Membership Renewal','2012-06-21 11:21:09',3,NULL,NULL,NULL,NULL,2,NULL,NULL,0,NULL,0,NULL,1,NULL,NULL,0,NULL,NULL,NULL),(143,16,NULL,10,'Subject for Pledge Acknowledgment','2012-09-07 07:26:57',6,NULL,NULL,NULL,NULL,2,NULL,NULL,0,NULL,0,NULL,1,NULL,NULL,0,NULL,NULL,NULL),(144,16,NULL,9,'Subject for Tell a Friend','2012-10-13 10:43:09',5,NULL,NULL,NULL,NULL,2,NULL,NULL,0,NULL,0,NULL,1,NULL,NULL,0,NULL,NULL,NULL),(145,16,NULL,7,'Subject for Membership Signup','2012-05-18 05:16:25',5,NULL,NULL,NULL,NULL,2,NULL,NULL,0,NULL,0,NULL,1,NULL,NULL,0,NULL,NULL,NULL),(146,16,NULL,9,'Subject for Tell a Friend','2012-10-20 07:58:49',2,NULL,NULL,NULL,NULL,2,NULL,NULL,0,NULL,0,NULL,1,NULL,NULL,0,NULL,NULL,NULL),(147,16,NULL,8,'Subject for Membership Renewal','2012-06-12 06:59:42',6,NULL,NULL,NULL,NULL,2,NULL,NULL,0,NULL,0,NULL,1,NULL,NULL,0,NULL,NULL,NULL),(148,16,NULL,9,'Subject for Tell a Friend','2012-05-26 08:51:01',1,NULL,NULL,NULL,NULL,2,NULL,NULL,0,NULL,0,NULL,1,NULL,NULL,0,NULL,NULL,NULL),(149,16,NULL,10,'Subject for Pledge Acknowledgment','2012-11-07 04:36:05',5,NULL,NULL,NULL,NULL,2,NULL,NULL,0,NULL,0,NULL,1,NULL,NULL,0,NULL,NULL,NULL),(150,16,NULL,8,'Subject for Membership Renewal','2012-03-06 06:30:59',1,NULL,NULL,NULL,NULL,2,NULL,NULL,0,NULL,0,NULL,1,NULL,NULL,0,NULL,NULL,NULL),(151,151,NULL,7,'Subject for Membership Signup','2012-05-08 11:24:20',1,NULL,NULL,NULL,NULL,2,NULL,NULL,0,NULL,0,NULL,1,NULL,NULL,0,NULL,NULL,NULL),(152,151,NULL,7,'Subject for Membership Signup','2012-05-29 06:30:10',1,NULL,NULL,NULL,NULL,2,NULL,NULL,0,NULL,0,NULL,1,NULL,NULL,0,NULL,NULL,NULL),(153,151,NULL,10,'Subject for Pledge Acknowledgment','2012-02-02 09:29:19',1,NULL,NULL,NULL,NULL,2,NULL,NULL,0,NULL,0,NULL,1,NULL,NULL,0,NULL,NULL,NULL),(154,151,NULL,9,'Subject for Tell a Friend','2012-02-23 01:50:04',4,NULL,NULL,NULL,NULL,2,NULL,NULL,0,NULL,0,NULL,1,NULL,NULL,0,NULL,NULL,NULL),(155,151,NULL,7,'Subject for Membership Signup','2012-07-20 09:44:47',3,NULL,NULL,NULL,NULL,2,NULL,NULL,0,NULL,0,NULL,1,NULL,NULL,0,NULL,NULL,NULL),(156,151,NULL,7,'Subject for Membership Signup','2012-01-30 08:29:16',5,NULL,NULL,NULL,NULL,2,NULL,NULL,0,NULL,0,NULL,1,NULL,NULL,0,NULL,NULL,NULL),(157,151,NULL,9,'Subject for Tell a Friend','2012-07-17 07:52:33',5,NULL,NULL,NULL,NULL,2,NULL,NULL,0,NULL,0,NULL,1,NULL,NULL,0,NULL,NULL,NULL),(158,151,NULL,8,'Subject for Membership Renewal','2011-12-19 11:42:14',4,NULL,NULL,NULL,NULL,2,NULL,NULL,0,NULL,0,NULL,1,NULL,NULL,0,NULL,NULL,NULL),(159,151,NULL,10,'Subject for Pledge Acknowledgment','2012-03-06 08:45:43',5,NULL,NULL,NULL,NULL,2,NULL,NULL,0,NULL,0,NULL,1,NULL,NULL,0,NULL,NULL,NULL),(160,151,NULL,8,'Subject for Membership Renewal','2011-12-27 03:41:41',2,NULL,NULL,NULL,NULL,2,NULL,NULL,0,NULL,0,NULL,1,NULL,NULL,0,NULL,NULL,NULL),(161,151,NULL,9,'Subject for Tell a Friend','2012-06-20 08:46:37',3,NULL,NULL,NULL,NULL,2,NULL,NULL,0,NULL,0,NULL,1,NULL,NULL,0,NULL,NULL,NULL),(162,151,NULL,9,'Subject for Tell a Friend','2012-08-25 04:21:23',1,NULL,NULL,NULL,NULL,2,NULL,NULL,0,NULL,0,NULL,1,NULL,NULL,0,NULL,NULL,NULL),(163,151,NULL,7,'Subject for Membership Signup','2012-01-03 10:15:13',2,NULL,NULL,NULL,NULL,2,NULL,NULL,0,NULL,0,NULL,1,NULL,NULL,0,NULL,NULL,NULL),(164,151,NULL,9,'Subject for Tell a Friend','2012-07-11 12:07:01',5,NULL,NULL,NULL,NULL,2,NULL,NULL,0,NULL,0,NULL,1,NULL,NULL,0,NULL,NULL,NULL),(165,151,NULL,10,'Subject for Pledge Acknowledgment','2012-08-21 12:14:47',6,NULL,NULL,NULL,NULL,2,NULL,NULL,0,NULL,0,NULL,1,NULL,NULL,0,NULL,NULL,NULL),(166,151,NULL,8,'Subject for Membership Renewal','2012-02-10 11:34:46',5,NULL,NULL,NULL,NULL,2,NULL,NULL,0,NULL,0,NULL,1,NULL,NULL,0,NULL,NULL,NULL),(167,151,NULL,8,'Subject for Membership Renewal','2012-11-14 09:12:41',6,NULL,NULL,NULL,NULL,2,NULL,NULL,0,NULL,0,NULL,1,NULL,NULL,0,NULL,NULL,NULL),(168,151,NULL,10,'Subject for Pledge Acknowledgment','2012-06-26 08:27:08',4,NULL,NULL,NULL,NULL,2,NULL,NULL,0,NULL,0,NULL,1,NULL,NULL,0,NULL,NULL,NULL),(169,151,NULL,9,'Subject for Tell a Friend','2012-08-07 04:50:41',6,NULL,NULL,NULL,NULL,2,NULL,NULL,0,NULL,0,NULL,1,NULL,NULL,0,NULL,NULL,NULL),(170,151,NULL,9,'Subject for Tell a Friend','2012-06-15 02:40:39',3,NULL,NULL,NULL,NULL,2,NULL,NULL,0,NULL,0,NULL,1,NULL,NULL,0,NULL,NULL,NULL),(171,151,NULL,8,'Subject for Membership Renewal','2012-10-21 08:50:54',6,NULL,NULL,NULL,NULL,2,NULL,NULL,0,NULL,0,NULL,1,NULL,NULL,0,NULL,NULL,NULL),(172,151,NULL,8,'Subject for Membership Renewal','2012-06-22 03:35:30',1,NULL,NULL,NULL,NULL,2,NULL,NULL,0,NULL,0,NULL,1,NULL,NULL,0,NULL,NULL,NULL),(173,151,NULL,10,'Subject for Pledge Acknowledgment','2012-10-25 06:12:57',2,NULL,NULL,NULL,NULL,2,NULL,NULL,0,NULL,0,NULL,1,NULL,NULL,0,NULL,NULL,NULL),(174,151,NULL,10,'Subject for Pledge Acknowledgment','2012-03-09 12:41:54',4,NULL,NULL,NULL,NULL,2,NULL,NULL,0,NULL,0,NULL,1,NULL,NULL,0,NULL,NULL,NULL),(175,151,NULL,9,'Subject for Tell a Friend','2012-09-23 02:40:52',4,NULL,NULL,NULL,NULL,2,NULL,NULL,0,NULL,0,NULL,1,NULL,NULL,0,NULL,NULL,NULL),(176,151,NULL,9,'Subject for Tell a Friend','2012-10-16 09:46:08',4,NULL,NULL,NULL,NULL,2,NULL,NULL,0,NULL,0,NULL,1,NULL,NULL,0,NULL,NULL,NULL),(177,151,NULL,7,'Subject for Membership Signup','2012-04-23 10:40:19',3,NULL,NULL,NULL,NULL,2,NULL,NULL,0,NULL,0,NULL,1,NULL,NULL,0,NULL,NULL,NULL),(178,151,NULL,8,'Subject for Membership Renewal','2011-12-16 03:41:31',3,NULL,NULL,NULL,NULL,2,NULL,NULL,0,NULL,0,NULL,1,NULL,NULL,0,NULL,NULL,NULL),(179,151,NULL,10,'Subject for Pledge Acknowledgment','2011-12-24 02:21:41',4,NULL,NULL,NULL,NULL,2,NULL,NULL,0,NULL,0,NULL,1,NULL,NULL,0,NULL,NULL,NULL),(180,151,NULL,8,'Subject for Membership Renewal','2012-02-15 01:22:49',6,NULL,NULL,NULL,NULL,2,NULL,NULL,0,NULL,0,NULL,1,NULL,NULL,0,NULL,NULL,NULL),(181,151,NULL,7,'Subject for Membership Signup','2012-03-10 05:46:22',1,NULL,NULL,NULL,NULL,2,NULL,NULL,0,NULL,0,NULL,1,NULL,NULL,0,NULL,NULL,NULL),(182,151,NULL,10,'Subject for Pledge Acknowledgment','2012-09-21 09:57:14',6,NULL,NULL,NULL,NULL,2,NULL,NULL,0,NULL,0,NULL,1,NULL,NULL,0,NULL,NULL,NULL),(183,151,NULL,8,'Subject for Membership Renewal','2012-03-09 11:59:24',5,NULL,NULL,NULL,NULL,2,NULL,NULL,0,NULL,0,NULL,1,NULL,NULL,0,NULL,NULL,NULL),(184,151,NULL,8,'Subject for Membership Renewal','2012-01-29 10:25:13',5,NULL,NULL,NULL,NULL,2,NULL,NULL,0,NULL,0,NULL,1,NULL,NULL,0,NULL,NULL,NULL),(185,151,NULL,8,'Subject for Membership Renewal','2012-03-07 12:17:16',6,NULL,NULL,NULL,NULL,2,NULL,NULL,0,NULL,0,NULL,1,NULL,NULL,0,NULL,NULL,NULL),(186,151,NULL,8,'Subject for Membership Renewal','2012-10-01 11:13:17',6,NULL,NULL,NULL,NULL,2,NULL,NULL,0,NULL,0,NULL,1,NULL,NULL,0,NULL,NULL,NULL),(187,151,NULL,9,'Subject for Tell a Friend','2012-02-16 06:03:58',5,NULL,NULL,NULL,NULL,2,NULL,NULL,0,NULL,0,NULL,1,NULL,NULL,0,NULL,NULL,NULL),(188,151,NULL,9,'Subject for Tell a Friend','2012-05-24 04:42:07',3,NULL,NULL,NULL,NULL,2,NULL,NULL,0,NULL,0,NULL,1,NULL,NULL,0,NULL,NULL,NULL),(189,151,NULL,7,'Subject for Membership Signup','2012-08-24 11:31:34',3,NULL,NULL,NULL,NULL,2,NULL,NULL,0,NULL,0,NULL,1,NULL,NULL,0,NULL,NULL,NULL),(190,151,NULL,9,'Subject for Tell a Friend','2012-07-11 04:49:12',2,NULL,NULL,NULL,NULL,2,NULL,NULL,0,NULL,0,NULL,1,NULL,NULL,0,NULL,NULL,NULL),(191,151,NULL,7,'Subject for Membership Signup','2012-02-07 05:32:36',1,NULL,NULL,NULL,NULL,2,NULL,NULL,0,NULL,0,NULL,1,NULL,NULL,0,NULL,NULL,NULL),(192,151,NULL,8,'Subject for Membership Renewal','2012-08-20 02:25:43',5,NULL,NULL,NULL,NULL,2,NULL,NULL,0,NULL,0,NULL,1,NULL,NULL,0,NULL,NULL,NULL),(193,151,NULL,9,'Subject for Tell a Friend','2012-05-06 10:38:14',6,NULL,NULL,NULL,NULL,2,NULL,NULL,0,NULL,0,NULL,1,NULL,NULL,0,NULL,NULL,NULL),(194,151,NULL,9,'Subject for Tell a Friend','2012-07-30 01:15:19',5,NULL,NULL,NULL,NULL,2,NULL,NULL,0,NULL,0,NULL,1,NULL,NULL,0,NULL,NULL,NULL),(195,151,NULL,9,'Subject for Tell a Friend','2011-12-10 04:04:17',5,NULL,NULL,NULL,NULL,2,NULL,NULL,0,NULL,0,NULL,1,NULL,NULL,0,NULL,NULL,NULL),(196,151,NULL,10,'Subject for Pledge Acknowledgment','2011-12-26 07:15:45',1,NULL,NULL,NULL,NULL,2,NULL,NULL,0,NULL,0,NULL,1,NULL,NULL,0,NULL,NULL,NULL),(197,151,NULL,9,'Subject for Tell a Friend','2012-02-15 09:57:41',1,NULL,NULL,NULL,NULL,2,NULL,NULL,0,NULL,0,NULL,1,NULL,NULL,0,NULL,NULL,NULL),(198,151,NULL,8,'Subject for Membership Renewal','2012-06-20 04:59:24',5,NULL,NULL,NULL,NULL,2,NULL,NULL,0,NULL,0,NULL,1,NULL,NULL,0,NULL,NULL,NULL),(199,151,NULL,10,'Subject for Pledge Acknowledgment','2012-03-25 10:34:21',6,NULL,NULL,NULL,NULL,2,NULL,NULL,0,NULL,0,NULL,1,NULL,NULL,0,NULL,NULL,NULL),(200,151,NULL,8,'Subject for Membership Renewal','2012-04-01 03:41:32',2,NULL,NULL,NULL,NULL,2,NULL,NULL,0,NULL,0,NULL,1,NULL,NULL,0,NULL,NULL,NULL),(201,151,NULL,9,'Subject for Tell a Friend','2012-03-29 06:16:27',2,NULL,NULL,NULL,NULL,2,NULL,NULL,0,NULL,0,NULL,1,NULL,NULL,0,NULL,NULL,NULL),(202,151,NULL,10,'Subject for Pledge Acknowledgment','2012-09-02 07:23:02',3,NULL,NULL,NULL,NULL,2,NULL,NULL,0,NULL,0,NULL,1,NULL,NULL,0,NULL,NULL,NULL),(203,151,NULL,10,'Subject for Pledge Acknowledgment','2012-09-04 09:45:35',5,NULL,NULL,NULL,NULL,2,NULL,NULL,0,NULL,0,NULL,1,NULL,NULL,0,NULL,NULL,NULL),(204,151,NULL,9,'Subject for Tell a Friend','2012-07-29 12:08:49',5,NULL,NULL,NULL,NULL,2,NULL,NULL,0,NULL,0,NULL,1,NULL,NULL,0,NULL,NULL,NULL),(205,151,NULL,9,'Subject for Tell a Friend','2012-11-25 03:14:51',3,NULL,NULL,NULL,NULL,2,NULL,NULL,0,NULL,0,NULL,1,NULL,NULL,0,NULL,NULL,NULL),(206,151,NULL,10,'Subject for Pledge Acknowledgment','2012-09-13 05:56:46',4,NULL,NULL,NULL,NULL,2,NULL,NULL,0,NULL,0,NULL,1,NULL,NULL,0,NULL,NULL,NULL),(207,151,NULL,10,'Subject for Pledge Acknowledgment','2012-07-04 05:20:01',5,NULL,NULL,NULL,NULL,2,NULL,NULL,0,NULL,0,NULL,1,NULL,NULL,0,NULL,NULL,NULL),(208,151,NULL,7,'Subject for Membership Signup','2012-06-28 02:36:30',6,NULL,NULL,NULL,NULL,2,NULL,NULL,0,NULL,0,NULL,1,NULL,NULL,0,NULL,NULL,NULL),(209,151,NULL,10,'Subject for Pledge Acknowledgment','2012-03-18 01:57:38',1,NULL,NULL,NULL,NULL,2,NULL,NULL,0,NULL,0,NULL,1,NULL,NULL,0,NULL,NULL,NULL),(210,151,NULL,7,'Subject for Membership Signup','2012-09-20 07:16:50',6,NULL,NULL,NULL,NULL,2,NULL,NULL,0,NULL,0,NULL,1,NULL,NULL,0,NULL,NULL,NULL),(211,151,NULL,8,'Subject for Membership Renewal','2012-02-20 08:34:35',6,NULL,NULL,NULL,NULL,2,NULL,NULL,0,NULL,0,NULL,1,NULL,NULL,0,NULL,NULL,NULL),(212,151,NULL,8,'Subject for Membership Renewal','2012-06-28 11:30:30',2,NULL,NULL,NULL,NULL,2,NULL,NULL,0,NULL,0,NULL,1,NULL,NULL,0,NULL,NULL,NULL),(213,151,NULL,10,'Subject for Pledge Acknowledgment','2012-04-19 08:56:20',1,NULL,NULL,NULL,NULL,2,NULL,NULL,0,NULL,0,NULL,1,NULL,NULL,0,NULL,NULL,NULL),(214,151,NULL,9,'Subject for Tell a Friend','2012-01-31 06:16:48',6,NULL,NULL,NULL,NULL,2,NULL,NULL,0,NULL,0,NULL,1,NULL,NULL,0,NULL,NULL,NULL),(215,151,NULL,8,'Subject for Membership Renewal','2012-10-05 11:52:29',3,NULL,NULL,NULL,NULL,2,NULL,NULL,0,NULL,0,NULL,1,NULL,NULL,0,NULL,NULL,NULL),(216,151,NULL,9,'Subject for Tell a Friend','2012-06-08 02:17:07',3,NULL,NULL,NULL,NULL,2,NULL,NULL,0,NULL,0,NULL,1,NULL,NULL,0,NULL,NULL,NULL),(217,151,NULL,8,'Subject for Membership Renewal','2012-09-25 07:43:30',1,NULL,NULL,NULL,NULL,2,NULL,NULL,0,NULL,0,NULL,1,NULL,NULL,0,NULL,NULL,NULL),(218,151,NULL,10,'Subject for Pledge Acknowledgment','2012-05-24 10:13:47',1,NULL,NULL,NULL,NULL,2,NULL,NULL,0,NULL,0,NULL,1,NULL,NULL,0,NULL,NULL,NULL),(219,151,NULL,7,'Subject for Membership Signup','2012-03-19 06:52:16',4,NULL,NULL,NULL,NULL,2,NULL,NULL,0,NULL,0,NULL,1,NULL,NULL,0,NULL,NULL,NULL),(220,151,NULL,9,'Subject for Tell a Friend','2012-04-12 04:14:05',3,NULL,NULL,NULL,NULL,2,NULL,NULL,0,NULL,0,NULL,1,NULL,NULL,0,NULL,NULL,NULL),(221,151,NULL,7,'Subject for Membership Signup','2012-07-14 03:29:14',6,NULL,NULL,NULL,NULL,2,NULL,NULL,0,NULL,0,NULL,1,NULL,NULL,0,NULL,NULL,NULL),(222,151,NULL,10,'Subject for Pledge Acknowledgment','2012-01-17 02:21:48',3,NULL,NULL,NULL,NULL,2,NULL,NULL,0,NULL,0,NULL,1,NULL,NULL,0,NULL,NULL,NULL),(223,151,NULL,8,'Subject for Membership Renewal','2012-08-02 08:28:24',3,NULL,NULL,NULL,NULL,2,NULL,NULL,0,NULL,0,NULL,1,NULL,NULL,0,NULL,NULL,NULL),(224,151,NULL,9,'Subject for Tell a Friend','2012-07-29 01:18:36',4,NULL,NULL,NULL,NULL,2,NULL,NULL,0,NULL,0,NULL,1,NULL,NULL,0,NULL,NULL,NULL),(225,151,NULL,9,'Subject for Tell a Friend','2012-04-15 10:30:59',1,NULL,NULL,NULL,NULL,2,NULL,NULL,0,NULL,0,NULL,1,NULL,NULL,0,NULL,NULL,NULL),(226,151,NULL,10,'Subject for Pledge Acknowledgment','2012-09-13 05:47:56',4,NULL,NULL,NULL,NULL,2,NULL,NULL,0,NULL,0,NULL,1,NULL,NULL,0,NULL,NULL,NULL),(227,151,NULL,10,'Subject for Pledge Acknowledgment','2012-07-15 04:07:09',5,NULL,NULL,NULL,NULL,2,NULL,NULL,0,NULL,0,NULL,1,NULL,NULL,0,NULL,NULL,NULL),(228,151,NULL,7,'Subject for Membership Signup','2012-07-07 09:40:59',1,NULL,NULL,NULL,NULL,2,NULL,NULL,0,NULL,0,NULL,1,NULL,NULL,0,NULL,NULL,NULL),(229,151,NULL,10,'Subject for Pledge Acknowledgment','2012-09-10 08:38:46',5,NULL,NULL,NULL,NULL,2,NULL,NULL,0,NULL,0,NULL,1,NULL,NULL,0,NULL,NULL,NULL),(230,151,NULL,8,'Subject for Membership Renewal','2012-03-26 12:02:00',4,NULL,NULL,NULL,NULL,2,NULL,NULL,0,NULL,0,NULL,1,NULL,NULL,0,NULL,NULL,NULL),(231,151,NULL,8,'Subject for Membership Renewal','2012-10-04 03:18:46',4,NULL,NULL,NULL,NULL,2,NULL,NULL,0,NULL,0,NULL,1,NULL,NULL,0,NULL,NULL,NULL),(232,151,NULL,10,'Subject for Pledge Acknowledgment','2012-09-11 07:21:35',3,NULL,NULL,NULL,NULL,2,NULL,NULL,0,NULL,0,NULL,1,NULL,NULL,0,NULL,NULL,NULL),(233,151,NULL,7,'Subject for Membership Signup','2012-05-27 10:11:44',2,NULL,NULL,NULL,NULL,2,NULL,NULL,0,NULL,0,NULL,1,NULL,NULL,0,NULL,NULL,NULL),(234,151,NULL,8,'Subject for Membership Renewal','2012-05-04 10:02:20',3,NULL,NULL,NULL,NULL,2,NULL,NULL,0,NULL,0,NULL,1,NULL,NULL,0,NULL,NULL,NULL),(235,151,NULL,7,'Subject for Membership Signup','2012-08-31 07:00:30',4,NULL,NULL,NULL,NULL,2,NULL,NULL,0,NULL,0,NULL,1,NULL,NULL,0,NULL,NULL,NULL),(236,151,NULL,8,'Subject for Membership Renewal','2012-08-12 09:42:27',5,NULL,NULL,NULL,NULL,2,NULL,NULL,0,NULL,0,NULL,1,NULL,NULL,0,NULL,NULL,NULL),(237,151,NULL,7,'Subject for Membership Signup','2012-03-07 02:37:59',6,NULL,NULL,NULL,NULL,2,NULL,NULL,0,NULL,0,NULL,1,NULL,NULL,0,NULL,NULL,NULL),(238,151,NULL,9,'Subject for Tell a Friend','2012-11-21 06:26:20',3,NULL,NULL,NULL,NULL,2,NULL,NULL,0,NULL,0,NULL,1,NULL,NULL,0,NULL,NULL,NULL),(239,151,NULL,10,'Subject for Pledge Acknowledgment','2012-12-01 01:24:10',3,NULL,NULL,NULL,NULL,2,NULL,NULL,0,NULL,0,NULL,1,NULL,NULL,0,NULL,NULL,NULL),(240,151,NULL,9,'Subject for Tell a Friend','2012-10-04 04:18:43',2,NULL,NULL,NULL,NULL,2,NULL,NULL,0,NULL,0,NULL,1,NULL,NULL,0,NULL,NULL,NULL),(241,151,NULL,10,'Subject for Pledge Acknowledgment','2012-01-18 01:07:16',5,NULL,NULL,NULL,NULL,2,NULL,NULL,0,NULL,0,NULL,1,NULL,NULL,0,NULL,NULL,NULL),(242,151,NULL,8,'Subject for Membership Renewal','2012-05-28 10:41:35',5,NULL,NULL,NULL,NULL,2,NULL,NULL,0,NULL,0,NULL,1,NULL,NULL,0,NULL,NULL,NULL),(243,151,NULL,8,'Subject for Membership Renewal','2012-01-22 06:21:03',2,NULL,NULL,NULL,NULL,2,NULL,NULL,0,NULL,0,NULL,1,NULL,NULL,0,NULL,NULL,NULL),(244,151,NULL,9,'Subject for Tell a Friend','2012-11-02 07:56:18',1,NULL,NULL,NULL,NULL,2,NULL,NULL,0,NULL,0,NULL,1,NULL,NULL,0,NULL,NULL,NULL),(245,151,NULL,10,'Subject for Pledge Acknowledgment','2012-01-17 12:25:48',2,NULL,NULL,NULL,NULL,2,NULL,NULL,0,NULL,0,NULL,1,NULL,NULL,0,NULL,NULL,NULL),(246,151,NULL,7,'Subject for Membership Signup','2012-02-28 01:40:39',3,NULL,NULL,NULL,NULL,2,NULL,NULL,0,NULL,0,NULL,1,NULL,NULL,0,NULL,NULL,NULL),(247,151,NULL,7,'Subject for Membership Signup','2011-12-12 12:47:18',6,NULL,NULL,NULL,NULL,2,NULL,NULL,0,NULL,0,NULL,1,NULL,NULL,0,NULL,NULL,NULL),(248,151,NULL,8,'Subject for Membership Renewal','2012-08-21 11:59:02',2,NULL,NULL,NULL,NULL,2,NULL,NULL,0,NULL,0,NULL,1,NULL,NULL,0,NULL,NULL,NULL),(249,151,NULL,8,'Subject for Membership Renewal','2011-12-28 11:13:03',1,NULL,NULL,NULL,NULL,2,NULL,NULL,0,NULL,0,NULL,1,NULL,NULL,0,NULL,NULL,NULL),(250,151,NULL,10,'Subject for Pledge Acknowledgment','2012-11-11 08:00:45',5,NULL,NULL,NULL,NULL,2,NULL,NULL,0,NULL,0,NULL,1,NULL,NULL,0,NULL,NULL,NULL),(251,151,NULL,8,'Subject for Membership Renewal','2012-02-11 01:38:55',6,NULL,NULL,NULL,NULL,2,NULL,NULL,0,NULL,0,NULL,1,NULL,NULL,0,NULL,NULL,NULL),(252,151,NULL,7,'Subject for Membership Signup','2012-05-30 06:54:08',5,NULL,NULL,NULL,NULL,2,NULL,NULL,0,NULL,0,NULL,1,NULL,NULL,0,NULL,NULL,NULL),(253,151,NULL,10,'Subject for Pledge Acknowledgment','2011-12-18 01:40:28',2,NULL,NULL,NULL,NULL,2,NULL,NULL,0,NULL,0,NULL,1,NULL,NULL,0,NULL,NULL,NULL),(254,151,NULL,8,'Subject for Membership Renewal','2012-10-04 04:45:08',3,NULL,NULL,NULL,NULL,2,NULL,NULL,0,NULL,0,NULL,1,NULL,NULL,0,NULL,NULL,NULL),(255,151,NULL,8,'Subject for Membership Renewal','2012-11-06 04:22:14',5,NULL,NULL,NULL,NULL,2,NULL,NULL,0,NULL,0,NULL,1,NULL,NULL,0,NULL,NULL,NULL),(256,151,NULL,9,'Subject for Tell a Friend','2012-01-26 10:07:42',3,NULL,NULL,NULL,NULL,2,NULL,NULL,0,NULL,0,NULL,1,NULL,NULL,0,NULL,NULL,NULL),(257,151,NULL,7,'Subject for Membership Signup','2012-01-20 08:12:34',1,NULL,NULL,NULL,NULL,2,NULL,NULL,0,NULL,0,NULL,1,NULL,NULL,0,NULL,NULL,NULL),(258,151,NULL,10,'Subject for Pledge Acknowledgment','2012-03-12 04:35:32',1,NULL,NULL,NULL,NULL,2,NULL,NULL,0,NULL,0,NULL,1,NULL,NULL,0,NULL,NULL,NULL),(259,151,NULL,10,'Subject for Pledge Acknowledgment','2011-12-24 02:20:13',4,NULL,NULL,NULL,NULL,2,NULL,NULL,0,NULL,0,NULL,1,NULL,NULL,0,NULL,NULL,NULL),(260,151,NULL,7,'Subject for Membership Signup','2012-09-20 09:22:34',1,NULL,NULL,NULL,NULL,2,NULL,NULL,0,NULL,0,NULL,1,NULL,NULL,0,NULL,NULL,NULL),(261,151,NULL,8,'Subject for Membership Renewal','2011-12-09 02:34:53',4,NULL,NULL,NULL,NULL,2,NULL,NULL,0,NULL,0,NULL,1,NULL,NULL,0,NULL,NULL,NULL),(262,151,NULL,8,'Subject for Membership Renewal','2012-07-10 08:33:23',6,NULL,NULL,NULL,NULL,2,NULL,NULL,0,NULL,0,NULL,1,NULL,NULL,0,NULL,NULL,NULL),(263,151,NULL,9,'Subject for Tell a Friend','2012-06-06 09:53:22',6,NULL,NULL,NULL,NULL,2,NULL,NULL,0,NULL,0,NULL,1,NULL,NULL,0,NULL,NULL,NULL),(264,151,NULL,10,'Subject for Pledge Acknowledgment','2012-01-11 12:30:08',2,NULL,NULL,NULL,NULL,2,NULL,NULL,0,NULL,0,NULL,1,NULL,NULL,0,NULL,NULL,NULL),(265,151,NULL,8,'Subject for Membership Renewal','2012-07-28 04:37:54',5,NULL,NULL,NULL,NULL,2,NULL,NULL,0,NULL,0,NULL,1,NULL,NULL,0,NULL,NULL,NULL),(266,151,NULL,7,'Subject for Membership Signup','2012-03-08 09:18:22',6,NULL,NULL,NULL,NULL,2,NULL,NULL,0,NULL,0,NULL,1,NULL,NULL,0,NULL,NULL,NULL),(267,151,NULL,7,'Subject for Membership Signup','2012-06-15 10:42:32',5,NULL,NULL,NULL,NULL,2,NULL,NULL,0,NULL,0,NULL,1,NULL,NULL,0,NULL,NULL,NULL),(268,151,NULL,10,'Subject for Pledge Acknowledgment','2012-02-08 08:46:19',6,NULL,NULL,NULL,NULL,2,NULL,NULL,0,NULL,0,NULL,1,NULL,NULL,0,NULL,NULL,NULL),(269,151,NULL,7,'Subject for Membership Signup','2012-05-07 07:03:12',6,NULL,NULL,NULL,NULL,2,NULL,NULL,0,NULL,0,NULL,1,NULL,NULL,0,NULL,NULL,NULL),(270,151,NULL,9,'Subject for Tell a Friend','2012-04-09 09:30:16',2,NULL,NULL,NULL,NULL,2,NULL,NULL,0,NULL,0,NULL,1,NULL,NULL,0,NULL,NULL,NULL),(271,151,NULL,7,'Subject for Membership Signup','2012-11-26 07:30:15',1,NULL,NULL,NULL,NULL,2,NULL,NULL,0,NULL,0,NULL,1,NULL,NULL,0,NULL,NULL,NULL),(272,151,NULL,7,'Subject for Membership Signup','2012-07-04 07:50:42',5,NULL,NULL,NULL,NULL,2,NULL,NULL,0,NULL,0,NULL,1,NULL,NULL,0,NULL,NULL,NULL),(273,151,NULL,7,'Subject for Membership Signup','2012-06-08 12:17:37',2,NULL,NULL,NULL,NULL,2,NULL,NULL,0,NULL,0,NULL,1,NULL,NULL,0,NULL,NULL,NULL),(274,151,NULL,10,'Subject for Pledge Acknowledgment','2012-07-20 01:51:25',3,NULL,NULL,NULL,NULL,2,NULL,NULL,0,NULL,0,NULL,1,NULL,NULL,0,NULL,NULL,NULL),(275,151,NULL,10,'Subject for Pledge Acknowledgment','2012-10-26 12:30:04',3,NULL,NULL,NULL,NULL,2,NULL,NULL,0,NULL,0,NULL,1,NULL,NULL,0,NULL,NULL,NULL),(276,151,NULL,7,'Subject for Membership Signup','2012-06-04 07:17:51',1,NULL,NULL,NULL,NULL,2,NULL,NULL,0,NULL,0,NULL,1,NULL,NULL,0,NULL,NULL,NULL),(277,151,NULL,7,'Subject for Membership Signup','2012-01-06 11:36:06',3,NULL,NULL,NULL,NULL,2,NULL,NULL,0,NULL,0,NULL,1,NULL,NULL,0,NULL,NULL,NULL),(278,151,NULL,10,'Subject for Pledge Acknowledgment','2011-12-11 04:01:52',4,NULL,NULL,NULL,NULL,2,NULL,NULL,0,NULL,0,NULL,1,NULL,NULL,0,NULL,NULL,NULL),(279,151,NULL,7,'Subject for Membership Signup','2012-09-22 05:34:02',3,NULL,NULL,NULL,NULL,2,NULL,NULL,0,NULL,0,NULL,1,NULL,NULL,0,NULL,NULL,NULL),(280,151,NULL,9,'Subject for Tell a Friend','2012-02-22 10:46:18',5,NULL,NULL,NULL,NULL,2,NULL,NULL,0,NULL,0,NULL,1,NULL,NULL,0,NULL,NULL,NULL),(281,151,NULL,8,'Subject for Membership Renewal','2012-04-26 02:44:18',5,NULL,NULL,NULL,NULL,2,NULL,NULL,0,NULL,0,NULL,1,NULL,NULL,0,NULL,NULL,NULL),(282,151,NULL,9,'Subject for Tell a Friend','2012-02-17 10:23:46',2,NULL,NULL,NULL,NULL,2,NULL,NULL,0,NULL,0,NULL,1,NULL,NULL,0,NULL,NULL,NULL),(283,151,NULL,8,'Subject for Membership Renewal','2012-02-20 07:59:36',5,NULL,NULL,NULL,NULL,2,NULL,NULL,0,NULL,0,NULL,1,NULL,NULL,0,NULL,NULL,NULL),(284,151,NULL,8,'Subject for Membership Renewal','2012-04-02 02:21:26',5,NULL,NULL,NULL,NULL,2,NULL,NULL,0,NULL,0,NULL,1,NULL,NULL,0,NULL,NULL,NULL),(285,151,NULL,10,'Subject for Pledge Acknowledgment','2011-12-30 08:10:09',1,NULL,NULL,NULL,NULL,2,NULL,NULL,0,NULL,0,NULL,1,NULL,NULL,0,NULL,NULL,NULL),(286,151,NULL,9,'Subject for Tell a Friend','2011-12-15 11:45:53',4,NULL,NULL,NULL,NULL,2,NULL,NULL,0,NULL,0,NULL,1,NULL,NULL,0,NULL,NULL,NULL),(287,151,NULL,10,'Subject for Pledge Acknowledgment','2012-02-17 04:52:34',3,NULL,NULL,NULL,NULL,2,NULL,NULL,0,NULL,0,NULL,1,NULL,NULL,0,NULL,NULL,NULL),(288,151,NULL,7,'Subject for Membership Signup','2012-02-20 09:28:10',1,NULL,NULL,NULL,NULL,2,NULL,NULL,0,NULL,0,NULL,1,NULL,NULL,0,NULL,NULL,NULL),(289,151,NULL,7,'Subject for Membership Signup','2012-08-01 06:49:01',3,NULL,NULL,NULL,NULL,2,NULL,NULL,0,NULL,0,NULL,1,NULL,NULL,0,NULL,NULL,NULL),(290,151,NULL,7,'Subject for Membership Signup','2012-02-07 05:58:37',1,NULL,NULL,NULL,NULL,2,NULL,NULL,0,NULL,0,NULL,1,NULL,NULL,0,NULL,NULL,NULL),(291,151,NULL,10,'Subject for Pledge Acknowledgment','2012-03-14 10:14:47',2,NULL,NULL,NULL,NULL,2,NULL,NULL,0,NULL,0,NULL,1,NULL,NULL,0,NULL,NULL,NULL),(292,151,NULL,10,'Subject for Pledge Acknowledgment','2012-05-17 09:16:02',2,NULL,NULL,NULL,NULL,2,NULL,NULL,0,NULL,0,NULL,1,NULL,NULL,0,NULL,NULL,NULL),(293,151,NULL,9,'Subject for Tell a Friend','2012-05-15 03:37:05',6,NULL,NULL,NULL,NULL,2,NULL,NULL,0,NULL,0,NULL,1,NULL,NULL,0,NULL,NULL,NULL),(294,151,NULL,8,'Subject for Membership Renewal','2012-03-03 02:04:43',2,NULL,NULL,NULL,NULL,2,NULL,NULL,0,NULL,0,NULL,1,NULL,NULL,0,NULL,NULL,NULL),(295,151,NULL,7,'Subject for Membership Signup','2012-11-11 07:46:59',5,NULL,NULL,NULL,NULL,2,NULL,NULL,0,NULL,0,NULL,1,NULL,NULL,0,NULL,NULL,NULL),(296,151,NULL,9,'Subject for Tell a Friend','2012-07-08 12:57:54',1,NULL,NULL,NULL,NULL,2,NULL,NULL,0,NULL,0,NULL,1,NULL,NULL,0,NULL,NULL,NULL),(297,151,NULL,10,'Subject for Pledge Acknowledgment','2012-06-25 03:22:22',4,NULL,NULL,NULL,NULL,2,NULL,NULL,0,NULL,0,NULL,1,NULL,NULL,0,NULL,NULL,NULL),(298,151,NULL,8,'Subject for Membership Renewal','2012-11-04 09:34:25',4,NULL,NULL,NULL,NULL,2,NULL,NULL,0,NULL,0,NULL,1,NULL,NULL,0,NULL,NULL,NULL),(299,151,NULL,7,'Subject for Membership Signup','2011-12-15 05:16:18',1,NULL,NULL,NULL,NULL,2,NULL,NULL,0,NULL,0,NULL,1,NULL,NULL,0,NULL,NULL,NULL),(300,151,NULL,8,'Subject for Membership Renewal','2012-01-19 07:50:02',3,NULL,NULL,NULL,NULL,2,NULL,NULL,0,NULL,0,NULL,1,NULL,NULL,0,NULL,NULL,NULL),(301,131,NULL,7,'Subject for Membership Signup','2012-11-23 09:21:00',2,NULL,NULL,NULL,NULL,2,NULL,NULL,0,NULL,0,NULL,1,NULL,NULL,0,NULL,NULL,NULL),(302,131,NULL,10,'Subject for Pledge Acknowledgment','2012-04-02 10:27:56',5,NULL,NULL,NULL,NULL,2,NULL,NULL,0,NULL,0,NULL,1,NULL,NULL,0,NULL,NULL,NULL),(303,131,NULL,7,'Subject for Membership Signup','2012-02-12 10:33:00',1,NULL,NULL,NULL,NULL,2,NULL,NULL,0,NULL,0,NULL,1,NULL,NULL,0,NULL,NULL,NULL),(304,131,NULL,8,'Subject for Membership Renewal','2012-09-18 08:21:00',5,NULL,NULL,NULL,NULL,2,NULL,NULL,0,NULL,0,NULL,1,NULL,NULL,0,NULL,NULL,NULL),(305,131,NULL,9,'Subject for Tell a Friend','2011-12-13 08:36:03',4,NULL,NULL,NULL,NULL,2,NULL,NULL,0,NULL,0,NULL,1,NULL,NULL,0,NULL,NULL,NULL),(306,131,NULL,8,'Subject for Membership Renewal','2011-12-08 08:57:24',4,NULL,NULL,NULL,NULL,2,NULL,NULL,0,NULL,0,NULL,1,NULL,NULL,0,NULL,NULL,NULL),(307,131,NULL,9,'Subject for Tell a Friend','2012-09-30 01:31:25',2,NULL,NULL,NULL,NULL,2,NULL,NULL,0,NULL,0,NULL,1,NULL,NULL,0,NULL,NULL,NULL),(308,131,NULL,9,'Subject for Tell a Friend','2012-08-04 03:51:38',3,NULL,NULL,NULL,NULL,2,NULL,NULL,0,NULL,0,NULL,1,NULL,NULL,0,NULL,NULL,NULL),(309,131,NULL,8,'Subject for Membership Renewal','2012-03-20 08:14:37',1,NULL,NULL,NULL,NULL,2,NULL,NULL,0,NULL,0,NULL,1,NULL,NULL,0,NULL,NULL,NULL),(310,131,NULL,10,'Subject for Pledge Acknowledgment','2012-05-08 11:13:01',6,NULL,NULL,NULL,NULL,2,NULL,NULL,0,NULL,0,NULL,1,NULL,NULL,0,NULL,NULL,NULL),(311,131,NULL,8,'Subject for Membership Renewal','2012-04-22 12:35:52',3,NULL,NULL,NULL,NULL,2,NULL,NULL,0,NULL,0,NULL,1,NULL,NULL,0,NULL,NULL,NULL),(312,131,NULL,8,'Subject for Membership Renewal','2011-12-10 07:54:17',3,NULL,NULL,NULL,NULL,2,NULL,NULL,0,NULL,0,NULL,1,NULL,NULL,0,NULL,NULL,NULL),(313,131,NULL,9,'Subject for Tell a Friend','2012-02-22 06:50:39',1,NULL,NULL,NULL,NULL,2,NULL,NULL,0,NULL,0,NULL,1,NULL,NULL,0,NULL,NULL,NULL),(314,131,NULL,8,'Subject for Membership Renewal','2012-02-10 07:12:17',1,NULL,NULL,NULL,NULL,2,NULL,NULL,0,NULL,0,NULL,1,NULL,NULL,0,NULL,NULL,NULL),(315,131,NULL,7,'Subject for Membership Signup','2012-01-29 08:26:51',3,NULL,NULL,NULL,NULL,2,NULL,NULL,0,NULL,0,NULL,1,NULL,NULL,0,NULL,NULL,NULL),(316,131,NULL,10,'Subject for Pledge Acknowledgment','2012-02-25 02:19:09',1,NULL,NULL,NULL,NULL,2,NULL,NULL,0,NULL,0,NULL,1,NULL,NULL,0,NULL,NULL,NULL),(317,131,NULL,10,'Subject for Pledge Acknowledgment','2012-06-03 04:23:26',2,NULL,NULL,NULL,NULL,2,NULL,NULL,0,NULL,0,NULL,1,NULL,NULL,0,NULL,NULL,NULL),(318,131,NULL,7,'Subject for Membership Signup','2012-06-28 06:47:39',3,NULL,NULL,NULL,NULL,2,NULL,NULL,0,NULL,0,NULL,1,NULL,NULL,0,NULL,NULL,NULL),(319,131,NULL,8,'Subject for Membership Renewal','2012-07-02 02:20:18',3,NULL,NULL,NULL,NULL,2,NULL,NULL,0,NULL,0,NULL,1,NULL,NULL,0,NULL,NULL,NULL),(320,131,NULL,10,'Subject for Pledge Acknowledgment','2012-08-26 01:53:32',1,NULL,NULL,NULL,NULL,2,NULL,NULL,0,NULL,0,NULL,1,NULL,NULL,0,NULL,NULL,NULL),(321,131,NULL,8,'Subject for Membership Renewal','2012-09-16 07:35:22',2,NULL,NULL,NULL,NULL,2,NULL,NULL,0,NULL,0,NULL,1,NULL,NULL,0,NULL,NULL,NULL),(322,131,NULL,9,'Subject for Tell a Friend','2012-09-24 02:46:14',2,NULL,NULL,NULL,NULL,2,NULL,NULL,0,NULL,0,NULL,1,NULL,NULL,0,NULL,NULL,NULL),(323,131,NULL,7,'Subject for Membership Signup','2012-01-08 04:49:47',4,NULL,NULL,NULL,NULL,2,NULL,NULL,0,NULL,0,NULL,1,NULL,NULL,0,NULL,NULL,NULL),(324,131,NULL,8,'Subject for Membership Renewal','2012-11-06 03:30:21',4,NULL,NULL,NULL,NULL,2,NULL,NULL,0,NULL,0,NULL,1,NULL,NULL,0,NULL,NULL,NULL),(325,131,NULL,7,'Subject for Membership Signup','2012-04-09 11:45:37',3,NULL,NULL,NULL,NULL,2,NULL,NULL,0,NULL,0,NULL,1,NULL,NULL,0,NULL,NULL,NULL),(326,131,NULL,7,'Subject for Membership Signup','2012-10-04 10:49:55',6,NULL,NULL,NULL,NULL,2,NULL,NULL,0,NULL,0,NULL,1,NULL,NULL,0,NULL,NULL,NULL),(327,131,NULL,9,'Subject for Tell a Friend','2012-08-05 02:40:43',2,NULL,NULL,NULL,NULL,2,NULL,NULL,0,NULL,0,NULL,1,NULL,NULL,0,NULL,NULL,NULL),(328,131,NULL,8,'Subject for Membership Renewal','2012-08-28 02:21:03',6,NULL,NULL,NULL,NULL,2,NULL,NULL,0,NULL,0,NULL,1,NULL,NULL,0,NULL,NULL,NULL),(329,131,NULL,9,'Subject for Tell a Friend','2012-03-27 04:14:25',5,NULL,NULL,NULL,NULL,2,NULL,NULL,0,NULL,0,NULL,1,NULL,NULL,0,NULL,NULL,NULL),(330,131,NULL,10,'Subject for Pledge Acknowledgment','2012-08-19 12:26:38',6,NULL,NULL,NULL,NULL,2,NULL,NULL,0,NULL,0,NULL,1,NULL,NULL,0,NULL,NULL,NULL),(331,131,NULL,9,'Subject for Tell a Friend','2012-07-12 01:35:27',5,NULL,NULL,NULL,NULL,2,NULL,NULL,0,NULL,0,NULL,1,NULL,NULL,0,NULL,NULL,NULL),(332,131,NULL,8,'Subject for Membership Renewal','2012-10-29 12:16:05',4,NULL,NULL,NULL,NULL,2,NULL,NULL,0,NULL,0,NULL,1,NULL,NULL,0,NULL,NULL,NULL),(333,131,NULL,10,'Subject for Pledge Acknowledgment','2012-08-23 08:02:54',5,NULL,NULL,NULL,NULL,2,NULL,NULL,0,NULL,0,NULL,1,NULL,NULL,0,NULL,NULL,NULL),(334,131,NULL,10,'Subject for Pledge Acknowledgment','2012-02-23 07:26:56',3,NULL,NULL,NULL,NULL,2,NULL,NULL,0,NULL,0,NULL,1,NULL,NULL,0,NULL,NULL,NULL),(335,131,NULL,9,'Subject for Tell a Friend','2012-08-23 09:26:04',3,NULL,NULL,NULL,NULL,2,NULL,NULL,0,NULL,0,NULL,1,NULL,NULL,0,NULL,NULL,NULL),(336,131,NULL,10,'Subject for Pledge Acknowledgment','2012-07-12 02:25:40',4,NULL,NULL,NULL,NULL,2,NULL,NULL,0,NULL,0,NULL,1,NULL,NULL,0,NULL,NULL,NULL),(337,131,NULL,9,'Subject for Tell a Friend','2012-08-26 08:54:53',6,NULL,NULL,NULL,NULL,2,NULL,NULL,0,NULL,0,NULL,1,NULL,NULL,0,NULL,NULL,NULL),(338,131,NULL,10,'Subject for Pledge Acknowledgment','2012-03-31 03:38:33',5,NULL,NULL,NULL,NULL,2,NULL,NULL,0,NULL,0,NULL,1,NULL,NULL,0,NULL,NULL,NULL),(339,131,NULL,10,'Subject for Pledge Acknowledgment','2012-09-06 02:03:30',3,NULL,NULL,NULL,NULL,2,NULL,NULL,0,NULL,0,NULL,1,NULL,NULL,0,NULL,NULL,NULL),(340,131,NULL,8,'Subject for Membership Renewal','2012-02-27 03:49:52',4,NULL,NULL,NULL,NULL,2,NULL,NULL,0,NULL,0,NULL,1,NULL,NULL,0,NULL,NULL,NULL),(341,131,NULL,7,'Subject for Membership Signup','2012-10-20 06:50:39',1,NULL,NULL,NULL,NULL,2,NULL,NULL,0,NULL,0,NULL,1,NULL,NULL,0,NULL,NULL,NULL),(342,131,NULL,9,'Subject for Tell a Friend','2012-10-06 04:07:46',4,NULL,NULL,NULL,NULL,2,NULL,NULL,0,NULL,0,NULL,1,NULL,NULL,0,NULL,NULL,NULL),(343,131,NULL,7,'Subject for Membership Signup','2012-08-07 08:13:42',4,NULL,NULL,NULL,NULL,2,NULL,NULL,0,NULL,0,NULL,1,NULL,NULL,0,NULL,NULL,NULL),(344,131,NULL,8,'Subject for Membership Renewal','2012-07-05 10:00:49',3,NULL,NULL,NULL,NULL,2,NULL,NULL,0,NULL,0,NULL,1,NULL,NULL,0,NULL,NULL,NULL),(345,131,NULL,9,'Subject for Tell a Friend','2012-03-11 06:08:56',5,NULL,NULL,NULL,NULL,2,NULL,NULL,0,NULL,0,NULL,1,NULL,NULL,0,NULL,NULL,NULL),(346,131,NULL,9,'Subject for Tell a Friend','2012-03-09 10:39:56',5,NULL,NULL,NULL,NULL,2,NULL,NULL,0,NULL,0,NULL,1,NULL,NULL,0,NULL,NULL,NULL),(347,131,NULL,8,'Subject for Membership Renewal','2012-09-09 04:30:41',3,NULL,NULL,NULL,NULL,2,NULL,NULL,0,NULL,0,NULL,1,NULL,NULL,0,NULL,NULL,NULL),(348,131,NULL,10,'Subject for Pledge Acknowledgment','2012-01-20 09:31:25',5,NULL,NULL,NULL,NULL,2,NULL,NULL,0,NULL,0,NULL,1,NULL,NULL,0,NULL,NULL,NULL),(349,131,NULL,7,'Subject for Membership Signup','2012-11-15 11:45:56',6,NULL,NULL,NULL,NULL,2,NULL,NULL,0,NULL,0,NULL,1,NULL,NULL,0,NULL,NULL,NULL),(350,131,NULL,8,'Subject for Membership Renewal','2012-04-15 07:42:48',5,NULL,NULL,NULL,NULL,2,NULL,NULL,0,NULL,0,NULL,1,NULL,NULL,0,NULL,NULL,NULL),(351,131,NULL,8,'Subject for Membership Renewal','2012-10-24 02:29:54',6,NULL,NULL,NULL,NULL,2,NULL,NULL,0,NULL,0,NULL,1,NULL,NULL,0,NULL,NULL,NULL),(352,131,NULL,9,'Subject for Tell a Friend','2012-02-02 09:11:49',4,NULL,NULL,NULL,NULL,2,NULL,NULL,0,NULL,0,NULL,1,NULL,NULL,0,NULL,NULL,NULL),(353,131,NULL,8,'Subject for Membership Renewal','2012-11-15 09:00:40',1,NULL,NULL,NULL,NULL,2,NULL,NULL,0,NULL,0,NULL,1,NULL,NULL,0,NULL,NULL,NULL),(354,131,NULL,9,'Subject for Tell a Friend','2012-01-03 10:43:50',3,NULL,NULL,NULL,NULL,2,NULL,NULL,0,NULL,0,NULL,1,NULL,NULL,0,NULL,NULL,NULL),(355,131,NULL,8,'Subject for Membership Renewal','2012-08-06 10:43:14',6,NULL,NULL,NULL,NULL,2,NULL,NULL,0,NULL,0,NULL,1,NULL,NULL,0,NULL,NULL,NULL),(356,131,NULL,8,'Subject for Membership Renewal','2012-04-24 01:30:29',2,NULL,NULL,NULL,NULL,2,NULL,NULL,0,NULL,0,NULL,1,NULL,NULL,0,NULL,NULL,NULL),(357,131,NULL,9,'Subject for Tell a Friend','2012-10-12 03:53:13',3,NULL,NULL,NULL,NULL,2,NULL,NULL,0,NULL,0,NULL,1,NULL,NULL,0,NULL,NULL,NULL),(358,131,NULL,10,'Subject for Pledge Acknowledgment','2012-08-29 11:37:40',3,NULL,NULL,NULL,NULL,2,NULL,NULL,0,NULL,0,NULL,1,NULL,NULL,0,NULL,NULL,NULL),(359,131,NULL,10,'Subject for Pledge Acknowledgment','2012-05-21 11:10:23',1,NULL,NULL,NULL,NULL,2,NULL,NULL,0,NULL,0,NULL,1,NULL,NULL,0,NULL,NULL,NULL),(360,131,NULL,9,'Subject for Tell a Friend','2011-12-21 11:16:18',2,NULL,NULL,NULL,NULL,2,NULL,NULL,0,NULL,0,NULL,1,NULL,NULL,0,NULL,NULL,NULL),(361,131,NULL,9,'Subject for Tell a Friend','2012-01-13 04:03:24',4,NULL,NULL,NULL,NULL,2,NULL,NULL,0,NULL,0,NULL,1,NULL,NULL,0,NULL,NULL,NULL),(362,131,NULL,10,'Subject for Pledge Acknowledgment','2012-07-20 04:19:15',1,NULL,NULL,NULL,NULL,2,NULL,NULL,0,NULL,0,NULL,1,NULL,NULL,0,NULL,NULL,NULL),(363,131,NULL,8,'Subject for Membership Renewal','2012-08-06 01:44:19',1,NULL,NULL,NULL,NULL,2,NULL,NULL,0,NULL,0,NULL,1,NULL,NULL,0,NULL,NULL,NULL),(364,131,NULL,10,'Subject for Pledge Acknowledgment','2012-07-29 08:58:24',1,NULL,NULL,NULL,NULL,2,NULL,NULL,0,NULL,0,NULL,1,NULL,NULL,0,NULL,NULL,NULL),(365,131,NULL,7,'Subject for Membership Signup','2012-08-22 08:41:14',1,NULL,NULL,NULL,NULL,2,NULL,NULL,0,NULL,0,NULL,1,NULL,NULL,0,NULL,NULL,NULL),(366,131,NULL,8,'Subject for Membership Renewal','2012-07-02 02:09:35',5,NULL,NULL,NULL,NULL,2,NULL,NULL,0,NULL,0,NULL,1,NULL,NULL,0,NULL,NULL,NULL),(367,131,NULL,10,'Subject for Pledge Acknowledgment','2012-11-16 01:19:20',4,NULL,NULL,NULL,NULL,2,NULL,NULL,0,NULL,0,NULL,1,NULL,NULL,0,NULL,NULL,NULL),(368,131,NULL,7,'Subject for Membership Signup','2011-12-27 07:21:26',5,NULL,NULL,NULL,NULL,2,NULL,NULL,0,NULL,0,NULL,1,NULL,NULL,0,NULL,NULL,NULL),(369,131,NULL,8,'Subject for Membership Renewal','2012-05-14 07:48:36',4,NULL,NULL,NULL,NULL,2,NULL,NULL,0,NULL,0,NULL,1,NULL,NULL,0,NULL,NULL,NULL),(370,131,NULL,8,'Subject for Membership Renewal','2012-06-28 04:08:20',5,NULL,NULL,NULL,NULL,2,NULL,NULL,0,NULL,0,NULL,1,NULL,NULL,0,NULL,NULL,NULL),(371,131,NULL,9,'Subject for Tell a Friend','2012-07-27 03:11:35',5,NULL,NULL,NULL,NULL,2,NULL,NULL,0,NULL,0,NULL,1,NULL,NULL,0,NULL,NULL,NULL),(372,131,NULL,8,'Subject for Membership Renewal','2012-09-04 01:38:52',4,NULL,NULL,NULL,NULL,2,NULL,NULL,0,NULL,0,NULL,1,NULL,NULL,0,NULL,NULL,NULL),(373,131,NULL,9,'Subject for Tell a Friend','2012-06-01 07:23:22',4,NULL,NULL,NULL,NULL,2,NULL,NULL,0,NULL,0,NULL,1,NULL,NULL,0,NULL,NULL,NULL),(374,131,NULL,8,'Subject for Membership Renewal','2012-10-01 08:38:18',4,NULL,NULL,NULL,NULL,2,NULL,NULL,0,NULL,0,NULL,1,NULL,NULL,0,NULL,NULL,NULL),(375,131,NULL,9,'Subject for Tell a Friend','2012-10-29 04:15:16',3,NULL,NULL,NULL,NULL,2,NULL,NULL,0,NULL,0,NULL,1,NULL,NULL,0,NULL,NULL,NULL),(376,131,NULL,7,'Subject for Membership Signup','2012-11-19 11:44:12',6,NULL,NULL,NULL,NULL,2,NULL,NULL,0,NULL,0,NULL,1,NULL,NULL,0,NULL,NULL,NULL),(377,131,NULL,9,'Subject for Tell a Friend','2012-04-05 01:21:22',1,NULL,NULL,NULL,NULL,2,NULL,NULL,0,NULL,0,NULL,1,NULL,NULL,0,NULL,NULL,NULL),(378,131,NULL,8,'Subject for Membership Renewal','2012-09-18 03:24:04',3,NULL,NULL,NULL,NULL,2,NULL,NULL,0,NULL,0,NULL,1,NULL,NULL,0,NULL,NULL,NULL),(379,131,NULL,10,'Subject for Pledge Acknowledgment','2012-04-28 12:16:23',3,NULL,NULL,NULL,NULL,2,NULL,NULL,0,NULL,0,NULL,1,NULL,NULL,0,NULL,NULL,NULL),(380,131,NULL,7,'Subject for Membership Signup','2012-07-20 06:15:55',4,NULL,NULL,NULL,NULL,2,NULL,NULL,0,NULL,0,NULL,1,NULL,NULL,0,NULL,NULL,NULL),(381,131,NULL,8,'Subject for Membership Renewal','2012-08-27 10:02:41',4,NULL,NULL,NULL,NULL,2,NULL,NULL,0,NULL,0,NULL,1,NULL,NULL,0,NULL,NULL,NULL),(382,131,NULL,9,'Subject for Tell a Friend','2012-04-10 03:50:14',4,NULL,NULL,NULL,NULL,2,NULL,NULL,0,NULL,0,NULL,1,NULL,NULL,0,NULL,NULL,NULL),(383,131,NULL,10,'Subject for Pledge Acknowledgment','2012-09-15 11:13:25',5,NULL,NULL,NULL,NULL,2,NULL,NULL,0,NULL,0,NULL,1,NULL,NULL,0,NULL,NULL,NULL),(384,131,NULL,8,'Subject for Membership Renewal','2012-06-07 02:52:07',4,NULL,NULL,NULL,NULL,2,NULL,NULL,0,NULL,0,NULL,1,NULL,NULL,0,NULL,NULL,NULL),(385,131,NULL,8,'Subject for Membership Renewal','2012-09-08 07:35:51',1,NULL,NULL,NULL,NULL,2,NULL,NULL,0,NULL,0,NULL,1,NULL,NULL,0,NULL,NULL,NULL),(386,131,NULL,9,'Subject for Tell a Friend','2012-09-09 08:01:39',1,NULL,NULL,NULL,NULL,2,NULL,NULL,0,NULL,0,NULL,1,NULL,NULL,0,NULL,NULL,NULL),(387,131,NULL,8,'Subject for Membership Renewal','2012-05-07 04:20:50',2,NULL,NULL,NULL,NULL,2,NULL,NULL,0,NULL,0,NULL,1,NULL,NULL,0,NULL,NULL,NULL),(388,131,NULL,10,'Subject for Pledge Acknowledgment','2012-03-23 10:08:22',1,NULL,NULL,NULL,NULL,2,NULL,NULL,0,NULL,0,NULL,1,NULL,NULL,0,NULL,NULL,NULL),(389,131,NULL,9,'Subject for Tell a Friend','2012-08-26 07:48:05',5,NULL,NULL,NULL,NULL,2,NULL,NULL,0,NULL,0,NULL,1,NULL,NULL,0,NULL,NULL,NULL),(390,131,NULL,7,'Subject for Membership Signup','2012-01-30 08:29:10',2,NULL,NULL,NULL,NULL,2,NULL,NULL,0,NULL,0,NULL,1,NULL,NULL,0,NULL,NULL,NULL),(391,131,NULL,10,'Subject for Pledge Acknowledgment','2012-03-29 07:50:19',4,NULL,NULL,NULL,NULL,2,NULL,NULL,0,NULL,0,NULL,1,NULL,NULL,0,NULL,NULL,NULL),(392,131,NULL,10,'Subject for Pledge Acknowledgment','2011-12-18 07:13:54',5,NULL,NULL,NULL,NULL,2,NULL,NULL,0,NULL,0,NULL,1,NULL,NULL,0,NULL,NULL,NULL),(393,131,NULL,8,'Subject for Membership Renewal','2011-12-15 01:38:36',2,NULL,NULL,NULL,NULL,2,NULL,NULL,0,NULL,0,NULL,1,NULL,NULL,0,NULL,NULL,NULL),(394,131,NULL,9,'Subject for Tell a Friend','2012-04-10 04:20:46',2,NULL,NULL,NULL,NULL,2,NULL,NULL,0,NULL,0,NULL,1,NULL,NULL,0,NULL,NULL,NULL),(395,131,NULL,9,'Subject for Tell a Friend','2012-02-21 07:12:36',3,NULL,NULL,NULL,NULL,2,NULL,NULL,0,NULL,0,NULL,1,NULL,NULL,0,NULL,NULL,NULL),(396,131,NULL,9,'Subject for Tell a Friend','2012-08-06 07:02:07',2,NULL,NULL,NULL,NULL,2,NULL,NULL,0,NULL,0,NULL,1,NULL,NULL,0,NULL,NULL,NULL),(397,131,NULL,7,'Subject for Membership Signup','2012-12-02 07:57:25',1,NULL,NULL,NULL,NULL,2,NULL,NULL,0,NULL,0,NULL,1,NULL,NULL,0,NULL,NULL,NULL),(398,131,NULL,7,'Subject for Membership Signup','2012-08-31 07:50:50',1,NULL,NULL,NULL,NULL,2,NULL,NULL,0,NULL,0,NULL,1,NULL,NULL,0,NULL,NULL,NULL),(399,131,NULL,9,'Subject for Tell a Friend','2012-06-15 05:31:50',2,NULL,NULL,NULL,NULL,2,NULL,NULL,0,NULL,0,NULL,1,NULL,NULL,0,NULL,NULL,NULL),(400,131,NULL,7,'Subject for Membership Signup','2012-05-06 09:03:19',6,NULL,NULL,NULL,NULL,2,NULL,NULL,0,NULL,0,NULL,1,NULL,NULL,0,NULL,NULL,NULL),(401,131,NULL,10,'Subject for Pledge Acknowledgment','2012-02-23 03:06:14',3,NULL,NULL,NULL,NULL,2,NULL,NULL,0,NULL,0,NULL,1,NULL,NULL,0,NULL,NULL,NULL),(402,131,NULL,10,'Subject for Pledge Acknowledgment','2012-01-19 03:33:51',3,NULL,NULL,NULL,NULL,2,NULL,NULL,0,NULL,0,NULL,1,NULL,NULL,0,NULL,NULL,NULL),(403,131,NULL,10,'Subject for Pledge Acknowledgment','2011-12-06 08:58:24',2,NULL,NULL,NULL,NULL,2,NULL,NULL,0,NULL,0,NULL,1,NULL,NULL,0,NULL,NULL,NULL),(404,131,NULL,8,'Subject for Membership Renewal','2012-05-11 09:32:30',4,NULL,NULL,NULL,NULL,2,NULL,NULL,0,NULL,0,NULL,1,NULL,NULL,0,NULL,NULL,NULL),(405,131,NULL,7,'Subject for Membership Signup','2012-03-11 09:33:52',2,NULL,NULL,NULL,NULL,2,NULL,NULL,0,NULL,0,NULL,1,NULL,NULL,0,NULL,NULL,NULL),(406,131,NULL,8,'Subject for Membership Renewal','2012-01-11 03:42:55',4,NULL,NULL,NULL,NULL,2,NULL,NULL,0,NULL,0,NULL,1,NULL,NULL,0,NULL,NULL,NULL),(407,131,NULL,9,'Subject for Tell a Friend','2012-09-09 11:39:04',6,NULL,NULL,NULL,NULL,2,NULL,NULL,0,NULL,0,NULL,1,NULL,NULL,0,NULL,NULL,NULL),(408,131,NULL,10,'Subject for Pledge Acknowledgment','2012-11-28 09:14:00',5,NULL,NULL,NULL,NULL,2,NULL,NULL,0,NULL,0,NULL,1,NULL,NULL,0,NULL,NULL,NULL),(409,131,NULL,9,'Subject for Tell a Friend','2012-10-18 03:03:01',4,NULL,NULL,NULL,NULL,2,NULL,NULL,0,NULL,0,NULL,1,NULL,NULL,0,NULL,NULL,NULL),(410,131,NULL,10,'Subject for Pledge Acknowledgment','2012-07-12 06:20:11',5,NULL,NULL,NULL,NULL,2,NULL,NULL,0,NULL,0,NULL,1,NULL,NULL,0,NULL,NULL,NULL),(411,131,NULL,9,'Subject for Tell a Friend','2012-11-24 09:07:41',3,NULL,NULL,NULL,NULL,2,NULL,NULL,0,NULL,0,NULL,1,NULL,NULL,0,NULL,NULL,NULL),(412,131,NULL,7,'Subject for Membership Signup','2012-10-05 09:43:35',3,NULL,NULL,NULL,NULL,2,NULL,NULL,0,NULL,0,NULL,1,NULL,NULL,0,NULL,NULL,NULL),(413,131,NULL,7,'Subject for Membership Signup','2012-08-15 12:09:15',3,NULL,NULL,NULL,NULL,2,NULL,NULL,0,NULL,0,NULL,1,NULL,NULL,0,NULL,NULL,NULL),(414,131,NULL,8,'Subject for Membership Renewal','2012-02-26 11:00:11',2,NULL,NULL,NULL,NULL,2,NULL,NULL,0,NULL,0,NULL,1,NULL,NULL,0,NULL,NULL,NULL),(415,131,NULL,8,'Subject for Membership Renewal','2012-01-15 07:50:51',6,NULL,NULL,NULL,NULL,2,NULL,NULL,0,NULL,0,NULL,1,NULL,NULL,0,NULL,NULL,NULL),(416,131,NULL,9,'Subject for Tell a Friend','2012-07-04 01:45:41',5,NULL,NULL,NULL,NULL,2,NULL,NULL,0,NULL,0,NULL,1,NULL,NULL,0,NULL,NULL,NULL),(417,131,NULL,7,'Subject for Membership Signup','2012-10-10 10:05:29',6,NULL,NULL,NULL,NULL,2,NULL,NULL,0,NULL,0,NULL,1,NULL,NULL,0,NULL,NULL,NULL),(418,131,NULL,9,'Subject for Tell a Friend','2011-12-25 08:26:13',6,NULL,NULL,NULL,NULL,2,NULL,NULL,0,NULL,0,NULL,1,NULL,NULL,0,NULL,NULL,NULL),(419,131,NULL,7,'Subject for Membership Signup','2012-05-07 12:35:07',5,NULL,NULL,NULL,NULL,2,NULL,NULL,0,NULL,0,NULL,1,NULL,NULL,0,NULL,NULL,NULL),(420,131,NULL,9,'Subject for Tell a Friend','2012-08-31 06:55:10',5,NULL,NULL,NULL,NULL,2,NULL,NULL,0,NULL,0,NULL,1,NULL,NULL,0,NULL,NULL,NULL),(421,131,NULL,7,'Subject for Membership Signup','2012-08-05 12:03:35',1,NULL,NULL,NULL,NULL,2,NULL,NULL,0,NULL,0,NULL,1,NULL,NULL,0,NULL,NULL,NULL),(422,131,NULL,7,'Subject for Membership Signup','2012-07-16 08:58:48',3,NULL,NULL,NULL,NULL,2,NULL,NULL,0,NULL,0,NULL,1,NULL,NULL,0,NULL,NULL,NULL),(423,131,NULL,8,'Subject for Membership Renewal','2012-02-02 07:21:34',1,NULL,NULL,NULL,NULL,2,NULL,NULL,0,NULL,0,NULL,1,NULL,NULL,0,NULL,NULL,NULL),(424,131,NULL,8,'Subject for Membership Renewal','2011-12-24 04:25:39',6,NULL,NULL,NULL,NULL,2,NULL,NULL,0,NULL,0,NULL,1,NULL,NULL,0,NULL,NULL,NULL),(425,131,NULL,8,'Subject for Membership Renewal','2012-05-07 02:19:31',3,NULL,NULL,NULL,NULL,2,NULL,NULL,0,NULL,0,NULL,1,NULL,NULL,0,NULL,NULL,NULL),(426,131,NULL,9,'Subject for Tell a Friend','2012-03-21 11:39:23',4,NULL,NULL,NULL,NULL,2,NULL,NULL,0,NULL,0,NULL,1,NULL,NULL,0,NULL,NULL,NULL),(427,131,NULL,8,'Subject for Membership Renewal','2012-02-07 01:03:18',5,NULL,NULL,NULL,NULL,2,NULL,NULL,0,NULL,0,NULL,1,NULL,NULL,0,NULL,NULL,NULL),(428,131,NULL,10,'Subject for Pledge Acknowledgment','2012-07-16 07:26:34',1,NULL,NULL,NULL,NULL,2,NULL,NULL,0,NULL,0,NULL,1,NULL,NULL,0,NULL,NULL,NULL),(429,131,NULL,9,'Subject for Tell a Friend','2012-09-14 11:40:38',3,NULL,NULL,NULL,NULL,2,NULL,NULL,0,NULL,0,NULL,1,NULL,NULL,0,NULL,NULL,NULL),(430,131,NULL,7,'Subject for Membership Signup','2012-03-18 08:54:14',5,NULL,NULL,NULL,NULL,2,NULL,NULL,0,NULL,0,NULL,1,NULL,NULL,0,NULL,NULL,NULL),(431,131,NULL,9,'Subject for Tell a Friend','2011-12-26 02:29:24',5,NULL,NULL,NULL,NULL,2,NULL,NULL,0,NULL,0,NULL,1,NULL,NULL,0,NULL,NULL,NULL),(432,131,NULL,10,'Subject for Pledge Acknowledgment','2012-09-19 08:13:05',4,NULL,NULL,NULL,NULL,2,NULL,NULL,0,NULL,0,NULL,1,NULL,NULL,0,NULL,NULL,NULL),(433,131,NULL,10,'Subject for Pledge Acknowledgment','2011-12-17 11:15:11',1,NULL,NULL,NULL,NULL,2,NULL,NULL,0,NULL,0,NULL,1,NULL,NULL,0,NULL,NULL,NULL),(434,131,NULL,7,'Subject for Membership Signup','2012-06-03 04:11:36',2,NULL,NULL,NULL,NULL,2,NULL,NULL,0,NULL,0,NULL,1,NULL,NULL,0,NULL,NULL,NULL),(435,131,NULL,8,'Subject for Membership Renewal','2011-12-17 07:23:45',4,NULL,NULL,NULL,NULL,2,NULL,NULL,0,NULL,0,NULL,1,NULL,NULL,0,NULL,NULL,NULL),(436,131,NULL,10,'Subject for Pledge Acknowledgment','2012-01-02 04:24:06',1,NULL,NULL,NULL,NULL,2,NULL,NULL,0,NULL,0,NULL,1,NULL,NULL,0,NULL,NULL,NULL),(437,131,NULL,8,'Subject for Membership Renewal','2012-06-14 02:49:18',4,NULL,NULL,NULL,NULL,2,NULL,NULL,0,NULL,0,NULL,1,NULL,NULL,0,NULL,NULL,NULL),(438,131,NULL,7,'Subject for Membership Signup','2012-10-08 01:33:19',1,NULL,NULL,NULL,NULL,2,NULL,NULL,0,NULL,0,NULL,1,NULL,NULL,0,NULL,NULL,NULL),(439,131,NULL,7,'Subject for Membership Signup','2012-08-30 05:48:44',2,NULL,NULL,NULL,NULL,2,NULL,NULL,0,NULL,0,NULL,1,NULL,NULL,0,NULL,NULL,NULL),(440,131,NULL,10,'Subject for Pledge Acknowledgment','2012-05-03 06:21:39',1,NULL,NULL,NULL,NULL,2,NULL,NULL,0,NULL,0,NULL,1,NULL,NULL,0,NULL,NULL,NULL),(441,131,NULL,8,'Subject for Membership Renewal','2012-01-20 10:50:34',6,NULL,NULL,NULL,NULL,2,NULL,NULL,0,NULL,0,NULL,1,NULL,NULL,0,NULL,NULL,NULL),(442,131,NULL,8,'Subject for Membership Renewal','2012-05-13 10:05:55',5,NULL,NULL,NULL,NULL,2,NULL,NULL,0,NULL,0,NULL,1,NULL,NULL,0,NULL,NULL,NULL),(443,131,NULL,8,'Subject for Membership Renewal','2012-09-27 11:25:14',3,NULL,NULL,NULL,NULL,2,NULL,NULL,0,NULL,0,NULL,1,NULL,NULL,0,NULL,NULL,NULL),(444,131,NULL,7,'Subject for Membership Signup','2012-11-23 12:03:33',2,NULL,NULL,NULL,NULL,2,NULL,NULL,0,NULL,0,NULL,1,NULL,NULL,0,NULL,NULL,NULL),(445,131,NULL,8,'Subject for Membership Renewal','2012-02-26 11:59:34',1,NULL,NULL,NULL,NULL,2,NULL,NULL,0,NULL,0,NULL,1,NULL,NULL,0,NULL,NULL,NULL),(446,131,NULL,7,'Subject for Membership Signup','2012-07-16 06:55:56',2,NULL,NULL,NULL,NULL,2,NULL,NULL,0,NULL,0,NULL,1,NULL,NULL,0,NULL,NULL,NULL),(447,131,NULL,9,'Subject for Tell a Friend','2012-10-09 03:21:40',2,NULL,NULL,NULL,NULL,2,NULL,NULL,0,NULL,0,NULL,1,NULL,NULL,0,NULL,NULL,NULL),(448,131,NULL,10,'Subject for Pledge Acknowledgment','2012-08-06 08:02:07',1,NULL,NULL,NULL,NULL,2,NULL,NULL,0,NULL,0,NULL,1,NULL,NULL,0,NULL,NULL,NULL),(449,131,NULL,7,'Subject for Membership Signup','2012-04-09 06:07:18',1,NULL,NULL,NULL,NULL,2,NULL,NULL,0,NULL,0,NULL,1,NULL,NULL,0,NULL,NULL,NULL),(450,131,NULL,10,'Subject for Pledge Acknowledgment','2011-12-27 11:08:45',3,NULL,NULL,NULL,NULL,2,NULL,NULL,0,NULL,0,NULL,1,NULL,NULL,0,NULL,NULL,NULL),(451,2,1,6,'$ 125.00-Apr 2007 Mailer 1','2010-04-11 00:00:00',NULL,NULL,NULL,NULL,NULL,2,NULL,NULL,0,NULL,0,NULL,1,NULL,NULL,0,NULL,NULL,NULL),(452,4,2,6,'$ 50.00-Online: Save the Penguins','2010-03-21 00:00:00',NULL,NULL,NULL,NULL,NULL,2,NULL,NULL,0,NULL,0,NULL,1,NULL,NULL,0,NULL,NULL,NULL),(453,6,3,6,'$ 25.00-Apr 2007 Mailer 1','2010-04-29 00:00:00',NULL,NULL,NULL,NULL,NULL,2,NULL,NULL,0,NULL,0,NULL,1,NULL,NULL,0,NULL,NULL,NULL),(454,8,4,6,'$ 50.00-Apr 2007 Mailer 1','2010-04-11 00:00:00',NULL,NULL,NULL,NULL,NULL,2,NULL,NULL,0,NULL,0,NULL,1,NULL,NULL,0,NULL,NULL,NULL),(455,16,5,6,'$ 500.00-Apr 2007 Mailer 1','2010-04-15 00:00:00',NULL,NULL,NULL,NULL,NULL,2,NULL,NULL,0,NULL,0,NULL,1,NULL,NULL,0,NULL,NULL,NULL),(456,19,6,6,'$ 175.00-Apr 2007 Mailer 1','2010-04-11 00:00:00',NULL,NULL,NULL,NULL,NULL,2,NULL,NULL,0,NULL,0,NULL,1,NULL,NULL,0,NULL,NULL,NULL),(457,82,7,6,'$ 50.00-Online: Save the Penguins','2010-03-27 00:00:00',NULL,NULL,NULL,NULL,NULL,2,NULL,NULL,0,NULL,0,NULL,1,NULL,NULL,0,NULL,NULL,NULL),(458,92,8,6,'$ 10.00-Online: Save the Penguins','2010-03-08 00:00:00',NULL,NULL,NULL,NULL,NULL,2,NULL,NULL,0,NULL,0,NULL,1,NULL,NULL,0,NULL,NULL,NULL),(459,34,9,6,'$ 250.00-Online: Save the Penguins','2010-04-22 00:00:00',NULL,NULL,NULL,NULL,NULL,2,NULL,NULL,0,NULL,0,NULL,1,NULL,NULL,0,NULL,NULL,NULL),(460,71,10,6,NULL,'2009-07-01 11:53:50',NULL,NULL,NULL,NULL,NULL,2,NULL,NULL,0,NULL,0,NULL,1,NULL,NULL,0,NULL,NULL,NULL),(461,43,11,6,NULL,'2009-07-01 12:55:41',NULL,NULL,NULL,NULL,NULL,2,NULL,NULL,0,NULL,0,NULL,1,NULL,NULL,0,NULL,NULL,NULL),(462,32,12,6,NULL,'2009-10-01 11:53:50',NULL,NULL,NULL,NULL,NULL,2,NULL,NULL,0,NULL,0,NULL,1,NULL,NULL,0,NULL,NULL,NULL),(463,32,13,6,NULL,'2009-12-01 12:55:41',NULL,NULL,NULL,NULL,NULL,2,NULL,NULL,0,NULL,0,NULL,1,NULL,NULL,0,NULL,NULL,NULL),(464,196,1,7,'General','2012-12-04 00:00:00',NULL,NULL,NULL,NULL,NULL,2,NULL,NULL,0,NULL,0,NULL,1,NULL,NULL,0,NULL,NULL,NULL),(465,34,2,7,'Student','2012-12-03 00:00:00',NULL,NULL,NULL,NULL,NULL,2,NULL,NULL,0,NULL,0,NULL,1,NULL,NULL,0,NULL,NULL,NULL),(466,135,3,7,'General','2012-12-02 00:00:00',NULL,NULL,NULL,NULL,NULL,2,NULL,NULL,0,NULL,0,NULL,1,NULL,NULL,0,NULL,NULL,NULL),(467,30,4,7,'Student','2012-12-01 00:00:00',NULL,NULL,NULL,NULL,NULL,2,NULL,NULL,0,NULL,0,NULL,1,NULL,NULL,0,NULL,NULL,NULL),(468,159,5,7,'Student','2011-11-30 00:00:00',NULL,NULL,NULL,NULL,NULL,2,NULL,NULL,0,NULL,0,NULL,1,NULL,NULL,0,NULL,NULL,NULL),(469,54,6,7,'Student','2012-11-29 00:00:00',NULL,NULL,NULL,NULL,NULL,2,NULL,NULL,0,NULL,0,NULL,1,NULL,NULL,0,NULL,NULL,NULL),(470,67,7,7,'General','2012-11-28 00:00:00',NULL,NULL,NULL,NULL,NULL,2,NULL,NULL,0,NULL,0,NULL,1,NULL,NULL,0,NULL,NULL,NULL),(471,17,8,7,'Student','2012-11-27 00:00:00',NULL,NULL,NULL,NULL,NULL,2,NULL,NULL,0,NULL,0,NULL,1,NULL,NULL,0,NULL,NULL,NULL),(472,79,9,7,'General','2012-11-26 00:00:00',NULL,NULL,NULL,NULL,NULL,2,NULL,NULL,0,NULL,0,NULL,1,NULL,NULL,0,NULL,NULL,NULL),(473,48,10,7,'General','2010-09-23 00:00:00',NULL,NULL,NULL,NULL,NULL,2,NULL,NULL,0,NULL,0,NULL,1,NULL,NULL,0,NULL,NULL,NULL),(474,16,11,7,'Lifetime','2012-11-24 00:00:00',NULL,NULL,NULL,NULL,NULL,2,NULL,NULL,0,NULL,0,NULL,1,NULL,NULL,0,NULL,NULL,NULL),(475,176,12,7,'Student','2012-11-23 00:00:00',NULL,NULL,NULL,NULL,NULL,2,NULL,NULL,0,NULL,0,NULL,1,NULL,NULL,0,NULL,NULL,NULL),(476,22,13,7,'General','2012-11-22 00:00:00',NULL,NULL,NULL,NULL,NULL,2,NULL,NULL,0,NULL,0,NULL,1,NULL,NULL,0,NULL,NULL,NULL),(477,42,14,7,'Student','2012-11-21 00:00:00',NULL,NULL,NULL,NULL,NULL,2,NULL,NULL,0,NULL,0,NULL,1,NULL,NULL,0,NULL,NULL,NULL),(478,120,15,7,'General','2010-08-14 00:00:00',NULL,NULL,NULL,NULL,NULL,2,NULL,NULL,0,NULL,0,NULL,1,NULL,NULL,0,NULL,NULL,NULL),(479,51,16,7,'Student','2012-11-19 00:00:00',NULL,NULL,NULL,NULL,NULL,2,NULL,NULL,0,NULL,0,NULL,1,NULL,NULL,0,NULL,NULL,NULL),(480,28,17,7,'General','2012-11-18 00:00:00',NULL,NULL,NULL,NULL,NULL,2,NULL,NULL,0,NULL,0,NULL,1,NULL,NULL,0,NULL,NULL,NULL),(481,101,18,7,'Student','2012-11-17 00:00:00',NULL,NULL,NULL,NULL,NULL,2,NULL,NULL,0,NULL,0,NULL,1,NULL,NULL,0,NULL,NULL,NULL),(482,43,19,7,'General','2012-11-16 00:00:00',NULL,NULL,NULL,NULL,NULL,2,NULL,NULL,0,NULL,0,NULL,1,NULL,NULL,0,NULL,NULL,NULL),(483,183,20,7,'Student','2011-11-15 00:00:00',NULL,NULL,NULL,NULL,NULL,2,NULL,NULL,0,NULL,0,NULL,1,NULL,NULL,0,NULL,NULL,NULL),(484,37,21,7,'General','2012-11-14 00:00:00',NULL,NULL,NULL,NULL,NULL,2,NULL,NULL,0,NULL,0,NULL,1,NULL,NULL,0,NULL,NULL,NULL),(485,46,22,7,'Lifetime','2012-11-13 00:00:00',NULL,NULL,NULL,NULL,NULL,2,NULL,NULL,0,NULL,0,NULL,1,NULL,NULL,0,NULL,NULL,NULL),(486,97,23,7,'General','2012-11-12 00:00:00',NULL,NULL,NULL,NULL,NULL,2,NULL,NULL,0,NULL,0,NULL,1,NULL,NULL,0,NULL,NULL,NULL),(487,102,24,7,'Student','2012-11-11 00:00:00',NULL,NULL,NULL,NULL,NULL,2,NULL,NULL,0,NULL,0,NULL,1,NULL,NULL,0,NULL,NULL,NULL),(488,174,25,7,'General','2010-05-26 00:00:00',NULL,NULL,NULL,NULL,NULL,2,NULL,NULL,0,NULL,0,NULL,1,NULL,NULL,0,NULL,NULL,NULL),(489,141,26,7,'Student','2012-11-09 00:00:00',NULL,NULL,NULL,NULL,NULL,2,NULL,NULL,0,NULL,0,NULL,1,NULL,NULL,0,NULL,NULL,NULL),(490,108,27,7,'General','2012-11-08 00:00:00',NULL,NULL,NULL,NULL,NULL,2,NULL,NULL,0,NULL,0,NULL,1,NULL,NULL,0,NULL,NULL,NULL),(491,131,28,7,'Student','2012-11-07 00:00:00',NULL,NULL,NULL,NULL,NULL,2,NULL,NULL,0,NULL,0,NULL,1,NULL,NULL,0,NULL,NULL,NULL),(492,153,29,7,'General','2012-11-06 00:00:00',NULL,NULL,NULL,NULL,NULL,2,NULL,NULL,0,NULL,0,NULL,1,NULL,NULL,0,NULL,NULL,NULL),(493,169,30,7,'General','2010-04-16 00:00:00',NULL,NULL,NULL,NULL,NULL,2,NULL,NULL,0,NULL,0,NULL,1,NULL,NULL,0,NULL,NULL,NULL),(494,196,14,6,'$ 100.00 - General Membership: Offline signup','2012-12-04 14:36:08',NULL,NULL,NULL,NULL,NULL,2,NULL,NULL,0,NULL,0,NULL,1,NULL,NULL,0,NULL,NULL,NULL),(495,34,15,6,'$ 50.00 - Student Membership: Offline signup','2012-12-04 14:36:08',NULL,NULL,NULL,NULL,NULL,2,NULL,NULL,0,NULL,0,NULL,1,NULL,NULL,0,NULL,NULL,NULL),(496,135,16,6,'$ 100.00 - General Membership: Offline signup','2012-12-04 14:36:08',NULL,NULL,NULL,NULL,NULL,2,NULL,NULL,0,NULL,0,NULL,1,NULL,NULL,0,NULL,NULL,NULL),(497,30,17,6,'$ 50.00 - Student Membership: Offline signup','2012-12-04 14:36:08',NULL,NULL,NULL,NULL,NULL,2,NULL,NULL,0,NULL,0,NULL,1,NULL,NULL,0,NULL,NULL,NULL),(498,159,18,6,'$ 50.00 - Student Membership: Offline signup','2012-12-04 14:36:08',NULL,NULL,NULL,NULL,NULL,2,NULL,NULL,0,NULL,0,NULL,1,NULL,NULL,0,NULL,NULL,NULL),(499,54,19,6,'$ 50.00 - Student Membership: Offline signup','2012-12-04 14:36:08',NULL,NULL,NULL,NULL,NULL,2,NULL,NULL,0,NULL,0,NULL,1,NULL,NULL,0,NULL,NULL,NULL),(500,67,20,6,'$ 100.00 - General Membership: Offline signup','2012-12-04 14:36:08',NULL,NULL,NULL,NULL,NULL,2,NULL,NULL,0,NULL,0,NULL,1,NULL,NULL,0,NULL,NULL,NULL),(501,17,21,6,'$ 50.00 - Student Membership: Offline signup','2012-12-04 14:36:08',NULL,NULL,NULL,NULL,NULL,2,NULL,NULL,0,NULL,0,NULL,1,NULL,NULL,0,NULL,NULL,NULL),(502,79,22,6,'$ 100.00 - General Membership: Offline signup','2012-12-04 14:36:08',NULL,NULL,NULL,NULL,NULL,2,NULL,NULL,0,NULL,0,NULL,1,NULL,NULL,0,NULL,NULL,NULL),(503,48,23,6,'$ 100.00 - General Membership: Offline signup','2012-12-04 14:36:08',NULL,NULL,NULL,NULL,NULL,2,NULL,NULL,0,NULL,0,NULL,1,NULL,NULL,0,NULL,NULL,NULL),(504,16,24,6,'$ 1200.00 - Lifetime Membership: Offline signup','2012-12-04 14:36:08',NULL,NULL,NULL,NULL,NULL,2,NULL,NULL,0,NULL,0,NULL,1,NULL,NULL,0,NULL,NULL,NULL),(505,176,25,6,'$ 50.00 - Student Membership: Offline signup','2012-12-04 14:36:08',NULL,NULL,NULL,NULL,NULL,2,NULL,NULL,0,NULL,0,NULL,1,NULL,NULL,0,NULL,NULL,NULL),(506,22,26,6,'$ 100.00 - General Membership: Offline signup','2012-12-04 14:36:08',NULL,NULL,NULL,NULL,NULL,2,NULL,NULL,0,NULL,0,NULL,1,NULL,NULL,0,NULL,NULL,NULL),(507,42,27,6,'$ 50.00 - Student Membership: Offline signup','2012-12-04 14:36:08',NULL,NULL,NULL,NULL,NULL,2,NULL,NULL,0,NULL,0,NULL,1,NULL,NULL,0,NULL,NULL,NULL),(508,120,28,6,'$ 100.00 - General Membership: Offline signup','2012-12-04 14:36:08',NULL,NULL,NULL,NULL,NULL,2,NULL,NULL,0,NULL,0,NULL,1,NULL,NULL,0,NULL,NULL,NULL),(509,51,29,6,'$ 50.00 - Student Membership: Offline signup','2012-12-04 14:36:08',NULL,NULL,NULL,NULL,NULL,2,NULL,NULL,0,NULL,0,NULL,1,NULL,NULL,0,NULL,NULL,NULL),(510,28,30,6,'$ 100.00 - General Membership: Offline signup','2012-12-04 14:36:08',NULL,NULL,NULL,NULL,NULL,2,NULL,NULL,0,NULL,0,NULL,1,NULL,NULL,0,NULL,NULL,NULL),(511,101,31,6,'$ 50.00 - Student Membership: Offline signup','2012-12-04 14:36:08',NULL,NULL,NULL,NULL,NULL,2,NULL,NULL,0,NULL,0,NULL,1,NULL,NULL,0,NULL,NULL,NULL),(512,43,32,6,'$ 100.00 - General Membership: Offline signup','2012-12-04 14:36:08',NULL,NULL,NULL,NULL,NULL,2,NULL,NULL,0,NULL,0,NULL,1,NULL,NULL,0,NULL,NULL,NULL),(513,183,33,6,'$ 50.00 - Student Membership: Offline signup','2012-12-04 14:36:08',NULL,NULL,NULL,NULL,NULL,2,NULL,NULL,0,NULL,0,NULL,1,NULL,NULL,0,NULL,NULL,NULL),(514,37,34,6,'$ 100.00 - General Membership: Offline signup','2012-12-04 14:36:08',NULL,NULL,NULL,NULL,NULL,2,NULL,NULL,0,NULL,0,NULL,1,NULL,NULL,0,NULL,NULL,NULL),(515,46,35,6,'$ 1200.00 - Lifetime Membership: Offline signup','2012-12-04 14:36:08',NULL,NULL,NULL,NULL,NULL,2,NULL,NULL,0,NULL,0,NULL,1,NULL,NULL,0,NULL,NULL,NULL),(516,97,36,6,'$ 100.00 - General Membership: Offline signup','2012-12-04 14:36:08',NULL,NULL,NULL,NULL,NULL,2,NULL,NULL,0,NULL,0,NULL,1,NULL,NULL,0,NULL,NULL,NULL),(517,102,37,6,'$ 50.00 - Student Membership: Offline signup','2012-12-04 14:36:08',NULL,NULL,NULL,NULL,NULL,2,NULL,NULL,0,NULL,0,NULL,1,NULL,NULL,0,NULL,NULL,NULL),(518,174,38,6,'$ 100.00 - General Membership: Offline signup','2012-12-04 14:36:08',NULL,NULL,NULL,NULL,NULL,2,NULL,NULL,0,NULL,0,NULL,1,NULL,NULL,0,NULL,NULL,NULL),(519,141,39,6,'$ 50.00 - Student Membership: Offline signup','2012-12-04 14:36:08',NULL,NULL,NULL,NULL,NULL,2,NULL,NULL,0,NULL,0,NULL,1,NULL,NULL,0,NULL,NULL,NULL),(520,108,40,6,'$ 100.00 - General Membership: Offline signup','2012-12-04 14:36:08',NULL,NULL,NULL,NULL,NULL,2,NULL,NULL,0,NULL,0,NULL,1,NULL,NULL,0,NULL,NULL,NULL),(521,131,41,6,'$ 50.00 - Student Membership: Offline signup','2012-12-04 14:36:08',NULL,NULL,NULL,NULL,NULL,2,NULL,NULL,0,NULL,0,NULL,1,NULL,NULL,0,NULL,NULL,NULL),(522,153,42,6,'$ 100.00 - General Membership: Offline signup','2012-12-04 14:36:08',NULL,NULL,NULL,NULL,NULL,2,NULL,NULL,0,NULL,0,NULL,1,NULL,NULL,0,NULL,NULL,NULL),(523,169,43,6,'$ 100.00 - General Membership: Offline signup','2012-12-04 14:36:08',NULL,NULL,NULL,NULL,NULL,2,NULL,NULL,0,NULL,0,NULL,1,NULL,NULL,0,NULL,NULL,NULL),(525,9,1,5,'NULL','2009-01-21 00:00:00',NULL,NULL,NULL,NULL,NULL,2,NULL,NULL,0,NULL,0,NULL,1,NULL,NULL,0,NULL,NULL,NULL),(526,170,2,5,'NULL','2008-05-07 00:00:00',NULL,NULL,NULL,NULL,NULL,2,NULL,NULL,0,NULL,0,NULL,1,NULL,NULL,0,NULL,NULL,NULL),(527,85,3,5,'NULL','2008-05-05 00:00:00',NULL,NULL,NULL,NULL,NULL,2,NULL,NULL,0,NULL,0,NULL,1,NULL,NULL,0,NULL,NULL,NULL),(528,113,4,5,'NULL','2008-10-21 00:00:00',NULL,NULL,NULL,NULL,NULL,2,NULL,NULL,0,NULL,0,NULL,1,NULL,NULL,0,NULL,NULL,NULL),(529,178,5,5,'NULL','2008-01-10 00:00:00',NULL,NULL,NULL,NULL,NULL,2,NULL,NULL,0,NULL,0,NULL,1,NULL,NULL,0,NULL,NULL,NULL),(530,55,6,5,'NULL','2008-03-05 00:00:00',NULL,NULL,NULL,NULL,NULL,2,NULL,NULL,0,NULL,0,NULL,1,NULL,NULL,0,NULL,NULL,NULL),(531,189,7,5,'NULL','2009-07-21 00:00:00',NULL,NULL,NULL,NULL,NULL,2,NULL,NULL,0,NULL,0,NULL,1,NULL,NULL,0,NULL,NULL,NULL),(532,68,8,5,'NULL','2009-03-07 00:00:00',NULL,NULL,NULL,NULL,NULL,2,NULL,NULL,0,NULL,0,NULL,1,NULL,NULL,0,NULL,NULL,NULL),(533,72,9,5,'NULL','2008-02-05 00:00:00',NULL,NULL,NULL,NULL,NULL,2,NULL,NULL,0,NULL,0,NULL,1,NULL,NULL,0,NULL,NULL,NULL),(534,195,10,5,'NULL','2008-02-01 00:00:00',NULL,NULL,NULL,NULL,NULL,2,NULL,NULL,0,NULL,0,NULL,1,NULL,NULL,0,NULL,NULL,NULL),(535,166,11,5,'NULL','2009-01-10 00:00:00',NULL,NULL,NULL,NULL,NULL,2,NULL,NULL,0,NULL,0,NULL,1,NULL,NULL,0,NULL,NULL,NULL),(536,18,12,5,'NULL','2009-03-06 00:00:00',NULL,NULL,NULL,NULL,NULL,2,NULL,NULL,0,NULL,0,NULL,1,NULL,NULL,0,NULL,NULL,NULL),(537,187,13,5,'NULL','2008-06-04 00:00:00',NULL,NULL,NULL,NULL,NULL,2,NULL,NULL,0,NULL,0,NULL,1,NULL,NULL,0,NULL,NULL,NULL),(538,156,14,5,'NULL','2008-01-10 00:00:00',NULL,NULL,NULL,NULL,NULL,2,NULL,NULL,0,NULL,0,NULL,1,NULL,NULL,0,NULL,NULL,NULL),(539,20,15,5,'NULL','2008-07-04 00:00:00',NULL,NULL,NULL,NULL,NULL,2,NULL,NULL,0,NULL,0,NULL,1,NULL,NULL,0,NULL,NULL,NULL),(540,33,16,5,'NULL','2009-01-21 00:00:00',NULL,NULL,NULL,NULL,NULL,2,NULL,NULL,0,NULL,0,NULL,1,NULL,NULL,0,NULL,NULL,NULL),(541,183,17,5,'NULL','2008-01-10 00:00:00',NULL,NULL,NULL,NULL,NULL,2,NULL,NULL,0,NULL,0,NULL,1,NULL,NULL,0,NULL,NULL,NULL),(542,141,18,5,'NULL','2009-03-05 00:00:00',NULL,NULL,NULL,NULL,NULL,2,NULL,NULL,0,NULL,0,NULL,1,NULL,NULL,0,NULL,NULL,NULL),(543,83,19,5,'NULL','2008-10-21 00:00:00',NULL,NULL,NULL,NULL,NULL,2,NULL,NULL,0,NULL,0,NULL,1,NULL,NULL,0,NULL,NULL,NULL),(544,75,20,5,'NULL','2009-01-10 00:00:00',NULL,NULL,NULL,NULL,NULL,2,NULL,NULL,0,NULL,0,NULL,1,NULL,NULL,0,NULL,NULL,NULL),(545,70,21,5,'NULL','2008-03-25 00:00:00',NULL,NULL,NULL,NULL,NULL,2,NULL,NULL,0,NULL,0,NULL,1,NULL,NULL,0,NULL,NULL,NULL),(546,149,22,5,'NULL','2009-10-21 00:00:00',NULL,NULL,NULL,NULL,NULL,2,NULL,NULL,0,NULL,0,NULL,1,NULL,NULL,0,NULL,NULL,NULL),(547,158,23,5,'NULL','2008-01-10 00:00:00',NULL,NULL,NULL,NULL,NULL,2,NULL,NULL,0,NULL,0,NULL,1,NULL,NULL,0,NULL,NULL,NULL),(548,110,24,5,'NULL','2008-03-11 00:00:00',NULL,NULL,NULL,NULL,NULL,2,NULL,NULL,0,NULL,0,NULL,1,NULL,NULL,0,NULL,NULL,NULL),(549,118,25,5,'NULL','2008-04-05 00:00:00',NULL,NULL,NULL,NULL,NULL,2,NULL,NULL,0,NULL,0,NULL,1,NULL,NULL,0,NULL,NULL,NULL),(550,97,26,5,'NULL','2009-01-21 00:00:00',NULL,NULL,NULL,NULL,NULL,2,NULL,NULL,0,NULL,0,NULL,1,NULL,NULL,0,NULL,NULL,NULL),(551,17,27,5,'NULL','2008-05-07 00:00:00',NULL,NULL,NULL,NULL,NULL,2,NULL,NULL,0,NULL,0,NULL,1,NULL,NULL,0,NULL,NULL,NULL),(552,135,28,5,'NULL','2009-12-12 00:00:00',NULL,NULL,NULL,NULL,NULL,2,NULL,NULL,0,NULL,0,NULL,1,NULL,NULL,0,NULL,NULL,NULL),(553,49,29,5,'NULL','2009-12-13 00:00:00',NULL,NULL,NULL,NULL,NULL,2,NULL,NULL,0,NULL,0,NULL,1,NULL,NULL,0,NULL,NULL,NULL),(554,185,30,5,'NULL','2009-12-14 00:00:00',NULL,NULL,NULL,NULL,NULL,2,NULL,NULL,0,NULL,0,NULL,1,NULL,NULL,0,NULL,NULL,NULL),(555,92,31,5,'NULL','2009-12-15 00:00:00',NULL,NULL,NULL,NULL,NULL,2,NULL,NULL,0,NULL,0,NULL,1,NULL,NULL,0,NULL,NULL,NULL),(556,78,32,5,'NULL','2009-07-21 00:00:00',NULL,NULL,NULL,NULL,NULL,2,NULL,NULL,0,NULL,0,NULL,1,NULL,NULL,0,NULL,NULL,NULL),(557,26,33,5,'NULL','2009-03-07 00:00:00',NULL,NULL,NULL,NULL,NULL,2,NULL,NULL,0,NULL,0,NULL,1,NULL,NULL,0,NULL,NULL,NULL),(558,95,34,5,'NULL','2009-12-15 00:00:00',NULL,NULL,NULL,NULL,NULL,2,NULL,NULL,0,NULL,0,NULL,1,NULL,NULL,0,NULL,NULL,NULL),(559,66,35,5,'NULL','2009-12-13 00:00:00',NULL,NULL,NULL,NULL,NULL,2,NULL,NULL,0,NULL,0,NULL,1,NULL,NULL,0,NULL,NULL,NULL),(560,27,36,5,'NULL','2009-01-10 00:00:00',NULL,NULL,NULL,NULL,NULL,2,NULL,NULL,0,NULL,0,NULL,1,NULL,NULL,0,NULL,NULL,NULL),(561,2,37,5,'NULL','2009-03-06 00:00:00',NULL,NULL,NULL,NULL,NULL,2,NULL,NULL,0,NULL,0,NULL,1,NULL,NULL,0,NULL,NULL,NULL),(562,54,38,5,'NULL','2009-12-13 00:00:00',NULL,NULL,NULL,NULL,NULL,2,NULL,NULL,0,NULL,0,NULL,1,NULL,NULL,0,NULL,NULL,NULL),(563,116,39,5,'NULL','2008-01-10 00:00:00',NULL,NULL,NULL,NULL,NULL,2,NULL,NULL,0,NULL,0,NULL,1,NULL,NULL,0,NULL,NULL,NULL),(564,134,40,5,'NULL','2009-12-14 00:00:00',NULL,NULL,NULL,NULL,NULL,2,NULL,NULL,0,NULL,0,NULL,1,NULL,NULL,0,NULL,NULL,NULL),(565,74,41,5,'NULL','2009-01-21 00:00:00',NULL,NULL,NULL,NULL,NULL,2,NULL,NULL,0,NULL,0,NULL,1,NULL,NULL,0,NULL,NULL,NULL),(566,21,42,5,'NULL','2009-12-15 00:00:00',NULL,NULL,NULL,NULL,NULL,2,NULL,NULL,0,NULL,0,NULL,1,NULL,NULL,0,NULL,NULL,NULL),(567,177,43,5,'NULL','2009-03-05 00:00:00',NULL,NULL,NULL,NULL,NULL,2,NULL,NULL,0,NULL,0,NULL,1,NULL,NULL,0,NULL,NULL,NULL),(568,8,44,5,'NULL','2009-12-13 00:00:00',NULL,NULL,NULL,NULL,NULL,2,NULL,NULL,0,NULL,0,NULL,1,NULL,NULL,0,NULL,NULL,NULL),(569,71,45,5,'NULL','2009-01-10 00:00:00',NULL,NULL,NULL,NULL,NULL,2,NULL,NULL,0,NULL,0,NULL,1,NULL,NULL,0,NULL,NULL,NULL),(570,45,46,5,'NULL','2009-12-13 00:00:00',NULL,NULL,NULL,NULL,NULL,2,NULL,NULL,0,NULL,0,NULL,1,NULL,NULL,0,NULL,NULL,NULL),(571,154,47,5,'NULL','2009-10-21 00:00:00',NULL,NULL,NULL,NULL,NULL,2,NULL,NULL,0,NULL,0,NULL,1,NULL,NULL,0,NULL,NULL,NULL),(572,168,48,5,'NULL','2009-12-10 00:00:00',NULL,NULL,NULL,NULL,NULL,2,NULL,NULL,0,NULL,0,NULL,1,NULL,NULL,0,NULL,NULL,NULL),(573,188,49,5,'NULL','2009-03-11 00:00:00',NULL,NULL,NULL,NULL,NULL,2,NULL,NULL,0,NULL,0,NULL,1,NULL,NULL,0,NULL,NULL,NULL),(574,198,50,5,'NULL','2009-04-05 00:00:00',NULL,NULL,NULL,NULL,NULL,2,NULL,NULL,0,NULL,0,NULL,1,NULL,NULL,0,NULL,NULL,NULL),(575,2,45,6,'$ 800.00 - Rain-forest Cup Youth Soccer Tournament : Offline registration','2012-12-04 14:36:21',NULL,NULL,NULL,NULL,NULL,2,NULL,NULL,0,NULL,0,NULL,1,NULL,NULL,0,NULL,NULL,NULL),(576,8,46,6,'$ 50.00 - Fall Fundraiser Dinner : Offline registration','2012-12-04 14:36:21',NULL,NULL,NULL,NULL,NULL,2,NULL,NULL,0,NULL,0,NULL,1,NULL,NULL,0,NULL,NULL,NULL),(577,9,47,6,'$ 50.00 - Fall Fundraiser Dinner : Offline registration','2012-12-04 14:36:21',NULL,NULL,NULL,NULL,NULL,2,NULL,NULL,0,NULL,0,NULL,1,NULL,NULL,0,NULL,NULL,NULL),(578,17,48,6,'$ 50.00 - Summer Solstice Festival Day Concert : Offline registration','2012-12-04 14:36:21',NULL,NULL,NULL,NULL,NULL,2,NULL,NULL,0,NULL,0,NULL,1,NULL,NULL,0,NULL,NULL,NULL),(579,18,49,6,'$ 800.00 - Rain-forest Cup Youth Soccer Tournament : Offline registration','2012-12-04 14:36:21',NULL,NULL,NULL,NULL,NULL,2,NULL,NULL,0,NULL,0,NULL,1,NULL,NULL,0,NULL,NULL,NULL),(580,20,50,6,'$ 800.00 - Rain-forest Cup Youth Soccer Tournament : Offline registration','2012-12-04 14:36:21',NULL,NULL,NULL,NULL,NULL,2,NULL,NULL,0,NULL,0,NULL,1,NULL,NULL,0,NULL,NULL,NULL),(581,21,51,6,'$ 50.00 - Summer Solstice Festival Day Concert : Offline registration','2012-12-04 14:36:21',NULL,NULL,NULL,NULL,NULL,2,NULL,NULL,0,NULL,0,NULL,1,NULL,NULL,0,NULL,NULL,NULL),(582,26,52,6,'$ 50.00 - Summer Solstice Festival Day Concert : Offline registration','2012-12-04 14:36:21',NULL,NULL,NULL,NULL,NULL,2,NULL,NULL,0,NULL,0,NULL,1,NULL,NULL,0,NULL,NULL,NULL),(583,27,53,6,'$ 50.00 - Summer Solstice Festival Day Concert : Offline registration','2012-12-04 14:36:21',NULL,NULL,NULL,NULL,NULL,2,NULL,NULL,0,NULL,0,NULL,1,NULL,NULL,0,NULL,NULL,NULL),(584,33,54,6,'$ 50.00 - Fall Fundraiser Dinner : Offline registration','2012-12-04 14:36:21',NULL,NULL,NULL,NULL,NULL,2,NULL,NULL,0,NULL,0,NULL,1,NULL,NULL,0,NULL,NULL,NULL),(585,45,55,6,'$ 800.00 - Rain-forest Cup Youth Soccer Tournament : Offline registration','2012-12-04 14:36:21',NULL,NULL,NULL,NULL,NULL,2,NULL,NULL,0,NULL,0,NULL,1,NULL,NULL,0,NULL,NULL,NULL),(586,49,56,6,'$ 50.00 - Fall Fundraiser Dinner : Offline registration','2012-12-04 14:36:21',NULL,NULL,NULL,NULL,NULL,2,NULL,NULL,0,NULL,0,NULL,1,NULL,NULL,0,NULL,NULL,NULL),(587,54,57,6,'$ 50.00 - Fall Fundraiser Dinner : Offline registration','2012-12-04 14:36:21',NULL,NULL,NULL,NULL,NULL,2,NULL,NULL,0,NULL,0,NULL,1,NULL,NULL,0,NULL,NULL,NULL),(588,55,58,6,'$ 800.00 - Rain-forest Cup Youth Soccer Tournament : Offline registration','2012-12-04 14:36:21',NULL,NULL,NULL,NULL,NULL,2,NULL,NULL,0,NULL,0,NULL,1,NULL,NULL,0,NULL,NULL,NULL),(589,66,59,6,'$ 50.00 - Fall Fundraiser Dinner : Offline registration','2012-12-04 14:36:21',NULL,NULL,NULL,NULL,NULL,2,NULL,NULL,0,NULL,0,NULL,1,NULL,NULL,0,NULL,NULL,NULL),(590,68,60,6,'$ 50.00 - Summer Solstice Festival Day Concert : Offline registration','2012-12-04 14:36:21',NULL,NULL,NULL,NULL,NULL,2,NULL,NULL,0,NULL,0,NULL,1,NULL,NULL,0,NULL,NULL,NULL),(591,70,61,6,'$ 800.00 - Rain-forest Cup Youth Soccer Tournament : Offline registration','2012-12-04 14:36:21',NULL,NULL,NULL,NULL,NULL,2,NULL,NULL,0,NULL,0,NULL,1,NULL,NULL,0,NULL,NULL,NULL),(592,71,62,6,'$ 50.00 - Summer Solstice Festival Day Concert : Offline registration','2012-12-04 14:36:21',NULL,NULL,NULL,NULL,NULL,2,NULL,NULL,0,NULL,0,NULL,1,NULL,NULL,0,NULL,NULL,NULL),(593,72,63,6,'$ 800.00 - Rain-forest Cup Youth Soccer Tournament : Offline registration','2012-12-04 14:36:21',NULL,NULL,NULL,NULL,NULL,2,NULL,NULL,0,NULL,0,NULL,1,NULL,NULL,0,NULL,NULL,NULL),(594,74,64,6,'$ 50.00 - Fall Fundraiser Dinner : Offline registration','2012-12-04 14:36:21',NULL,NULL,NULL,NULL,NULL,2,NULL,NULL,0,NULL,0,NULL,1,NULL,NULL,0,NULL,NULL,NULL),(595,75,65,6,'$ 50.00 - Summer Solstice Festival Day Concert : Offline registration','2012-12-04 14:36:21',NULL,NULL,NULL,NULL,NULL,2,NULL,NULL,0,NULL,0,NULL,1,NULL,NULL,0,NULL,NULL,NULL),(596,78,66,6,'$ 50.00 - Fall Fundraiser Dinner : Offline registration','2012-12-04 14:36:21',NULL,NULL,NULL,NULL,NULL,2,NULL,NULL,0,NULL,0,NULL,1,NULL,NULL,0,NULL,NULL,NULL),(597,83,67,6,'$ 50.00 - Fall Fundraiser Dinner : Offline registration','2012-12-04 14:36:21',NULL,NULL,NULL,NULL,NULL,2,NULL,NULL,0,NULL,0,NULL,1,NULL,NULL,0,NULL,NULL,NULL),(598,85,68,6,'$ 800.00 - Rain-forest Cup Youth Soccer Tournament : Offline registration','2012-12-04 14:36:21',NULL,NULL,NULL,NULL,NULL,2,NULL,NULL,0,NULL,0,NULL,1,NULL,NULL,0,NULL,NULL,NULL),(599,92,69,6,'$ 800.00 - Rain-forest Cup Youth Soccer Tournament : Offline registration','2012-12-04 14:36:21',NULL,NULL,NULL,NULL,NULL,2,NULL,NULL,0,NULL,0,NULL,1,NULL,NULL,0,NULL,NULL,NULL),(600,95,70,6,'$ 800.00 - Rain-forest Cup Youth Soccer Tournament : Offline registration','2012-12-04 14:36:21',NULL,NULL,NULL,NULL,NULL,2,NULL,NULL,0,NULL,0,NULL,1,NULL,NULL,0,NULL,NULL,NULL),(601,97,71,6,'$ 50.00 - Fall Fundraiser Dinner : Offline registration','2012-12-04 14:36:21',NULL,NULL,NULL,NULL,NULL,2,NULL,NULL,0,NULL,0,NULL,1,NULL,NULL,0,NULL,NULL,NULL),(602,110,72,6,'$ 800.00 - Rain-forest Cup Youth Soccer Tournament : Offline registration','2012-12-04 14:36:21',NULL,NULL,NULL,NULL,NULL,2,NULL,NULL,0,NULL,0,NULL,1,NULL,NULL,0,NULL,NULL,NULL),(603,113,73,6,'$ 50.00 - Fall Fundraiser Dinner : Offline registration','2012-12-04 14:36:21',NULL,NULL,NULL,NULL,NULL,2,NULL,NULL,0,NULL,0,NULL,1,NULL,NULL,0,NULL,NULL,NULL),(604,116,74,6,'$ 50.00 - Summer Solstice Festival Day Concert : Offline registration','2012-12-04 14:36:21',NULL,NULL,NULL,NULL,NULL,2,NULL,NULL,0,NULL,0,NULL,1,NULL,NULL,0,NULL,NULL,NULL),(605,118,75,6,'$ 800.00 - Rain-forest Cup Youth Soccer Tournament : Offline registration','2012-12-04 14:36:21',NULL,NULL,NULL,NULL,NULL,2,NULL,NULL,0,NULL,0,NULL,1,NULL,NULL,0,NULL,NULL,NULL),(606,134,76,6,'$ 800.00 - Rain-forest Cup Youth Soccer Tournament : Offline registration','2012-12-04 14:36:21',NULL,NULL,NULL,NULL,NULL,2,NULL,NULL,0,NULL,0,NULL,1,NULL,NULL,0,NULL,NULL,NULL),(607,135,77,6,'$ 800.00 - Rain-forest Cup Youth Soccer Tournament : Offline registration','2012-12-04 14:36:21',NULL,NULL,NULL,NULL,NULL,2,NULL,NULL,0,NULL,0,NULL,1,NULL,NULL,0,NULL,NULL,NULL),(608,141,78,6,'$ 800.00 - Rain-forest Cup Youth Soccer Tournament : Offline registration','2012-12-04 14:36:21',NULL,NULL,NULL,NULL,NULL,2,NULL,NULL,0,NULL,0,NULL,1,NULL,NULL,0,NULL,NULL,NULL),(609,149,79,6,'$ 50.00 - Fall Fundraiser Dinner : Offline registration','2012-12-04 14:36:21',NULL,NULL,NULL,NULL,NULL,2,NULL,NULL,0,NULL,0,NULL,1,NULL,NULL,0,NULL,NULL,NULL),(610,154,80,6,'$ 50.00 - Fall Fundraiser Dinner : Offline registration','2012-12-04 14:36:21',NULL,NULL,NULL,NULL,NULL,2,NULL,NULL,0,NULL,0,NULL,1,NULL,NULL,0,NULL,NULL,NULL),(611,156,81,6,'$ 50.00 - Summer Solstice Festival Day Concert : Offline registration','2012-12-04 14:36:21',NULL,NULL,NULL,NULL,NULL,2,NULL,NULL,0,NULL,0,NULL,1,NULL,NULL,0,NULL,NULL,NULL),(612,158,82,6,'$ 50.00 - Summer Solstice Festival Day Concert : Offline registration','2012-12-04 14:36:21',NULL,NULL,NULL,NULL,NULL,2,NULL,NULL,0,NULL,0,NULL,1,NULL,NULL,0,NULL,NULL,NULL),(613,166,83,6,'$ 50.00 - Summer Solstice Festival Day Concert : Offline registration','2012-12-04 14:36:21',NULL,NULL,NULL,NULL,NULL,2,NULL,NULL,0,NULL,0,NULL,1,NULL,NULL,0,NULL,NULL,NULL),(614,168,84,6,'$ 50.00 - Summer Solstice Festival Day Concert : Offline registration','2012-12-04 14:36:21',NULL,NULL,NULL,NULL,NULL,2,NULL,NULL,0,NULL,0,NULL,1,NULL,NULL,0,NULL,NULL,NULL),(615,170,85,6,'$ 50.00 - Summer Solstice Festival Day Concert : Offline registration','2012-12-04 14:36:21',NULL,NULL,NULL,NULL,NULL,2,NULL,NULL,0,NULL,0,NULL,1,NULL,NULL,0,NULL,NULL,NULL),(616,177,86,6,'$ 800.00 - Rain-forest Cup Youth Soccer Tournament : Offline registration','2012-12-04 14:36:21',NULL,NULL,NULL,NULL,NULL,2,NULL,NULL,0,NULL,0,NULL,1,NULL,NULL,0,NULL,NULL,NULL),(617,178,87,6,'$ 50.00 - Summer Solstice Festival Day Concert : Offline registration','2012-12-04 14:36:21',NULL,NULL,NULL,NULL,NULL,2,NULL,NULL,0,NULL,0,NULL,1,NULL,NULL,0,NULL,NULL,NULL),(618,183,88,6,'$ 50.00 - Summer Solstice Festival Day Concert : Offline registration','2012-12-04 14:36:21',NULL,NULL,NULL,NULL,NULL,2,NULL,NULL,0,NULL,0,NULL,1,NULL,NULL,0,NULL,NULL,NULL),(619,185,89,6,'$ 50.00 - Summer Solstice Festival Day Concert : Offline registration','2012-12-04 14:36:21',NULL,NULL,NULL,NULL,NULL,2,NULL,NULL,0,NULL,0,NULL,1,NULL,NULL,0,NULL,NULL,NULL),(620,187,90,6,'$ 50.00 - Fall Fundraiser Dinner : Offline registration','2012-12-04 14:36:21',NULL,NULL,NULL,NULL,NULL,2,NULL,NULL,0,NULL,0,NULL,1,NULL,NULL,0,NULL,NULL,NULL),(621,188,91,6,'$ 800.00 - Rain-forest Cup Youth Soccer Tournament : Offline registration','2012-12-04 14:36:21',NULL,NULL,NULL,NULL,NULL,2,NULL,NULL,0,NULL,0,NULL,1,NULL,NULL,0,NULL,NULL,NULL),(622,189,92,6,'$ 50.00 - Fall Fundraiser Dinner : Offline registration','2012-12-04 14:36:21',NULL,NULL,NULL,NULL,NULL,2,NULL,NULL,0,NULL,0,NULL,1,NULL,NULL,0,NULL,NULL,NULL),(623,195,93,6,'$ 50.00 - Fall Fundraiser Dinner : Offline registration','2012-12-04 14:36:21',NULL,NULL,NULL,NULL,NULL,2,NULL,NULL,0,NULL,0,NULL,1,NULL,NULL,0,NULL,NULL,NULL),(624,198,94,6,'$ 800.00 - Rain-forest Cup Youth Soccer Tournament : Offline registration','2012-12-04 14:36:21',NULL,NULL,NULL,NULL,NULL,2,NULL,NULL,0,NULL,0,NULL,1,NULL,NULL,0,NULL,NULL,NULL);
/*!40000 ALTER TABLE `civicrm_activity` ENABLE KEYS */;
UNLOCK TABLES;

--
-- Dumping data for table `civicrm_activity_assignment`
--

LOCK TABLES `civicrm_activity_assignment` WRITE;
/*!40000 ALTER TABLE `civicrm_activity_assignment` DISABLE KEYS */;
INSERT INTO `civicrm_activity_assignment` (`id`, `activity_id`, `assignee_contact_id`) VALUES (5,16,1),(32,151,1),(84,398,3),(16,91,4),(2,2,5),(87,412,8),(17,94,9),(28,137,9),(31,145,11),(33,152,11),(83,397,12),(43,219,14),(74,326,16),(90,419,16),(98,446,16),(49,246,17),(69,303,18),(91,421,18),(25,127,19),(46,233,21),(7,26,22),(63,288,24),(76,343,24),(62,279,25),(1,1,26),(48,237,26),(68,301,26),(45,228,27),(39,189,29),(71,318,29),(73,325,29),(50,247,32),(35,156,35),(21,105,36),(37,177,37),(51,252,38),(30,140,39),(40,191,40),(96,439,40),(75,341,41),(20,104,42),(47,235,42),(86,405,47),(60,276,48),(57,271,51),(54,266,52),(55,267,52),(58,272,52),(22,107,53),(6,19,55),(23,111,55),(36,163,56),(53,260,57),(9,39,59),(61,277,59),(88,413,60),(19,99,61),(27,132,63),(42,210,63),(26,131,64),(78,365,64),(14,77,65),(52,257,65),(85,400,65),(29,139,66),(72,323,66),(79,368,66),(95,438,66),(41,208,67),(97,444,67),(12,62,69),(3,3,71),(82,390,71),(65,290,73),(94,434,73),(80,376,76),(15,82,77),(44,221,78),(13,69,81),(56,269,81),(67,299,83),(34,155,84),(59,273,84),(77,349,84),(99,449,84),(70,315,87),(93,430,87),(66,295,88),(64,289,89),(18,97,90),(38,181,91),(10,46,93),(8,37,94),(4,13,97),(11,61,98),(89,417,98),(81,380,100),(24,115,101),(92,422,101);
/*!40000 ALTER TABLE `civicrm_activity_assignment` ENABLE KEYS */;
UNLOCK TABLES;

--
-- Dumping data for table `civicrm_activity_target`
--

LOCK TABLES `civicrm_activity_target` WRITE;
/*!40000 ALTER TABLE `civicrm_activity_target` DISABLE KEYS */;
INSERT INTO `civicrm_activity_target` (`id`, `activity_id`, `target_contact_id`) VALUES (49,193,2),(105,418,4),(45,176,5),(55,205,5),(65,263,5),(56,214,6),(46,187,7),(68,282,7),(11,55,9),(66,270,9),(15,70,10),(57,216,10),(30,126,11),(80,335,12),(100,399,17),(35,146,20),(75,313,21),(47,188,23),(69,286,24),(17,72,25),(40,162,25),(24,96,27),(51,195,27),(71,296,27),(88,360,28),(63,244,30),(98,395,30),(29,125,33),(83,345,33),(74,308,34),(58,220,37),(3,15,38),(61,238,38),(37,154,39),(48,190,39),(50,194,39),(36,148,40),(38,157,40),(8,42,41),(91,373,41),(18,73,43),(42,169,44),(13,65,45),(84,346,45),(95,386,45),(19,74,46),(81,337,46),(93,377,46),(10,48,47),(39,161,47),(108,429,47),(54,204,48),(12,60,49),(59,224,50),(31,128,51),(99,396,51),(102,409,51),(107,426,51),(21,84,52),(96,389,52),(64,256,55),(1,11,56),(2,14,57),(16,71,57),(53,201,57),(89,361,57),(103,411,60),(110,447,60),(106,420,61),(7,40,64),(32,133,64),(43,170,64),(85,352,65),(23,90,67),(109,431,68),(70,293,69),(97,394,71),(5,21,72),(26,110,72),(28,119,72),(86,354,72),(92,375,72),(104,416,74),(34,144,75),(72,305,75),(4,17,76),(44,175,76),(76,322,76),(52,197,77),(73,307,77),(87,357,79),(82,342,80),(20,76,81),(14,68,82),(79,331,84),(41,164,85),(67,280,86),(33,141,89),(101,407,89),(6,31,90),(27,118,91),(22,86,92),(25,103,92),(94,382,94),(9,44,96),(78,329,96),(77,327,99),(90,371,99),(62,240,100),(60,225,101);
/*!40000 ALTER TABLE `civicrm_activity_target` ENABLE KEYS */;
UNLOCK TABLES;

--
-- Dumping data for table `civicrm_address`
--

LOCK TABLES `civicrm_address` WRITE;
/*!40000 ALTER TABLE `civicrm_address` DISABLE KEYS */;
INSERT INTO `civicrm_address` (`id`, `contact_id`, `location_type_id`, `is_primary`, `is_billing`, `street_address`, `street_number`, `street_number_suffix`, `street_number_predirectional`, `street_name`, `street_type`, `street_number_postdirectional`, `street_unit`, `supplemental_address_1`, `supplemental_address_2`, `supplemental_address_3`, `city`, `county_id`, `state_province_id`, `postal_code_suffix`, `postal_code`, `usps_adc`, `country_id`, `geo_code_1`, `geo_code_2`, `timezone`, `name`, `master_id`) VALUES (1,41,1,1,0,'828S College Ave S',828,'S',NULL,'College','Ave','S',NULL,NULL,NULL,NULL,'Alpharetta',1,1009,NULL,'30004',NULL,1228,34.119177,-84.30292,NULL,NULL,NULL),(2,160,1,1,0,'326M States Rd NW',326,'M',NULL,'States','Rd','NW',NULL,NULL,NULL,NULL,'North Rose',1,1031,NULL,'14516',NULL,1228,43.197378,-76.91443,NULL,NULL,NULL),(3,62,1,1,0,'106N States Ave W',106,'N',NULL,'States','Ave','W',NULL,NULL,NULL,NULL,'Hyattsville',1,1019,NULL,'20788',NULL,1228,38.969434,-76.950913,NULL,NULL,NULL),(4,85,1,1,0,'907X Lincoln Pl SW',907,'X',NULL,'Lincoln','Pl','SW',NULL,NULL,NULL,NULL,'Potter',1,1037,NULL,'16815',NULL,1228,40.771122,-77.658267,NULL,NULL,NULL),(5,73,1,1,0,'557H Dowlen Rd W',557,'H',NULL,'Dowlen','Rd','W',NULL,NULL,NULL,NULL,'Eagar',1,1002,NULL,'85925',NULL,1228,34.109777,-109.34532,NULL,NULL,NULL),(6,159,1,1,0,'725H Second Pl NW',725,'H',NULL,'Second','Pl','NW',NULL,NULL,NULL,NULL,'Littleton',1,1005,NULL,'80165',NULL,1228,39.738752,-104.408349,NULL,NULL,NULL),(7,64,1,1,0,'470T Pine Way W',470,'T',NULL,'Pine','Way','W',NULL,NULL,NULL,NULL,'Hartly',1,1007,NULL,'19953',NULL,1228,39.150822,-75.70428,NULL,NULL,NULL),(8,89,1,1,0,'157S Lincoln Way W',157,'S',NULL,'Lincoln','Way','W',NULL,NULL,NULL,NULL,'Spokane',1,1046,NULL,'99223',NULL,1228,47.614744,-117.35892,NULL,NULL,NULL),(9,120,1,1,0,'813C Green Path E',813,'C',NULL,'Green','Path','E',NULL,NULL,NULL,NULL,'Skidmore',1,1042,NULL,'78389',NULL,1228,28.237359,-97.69331,NULL,NULL,NULL),(10,192,1,1,0,'550X Jackson Ln S',550,'X',NULL,'Jackson','Ln','S',NULL,NULL,NULL,NULL,'Boissevain',1,1045,NULL,'24606',NULL,1228,37.28526,-81.38993,NULL,NULL,NULL),(11,103,1,1,0,'851C Lincoln Blvd NE',851,'C',NULL,'Lincoln','Blvd','NE',NULL,NULL,NULL,NULL,'Boswell',1,1037,NULL,'15531',NULL,1228,40.173782,-79.0629,NULL,NULL,NULL),(12,91,1,1,0,'897P States Dr S',897,'P',NULL,'States','Dr','S',NULL,NULL,NULL,NULL,'North Vassalboro',1,1018,NULL,'04962',NULL,1228,44.464439,-69.61699,NULL,NULL,NULL),(13,148,1,1,0,'25P El Camino Ave SW',25,'P',NULL,'El Camino','Ave','SW',NULL,NULL,NULL,NULL,'Buckeye Lake',1,1034,NULL,'43008',NULL,1228,39.93398,-82.47932,NULL,NULL,NULL),(14,71,1,1,0,'689Q Maple Pl N',689,'Q',NULL,'Maple','Pl','N',NULL,NULL,NULL,NULL,'Bear River City',1,1043,NULL,'84301',NULL,1228,41.615276,-112.12561,NULL,NULL,NULL),(15,30,1,1,0,'880O Caulder St E',880,'O',NULL,'Caulder','St','E',NULL,NULL,NULL,NULL,'Athens',1,1009,NULL,'30605',NULL,1228,33.925085,-83.34529,NULL,NULL,NULL),(16,24,1,1,0,'689E Northpoint Rd SE',689,'E',NULL,'Northpoint','Rd','SE',NULL,NULL,NULL,NULL,'Woodland Hills',1,1004,NULL,'91364',NULL,1228,34.158214,-118.60061,NULL,NULL,NULL),(17,197,1,1,0,'158P El Camino Ln NE',158,'P',NULL,'El Camino','Ln','NE',NULL,NULL,NULL,NULL,'Conneaut',1,1034,NULL,'44030',NULL,1228,41.934916,-80.57923,NULL,NULL,NULL),(18,200,1,1,0,'923I Lincoln Dr E',923,'I',NULL,'Lincoln','Dr','E',NULL,NULL,NULL,NULL,'Paris',1,1011,NULL,'83261',NULL,1228,42.22771,-111.39651,NULL,NULL,NULL),(19,100,1,1,0,'709V Cadell Blvd E',709,'V',NULL,'Cadell','Blvd','E',NULL,NULL,NULL,NULL,'Telogia',1,1008,NULL,'32360',NULL,1228,30.184365,-84.88355,NULL,NULL,NULL),(20,6,1,1,0,'991H States Ln E',991,'H',NULL,'States','Ln','E',NULL,NULL,NULL,NULL,'Irving',1,1042,NULL,'75063',NULL,1228,32.916865,-96.97349,NULL,NULL,NULL),(21,57,1,1,0,'86X Jackson Way W',86,'X',NULL,'Jackson','Way','W',NULL,NULL,NULL,NULL,'Washington Mills',1,1031,NULL,'13479',NULL,1228,43.053769,-75.271559,NULL,NULL,NULL),(22,126,1,1,0,'721T Pine Path S',721,'T',NULL,'Pine','Path','S',NULL,NULL,NULL,NULL,'Hackberry',1,1017,NULL,'70645',NULL,1228,29.995358,-93.37575,NULL,NULL,NULL),(23,55,1,1,0,'566H Caulder Way SW',566,'H',NULL,'Caulder','Way','SW',NULL,NULL,NULL,NULL,'Great Falls',1,1025,NULL,'59406',NULL,1228,47.619998,-111.239305,NULL,NULL,NULL),(24,27,1,1,0,'800U College Pl SE',800,'U',NULL,'College','Pl','SE',NULL,NULL,NULL,NULL,'Frenchburg',1,1016,NULL,'40322',NULL,1228,37.937105,-83.63429,NULL,NULL,NULL),(25,101,1,1,0,'305F Dowlen St NE',305,'F',NULL,'Dowlen','St','NE',NULL,NULL,NULL,NULL,'Acworth',1,1009,NULL,'30102',NULL,1228,34.097998,-84.6183,NULL,NULL,NULL),(26,17,1,1,0,'402L Woodbridge St SW',402,'L',NULL,'Woodbridge','St','SW',NULL,NULL,NULL,NULL,'Mount Pleasant',1,1039,NULL,'29466',NULL,1228,32.87602,-79.79148,NULL,NULL,NULL),(27,31,1,1,0,'217C Main Rd NE',217,'C',NULL,'Main','Rd','NE',NULL,NULL,NULL,NULL,'Rancho Palos Verdes',1,1004,NULL,'90879',NULL,1228,33.769667,-118.313405,NULL,NULL,NULL),(28,167,1,1,0,'224Q College Blvd NE',224,'Q',NULL,'College','Blvd','NE',NULL,NULL,NULL,NULL,'Canjilon',1,1030,NULL,'87515',NULL,1228,36.476265,-106.40996,NULL,NULL,NULL),(29,153,1,1,0,'819G Northpoint Dr NW',819,'G',NULL,'Northpoint','Dr','NW',NULL,NULL,NULL,NULL,'Prairie City',1,1036,NULL,'97869',NULL,1228,44.441241,-118.69325,NULL,NULL,NULL),(30,36,1,1,0,'27A Martin Luther King Pl NE',27,'A',NULL,'Martin Luther King','Pl','NE',NULL,NULL,NULL,NULL,'Washington',1,1050,NULL,'20441',NULL,1228,38.923861,-77.036349,NULL,NULL,NULL),(31,141,1,1,0,'543Q Dowlen Dr S',543,'Q',NULL,'Dowlen','Dr','S',NULL,NULL,NULL,NULL,'Jacksonville',1,1031,NULL,'14854',NULL,1228,42.50632,-76.608222,NULL,NULL,NULL),(32,149,1,1,0,'818Y Woodbridge Way NE',818,'Y',NULL,'Woodbridge','Way','NE',NULL,NULL,NULL,NULL,'Danbury',1,1028,NULL,'03230',NULL,1228,43.506405,-71.87281,NULL,NULL,NULL),(33,48,1,1,0,'191H Woodbridge Pl NE',191,'H',NULL,'Woodbridge','Pl','NE',NULL,NULL,NULL,NULL,'Orbisonia',1,1037,NULL,'17243',NULL,1228,40.242121,-77.87139,NULL,NULL,NULL),(34,147,1,1,0,'1M Main Ave N',1,'M',NULL,'Main','Ave','N',NULL,NULL,NULL,NULL,'West Granby',1,1006,NULL,'06090',NULL,1228,41.953596,-72.85242,NULL,NULL,NULL),(35,145,1,1,0,'290P Main Ln SW',290,'P',NULL,'Main','Ln','SW',NULL,NULL,NULL,NULL,'Holly Hill',1,1039,NULL,'29059',NULL,1228,33.332666,-80.42251,NULL,NULL,NULL),(36,49,1,1,0,'46M Woodbridge Blvd E',46,'M',NULL,'Woodbridge','Blvd','E',NULL,NULL,NULL,NULL,'Leroy',1,1013,NULL,'46355',NULL,1228,41.359415,-87.27081,NULL,NULL,NULL),(37,188,1,1,0,'724A Main Rd SE',724,'A',NULL,'Main','Rd','SE',NULL,NULL,NULL,NULL,'Merrimack',1,1028,NULL,'03054',NULL,1228,42.858053,-71.51216,NULL,NULL,NULL),(38,107,1,1,0,'307H Caulder Ln SE',307,'H',NULL,'Caulder','Ln','SE',NULL,NULL,NULL,NULL,'Star City',1,1013,NULL,'46985',NULL,1228,40.950873,-86.57394,NULL,NULL,NULL),(39,21,1,1,0,'841S States Dr E',841,'S',NULL,'States','Dr','E',NULL,NULL,NULL,NULL,'Belspring',1,1045,NULL,'24058',NULL,1228,37.189876,-80.59761,NULL,NULL,NULL),(40,132,1,1,0,'940P Bay Dr SW',940,'P',NULL,'Bay','Dr','SW',NULL,NULL,NULL,NULL,'Pittsburgh',1,1037,NULL,'15222',NULL,1228,40.447036,-79.99313,NULL,NULL,NULL),(41,23,1,1,0,'611V Second St SE',611,'V',NULL,'Second','St','SE',NULL,NULL,NULL,NULL,'Monticello',1,1024,NULL,'63457',NULL,1228,40.143679,-91.7066,NULL,NULL,NULL),(42,130,1,1,0,'303W Pine Blvd S',303,'W',NULL,'Pine','Blvd','S',NULL,NULL,NULL,NULL,'Philomont',1,1045,NULL,'20131',NULL,1228,39.057952,-77.743423,NULL,NULL,NULL),(43,129,1,1,0,'723N Beech Dr S',723,'N',NULL,'Beech','Dr','S',NULL,NULL,NULL,NULL,'Marble Hill',1,1009,NULL,'30148',NULL,1228,34.452988,-84.25925,NULL,NULL,NULL),(44,37,1,1,0,'48H States St NW',48,'H',NULL,'States','St','NW',NULL,NULL,NULL,NULL,'Romulus',1,1031,NULL,'14541',NULL,1228,42.75147,-76.85353,NULL,NULL,NULL),(45,106,1,1,0,'514B El Camino Way SW',514,'B',NULL,'El Camino','Way','SW',NULL,NULL,NULL,NULL,'Longwood',1,1008,NULL,'32779',NULL,1228,28.704874,-81.41711,NULL,NULL,NULL),(46,61,1,1,0,'158G Dowlen Dr W',158,'G',NULL,'Dowlen','Dr','W',NULL,NULL,NULL,NULL,'Blackwell',1,1035,NULL,'74631',NULL,1228,36.800787,-97.29289,NULL,NULL,NULL),(47,19,1,1,0,'668G Cadell Way S',668,'G',NULL,'Cadell','Way','S',NULL,NULL,NULL,NULL,'Onaway',1,1021,NULL,'49765',NULL,1228,45.354463,-84.23956,NULL,NULL,NULL),(48,189,1,1,0,'973X Bay Ave SW',973,'X',NULL,'Bay','Ave','SW',NULL,NULL,NULL,NULL,'Mexico',1,1013,NULL,'46958',NULL,1228,40.820851,-86.11735,NULL,NULL,NULL),(49,125,1,1,0,'204I Northpoint Ln S',204,'I',NULL,'Northpoint','Ln','S',NULL,NULL,NULL,NULL,'Kremlin',1,1035,NULL,'73753',NULL,1228,36.56225,-97.83368,NULL,NULL,NULL),(50,179,1,1,0,'975H Van Ness Dr S',975,'H',NULL,'Van Ness','Dr','S',NULL,NULL,NULL,NULL,'Galion',1,1034,NULL,'44833',NULL,1228,40.720869,-82.797,NULL,NULL,NULL),(51,53,1,1,0,'164Q Second Ln SW',164,'Q',NULL,'Second','Ln','SW',NULL,NULL,NULL,NULL,'Edgerton',1,1034,NULL,'43517',NULL,1228,41.441679,-84.73356,NULL,NULL,NULL),(52,182,1,1,0,'455K Van Ness Dr SW',455,'K',NULL,'Van Ness','Dr','SW',NULL,NULL,NULL,NULL,'Fresno',1,1004,NULL,'93710',NULL,1228,36.825582,-119.76358,NULL,NULL,NULL),(53,187,1,1,0,'526H Jackson Dr E',526,'H',NULL,'Jackson','Dr','E',NULL,NULL,NULL,NULL,'Niagara',1,1048,NULL,'54151',NULL,1228,45.732689,-87.96996,NULL,NULL,NULL),(54,194,1,1,0,'505B Bay Ln NE',505,'B',NULL,'Bay','Ln','NE',NULL,NULL,NULL,NULL,'Waynesboro',1,1023,NULL,'39367',NULL,1228,31.688901,-88.65623,NULL,NULL,NULL),(55,39,1,1,0,'639D Maple Way E',639,'D',NULL,'Maple','Way','E',NULL,NULL,NULL,NULL,'Stennis Space Center',1,1023,NULL,'39529',NULL,1228,30.403156,-89.49821,NULL,NULL,NULL),(56,80,1,1,0,'225H Dowlen Path NW',225,'H',NULL,'Dowlen','Path','NW',NULL,NULL,NULL,NULL,'Stanchfield',1,1022,NULL,'55080',NULL,1228,45.651767,-93.21439,NULL,NULL,NULL),(57,12,1,1,0,'729M Beech Pl S',729,'M',NULL,'Beech','Pl','S',NULL,NULL,NULL,NULL,'Currituck',1,1032,NULL,'27929',NULL,1228,36.433902,-75.97921,NULL,NULL,NULL),(58,168,1,1,0,'374S Van Ness St E',374,'S',NULL,'Van Ness','St','E',NULL,NULL,NULL,NULL,'Granite',1,1035,NULL,'73547',NULL,1228,34.976173,-99.3952,NULL,NULL,NULL),(59,32,1,1,0,'151L El Camino Blvd E',151,'L',NULL,'El Camino','Blvd','E',NULL,NULL,NULL,NULL,'Ravia',1,1035,NULL,'73455',NULL,1228,34.240761,-96.75726,NULL,NULL,NULL),(60,44,1,1,0,'437P Caulder Way NW',437,'P',NULL,'Caulder','Way','NW',NULL,NULL,NULL,NULL,'Mitchell',1,1013,NULL,'47446',NULL,1228,38.733355,-86.49319,NULL,NULL,NULL),(61,150,1,1,0,'832L States Rd NE',832,'L',NULL,'States','Rd','NE',NULL,NULL,NULL,NULL,'Shawnee Mission',1,1015,NULL,'66206',NULL,1228,38.959256,-94.62223,NULL,NULL,NULL),(62,66,1,1,0,'295N College St E',295,'N',NULL,'College','St','E',NULL,NULL,NULL,NULL,'Zoe',1,1016,NULL,'41397',NULL,1228,37.643659,-83.67763,NULL,NULL,NULL),(63,117,1,1,0,'131A Van Ness Way W',131,'A',NULL,'Van Ness','Way','W',NULL,NULL,NULL,NULL,'Greensboro',1,1032,NULL,'27406',NULL,1228,36.022863,-79.77895,NULL,NULL,NULL),(64,123,1,1,0,'291Y Beech Dr E',291,'Y',NULL,'Beech','Dr','E',NULL,NULL,NULL,NULL,'Bristol',1,1028,NULL,'03222',NULL,1228,43.615799,-71.75006,NULL,NULL,NULL),(65,154,1,1,0,'20M Van Ness Rd N',20,'M',NULL,'Van Ness','Rd','N',NULL,NULL,NULL,NULL,'Kimball',1,1047,NULL,'24853',NULL,1228,37.427781,-81.48654,NULL,NULL,NULL),(66,52,1,1,0,'528O Beech Dr NE',528,'O',NULL,'Beech','Dr','NE',NULL,NULL,NULL,NULL,'Fruitvale',1,1011,NULL,'83620',NULL,1228,44.878097,-116.43395,NULL,NULL,NULL),(67,76,1,1,0,'687Q States Way W',687,'Q',NULL,'States','Way','W',NULL,NULL,NULL,NULL,'Orangeburg',1,1031,NULL,'10962',NULL,1228,41.047996,-73.96215,NULL,NULL,NULL),(68,178,1,1,0,'684J Main Rd SW',684,'J',NULL,'Main','Rd','SW',NULL,NULL,NULL,NULL,'Mount Vernon',1,1003,NULL,'72111',NULL,1228,35.227869,-92.13033,NULL,NULL,NULL),(69,113,3,1,0,'497Y Woodbridge Path SE',497,'Y',NULL,'Woodbridge','Path','SE',NULL,'Attn: Accounting',NULL,NULL,'Raleigh',1,1032,NULL,'27668',NULL,1228,35.797692,-78.625265,NULL,NULL,NULL),(70,107,2,0,0,'497Y Woodbridge Path SE',497,'Y',NULL,'Woodbridge','Path','SE',NULL,'Attn: Accounting',NULL,NULL,'Raleigh',1,1032,NULL,'27668',NULL,1228,35.797692,-78.625265,NULL,NULL,69),(71,56,3,1,0,'987N Cadell Way NE',987,'N',NULL,'Cadell','Way','NE',NULL,'c/o OPDC',NULL,NULL,'Temecula',1,1004,NULL,'92592',NULL,1228,33.495343,-117.07657,NULL,NULL,NULL),(72,174,2,1,0,'987N Cadell Way NE',987,'N',NULL,'Cadell','Way','NE',NULL,'c/o OPDC',NULL,NULL,'Temecula',1,1004,NULL,'92592',NULL,1228,33.495343,-117.07657,NULL,NULL,71),(73,81,3,1,0,'327H College Way NE',327,'H',NULL,'College','Way','NE',NULL,'Mailstop 101',NULL,NULL,'West Helena',1,1003,NULL,'72390',NULL,1228,34.546274,-90.65869,NULL,NULL,NULL),(74,159,2,0,0,'327H College Way NE',327,'H',NULL,'College','Way','NE',NULL,'Mailstop 101',NULL,NULL,'West Helena',1,1003,NULL,'72390',NULL,1228,34.546274,-90.65869,NULL,NULL,73),(75,75,3,1,0,'496Z Maple Ave SE',496,'Z',NULL,'Maple','Ave','SE',NULL,'Attn: Accounting',NULL,NULL,'Hormigueros',1,1056,NULL,'00660',NULL,1228,18.139108,-67.12085,NULL,NULL,NULL),(76,109,3,1,0,'55O Jackson Path E',55,'O',NULL,'Jackson','Path','E',NULL,'Attn: Development',NULL,NULL,'Anderson',1,1004,NULL,'96007',NULL,1228,40.45453,-122.31101,NULL,NULL,NULL),(77,172,3,1,0,'554M Maple Dr NW',554,'M',NULL,'Maple','Dr','NW',NULL,'Disbursements',NULL,NULL,'Damascus',1,1034,NULL,'44619',NULL,1228,40.901738,-80.95723,NULL,NULL,NULL),(78,136,3,1,0,'966C Main Rd N',966,'C',NULL,'Main','Rd','N',NULL,'Attn: Accounting',NULL,NULL,'Millington',1,1041,NULL,'38054',NULL,1228,35.334132,-89.870636,NULL,NULL,NULL),(79,82,2,1,0,'966C Main Rd N',966,'C',NULL,'Main','Rd','N',NULL,'Attn: Accounting',NULL,NULL,'Millington',1,1041,NULL,'38054',NULL,1228,35.334132,-89.870636,NULL,NULL,78),(80,4,3,1,0,'86X Cadell Ln E',86,'X',NULL,'Cadell','Ln','E',NULL,'Disbursements',NULL,NULL,'Macon',1,1009,NULL,'31216',NULL,1228,32.730641,-83.6793,NULL,NULL,NULL),(81,155,2,1,0,'86X Cadell Ln E',86,'X',NULL,'Cadell','Ln','E',NULL,'Disbursements',NULL,NULL,'Macon',1,1009,NULL,'31216',NULL,1228,32.730641,-83.6793,NULL,NULL,80),(82,77,3,1,0,'760Y Caulder St NW',760,'Y',NULL,'Caulder','St','NW',NULL,'Cuffe Parade',NULL,NULL,'North Yarmouth',1,1018,NULL,'04097',NULL,1228,43.842797,-70.22985,NULL,NULL,NULL),(83,63,3,1,0,'953O El Camino Rd SE',953,'O',NULL,'El Camino','Rd','SE',NULL,'Disbursements',NULL,NULL,'Grand Haven',1,1021,NULL,'49417',NULL,1228,43.04117,-86.19013,NULL,NULL,NULL),(84,10,2,1,0,'953O El Camino Rd SE',953,'O',NULL,'El Camino','Rd','SE',NULL,'Disbursements',NULL,NULL,'Grand Haven',1,1021,NULL,'49417',NULL,1228,43.04117,-86.19013,NULL,NULL,83),(85,127,3,1,0,'773O Jackson Rd E',773,'O',NULL,'Jackson','Rd','E',NULL,'Disbursements',NULL,NULL,'Naples',1,1008,NULL,'34102',NULL,1228,26.142938,-81.79852,NULL,NULL,NULL),(86,145,2,0,0,'773O Jackson Rd E',773,'O',NULL,'Jackson','Rd','E',NULL,'Disbursements',NULL,NULL,'Naples',1,1008,NULL,'34102',NULL,1228,26.142938,-81.79852,NULL,NULL,85),(87,198,3,1,0,'488J Dowlen Ln N',488,'J',NULL,'Dowlen','Ln','N',NULL,'Subscriptions Dept',NULL,NULL,'Silver Lake',1,1048,NULL,'53170',NULL,1228,42.550263,-88.17065,NULL,NULL,NULL),(88,40,2,1,0,'488J Dowlen Ln N',488,'J',NULL,'Dowlen','Ln','N',NULL,'Subscriptions Dept',NULL,NULL,'Silver Lake',1,1048,NULL,'53170',NULL,1228,42.550263,-88.17065,NULL,NULL,87),(89,26,3,1,0,'366U Jackson St N',366,'U',NULL,'Jackson','St','N',NULL,'Disbursements',NULL,NULL,'Graford',1,1042,NULL,'76449',NULL,1228,32.908714,-98.35727,NULL,NULL,NULL),(90,14,2,1,0,'366U Jackson St N',366,'U',NULL,'Jackson','St','N',NULL,'Disbursements',NULL,NULL,'Graford',1,1042,NULL,'76449',NULL,1228,32.908714,-98.35727,NULL,NULL,89),(91,35,3,1,0,'541D Jackson Dr NE',541,'D',NULL,'Jackson','Dr','NE',NULL,'Receiving',NULL,NULL,'Racine',1,1048,NULL,'53490',NULL,1228,42.727153,-87.675979,NULL,NULL,NULL),(92,90,3,1,0,'438B Dowlen Rd NW',438,'B',NULL,'Dowlen','Rd','NW',NULL,'Cuffe Parade',NULL,NULL,'Ramah',1,1030,NULL,'87321',NULL,1228,34.999427,-108.41304,NULL,NULL,NULL),(93,142,3,1,0,'269M Maple Pl NE',269,'M',NULL,'Maple','Pl','NE',NULL,'Attn: Accounting',NULL,NULL,'Dillsburg',1,1037,NULL,'17019',NULL,1228,40.093968,-77.02628,NULL,NULL,NULL),(94,163,2,1,0,'269M Maple Pl NE',269,'M',NULL,'Maple','Pl','NE',NULL,'Attn: Accounting',NULL,NULL,'Dillsburg',1,1037,NULL,'17019',NULL,1228,40.093968,-77.02628,NULL,NULL,93),(95,18,3,1,0,'681E Green Dr NW',681,'E',NULL,'Green','Dr','NW',NULL,'Payables Dept.',NULL,NULL,'Harvard',1,1011,NULL,'83834',NULL,1228,46.973846,-116.71663,NULL,NULL,NULL),(96,149,2,0,0,'681E Green Dr NW',681,'E',NULL,'Green','Dr','NW',NULL,'Payables Dept.',NULL,NULL,'Harvard',1,1011,NULL,'83834',NULL,1228,46.973846,-116.71663,NULL,NULL,95),(97,50,3,1,0,'756U States Pl N',756,'U',NULL,'States','Pl','N',NULL,'c/o PO Plus',NULL,NULL,'Utica',1,1015,NULL,'67584',NULL,1228,38.669493,-100.19251,NULL,NULL,NULL),(98,27,2,0,0,'756U States Pl N',756,'U',NULL,'States','Pl','N',NULL,'c/o PO Plus',NULL,NULL,'Utica',1,1015,NULL,'67584',NULL,1228,38.669493,-100.19251,NULL,NULL,97),(99,59,3,1,0,'990X Lincoln St NW',990,'X',NULL,'Lincoln','St','NW',NULL,'c/o PO Plus',NULL,NULL,'Glen Rock',1,1037,NULL,'17327',NULL,1228,39.780323,-76.74785,NULL,NULL,NULL),(100,20,2,1,0,'990X Lincoln St NW',990,'X',NULL,'Lincoln','St','NW',NULL,'c/o PO Plus',NULL,NULL,'Glen Rock',1,1037,NULL,'17327',NULL,1228,39.780323,-76.74785,NULL,NULL,99),(101,165,3,1,0,'503D College St W',503,'D',NULL,'College','St','W',NULL,'Payables Dept.',NULL,NULL,'Chicopee',1,1020,NULL,'01020',NULL,1228,42.175992,-72.57265,NULL,NULL,NULL),(102,21,2,0,0,'503D College St W',503,'D',NULL,'College','St','W',NULL,'Payables Dept.',NULL,NULL,'Chicopee',1,1020,NULL,'01020',NULL,1228,42.175992,-72.57265,NULL,NULL,101),(103,78,1,1,0,'204I Northpoint Ln S',204,'I',NULL,'Northpoint','Ln','S',NULL,NULL,NULL,NULL,'Kremlin',1,1035,NULL,'73753',NULL,1228,36.56225,-97.83368,NULL,NULL,49),(104,54,1,1,0,'204I Northpoint Ln S',204,'I',NULL,'Northpoint','Ln','S',NULL,NULL,NULL,NULL,'Kremlin',1,1035,NULL,'73753',NULL,1228,36.56225,-97.83368,NULL,NULL,49),(105,193,1,1,0,'204I Northpoint Ln S',204,'I',NULL,'Northpoint','Ln','S',NULL,NULL,NULL,NULL,'Kremlin',1,1035,NULL,'73753',NULL,1228,36.56225,-97.83368,NULL,NULL,49),(106,189,1,0,0,'657M Woodbridge Ave W',657,'M',NULL,'Woodbridge','Ave','W',NULL,NULL,NULL,NULL,'Glenwood',1,1029,NULL,'07418',NULL,1228,41.232344,-74.48688,NULL,NULL,NULL),(107,124,1,1,0,'975H Van Ness Dr S',975,'H',NULL,'Van Ness','Dr','S',NULL,NULL,NULL,NULL,'Galion',1,1034,NULL,'44833',NULL,1228,40.720869,-82.797,NULL,NULL,50),(108,201,1,1,0,'975H Van Ness Dr S',975,'H',NULL,'Van Ness','Dr','S',NULL,NULL,NULL,NULL,'Galion',1,1034,NULL,'44833',NULL,1228,40.720869,-82.797,NULL,NULL,50),(109,38,1,1,0,'975H Van Ness Dr S',975,'H',NULL,'Van Ness','Dr','S',NULL,NULL,NULL,NULL,'Galion',1,1034,NULL,'44833',NULL,1228,40.720869,-82.797,NULL,NULL,50),(110,3,1,1,0,'975H Van Ness Dr S',975,'H',NULL,'Van Ness','Dr','S',NULL,NULL,NULL,NULL,'Galion',1,1034,NULL,'44833',NULL,1228,40.720869,-82.797,NULL,NULL,50),(111,122,1,1,0,'164Q Second Ln SW',164,'Q',NULL,'Second','Ln','SW',NULL,NULL,NULL,NULL,'Edgerton',1,1034,NULL,'43517',NULL,1228,41.441679,-84.73356,NULL,NULL,51),(112,43,1,1,0,'164Q Second Ln SW',164,'Q',NULL,'Second','Ln','SW',NULL,NULL,NULL,NULL,'Edgerton',1,1034,NULL,'43517',NULL,1228,41.441679,-84.73356,NULL,NULL,51),(113,58,1,1,0,'164Q Second Ln SW',164,'Q',NULL,'Second','Ln','SW',NULL,NULL,NULL,NULL,'Edgerton',1,1034,NULL,'43517',NULL,1228,41.441679,-84.73356,NULL,NULL,51),(114,152,1,1,0,'164Q Second Ln SW',164,'Q',NULL,'Second','Ln','SW',NULL,NULL,NULL,NULL,'Edgerton',1,1034,NULL,'43517',NULL,1228,41.441679,-84.73356,NULL,NULL,51),(115,82,1,0,0,'455K Van Ness Dr SW',455,'K',NULL,'Van Ness','Dr','SW',NULL,NULL,NULL,NULL,'Fresno',1,1004,NULL,'93710',NULL,1228,36.825582,-119.76358,NULL,NULL,52),(116,134,1,1,0,'455K Van Ness Dr SW',455,'K',NULL,'Van Ness','Dr','SW',NULL,NULL,NULL,NULL,'Fresno',1,1004,NULL,'93710',NULL,1228,36.825582,-119.76358,NULL,NULL,52),(117,34,1,1,0,'455K Van Ness Dr SW',455,'K',NULL,'Van Ness','Dr','SW',NULL,NULL,NULL,NULL,'Fresno',1,1004,NULL,'93710',NULL,1228,36.825582,-119.76358,NULL,NULL,52),(118,10,1,0,0,'306D Second Way E',306,'D',NULL,'Second','Way','E',NULL,NULL,NULL,NULL,'De Land',1,1012,NULL,'61839',NULL,1228,40.139336,-88.62966,NULL,NULL,NULL),(119,95,1,1,0,'526H Jackson Dr E',526,'H',NULL,'Jackson','Dr','E',NULL,NULL,NULL,NULL,'Niagara',1,1048,NULL,'54151',NULL,1228,45.732689,-87.96996,NULL,NULL,53),(120,69,1,1,0,'526H Jackson Dr E',526,'H',NULL,'Jackson','Dr','E',NULL,NULL,NULL,NULL,'Niagara',1,1048,NULL,'54151',NULL,1228,45.732689,-87.96996,NULL,NULL,53),(121,111,1,1,0,'526H Jackson Dr E',526,'H',NULL,'Jackson','Dr','E',NULL,NULL,NULL,NULL,'Niagara',1,1048,NULL,'54151',NULL,1228,45.732689,-87.96996,NULL,NULL,53),(122,2,1,1,0,'523R Northpoint Dr SE',523,'R',NULL,'Northpoint','Dr','SE',NULL,NULL,NULL,NULL,'Deatsville',1,1000,NULL,'36022',NULL,1228,32.612619,-86.39497,NULL,NULL,NULL),(123,20,1,0,0,'505B Bay Ln NE',505,'B',NULL,'Bay','Ln','NE',NULL,NULL,NULL,NULL,'Waynesboro',1,1023,NULL,'39367',NULL,1228,31.688901,-88.65623,NULL,NULL,54),(124,68,1,1,0,'505B Bay Ln NE',505,'B',NULL,'Bay','Ln','NE',NULL,NULL,NULL,NULL,'Waynesboro',1,1023,NULL,'39367',NULL,1228,31.688901,-88.65623,NULL,NULL,54),(125,88,1,1,0,'505B Bay Ln NE',505,'B',NULL,'Bay','Ln','NE',NULL,NULL,NULL,NULL,'Waynesboro',1,1023,NULL,'39367',NULL,1228,31.688901,-88.65623,NULL,NULL,54),(126,93,1,1,0,'572P Jackson Path NW',572,'P',NULL,'Jackson','Path','NW',NULL,NULL,NULL,NULL,'Columbus',1,1034,NULL,'43240',NULL,1228,40.146873,-82.98178,NULL,NULL,NULL),(127,170,1,1,0,'639D Maple Way E',639,'D',NULL,'Maple','Way','E',NULL,NULL,NULL,NULL,'Stennis Space Center',1,1023,NULL,'39529',NULL,1228,30.403156,-89.49821,NULL,NULL,55),(128,9,1,1,0,'639D Maple Way E',639,'D',NULL,'Maple','Way','E',NULL,NULL,NULL,NULL,'Stennis Space Center',1,1023,NULL,'39529',NULL,1228,30.403156,-89.49821,NULL,NULL,55),(129,46,1,1,0,'639D Maple Way E',639,'D',NULL,'Maple','Way','E',NULL,NULL,NULL,NULL,'Stennis Space Center',1,1023,NULL,'39529',NULL,1228,30.403156,-89.49821,NULL,NULL,55),(130,199,1,1,0,'933G El Camino Rd S',933,'G',NULL,'El Camino','Rd','S',NULL,NULL,NULL,NULL,'Golden',1,1005,NULL,'80419',NULL,1228,39.522014,-105.223945,NULL,NULL,NULL),(131,138,1,1,0,'225H Dowlen Path NW',225,'H',NULL,'Dowlen','Path','NW',NULL,NULL,NULL,NULL,'Stanchfield',1,1022,NULL,'55080',NULL,1228,45.651767,-93.21439,NULL,NULL,56),(132,67,1,1,0,'225H Dowlen Path NW',225,'H',NULL,'Dowlen','Path','NW',NULL,NULL,NULL,NULL,'Stanchfield',1,1022,NULL,'55080',NULL,1228,45.651767,-93.21439,NULL,NULL,56),(133,162,1,1,0,'225H Dowlen Path NW',225,'H',NULL,'Dowlen','Path','NW',NULL,NULL,NULL,NULL,'Stanchfield',1,1022,NULL,'55080',NULL,1228,45.651767,-93.21439,NULL,NULL,56),(134,184,1,1,0,'730L Van Ness Pl SE',730,'L',NULL,'Van Ness','Pl','SE',NULL,NULL,NULL,NULL,'Ball',1,1017,NULL,'71405',NULL,1228,31.415125,-92.394536,NULL,NULL,NULL),(135,87,1,1,0,'729M Beech Pl S',729,'M',NULL,'Beech','Pl','S',NULL,NULL,NULL,NULL,'Currituck',1,1032,NULL,'27929',NULL,1228,36.433902,-75.97921,NULL,NULL,57),(136,156,1,1,0,'729M Beech Pl S',729,'M',NULL,'Beech','Pl','S',NULL,NULL,NULL,NULL,'Currituck',1,1032,NULL,'27929',NULL,1228,36.433902,-75.97921,NULL,NULL,57),(137,72,1,1,0,'729M Beech Pl S',729,'M',NULL,'Beech','Pl','S',NULL,NULL,NULL,NULL,'Currituck',1,1032,NULL,'27929',NULL,1228,36.433902,-75.97921,NULL,NULL,57),(138,144,1,1,0,'729M Beech Pl S',729,'M',NULL,'Beech','Pl','S',NULL,NULL,NULL,NULL,'Currituck',1,1032,NULL,'27929',NULL,1228,36.433902,-75.97921,NULL,NULL,57),(139,155,1,0,0,'374S Van Ness St E',374,'S',NULL,'Van Ness','St','E',NULL,NULL,NULL,NULL,'Granite',1,1035,NULL,'73547',NULL,1228,34.976173,-99.3952,NULL,NULL,58),(140,140,1,1,0,'374S Van Ness St E',374,'S',NULL,'Van Ness','St','E',NULL,NULL,NULL,NULL,'Granite',1,1035,NULL,'73547',NULL,1228,34.976173,-99.3952,NULL,NULL,58),(141,60,1,1,0,'374S Van Ness St E',374,'S',NULL,'Van Ness','St','E',NULL,NULL,NULL,NULL,'Granite',1,1035,NULL,'73547',NULL,1228,34.976173,-99.3952,NULL,NULL,58),(142,92,1,1,0,'302M Van Ness Pl NW',302,'M',NULL,'Van Ness','Pl','NW',NULL,NULL,NULL,NULL,'Etta',1,1023,NULL,'38627',NULL,1228,34.425389,-89.20431,NULL,NULL,NULL),(143,74,1,1,0,'151L El Camino Blvd E',151,'L',NULL,'El Camino','Blvd','E',NULL,NULL,NULL,NULL,'Ravia',1,1035,NULL,'73455',NULL,1228,34.240761,-96.75726,NULL,NULL,59),(144,190,1,1,0,'151L El Camino Blvd E',151,'L',NULL,'El Camino','Blvd','E',NULL,NULL,NULL,NULL,'Ravia',1,1035,NULL,'73455',NULL,1228,34.240761,-96.75726,NULL,NULL,59),(145,94,1,1,0,'151L El Camino Blvd E',151,'L',NULL,'El Camino','Blvd','E',NULL,NULL,NULL,NULL,'Ravia',1,1035,NULL,'73455',NULL,1228,34.240761,-96.75726,NULL,NULL,59),(146,33,1,1,0,'48K Pine Ln SE',48,'K',NULL,'Pine','Ln','SE',NULL,NULL,NULL,NULL,'Genoa',1,1027,NULL,'89411',NULL,1228,39.012361,-119.83288,NULL,NULL,NULL),(147,7,1,1,0,'437P Caulder Way NW',437,'P',NULL,'Caulder','Way','NW',NULL,NULL,NULL,NULL,'Mitchell',1,1013,NULL,'47446',NULL,1228,38.733355,-86.49319,NULL,NULL,60),(148,139,1,1,0,'437P Caulder Way NW',437,'P',NULL,'Caulder','Way','NW',NULL,NULL,NULL,NULL,'Mitchell',1,1013,NULL,'47446',NULL,1228,38.733355,-86.49319,NULL,NULL,60),(149,65,1,1,0,'437P Caulder Way NW',437,'P',NULL,'Caulder','Way','NW',NULL,NULL,NULL,NULL,'Mitchell',1,1013,NULL,'47446',NULL,1228,38.733355,-86.49319,NULL,NULL,60),(150,108,1,1,0,'437P Caulder Way NW',437,'P',NULL,'Caulder','Way','NW',NULL,NULL,NULL,NULL,'Mitchell',1,1013,NULL,'47446',NULL,1228,38.733355,-86.49319,NULL,NULL,60),(151,175,1,1,0,'832L States Rd NE',832,'L',NULL,'States','Rd','NE',NULL,NULL,NULL,NULL,'Shawnee Mission',1,1015,NULL,'66206',NULL,1228,38.959256,-94.62223,NULL,NULL,61),(152,115,1,1,0,'832L States Rd NE',832,'L',NULL,'States','Rd','NE',NULL,NULL,NULL,NULL,'Shawnee Mission',1,1015,NULL,'66206',NULL,1228,38.959256,-94.62223,NULL,NULL,61),(153,11,1,1,0,'832L States Rd NE',832,'L',NULL,'States','Rd','NE',NULL,NULL,NULL,NULL,'Shawnee Mission',1,1015,NULL,'66206',NULL,1228,38.959256,-94.62223,NULL,NULL,61),(154,137,1,1,0,'269T College Blvd NE',269,'T',NULL,'College','Blvd','NE',NULL,NULL,NULL,NULL,'Opa Locka',1,1008,NULL,'33055',NULL,1228,25.94422,-80.2773,NULL,NULL,NULL),(155,174,1,0,0,'295N College St E',295,'N',NULL,'College','St','E',NULL,NULL,NULL,NULL,'Zoe',1,1016,NULL,'41397',NULL,1228,37.643659,-83.67763,NULL,NULL,62),(156,104,1,1,0,'295N College St E',295,'N',NULL,'College','St','E',NULL,NULL,NULL,NULL,'Zoe',1,1016,NULL,'41397',NULL,1228,37.643659,-83.67763,NULL,NULL,62),(157,8,1,1,0,'295N College St E',295,'N',NULL,'College','St','E',NULL,NULL,NULL,NULL,'Zoe',1,1016,NULL,'41397',NULL,1228,37.643659,-83.67763,NULL,NULL,62),(158,98,1,1,0,'295N College St E',295,'N',NULL,'College','St','E',NULL,NULL,NULL,NULL,'Zoe',1,1016,NULL,'41397',NULL,1228,37.643659,-83.67763,NULL,NULL,62),(159,86,1,1,0,'131A Van Ness Way W',131,'A',NULL,'Van Ness','Way','W',NULL,NULL,NULL,NULL,'Greensboro',1,1032,NULL,'27406',NULL,1228,36.022863,-79.77895,NULL,NULL,63),(160,181,1,1,0,'131A Van Ness Way W',131,'A',NULL,'Van Ness','Way','W',NULL,NULL,NULL,NULL,'Greensboro',1,1032,NULL,'27406',NULL,1228,36.022863,-79.77895,NULL,NULL,63),(161,128,1,1,0,'131A Van Ness Way W',131,'A',NULL,'Van Ness','Way','W',NULL,NULL,NULL,NULL,'Greensboro',1,1032,NULL,'27406',NULL,1228,36.022863,-79.77895,NULL,NULL,63),(162,163,1,0,0,'930H Woodbridge Path N',930,'H',NULL,'Woodbridge','Path','N',NULL,NULL,NULL,NULL,'Santa Fe',1,1042,NULL,'77510',NULL,1228,29.371171,-95.08552,NULL,NULL,NULL),(163,121,1,1,0,'291Y Beech Dr E',291,'Y',NULL,'Beech','Dr','E',NULL,NULL,NULL,NULL,'Bristol',1,1028,NULL,'03222',NULL,1228,43.615799,-71.75006,NULL,NULL,64),(164,105,1,1,0,'291Y Beech Dr E',291,'Y',NULL,'Beech','Dr','E',NULL,NULL,NULL,NULL,'Bristol',1,1028,NULL,'03222',NULL,1228,43.615799,-71.75006,NULL,NULL,64),(165,45,1,1,0,'291Y Beech Dr E',291,'Y',NULL,'Beech','Dr','E',NULL,NULL,NULL,NULL,'Bristol',1,1028,NULL,'03222',NULL,1228,43.615799,-71.75006,NULL,NULL,64),(166,79,1,1,0,'291Y Beech Dr E',291,'Y',NULL,'Beech','Dr','E',NULL,NULL,NULL,NULL,'Bristol',1,1028,NULL,'03222',NULL,1228,43.615799,-71.75006,NULL,NULL,64),(167,164,1,1,0,'20M Van Ness Rd N',20,'M',NULL,'Van Ness','Rd','N',NULL,NULL,NULL,NULL,'Kimball',1,1047,NULL,'24853',NULL,1228,37.427781,-81.48654,NULL,NULL,65),(168,97,1,1,0,'20M Van Ness Rd N',20,'M',NULL,'Van Ness','Rd','N',NULL,NULL,NULL,NULL,'Kimball',1,1047,NULL,'24853',NULL,1228,37.427781,-81.48654,NULL,NULL,65),(169,173,1,1,0,'20M Van Ness Rd N',20,'M',NULL,'Van Ness','Rd','N',NULL,NULL,NULL,NULL,'Kimball',1,1047,NULL,'24853',NULL,1228,37.427781,-81.48654,NULL,NULL,65),(170,143,1,1,0,'362C Caulder Rd N',362,'C',NULL,'Caulder','Rd','N',NULL,NULL,NULL,NULL,'Oakland',1,1004,NULL,'94613',NULL,1228,37.781098,-122.186573,NULL,NULL,NULL),(171,161,1,1,0,'528O Beech Dr NE',528,'O',NULL,'Beech','Dr','NE',NULL,NULL,NULL,NULL,'Fruitvale',1,1011,NULL,'83620',NULL,1228,44.878097,-116.43395,NULL,NULL,66),(172,133,1,1,0,'528O Beech Dr NE',528,'O',NULL,'Beech','Dr','NE',NULL,NULL,NULL,NULL,'Fruitvale',1,1011,NULL,'83620',NULL,1228,44.878097,-116.43395,NULL,NULL,66),(173,169,1,1,0,'528O Beech Dr NE',528,'O',NULL,'Beech','Dr','NE',NULL,NULL,NULL,NULL,'Fruitvale',1,1011,NULL,'83620',NULL,1228,44.878097,-116.43395,NULL,NULL,66),(174,185,1,1,0,'528O Beech Dr NE',528,'O',NULL,'Beech','Dr','NE',NULL,NULL,NULL,NULL,'Fruitvale',1,1011,NULL,'83620',NULL,1228,44.878097,-116.43395,NULL,NULL,66),(175,196,1,1,0,'687Q States Way W',687,'Q',NULL,'States','Way','W',NULL,NULL,NULL,NULL,'Orangeburg',1,1031,NULL,'10962',NULL,1228,41.047996,-73.96215,NULL,NULL,67),(176,14,1,0,0,'687Q States Way W',687,'Q',NULL,'States','Way','W',NULL,NULL,NULL,NULL,'Orangeburg',1,1031,NULL,'10962',NULL,1228,41.047996,-73.96215,NULL,NULL,67),(177,183,1,1,0,'687Q States Way W',687,'Q',NULL,'States','Way','W',NULL,NULL,NULL,NULL,'Orangeburg',1,1031,NULL,'10962',NULL,1228,41.047996,-73.96215,NULL,NULL,67),(178,116,1,1,0,'463O Northpoint Dr E',463,'O',NULL,'Northpoint','Dr','E',NULL,NULL,NULL,NULL,'Wentworth',1,1028,NULL,'03282',NULL,1228,43.874357,-71.91765,NULL,NULL,NULL),(179,28,1,1,0,'684J Main Rd SW',684,'J',NULL,'Main','Rd','SW',NULL,NULL,NULL,NULL,'Mount Vernon',1,1003,NULL,'72111',NULL,1228,35.227869,-92.13033,NULL,NULL,68),(180,102,1,1,0,'684J Main Rd SW',684,'J',NULL,'Main','Rd','SW',NULL,NULL,NULL,NULL,'Mount Vernon',1,1003,NULL,'72111',NULL,1228,35.227869,-92.13033,NULL,NULL,68),(181,158,1,1,0,'684J Main Rd SW',684,'J',NULL,'Main','Rd','SW',NULL,NULL,NULL,NULL,'Mount Vernon',1,1003,NULL,'72111',NULL,1228,35.227869,-92.13033,NULL,NULL,68),(182,157,1,1,0,'684J Main Rd SW',684,'J',NULL,'Main','Rd','SW',NULL,NULL,NULL,NULL,'Mount Vernon',1,1003,NULL,'72111',NULL,1228,35.227869,-92.13033,NULL,NULL,68),(183,NULL,1,1,1,'14S El Camino Way E',14,'S',NULL,'El Camino','Way',NULL,NULL,NULL,NULL,NULL,'Collinsville',NULL,1006,NULL,'6022',NULL,1228,41.8328,-72.9253,NULL,NULL,NULL),(184,NULL,1,1,1,'11B Woodbridge Path SW',11,'B',NULL,'Woodbridge','Path',NULL,NULL,NULL,NULL,NULL,'Dayton',NULL,1034,NULL,'45417',NULL,1228,39.7531,-84.2471,NULL,NULL,NULL),(185,NULL,1,1,1,'581O Lincoln Dr SW',581,'O',NULL,'Lincoln','Dr',NULL,NULL,NULL,NULL,NULL,'Santa Fe',NULL,1030,NULL,'87594',NULL,1228,35.5212,-105.982,NULL,NULL,NULL);
/*!40000 ALTER TABLE `civicrm_address` ENABLE KEYS */;
UNLOCK TABLES;
/*!50003 SET @saved_cs_client      = @@character_set_client */ ;
/*!50003 SET @saved_cs_results     = @@character_set_results */ ;
/*!50003 SET @saved_col_connection = @@collation_connection */ ;
/*!50003 SET character_set_client  = utf8 */ ;
/*!50003 SET character_set_results = utf8 */ ;
/*!50003 SET collation_connection  = utf8_general_ci */ ;
/*!50003 SET @saved_sql_mode       = @@sql_mode */ ;
/*!50003 SET sql_mode              = 'STRICT_TRANS_TABLES' */ ;
DELIMITER ;;
/*!50003 CREATE*/ /*!50017 DEFINER=`root`@`localhost`*/ /*!50003 TRIGGER civicrm_address_after_insert after insert ON civicrm_address FOR EACH ROW BEGIN  
UPDATE civicrm_contact SET modified_date = CURRENT_TIMESTAMP WHERE id = NEW.contact_id;
 END */;;
DELIMITER ;
/*!50003 SET sql_mode              = @saved_sql_mode */ ;
/*!50003 SET character_set_client  = @saved_cs_client */ ;
/*!50003 SET character_set_results = @saved_cs_results */ ;
/*!50003 SET collation_connection  = @saved_col_connection */ ;
/*!50003 SET @saved_cs_client      = @@character_set_client */ ;
/*!50003 SET @saved_cs_results     = @@character_set_results */ ;
/*!50003 SET @saved_col_connection = @@collation_connection */ ;
/*!50003 SET character_set_client  = utf8 */ ;
/*!50003 SET character_set_results = utf8 */ ;
/*!50003 SET collation_connection  = utf8_general_ci */ ;
/*!50003 SET @saved_sql_mode       = @@sql_mode */ ;
/*!50003 SET sql_mode              = 'STRICT_TRANS_TABLES' */ ;
DELIMITER ;;
/*!50003 CREATE*/ /*!50017 DEFINER=`root`@`localhost`*/ /*!50003 TRIGGER civicrm_address_after_update after update ON civicrm_address FOR EACH ROW BEGIN  
UPDATE civicrm_contact SET modified_date = CURRENT_TIMESTAMP WHERE id = NEW.contact_id;
 END */;;
DELIMITER ;
/*!50003 SET sql_mode              = @saved_sql_mode */ ;
/*!50003 SET character_set_client  = @saved_cs_client */ ;
/*!50003 SET character_set_results = @saved_cs_results */ ;
/*!50003 SET collation_connection  = @saved_col_connection */ ;
/*!50003 SET @saved_cs_client      = @@character_set_client */ ;
/*!50003 SET @saved_cs_results     = @@character_set_results */ ;
/*!50003 SET @saved_col_connection = @@collation_connection */ ;
/*!50003 SET character_set_client  = utf8 */ ;
/*!50003 SET character_set_results = utf8 */ ;
/*!50003 SET collation_connection  = utf8_general_ci */ ;
/*!50003 SET @saved_sql_mode       = @@sql_mode */ ;
/*!50003 SET sql_mode              = 'STRICT_TRANS_TABLES' */ ;
DELIMITER ;;
/*!50003 CREATE*/ /*!50017 DEFINER=`root`@`localhost`*/ /*!50003 TRIGGER civicrm_address_after_delete after delete ON civicrm_address FOR EACH ROW BEGIN  
UPDATE civicrm_contact SET modified_date = CURRENT_TIMESTAMP WHERE id = OLD.contact_id;
 END */;;
DELIMITER ;
/*!50003 SET sql_mode              = @saved_sql_mode */ ;
/*!50003 SET character_set_client  = @saved_cs_client */ ;
/*!50003 SET character_set_results = @saved_cs_results */ ;
/*!50003 SET collation_connection  = @saved_col_connection */ ;

--
-- Dumping data for table `civicrm_address_format`
--

LOCK TABLES `civicrm_address_format` WRITE;
/*!40000 ALTER TABLE `civicrm_address_format` DISABLE KEYS */;
/*!40000 ALTER TABLE `civicrm_address_format` ENABLE KEYS */;
UNLOCK TABLES;

--
-- Dumping data for table `civicrm_batch`
--

LOCK TABLES `civicrm_batch` WRITE;
/*!40000 ALTER TABLE `civicrm_batch` DISABLE KEYS */;
/*!40000 ALTER TABLE `civicrm_batch` ENABLE KEYS */;
UNLOCK TABLES;

--
-- Dumping data for table `civicrm_cache`
--

LOCK TABLES `civicrm_cache` WRITE;
/*!40000 ALTER TABLE `civicrm_cache` DISABLE KEYS */;
INSERT INTO `civicrm_cache` (`id`, `group_name`, `path`, `data`, `component_id`, `created_date`, `expired_date`) VALUES (1,'CiviCRM setting Spec','All','a:66:{s:32:\"address_standardization_provider\";a:12:{s:10:\"group_name\";s:19:\"Address Preferences\";s:5:\"group\";s:7:\"address\";s:4:\"name\";s:32:\"address_standardization_provider\";s:4:\"type\";s:6:\"String\";s:9:\"html_type\";s:6:\"Select\";s:7:\"default\";N;s:3:\"add\";s:3:\"4.1\";s:5:\"title\";s:33:\"Address Standardization Provider.\";s:9:\"is_domain\";i:1;s:10:\"is_contact\";i:0;s:11:\"description\";N;s:9:\"help_text\";s:486:\"CiviCRM includes an optional plugin for interfacing with the United States Postal Services (USPS) Address Standardization web service. You must register to use the USPS service at https://www.usps.com/business/webtools-address-information.htm. If you are approved, they will provide you with a User ID and the URL for the service. Plugins for other address standardization services may be available from 3rd party developers. If installed, they will be included in the drop-down below. \";}s:30:\"address_standardization_userid\";a:12:{s:10:\"group_name\";s:19:\"Address Preferences\";s:5:\"group\";s:7:\"address\";s:4:\"name\";s:30:\"address_standardization_userid\";s:4:\"type\";s:6:\"String\";s:9:\"html_type\";s:4:\"Text\";s:7:\"default\";N;s:3:\"add\";s:3:\"4.1\";s:5:\"title\";s:19:\"Web service user ID\";s:9:\"is_domain\";i:1;s:10:\"is_contact\";i:0;s:11:\"description\";N;s:9:\"help_text\";N;}s:27:\"address_standardization_url\";a:13:{s:10:\"group_name\";s:19:\"Address Preferences\";s:5:\"group\";s:7:\"address\";s:4:\"name\";s:27:\"address_standardization_url\";s:4:\"type\";s:4:\"Text\";s:9:\"html_type\";s:4:\"Text\";s:7:\"default\";N;s:3:\"add\";s:3:\"4.1\";s:5:\"title\";s:15:\"Web service url\";s:9:\"is_domain\";i:1;s:10:\"is_contact\";i:0;s:11:\"description\";N;s:9:\"help_text\";s:16:\"Web service URL.\";s:17:\"validate_callback\";s:19:\"CRM_Utils_Rule::url\";}s:15:\"tag_unconfirmed\";a:12:{s:10:\"group_name\";s:20:\"Campaign Preferences\";s:5:\"group\";s:8:\"campaign\";s:4:\"name\";s:15:\"tag_unconfirmed\";s:4:\"type\";s:6:\"String\";s:9:\"html_type\";s:4:\"Text\";s:7:\"default\";s:11:\"Unconfirmed\";s:3:\"add\";s:3:\"4.1\";s:5:\"title\";s:36:\"Tag for Unconfirmed Petition Signers\";s:9:\"is_domain\";i:1;s:10:\"is_contact\";i:0;s:11:\"description\";N;s:9:\"help_text\";s:94:\"If set, new contacts that are created when signing a petition are assigned a tag of this name.\";}s:17:\"petition_contacts\";a:12:{s:10:\"group_name\";s:20:\"Campaign Preferences\";s:5:\"group\";s:8:\"campaign\";s:4:\"name\";s:17:\"petition_contacts\";s:4:\"type\";s:6:\"String\";s:9:\"html_type\";s:4:\"Text\";s:7:\"default\";s:17:\"Petition Contacts\";s:3:\"add\";s:3:\"4.1\";s:5:\"title\";s:22:\"Petition Signers Group\";s:9:\"is_domain\";i:1;s:10:\"is_contact\";i:0;s:11:\"description\";N;s:9:\"help_text\";s:94:\"If set, new contacts that are created when signing a petition are assigned a tag of this name.\";}s:23:\"cvv_backoffice_required\";a:12:{s:10:\"group_name\";s:22:\"Contribute Preferences\";s:5:\"group\";s:10:\"contribute\";s:4:\"name\";s:23:\"cvv_backoffice_required\";s:4:\"type\";s:7:\"Boolean\";s:15:\"quick_form_type\";s:5:\"YesNo\";s:7:\"default\";s:1:\"1\";s:3:\"add\";s:3:\"4.1\";s:5:\"title\";s:28:\"CVV required for backoffice?\";s:9:\"is_domain\";i:1;s:10:\"is_contact\";i:0;s:11:\"description\";s:65:\"Is the CVV code required for back office credit card transactions\";s:9:\"help_text\";s:137:\"If set it back-office credit card transactions will required a cvv code. Leave as required unless you have a very strong reason to change\";}s:20:\"contact_view_options\";a:13:{s:10:\"group_name\";s:19:\"CiviCRM Preferences\";s:5:\"group\";s:4:\"core\";s:4:\"name\";s:20:\"contact_view_options\";s:4:\"type\";s:6:\"String\";s:9:\"html_type\";s:10:\"checkboxes\";s:14:\"pseudoconstant\";a:1:{s:15:\"optionGroupName\";s:20:\"contact_view_options\";}s:7:\"default\";s:28:\"123456789101113\";s:3:\"add\";s:3:\"4.1\";s:5:\"title\";s:16:\"Viewing Contacts\";s:9:\"is_domain\";s:1:\"1\";s:10:\"is_contact\";i:0;s:11:\"description\";N;s:9:\"help_text\";N;}s:20:\"contact_edit_options\";a:13:{s:10:\"group_name\";s:19:\"CiviCRM Preferences\";s:5:\"group\";s:4:\"core\";s:4:\"name\";s:20:\"contact_edit_options\";s:4:\"type\";s:6:\"String\";s:9:\"html_type\";s:10:\"checkboxes\";s:14:\"pseudoconstant\";a:1:{s:15:\"optionGroupName\";s:20:\"contact_edit_options\";}s:7:\"default\";s:25:\"1234567891011\";s:3:\"add\";s:3:\"4.1\";s:5:\"title\";s:16:\"Editing Contacts\";s:9:\"is_domain\";i:1;s:10:\"is_contact\";i:0;s:11:\"description\";N;s:9:\"help_text\";N;}s:23:\"advanced_search_options\";a:12:{s:10:\"group_name\";s:19:\"CiviCRM Preferences\";s:4:\"name\";s:23:\"advanced_search_options\";s:4:\"type\";s:6:\"String\";s:9:\"html_type\";s:10:\"checkboxes\";s:14:\"pseudoconstant\";a:1:{s:15:\"optionGroupName\";s:23:\"advanced_search_options\";}s:7:\"default\";s:43:\"1234567891012131516171819\";s:3:\"add\";s:3:\"4.1\";s:5:\"title\";s:14:\"Contact Search\";s:9:\"is_domain\";i:1;s:10:\"is_contact\";i:0;s:11:\"description\";N;s:9:\"help_text\";N;}s:22:\"user_dashboard_options\";a:13:{s:10:\"group_name\";s:19:\"CiviCRM Preferences\";s:5:\"group\";s:4:\"core\";s:4:\"name\";s:22:\"user_dashboard_options\";s:4:\"type\";s:6:\"String\";s:9:\"html_type\";s:10:\"checkboxes\";s:14:\"pseudoconstant\";a:1:{s:15:\"optionGroupName\";s:22:\"user_dashboard_options\";}s:7:\"default\";s:17:\"12345789\";s:3:\"add\";s:3:\"4.1\";s:5:\"title\";N;s:9:\"is_domain\";i:1;s:10:\"is_contact\";i:0;s:11:\"description\";N;s:9:\"help_text\";N;}s:15:\"address_options\";a:13:{s:10:\"group_name\";s:19:\"CiviCRM Preferences\";s:5:\"group\";s:4:\"core\";s:4:\"name\";s:15:\"address_options\";s:4:\"type\";s:6:\"String\";s:9:\"html_type\";s:4:\"Text\";s:14:\"pseudoconstant\";a:1:{s:15:\"optionGroupName\";s:15:\"address_options\";}s:7:\"default\";s:19:\"1245891011\";s:3:\"add\";s:3:\"4.1\";s:5:\"title\";s:18:\"Addressing Options\";s:9:\"is_domain\";i:1;s:10:\"is_contact\";i:0;s:11:\"description\";N;s:9:\"help_text\";N;}s:14:\"address_format\";a:12:{s:10:\"group_name\";s:19:\"CiviCRM Preferences\";s:5:\"group\";s:4:\"core\";s:4:\"name\";s:14:\"address_format\";s:4:\"type\";s:6:\"String\";s:9:\"html_type\";s:4:\"Text\";s:7:\"default\";s:198:\"{contact.address_name}\n{contact.street_address}\n{contact.supplemental_address_1}\n{contact.supplemental_address_2}\n{contact.city}{, }{contact.state_province}{ }{contact.postal_code}\n{contact.country}\";s:3:\"add\";s:3:\"4.1\";s:5:\"title\";s:14:\"Address Format\";s:9:\"is_domain\";i:1;s:10:\"is_contact\";i:0;s:11:\"description\";N;s:9:\"help_text\";N;}s:14:\"mailing_format\";a:12:{s:10:\"group_name\";s:19:\"CiviCRM Preferences\";s:5:\"group\";s:4:\"core\";s:4:\"name\";s:14:\"mailing_format\";s:4:\"type\";s:6:\"String\";s:9:\"html_type\";s:4:\"Text\";s:7:\"default\";s:195:\"{contact.addressee}\n{contact.street_address}\n{contact.supplemental_address_1}\n{contact.supplemental_address_2}\n{contact.city}{, }{contact.state_province}{ }{contact.postal_code}\n{contact.country}\";s:3:\"add\";s:3:\"4.1\";s:5:\"title\";s:14:\"Mailing Format\";s:9:\"is_domain\";i:1;s:10:\"is_contact\";i:0;s:11:\"description\";N;s:9:\"help_text\";N;}s:19:\"display_name_format\";a:12:{s:10:\"group_name\";s:19:\"CiviCRM Preferences\";s:5:\"group\";s:4:\"core\";s:4:\"name\";s:19:\"display_name_format\";s:4:\"type\";s:6:\"String\";s:9:\"html_type\";s:4:\"Text\";s:7:\"default\";s:102:\"{contact.individual_prefix}{ }{contact.first_name}{ }{contact.last_name}{ }{contact.individual_suffix}\";s:3:\"add\";s:3:\"4.1\";s:5:\"title\";s:19:\"Display Name Format\";s:9:\"is_domain\";i:1;s:10:\"is_contact\";i:0;s:11:\"description\";N;s:9:\"help_text\";N;}s:16:\"sort_name_format\";a:12:{s:10:\"group_name\";s:19:\"CiviCRM Preferences\";s:5:\"group\";s:4:\"core\";s:4:\"name\";s:16:\"sort_name_format\";s:4:\"type\";s:6:\"String\";s:9:\"html_type\";s:4:\"Text\";s:7:\"default\";s:43:\"{contact.last_name}{, }{contact.first_name}\";s:3:\"add\";s:3:\"4.1\";s:5:\"title\";N;s:9:\"is_domain\";i:1;s:10:\"is_contact\";i:0;s:11:\"description\";N;s:9:\"help_text\";N;}s:9:\"editor_id\";a:12:{s:10:\"group_name\";s:19:\"CiviCRM Preferences\";s:5:\"group\";s:4:\"core\";s:4:\"name\";s:9:\"editor_id\";s:4:\"type\";s:6:\"String\";s:9:\"html_type\";s:4:\"Text\";s:7:\"default\";N;s:3:\"add\";s:3:\"4.1\";s:5:\"title\";N;s:9:\"is_domain\";i:1;s:10:\"is_contact\";i:0;s:11:\"description\";N;s:9:\"help_text\";N;}s:26:\"contact_ajax_check_similar\";a:12:{s:10:\"group_name\";s:19:\"CiviCRM Preferences\";s:5:\"group\";s:4:\"core\";s:4:\"name\";s:26:\"contact_ajax_check_similar\";s:4:\"type\";s:6:\"String\";s:9:\"html_type\";s:4:\"Text\";s:7:\"default\";N;s:3:\"add\";s:3:\"4.1\";s:5:\"title\";N;s:9:\"is_domain\";i:1;s:10:\"is_contact\";i:0;s:11:\"description\";N;s:9:\"help_text\";N;}s:30:\"activity_assignee_notification\";a:12:{s:10:\"group_name\";s:19:\"CiviCRM Preferences\";s:5:\"group\";s:4:\"core\";s:4:\"name\";s:30:\"activity_assignee_notification\";s:4:\"type\";s:6:\"String\";s:9:\"html_type\";s:4:\"Text\";s:7:\"default\";N;s:3:\"add\";s:3:\"4.1\";s:5:\"title\";s:25:\"Notify Activity Assignees\";s:9:\"is_domain\";i:1;s:10:\"is_contact\";i:0;s:11:\"description\";N;s:9:\"help_text\";N;}s:34:\"activity_assignee_notification_ics\";a:12:{s:10:\"group_name\";s:19:\"CiviCRM Preferences\";s:5:\"group\";s:4:\"core\";s:4:\"name\";s:34:\"activity_assignee_notification_ics\";s:4:\"type\";s:6:\"String\";s:9:\"html_type\";s:4:\"Text\";s:7:\"default\";N;s:3:\"add\";s:3:\"4.3\";s:5:\"title\";s:41:\"Include ICal Invite to Activity Assignees\";s:9:\"is_domain\";i:1;s:10:\"is_contact\";i:0;s:11:\"description\";N;s:9:\"help_text\";N;}s:28:\"contact_autocomplete_options\";a:12:{s:10:\"group_name\";s:19:\"CiviCRM Preferences\";s:5:\"group\";s:4:\"core\";s:4:\"name\";s:28:\"contact_autocomplete_options\";s:4:\"type\";s:6:\"String\";s:9:\"html_type\";s:10:\"checkboxes\";s:7:\"default\";s:15:\"1234567\";s:3:\"add\";s:3:\"4.1\";s:5:\"title\";s:38:\"Contact Reference Autocomplete Options\";s:9:\"is_domain\";i:1;s:10:\"is_contact\";i:0;s:11:\"description\";N;s:9:\"help_text\";N;}s:25:\"contact_reference_options\";a:13:{s:10:\"group_name\";s:19:\"CiviCRM Preferences\";s:5:\"group\";s:4:\"core\";s:4:\"name\";s:25:\"contact_reference_options\";s:4:\"type\";s:6:\"String\";s:9:\"html_type\";s:10:\"checkboxes\";s:14:\"pseudoconstant\";a:1:{s:15:\"optionGroupName\";s:25:\"contact_reference_options\";}s:7:\"default\";s:15:\"1234567\";s:3:\"add\";s:3:\"4.1\";s:5:\"title\";N;s:9:\"is_domain\";i:1;s:10:\"is_contact\";i:0;s:11:\"description\";N;s:9:\"help_text\";N;}s:15:\"max_attachments\";a:16:{s:10:\"group_name\";s:19:\"CiviCRM Preferences\";s:5:\"group\";s:4:\"core\";s:4:\"name\";s:15:\"max_attachments\";s:10:\"legacy_key\";s:14:\"maxAttachments\";s:8:\"prefetch\";i:0;s:4:\"type\";s:7:\"Integer\";s:15:\"quick_form_type\";s:7:\"Element\";s:9:\"html_type\";s:4:\"text\";s:15:\"html_attributes\";a:2:{s:4:\"size\";i:2;s:9:\"maxlength\";i:8;}s:7:\"default\";i:3;s:3:\"add\";s:3:\"4.3\";s:5:\"title\";s:19:\"Maximum Attachments\";s:9:\"is_domain\";i:1;s:10:\"is_contact\";i:0;s:11:\"description\";s:93:\"Maximum number of files (documents, images, etc.) which can attached to emails or activities.\";s:9:\"help_text\";N;}s:11:\"maxFileSize\";a:16:{s:10:\"group_name\";s:19:\"CiviCRM Preferences\";s:5:\"group\";s:4:\"core\";s:4:\"name\";s:11:\"maxFileSize\";s:8:\"prefetch\";i:1;s:11:\"config_only\";i:1;s:4:\"type\";s:7:\"Integer\";s:15:\"quick_form_type\";s:7:\"Element\";s:9:\"html_type\";s:4:\"text\";s:15:\"html_attributes\";a:2:{s:4:\"size\";i:2;s:9:\"maxlength\";i:8;}s:7:\"default\";i:3;s:3:\"add\";s:3:\"4.3\";s:5:\"title\";s:25:\"Maximum File Size (in MB)\";s:9:\"is_domain\";i:1;s:10:\"is_contact\";i:0;s:11:\"description\";s:140:\"Maximum Size of file (documents, images, etc.) which can attached to emails or activities.<br />Note: php.ini should support this file size.\";s:9:\"help_text\";N;}s:16:\"contact_undelete\";a:12:{s:10:\"group_name\";s:19:\"CiviCRM Preferences\";s:5:\"group\";s:4:\"core\";s:4:\"name\";s:16:\"contact_undelete\";s:4:\"type\";s:7:\"Boolean\";s:15:\"quick_form_type\";s:5:\"YesNo\";s:7:\"default\";i:1;s:3:\"add\";s:3:\"4.3\";s:5:\"title\";s:26:\"Contact Trash and Undelete\";s:9:\"is_domain\";i:1;s:10:\"is_contact\";i:0;s:11:\"description\";s:200:\"If enabled, deleted contacts will be moved to trash (instead of being destroyed). Users with the proper permission are able to search for the deleted contacts and restore them (or delete permanently).\";s:9:\"help_text\";N;}s:12:\"versionCheck\";a:14:{s:10:\"group_name\";s:19:\"CiviCRM Preferences\";s:5:\"group\";s:4:\"core\";s:4:\"name\";s:12:\"versionCheck\";s:8:\"prefetch\";i:1;s:11:\"config_only\";i:1;s:4:\"type\";s:7:\"Boolean\";s:15:\"quick_form_type\";s:5:\"YesNo\";s:7:\"default\";i:1;s:3:\"add\";s:3:\"4.3\";s:5:\"title\";s:36:\"Version Check & Statistics Reporting\";s:9:\"is_domain\";i:1;s:10:\"is_contact\";i:0;s:11:\"description\";s:847:\"If enabled, CiviCRM automatically checks availablity of a newer version of the software. New version alerts will be displayed on the main CiviCRM Administration page.\nWhen enabled, statistics about your CiviCRM installation are reported anonymously to the CiviCRM team to assist in prioritizing ongoing development efforts. The following information is gathered: CiviCRM version, versions of PHP, MySQL and framework (Drupal/Joomla/standalone), and default language. Counts (but no actual data) of the following record types are reported: contacts, activities, cases, relationships, contributions, contribution pages, contribution products, contribution widgets, discounts, price sets, profiles, events, participants, tell-a-friend pages, grants, mailings, memberships, membership blocks, pledges, pledge blocks and active payment processor types.\";s:9:\"help_text\";N;}s:21:\"doNotAttachPDFReceipt\";a:14:{s:10:\"group_name\";s:19:\"CiviCRM Preferences\";s:5:\"group\";s:4:\"core\";s:4:\"name\";s:21:\"doNotAttachPDFReceipt\";s:8:\"prefetch\";i:1;s:11:\"config_only\";i:1;s:4:\"type\";s:7:\"Boolean\";s:15:\"quick_form_type\";s:5:\"YesNo\";s:7:\"default\";i:1;s:3:\"add\";s:3:\"4.3\";s:5:\"title\";s:27:\"Attach PDF copy to receipts\";s:9:\"is_domain\";i:1;s:10:\"is_contact\";i:0;s:11:\"description\";s:98:\"If enabled, CiviCRM sends PDF receipt as an attachment during event signup or online contribution.\";s:9:\"help_text\";N;}s:15:\"wkhtmltopdfPath\";a:16:{s:10:\"group_name\";s:19:\"CiviCRM Preferences\";s:5:\"group\";s:4:\"core\";s:4:\"name\";s:15:\"wkhtmltopdfPath\";s:8:\"prefetch\";i:1;s:11:\"config_only\";i:1;s:4:\"type\";s:6:\"String\";s:15:\"quick_form_type\";s:7:\"Element\";s:9:\"html_type\";s:4:\"Text\";s:15:\"html_attributes\";a:2:{s:4:\"size\";i:64;s:9:\"maxlength\";i:256;}s:7:\"default\";N;s:3:\"add\";s:3:\"4.3\";s:5:\"title\";s:30:\"Path to wkhtmltopdf executable\";s:9:\"is_domain\";i:1;s:10:\"is_contact\";i:0;s:11:\"description\";N;s:9:\"help_text\";N;}s:18:\"recaptchaPublicKey\";a:16:{s:10:\"group_name\";s:19:\"CiviCRM Preferences\";s:5:\"group\";s:4:\"core\";s:4:\"name\";s:18:\"recaptchaPublicKey\";s:8:\"prefetch\";i:1;s:11:\"config_only\";i:1;s:4:\"type\";s:6:\"String\";s:15:\"quick_form_type\";s:7:\"Element\";s:9:\"html_type\";s:4:\"Text\";s:15:\"html_attributes\";a:2:{s:4:\"size\";i:64;s:9:\"maxlength\";i:64;}s:7:\"default\";N;s:3:\"add\";s:3:\"4.3\";s:5:\"title\";s:20:\"Recaptcha Public Key\";s:9:\"is_domain\";i:1;s:10:\"is_contact\";i:0;s:11:\"description\";N;s:9:\"help_text\";N;}s:19:\"recaptchaPrivateKey\";a:16:{s:10:\"group_name\";s:19:\"CiviCRM Preferences\";s:5:\"group\";s:4:\"core\";s:4:\"name\";s:19:\"recaptchaPrivateKey\";s:8:\"prefetch\";i:1;s:11:\"config_only\";i:1;s:4:\"type\";s:6:\"String\";s:15:\"quick_form_type\";s:7:\"Element\";s:9:\"html_type\";s:4:\"Text\";s:15:\"html_attributes\";a:2:{s:4:\"size\";i:64;s:9:\"maxlength\";i:64;}s:7:\"default\";N;s:3:\"add\";s:3:\"4.3\";s:5:\"title\";s:21:\"Recaptcha Private Key\";s:9:\"is_domain\";i:1;s:10:\"is_contact\";i:0;s:11:\"description\";N;s:9:\"help_text\";N;}s:21:\"dashboardCacheTimeout\";a:16:{s:10:\"group_name\";s:19:\"CiviCRM Preferences\";s:5:\"group\";s:4:\"core\";s:4:\"name\";s:21:\"dashboardCacheTimeout\";s:8:\"prefetch\";i:1;s:11:\"config_only\";i:1;s:4:\"type\";s:7:\"Integer\";s:15:\"quick_form_type\";s:7:\"Element\";s:9:\"html_type\";s:4:\"Text\";s:15:\"html_attributes\";a:2:{s:4:\"size\";i:3;s:9:\"maxlength\";i:5;}s:7:\"default\";N;s:3:\"add\";s:3:\"4.3\";s:5:\"title\";s:23:\"Dashboard cache timeout\";s:9:\"is_domain\";i:1;s:10:\"is_contact\";i:0;s:11:\"description\";N;s:9:\"help_text\";N;}s:15:\"checksumTimeout\";a:16:{s:10:\"group_name\";s:19:\"CiviCRM Preferences\";s:5:\"group\";s:4:\"core\";s:4:\"name\";s:15:\"checksumTimeout\";s:8:\"prefetch\";i:1;s:11:\"config_only\";i:1;s:4:\"type\";s:7:\"Integer\";s:15:\"quick_form_type\";s:7:\"Element\";s:9:\"html_type\";s:4:\"Text\";s:15:\"html_attributes\";a:2:{s:4:\"size\";i:2;s:9:\"maxlength\";i:8;}s:7:\"default\";i:7;s:3:\"add\";s:3:\"4.3\";s:5:\"title\";s:23:\"Dashboard cache timeout\";s:9:\"is_domain\";i:1;s:10:\"is_contact\";i:0;s:11:\"description\";N;s:9:\"help_text\";N;}s:13:\"debug_enabled\";a:15:{s:10:\"group_name\";s:21:\"Developer Preferences\";s:5:\"group\";s:9:\"developer\";s:4:\"name\";s:13:\"debug_enabled\";s:11:\"config_only\";i:1;s:10:\"config_key\";s:5:\"debug\";s:4:\"type\";s:7:\"Boolean\";s:15:\"quick_form_type\";s:5:\"YesNo\";s:7:\"default\";s:1:\"0\";s:3:\"add\";s:3:\"4.3\";s:5:\"title\";s:16:\"Enable Debugging\";s:9:\"is_domain\";i:1;s:10:\"is_contact\";i:0;s:11:\"description\";s:130:\"Set this value to Yes if you want to use one of CiviCRM\'s debugging tools. This feature should NOT be enabled for production sites\";s:8:\"prefetch\";i:1;s:9:\"help_text\";s:39:\"Do not turn this on on production sites\";}s:20:\"userFrameworkLogging\";a:14:{s:10:\"group_name\";s:21:\"Developer Preferences\";s:5:\"group\";s:9:\"developer\";s:4:\"name\";s:20:\"userFrameworkLogging\";s:11:\"config_only\";i:1;s:4:\"type\";s:7:\"Boolean\";s:15:\"quick_form_type\";s:5:\"YesNo\";s:7:\"default\";s:1:\"0\";s:3:\"add\";s:3:\"4.3\";s:5:\"title\";s:30:\"Enable Drupal Watchdog Logging\";s:9:\"is_domain\";i:1;s:10:\"is_contact\";i:0;s:11:\"description\";s:102:\"Set this value to Yes if you want CiviCRM error/debugging messages to also appear in Drupal error logs\";s:8:\"prefetch\";i:1;s:9:\"help_text\";s:239:\"Set this value to Yes if you want CiviCRM error/debugging messages the appear in your CMS\' error log.\nIn the case of Drupal, this will cause all CiviCRM error messages to appear in the watchdog (assuming you have Drupal\'s watchdog enabled)\";}s:9:\"backtrace\";a:13:{s:10:\"group_name\";s:21:\"Developer Preferences\";s:5:\"group\";s:9:\"developer\";s:4:\"name\";s:9:\"backtrace\";s:11:\"config_only\";i:1;s:4:\"type\";s:7:\"Boolean\";s:15:\"quick_form_type\";s:5:\"YesNo\";s:7:\"default\";s:1:\"0\";s:3:\"add\";s:3:\"4.3\";s:5:\"title\";s:17:\"Display Backtrace\";s:9:\"is_domain\";i:1;s:10:\"is_contact\";i:0;s:11:\"description\";s:155:\"Set this value to Yes if you want to display a backtrace listing when a fatal error is encountered. This feature should NOT be enabled for production sites\";s:8:\"prefetch\";i:1;}s:18:\"fatalErrorTemplate\";a:13:{s:10:\"group_name\";s:21:\"Developer Preferences\";s:5:\"group\";s:9:\"developer\";s:4:\"name\";s:18:\"fatalErrorTemplate\";s:11:\"config_only\";i:1;s:4:\"type\";s:6:\"String\";s:15:\"quick_form_type\";s:4:\"text\";s:7:\"default\";s:20:\"CRM/common/fatal.tpl\";s:3:\"add\";s:3:\"4.3\";s:5:\"title\";s:20:\"Fatal Error Template\";s:9:\"is_domain\";i:1;s:10:\"is_contact\";i:0;s:11:\"description\";s:123:\"Enter the path and filename for a custom Smarty template if you want to define your own screen for displaying fatal errors.\";s:8:\"prefetch\";i:1;}s:17:\"fatalErrorHandler\";a:13:{s:10:\"group_name\";s:21:\"Developer Preferences\";s:5:\"group\";s:9:\"developer\";s:4:\"name\";s:17:\"fatalErrorHandler\";s:11:\"config_only\";i:1;s:4:\"type\";s:6:\"String\";s:15:\"quick_form_type\";s:4:\"text\";s:7:\"default\";s:4:\"null\";s:3:\"add\";s:3:\"4.3\";s:5:\"title\";s:19:\"Fatal Error Handler\";s:9:\"is_domain\";i:1;s:10:\"is_contact\";i:0;s:11:\"description\";s:136:\"Enter the path and class for a custom PHP error-handling function if you want to override built-in CiviCRM error handling for your site.\";s:8:\"prefetch\";i:1;}s:9:\"uploadDir\";a:13:{s:10:\"group_name\";s:21:\"Directory Preferences\";s:5:\"group\";s:9:\"directory\";s:4:\"name\";s:9:\"uploadDir\";s:4:\"type\";s:3:\"Url\";s:9:\"html_type\";s:4:\"Text\";s:7:\"default\";N;s:3:\"add\";s:3:\"4.1\";s:8:\"prefetch\";i:1;s:5:\"title\";N;s:9:\"is_domain\";i:1;s:10:\"is_contact\";i:0;s:11:\"description\";N;s:9:\"help_text\";s:94:\"If set, new contacts that are created when signing a petition are assigned a tag of this name.\";}s:14:\"imageUploadDir\";a:13:{s:10:\"group_name\";s:21:\"Directory Preferences\";s:5:\"group\";s:9:\"directory\";s:4:\"name\";s:14:\"imageUploadDir\";s:4:\"type\";s:3:\"Url\";s:9:\"html_type\";s:4:\"Text\";s:7:\"default\";N;s:3:\"add\";s:3:\"4.1\";s:8:\"prefetch\";i:1;s:5:\"title\";N;s:9:\"is_domain\";i:1;s:10:\"is_contact\";i:0;s:11:\"description\";N;s:9:\"help_text\";N;}s:19:\"customFileUploadDir\";a:13:{s:10:\"group_name\";s:21:\"Directory Preferences\";s:5:\"group\";s:9:\"directory\";s:4:\"name\";s:19:\"customFileUploadDir\";s:4:\"type\";s:3:\"Url\";s:9:\"html_type\";s:4:\"Text\";s:7:\"default\";N;s:3:\"add\";s:3:\"4.1\";s:8:\"prefetch\";i:1;s:5:\"title\";N;s:9:\"is_domain\";i:1;s:10:\"is_contact\";i:0;s:11:\"description\";N;s:9:\"help_text\";N;}s:17:\"customTemplateDir\";a:13:{s:10:\"group_name\";s:21:\"Directory Preferences\";s:5:\"group\";s:9:\"directory\";s:4:\"name\";s:17:\"customTemplateDir\";s:4:\"type\";s:3:\"Url\";s:9:\"html_type\";s:4:\"Text\";s:7:\"default\";N;s:3:\"add\";s:3:\"4.1\";s:8:\"prefetch\";i:1;s:5:\"title\";N;s:9:\"is_domain\";i:1;s:10:\"is_contact\";i:0;s:11:\"description\";N;s:9:\"help_text\";N;}s:16:\"customPHPPathDir\";a:13:{s:10:\"group_name\";s:21:\"Directory Preferences\";s:5:\"group\";s:9:\"directory\";s:4:\"name\";s:16:\"customPHPPathDir\";s:4:\"type\";s:3:\"Url\";s:9:\"html_type\";s:4:\"Text\";s:7:\"default\";N;s:3:\"add\";s:3:\"4.1\";s:8:\"prefetch\";i:1;s:5:\"title\";N;s:9:\"is_domain\";i:1;s:10:\"is_contact\";i:0;s:11:\"description\";N;s:9:\"help_text\";N;}s:13:\"extensionsDir\";a:13:{s:10:\"group_name\";s:21:\"Directory Preferences\";s:5:\"group\";s:9:\"directory\";s:4:\"name\";s:13:\"extensionsDir\";s:4:\"type\";s:3:\"Url\";s:9:\"html_type\";s:4:\"Text\";s:7:\"default\";N;s:3:\"add\";s:3:\"4.1\";s:8:\"prefetch\";i:1;s:5:\"title\";N;s:9:\"is_domain\";i:1;s:10:\"is_contact\";i:0;s:11:\"description\";N;s:9:\"help_text\";N;}s:17:\"event_enable_cart\";a:12:{s:4:\"name\";s:11:\"enable_cart\";s:10:\"group_name\";s:17:\"Event Preferences\";s:5:\"group\";s:5:\"event\";s:4:\"type\";s:6:\"String\";s:15:\"quick_form_type\";s:7:\"Element\";s:7:\"default\";i:0;s:3:\"add\";d:4.0999999999999996447286321199499070644378662109375;s:5:\"title\";s:17:\"Enable Event Cart\";s:9:\"is_domain\";i:1;s:10:\"is_contact\";i:1;s:11:\"description\";s:8:\"WRITE ME\";s:9:\"help_text\";s:8:\"WRITE ME\";}s:25:\"monetaryThousandSeparator\";a:16:{s:10:\"group_name\";s:24:\"Localization Preferences\";s:5:\"group\";s:12:\"localization\";s:4:\"name\";s:25:\"monetaryThousandSeparator\";s:8:\"prefetch\";i:1;s:11:\"config_only\";i:1;s:4:\"type\";s:6:\"String\";s:15:\"quick_form_type\";s:7:\"Element\";s:9:\"html_type\";s:4:\"text\";s:15:\"html_attributes\";a:1:{s:4:\"size\";i:2;}s:7:\"default\";s:1:\",\";s:3:\"add\";s:3:\"4.3\";s:5:\"title\";s:19:\"Thousands Separator\";s:9:\"is_domain\";i:1;s:10:\"is_contact\";i:0;s:11:\"description\";N;s:9:\"help_text\";N;}s:20:\"monetaryDecimalPoint\";a:16:{s:10:\"group_name\";s:24:\"Localization Preferences\";s:5:\"group\";s:12:\"localization\";s:4:\"name\";s:20:\"monetaryDecimalPoint\";s:8:\"prefetch\";i:1;s:11:\"config_only\";i:1;s:4:\"type\";s:6:\"String\";s:15:\"quick_form_type\";s:7:\"Element\";s:9:\"html_type\";s:4:\"text\";s:15:\"html_attributes\";a:1:{s:4:\"size\";i:2;}s:7:\"default\";s:1:\".\";s:3:\"add\";s:3:\"4.3\";s:5:\"title\";s:17:\"Decimal Delimiter\";s:9:\"is_domain\";i:1;s:10:\"is_contact\";i:0;s:11:\"description\";N;s:9:\"help_text\";N;}s:11:\"moneyformat\";a:15:{s:10:\"group_name\";s:24:\"Localization Preferences\";s:5:\"group\";s:12:\"localization\";s:4:\"name\";s:11:\"moneyformat\";s:8:\"prefetch\";i:1;s:11:\"config_only\";i:1;s:4:\"type\";s:6:\"String\";s:15:\"quick_form_type\";s:7:\"Element\";s:9:\"html_type\";s:4:\"text\";s:7:\"default\";s:5:\"%c %a\";s:3:\"add\";s:3:\"4.3\";s:5:\"title\";s:23:\"Monetary Amount Display\";s:9:\"is_domain\";i:1;s:10:\"is_contact\";i:0;s:11:\"description\";N;s:9:\"help_text\";N;}s:16:\"moneyvalueformat\";a:15:{s:10:\"group_name\";s:24:\"Localization Preferences\";s:5:\"group\";s:12:\"localization\";s:4:\"name\";s:16:\"moneyvalueformat\";s:8:\"prefetch\";i:1;s:11:\"config_only\";i:1;s:4:\"type\";s:6:\"String\";s:15:\"quick_form_type\";s:7:\"Element\";s:9:\"html_type\";s:4:\"text\";s:7:\"default\";s:3:\"%!i\";s:3:\"add\";s:3:\"4.3\";s:5:\"title\";s:23:\"Monetary Amount Display\";s:9:\"is_domain\";i:1;s:10:\"is_contact\";i:0;s:11:\"description\";N;s:9:\"help_text\";N;}s:15:\"defaultCurrency\";a:16:{s:10:\"group_name\";s:24:\"Localization Preferences\";s:5:\"group\";s:12:\"localization\";s:4:\"name\";s:15:\"defaultCurrency\";s:8:\"prefetch\";i:1;s:11:\"config_only\";i:1;s:4:\"type\";s:6:\"String\";s:15:\"quick_form_type\";s:7:\"Element\";s:9:\"html_type\";s:4:\"text\";s:15:\"html_attributes\";a:1:{s:4:\"size\";i:2;}s:7:\"default\";s:3:\"USD\";s:3:\"add\";s:3:\"4.3\";s:5:\"title\";s:16:\"Default Currency\";s:9:\"is_domain\";i:1;s:10:\"is_contact\";i:0;s:11:\"description\";s:75:\"Default currency assigned to contributions and other monetary transactions.\";s:9:\"help_text\";N;}s:12:\"countryLimit\";a:16:{s:10:\"group_name\";s:24:\"Localization Preferences\";s:5:\"group\";s:12:\"localization\";s:4:\"name\";s:12:\"countryLimit\";s:8:\"prefetch\";i:1;s:11:\"config_only\";i:1;s:4:\"type\";s:5:\"Array\";s:15:\"quick_form_type\";s:7:\"Element\";s:9:\"html_type\";s:14:\"advmultiselect\";s:15:\"html_attributes\";a:3:{s:4:\"size\";i:5;s:5:\"style\";s:11:\"width:150px\";s:5:\"class\";s:14:\"advmultiselect\";}s:7:\"default\";s:4:\"null\";s:3:\"add\";s:3:\"4.3\";s:5:\"title\";s:19:\"Available Countries\";s:9:\"is_domain\";i:1;s:10:\"is_contact\";i:0;s:11:\"description\";s:0:\"\";s:9:\"help_text\";N;}s:13:\"provinceLimit\";a:16:{s:10:\"group_name\";s:24:\"Localization Preferences\";s:5:\"group\";s:12:\"localization\";s:4:\"name\";s:13:\"provinceLimit\";s:8:\"prefetch\";i:1;s:11:\"config_only\";i:1;s:4:\"type\";s:5:\"Array\";s:15:\"quick_form_type\";s:7:\"Element\";s:9:\"html_type\";s:14:\"advmultiselect\";s:15:\"html_attributes\";a:3:{s:4:\"size\";i:5;s:5:\"style\";s:11:\"width:150px\";s:5:\"class\";s:14:\"advmultiselect\";}s:7:\"default\";s:4:\"null\";s:3:\"add\";s:3:\"4.3\";s:5:\"title\";s:30:\"Available States and Provinces\";s:9:\"is_domain\";i:1;s:10:\"is_contact\";i:0;s:11:\"description\";s:0:\"\";s:9:\"help_text\";N;}s:13:\"inheritLocale\";a:14:{s:10:\"group_name\";s:24:\"Localization Preferences\";s:5:\"group\";s:12:\"localization\";s:4:\"name\";s:13:\"inheritLocale\";s:8:\"prefetch\";i:1;s:11:\"config_only\";i:1;s:4:\"type\";s:7:\"Boolean\";s:15:\"quick_form_type\";s:5:\"YesNo\";s:7:\"default\";s:1:\"0\";s:3:\"add\";s:3:\"4.3\";s:5:\"title\";s:20:\"Inherit CMS Language\";s:9:\"is_domain\";i:1;s:10:\"is_contact\";i:0;s:11:\"description\";s:0:\"\";s:9:\"help_text\";N;}s:20:\"profile_double_optin\";a:12:{s:10:\"group_name\";s:19:\"Mailing Preferences\";s:5:\"group\";s:7:\"mailing\";s:4:\"name\";s:20:\"profile_double_optin\";s:4:\"type\";s:7:\"Integer\";s:9:\"html_type\";s:8:\"checkbox\";s:7:\"default\";i:0;s:3:\"add\";s:3:\"4.1\";s:5:\"title\";s:47:\"Enable Double Opt-in for Profile Group(s) field\";s:9:\"is_domain\";i:1;s:10:\"is_contact\";i:0;s:11:\"description\";s:189:\"When CiviMail is enabled, users who \"subscribe\" to a group from a profile Group(s) checkbox will receive a confirmation email. They must respond (opt-in) before they are added to the group.\";s:9:\"help_text\";N;}s:22:\"track_civimail_replies\";a:13:{s:10:\"group_name\";s:19:\"Mailing Preferences\";s:5:\"group\";s:7:\"mailing\";s:4:\"name\";s:22:\"track_civimail_replies\";s:4:\"type\";s:7:\"Integer\";s:9:\"html_type\";s:8:\"checkbox\";s:7:\"default\";i:0;s:3:\"add\";s:3:\"4.1\";s:5:\"title\";s:47:\"Enable Double Opt-in for Profile Group(s) field\";s:9:\"is_domain\";i:1;s:10:\"is_contact\";i:0;s:11:\"description\";s:189:\"When CiviMail is enabled, users who \"subscribe\" to a group from a profile Group(s) checkbox will receive a confirmation email. They must respond (opt-in) before they are added to the group.\";s:9:\"help_text\";N;s:17:\"validate_callback\";s:41:\"CRM_Core_BAO_Setting::validateBoolSetting\";}s:17:\"civimail_workflow\";a:12:{s:10:\"group_name\";s:19:\"Mailing Preferences\";s:5:\"group\";s:7:\"mailing\";s:4:\"name\";s:17:\"civimail_workflow\";s:4:\"type\";s:7:\"Integer\";s:9:\"html_type\";s:8:\"checkbox\";s:7:\"default\";i:0;s:3:\"add\";s:3:\"4.1\";s:5:\"title\";N;s:9:\"is_domain\";i:1;s:10:\"is_contact\";i:0;s:11:\"description\";s:189:\"When CiviMail is enabled, users who \"subscribe\" to a group from a profile Group(s) checkbox will receive a confirmation email. They must respond (opt-in) before they are added to the group.\";s:9:\"help_text\";N;}s:25:\"civimail_server_wide_lock\";a:12:{s:10:\"group_name\";s:19:\"Mailing Preferences\";s:5:\"group\";s:7:\"mailing\";s:4:\"name\";s:25:\"civimail_server_wide_lock\";s:4:\"type\";s:7:\"Integer\";s:9:\"html_type\";s:8:\"checkbox\";s:7:\"default\";i:0;s:3:\"add\";s:3:\"4.1\";s:5:\"title\";N;s:9:\"is_domain\";i:1;s:10:\"is_contact\";i:0;s:11:\"description\";N;s:9:\"help_text\";N;}s:15:\"mailing_backend\";a:12:{s:10:\"group_name\";s:19:\"Mailing Preferences\";s:5:\"group\";s:7:\"mailing\";s:4:\"name\";s:15:\"mailing_backend\";s:4:\"type\";s:5:\"Array\";s:9:\"html_type\";s:8:\"checkbox\";s:7:\"default\";i:0;s:3:\"add\";s:3:\"4.1\";s:5:\"title\";N;s:9:\"is_domain\";i:1;s:10:\"is_contact\";i:0;s:11:\"description\";N;s:9:\"help_text\";N;}s:33:\"profile_add_to_group_double_optin\";a:12:{s:10:\"group_name\";s:19:\"Mailing Preferences\";s:5:\"group\";s:7:\"mailing\";s:4:\"name\";s:33:\"profile_add_to_group_double_optin\";s:4:\"type\";s:7:\"Integer\";s:9:\"html_type\";s:8:\"checkbox\";s:7:\"default\";i:0;s:3:\"add\";s:3:\"4.1\";s:5:\"title\";s:47:\"Enable Double Opt-in for Profile Group(s) field\";s:9:\"is_domain\";i:1;s:10:\"is_contact\";i:0;s:11:\"description\";s:189:\"When CiviMail is enabled, users who \"subscribe\" to a group from a profile Group(s) checkbox will receive a confirmation email. They must respond (opt-in) before they are added to the group.\";s:9:\"help_text\";N;}s:33:\"default_renewal_contribution_page\";a:13:{s:10:\"group_name\";s:18:\"Member Preferences\";s:5:\"group\";s:6:\"member\";s:4:\"name\";s:33:\"default_renewal_contribution_page\";s:4:\"type\";s:7:\"Integer\";s:9:\"html_type\";s:6:\"Select\";s:7:\"default\";N;s:14:\"pseudoconstant\";a:1:{s:4:\"name\";s:16:\"contributionPage\";}s:3:\"add\";s:3:\"4.1\";s:5:\"title\";s:38:\"Default online membership renewal page\";s:9:\"is_domain\";i:1;s:10:\"is_contact\";i:0;s:11:\"description\";s:348:\"If you select a default online contribution page for self-service membership renewals, a \"renew\" link pointing to that page will be displayed on the Contact Dashboard for memberships which were entered offline. You will need to ensure that the membership block for the selected online contribution page includes any currently available memberships.\";s:9:\"help_text\";N;}s:10:\"is_enabled\";a:10:{s:10:\"group_name\";s:22:\"Multi Site Preferences\";s:5:\"group\";s:9:\"multisite\";s:4:\"name\";s:10:\"is_enabled\";s:4:\"type\";s:7:\"Integer\";s:7:\"default\";N;s:3:\"add\";s:3:\"4.1\";s:9:\"is_domain\";i:1;s:10:\"is_contact\";i:0;s:11:\"description\";s:20:\"Multisite is enabled\";s:9:\"help_text\";N;}s:15:\"domain_group_id\";a:10:{s:10:\"group_name\";s:22:\"Multi Site Preferences\";s:5:\"group\";s:9:\"multisite\";s:4:\"name\";s:15:\"domain_group_id\";s:4:\"type\";s:7:\"Integer\";s:7:\"default\";N;s:3:\"add\";s:3:\"4.1\";s:9:\"is_domain\";i:1;s:10:\"is_contact\";i:0;s:11:\"description\";N;s:9:\"help_text\";N;}s:25:\"event_price_set_domain_id\";a:10:{s:10:\"group_name\";s:22:\"Multi Site Preferences\";s:5:\"group\";s:9:\"multisite\";s:4:\"name\";s:25:\"event_price_set_domain_id\";s:4:\"type\";s:7:\"Integer\";s:7:\"default\";N;s:3:\"add\";s:3:\"4.1\";s:9:\"is_domain\";i:1;s:10:\"is_contact\";i:0;s:11:\"description\";s:0:\"\";s:9:\"help_text\";N;}s:19:\"uniq_email_per_site\";a:10:{s:10:\"group_name\";s:22:\"Multi Site Preferences\";s:5:\"group\";s:9:\"multisite\";s:4:\"name\";s:19:\"uniq_email_per_site\";s:4:\"type\";s:7:\"Integer\";s:7:\"default\";N;s:3:\"add\";s:3:\"4.1\";s:9:\"is_domain\";i:1;s:10:\"is_contact\";i:0;s:11:\"description\";s:0:\"\";s:9:\"help_text\";N;}s:25:\"search_autocomplete_count\";a:15:{s:10:\"group_name\";s:18:\"Search Preferences\";s:5:\"group\";s:18:\"Search Preferences\";s:4:\"name\";s:25:\"search_autocomplete_count\";s:8:\"prefetch\";i:0;s:4:\"type\";s:7:\"Integer\";s:15:\"quick_form_type\";s:7:\"Element\";s:9:\"html_type\";s:4:\"text\";s:15:\"html_attributes\";a:2:{s:4:\"size\";i:2;s:9:\"maxlength\";i:2;}s:7:\"default\";i:10;s:3:\"add\";s:3:\"4.3\";s:5:\"title\";s:20:\"Autocomplete Results\";s:9:\"is_domain\";i:1;s:10:\"is_contact\";i:0;s:11:\"description\";s:86:\"The maximum number of contacts to show at a time when typing in an autocomplete field.\";s:9:\"help_text\";N;}s:24:\"userFrameworkResourceURL\";a:12:{s:5:\"group\";s:14:\"UrlPreferences\";s:10:\"group_name\";s:3:\"url\";s:4:\"name\";s:24:\"userFrameworkResourceURL\";s:4:\"type\";s:6:\"String\";s:7:\"default\";N;s:3:\"add\";s:3:\"4.1\";s:8:\"prefetch\";i:1;s:9:\"is_domain\";i:1;s:10:\"is_contact\";i:0;s:11:\"description\";s:20:\"CiviCRM Resource URL\";s:9:\"help_text\";N;s:17:\"validate_callback\";s:19:\"CRM_Utils_Rule::url\";}s:14:\"imageUploadURL\";a:12:{s:5:\"group\";s:14:\"UrlPreferences\";s:10:\"group_name\";s:3:\"url\";s:4:\"name\";s:14:\"imageUploadURL\";s:4:\"type\";s:6:\"String\";s:7:\"default\";N;s:3:\"add\";s:3:\"4.1\";s:8:\"prefetch\";i:1;s:9:\"is_domain\";i:1;s:10:\"is_contact\";i:0;s:11:\"description\";s:16:\"Image Upload URL\";s:9:\"help_text\";N;s:17:\"validate_callback\";s:19:\"CRM_Utils_Rule::url\";}s:12:\"customCSSURL\";a:12:{s:5:\"group\";s:14:\"UrlPreferences\";s:10:\"group_name\";s:3:\"url\";s:4:\"name\";s:12:\"customCSSURL\";s:4:\"type\";s:6:\"String\";s:7:\"default\";N;s:3:\"add\";s:3:\"4.1\";s:8:\"prefetch\";i:1;s:9:\"is_domain\";i:1;s:10:\"is_contact\";i:0;s:11:\"description\";s:22:\"Custom CiviCRM CSS URL\";s:9:\"help_text\";N;s:17:\"validate_callback\";s:19:\"CRM_Utils_Rule::url\";}}',NULL,'2012-12-04 14:36:58',NULL),(2,'CiviCRM setting Specs','settingsMetadata__1','a:66:{s:32:\"address_standardization_provider\";a:12:{s:10:\"group_name\";s:19:\"Address Preferences\";s:5:\"group\";s:7:\"address\";s:4:\"name\";s:32:\"address_standardization_provider\";s:4:\"type\";s:6:\"String\";s:9:\"html_type\";s:6:\"Select\";s:7:\"default\";N;s:3:\"add\";s:3:\"4.1\";s:5:\"title\";s:33:\"Address Standardization Provider.\";s:9:\"is_domain\";i:1;s:10:\"is_contact\";i:0;s:11:\"description\";N;s:9:\"help_text\";s:486:\"CiviCRM includes an optional plugin for interfacing with the United States Postal Services (USPS) Address Standardization web service. You must register to use the USPS service at https://www.usps.com/business/webtools-address-information.htm. If you are approved, they will provide you with a User ID and the URL for the service. Plugins for other address standardization services may be available from 3rd party developers. If installed, they will be included in the drop-down below. \";}s:30:\"address_standardization_userid\";a:12:{s:10:\"group_name\";s:19:\"Address Preferences\";s:5:\"group\";s:7:\"address\";s:4:\"name\";s:30:\"address_standardization_userid\";s:4:\"type\";s:6:\"String\";s:9:\"html_type\";s:4:\"Text\";s:7:\"default\";N;s:3:\"add\";s:3:\"4.1\";s:5:\"title\";s:19:\"Web service user ID\";s:9:\"is_domain\";i:1;s:10:\"is_contact\";i:0;s:11:\"description\";N;s:9:\"help_text\";N;}s:27:\"address_standardization_url\";a:13:{s:10:\"group_name\";s:19:\"Address Preferences\";s:5:\"group\";s:7:\"address\";s:4:\"name\";s:27:\"address_standardization_url\";s:4:\"type\";s:4:\"Text\";s:9:\"html_type\";s:4:\"Text\";s:7:\"default\";N;s:3:\"add\";s:3:\"4.1\";s:5:\"title\";s:15:\"Web service url\";s:9:\"is_domain\";i:1;s:10:\"is_contact\";i:0;s:11:\"description\";N;s:9:\"help_text\";s:16:\"Web service URL.\";s:17:\"validate_callback\";s:19:\"CRM_Utils_Rule::url\";}s:15:\"tag_unconfirmed\";a:12:{s:10:\"group_name\";s:20:\"Campaign Preferences\";s:5:\"group\";s:8:\"campaign\";s:4:\"name\";s:15:\"tag_unconfirmed\";s:4:\"type\";s:6:\"String\";s:9:\"html_type\";s:4:\"Text\";s:7:\"default\";s:11:\"Unconfirmed\";s:3:\"add\";s:3:\"4.1\";s:5:\"title\";s:36:\"Tag for Unconfirmed Petition Signers\";s:9:\"is_domain\";i:1;s:10:\"is_contact\";i:0;s:11:\"description\";N;s:9:\"help_text\";s:94:\"If set, new contacts that are created when signing a petition are assigned a tag of this name.\";}s:17:\"petition_contacts\";a:12:{s:10:\"group_name\";s:20:\"Campaign Preferences\";s:5:\"group\";s:8:\"campaign\";s:4:\"name\";s:17:\"petition_contacts\";s:4:\"type\";s:6:\"String\";s:9:\"html_type\";s:4:\"Text\";s:7:\"default\";s:17:\"Petition Contacts\";s:3:\"add\";s:3:\"4.1\";s:5:\"title\";s:22:\"Petition Signers Group\";s:9:\"is_domain\";i:1;s:10:\"is_contact\";i:0;s:11:\"description\";N;s:9:\"help_text\";s:94:\"If set, new contacts that are created when signing a petition are assigned a tag of this name.\";}s:23:\"cvv_backoffice_required\";a:12:{s:10:\"group_name\";s:22:\"Contribute Preferences\";s:5:\"group\";s:10:\"contribute\";s:4:\"name\";s:23:\"cvv_backoffice_required\";s:4:\"type\";s:7:\"Boolean\";s:15:\"quick_form_type\";s:5:\"YesNo\";s:7:\"default\";s:1:\"1\";s:3:\"add\";s:3:\"4.1\";s:5:\"title\";s:28:\"CVV required for backoffice?\";s:9:\"is_domain\";i:1;s:10:\"is_contact\";i:0;s:11:\"description\";s:65:\"Is the CVV code required for back office credit card transactions\";s:9:\"help_text\";s:137:\"If set it back-office credit card transactions will required a cvv code. Leave as required unless you have a very strong reason to change\";}s:20:\"contact_view_options\";a:13:{s:10:\"group_name\";s:19:\"CiviCRM Preferences\";s:5:\"group\";s:4:\"core\";s:4:\"name\";s:20:\"contact_view_options\";s:4:\"type\";s:6:\"String\";s:9:\"html_type\";s:10:\"checkboxes\";s:14:\"pseudoconstant\";a:1:{s:15:\"optionGroupName\";s:20:\"contact_view_options\";}s:7:\"default\";s:28:\"123456789101113\";s:3:\"add\";s:3:\"4.1\";s:5:\"title\";s:16:\"Viewing Contacts\";s:9:\"is_domain\";s:1:\"1\";s:10:\"is_contact\";i:0;s:11:\"description\";N;s:9:\"help_text\";N;}s:20:\"contact_edit_options\";a:13:{s:10:\"group_name\";s:19:\"CiviCRM Preferences\";s:5:\"group\";s:4:\"core\";s:4:\"name\";s:20:\"contact_edit_options\";s:4:\"type\";s:6:\"String\";s:9:\"html_type\";s:10:\"checkboxes\";s:14:\"pseudoconstant\";a:1:{s:15:\"optionGroupName\";s:20:\"contact_edit_options\";}s:7:\"default\";s:25:\"1234567891011\";s:3:\"add\";s:3:\"4.1\";s:5:\"title\";s:16:\"Editing Contacts\";s:9:\"is_domain\";i:1;s:10:\"is_contact\";i:0;s:11:\"description\";N;s:9:\"help_text\";N;}s:23:\"advanced_search_options\";a:12:{s:10:\"group_name\";s:19:\"CiviCRM Preferences\";s:4:\"name\";s:23:\"advanced_search_options\";s:4:\"type\";s:6:\"String\";s:9:\"html_type\";s:10:\"checkboxes\";s:14:\"pseudoconstant\";a:1:{s:15:\"optionGroupName\";s:23:\"advanced_search_options\";}s:7:\"default\";s:43:\"1234567891012131516171819\";s:3:\"add\";s:3:\"4.1\";s:5:\"title\";s:14:\"Contact Search\";s:9:\"is_domain\";i:1;s:10:\"is_contact\";i:0;s:11:\"description\";N;s:9:\"help_text\";N;}s:22:\"user_dashboard_options\";a:13:{s:10:\"group_name\";s:19:\"CiviCRM Preferences\";s:5:\"group\";s:4:\"core\";s:4:\"name\";s:22:\"user_dashboard_options\";s:4:\"type\";s:6:\"String\";s:9:\"html_type\";s:10:\"checkboxes\";s:14:\"pseudoconstant\";a:1:{s:15:\"optionGroupName\";s:22:\"user_dashboard_options\";}s:7:\"default\";s:17:\"12345789\";s:3:\"add\";s:3:\"4.1\";s:5:\"title\";N;s:9:\"is_domain\";i:1;s:10:\"is_contact\";i:0;s:11:\"description\";N;s:9:\"help_text\";N;}s:15:\"address_options\";a:13:{s:10:\"group_name\";s:19:\"CiviCRM Preferences\";s:5:\"group\";s:4:\"core\";s:4:\"name\";s:15:\"address_options\";s:4:\"type\";s:6:\"String\";s:9:\"html_type\";s:4:\"Text\";s:14:\"pseudoconstant\";a:1:{s:15:\"optionGroupName\";s:15:\"address_options\";}s:7:\"default\";s:19:\"1245891011\";s:3:\"add\";s:3:\"4.1\";s:5:\"title\";s:18:\"Addressing Options\";s:9:\"is_domain\";i:1;s:10:\"is_contact\";i:0;s:11:\"description\";N;s:9:\"help_text\";N;}s:14:\"address_format\";a:12:{s:10:\"group_name\";s:19:\"CiviCRM Preferences\";s:5:\"group\";s:4:\"core\";s:4:\"name\";s:14:\"address_format\";s:4:\"type\";s:6:\"String\";s:9:\"html_type\";s:4:\"Text\";s:7:\"default\";s:198:\"{contact.address_name}\n{contact.street_address}\n{contact.supplemental_address_1}\n{contact.supplemental_address_2}\n{contact.city}{, }{contact.state_province}{ }{contact.postal_code}\n{contact.country}\";s:3:\"add\";s:3:\"4.1\";s:5:\"title\";s:14:\"Address Format\";s:9:\"is_domain\";i:1;s:10:\"is_contact\";i:0;s:11:\"description\";N;s:9:\"help_text\";N;}s:14:\"mailing_format\";a:12:{s:10:\"group_name\";s:19:\"CiviCRM Preferences\";s:5:\"group\";s:4:\"core\";s:4:\"name\";s:14:\"mailing_format\";s:4:\"type\";s:6:\"String\";s:9:\"html_type\";s:4:\"Text\";s:7:\"default\";s:195:\"{contact.addressee}\n{contact.street_address}\n{contact.supplemental_address_1}\n{contact.supplemental_address_2}\n{contact.city}{, }{contact.state_province}{ }{contact.postal_code}\n{contact.country}\";s:3:\"add\";s:3:\"4.1\";s:5:\"title\";s:14:\"Mailing Format\";s:9:\"is_domain\";i:1;s:10:\"is_contact\";i:0;s:11:\"description\";N;s:9:\"help_text\";N;}s:19:\"display_name_format\";a:12:{s:10:\"group_name\";s:19:\"CiviCRM Preferences\";s:5:\"group\";s:4:\"core\";s:4:\"name\";s:19:\"display_name_format\";s:4:\"type\";s:6:\"String\";s:9:\"html_type\";s:4:\"Text\";s:7:\"default\";s:102:\"{contact.individual_prefix}{ }{contact.first_name}{ }{contact.last_name}{ }{contact.individual_suffix}\";s:3:\"add\";s:3:\"4.1\";s:5:\"title\";s:19:\"Display Name Format\";s:9:\"is_domain\";i:1;s:10:\"is_contact\";i:0;s:11:\"description\";N;s:9:\"help_text\";N;}s:16:\"sort_name_format\";a:12:{s:10:\"group_name\";s:19:\"CiviCRM Preferences\";s:5:\"group\";s:4:\"core\";s:4:\"name\";s:16:\"sort_name_format\";s:4:\"type\";s:6:\"String\";s:9:\"html_type\";s:4:\"Text\";s:7:\"default\";s:43:\"{contact.last_name}{, }{contact.first_name}\";s:3:\"add\";s:3:\"4.1\";s:5:\"title\";N;s:9:\"is_domain\";i:1;s:10:\"is_contact\";i:0;s:11:\"description\";N;s:9:\"help_text\";N;}s:9:\"editor_id\";a:12:{s:10:\"group_name\";s:19:\"CiviCRM Preferences\";s:5:\"group\";s:4:\"core\";s:4:\"name\";s:9:\"editor_id\";s:4:\"type\";s:6:\"String\";s:9:\"html_type\";s:4:\"Text\";s:7:\"default\";N;s:3:\"add\";s:3:\"4.1\";s:5:\"title\";N;s:9:\"is_domain\";i:1;s:10:\"is_contact\";i:0;s:11:\"description\";N;s:9:\"help_text\";N;}s:26:\"contact_ajax_check_similar\";a:12:{s:10:\"group_name\";s:19:\"CiviCRM Preferences\";s:5:\"group\";s:4:\"core\";s:4:\"name\";s:26:\"contact_ajax_check_similar\";s:4:\"type\";s:6:\"String\";s:9:\"html_type\";s:4:\"Text\";s:7:\"default\";N;s:3:\"add\";s:3:\"4.1\";s:5:\"title\";N;s:9:\"is_domain\";i:1;s:10:\"is_contact\";i:0;s:11:\"description\";N;s:9:\"help_text\";N;}s:30:\"activity_assignee_notification\";a:12:{s:10:\"group_name\";s:19:\"CiviCRM Preferences\";s:5:\"group\";s:4:\"core\";s:4:\"name\";s:30:\"activity_assignee_notification\";s:4:\"type\";s:6:\"String\";s:9:\"html_type\";s:4:\"Text\";s:7:\"default\";N;s:3:\"add\";s:3:\"4.1\";s:5:\"title\";s:25:\"Notify Activity Assignees\";s:9:\"is_domain\";i:1;s:10:\"is_contact\";i:0;s:11:\"description\";N;s:9:\"help_text\";N;}s:34:\"activity_assignee_notification_ics\";a:12:{s:10:\"group_name\";s:19:\"CiviCRM Preferences\";s:5:\"group\";s:4:\"core\";s:4:\"name\";s:34:\"activity_assignee_notification_ics\";s:4:\"type\";s:6:\"String\";s:9:\"html_type\";s:4:\"Text\";s:7:\"default\";N;s:3:\"add\";s:3:\"4.3\";s:5:\"title\";s:41:\"Include ICal Invite to Activity Assignees\";s:9:\"is_domain\";i:1;s:10:\"is_contact\";i:0;s:11:\"description\";N;s:9:\"help_text\";N;}s:28:\"contact_autocomplete_options\";a:12:{s:10:\"group_name\";s:19:\"CiviCRM Preferences\";s:5:\"group\";s:4:\"core\";s:4:\"name\";s:28:\"contact_autocomplete_options\";s:4:\"type\";s:6:\"String\";s:9:\"html_type\";s:10:\"checkboxes\";s:7:\"default\";s:15:\"1234567\";s:3:\"add\";s:3:\"4.1\";s:5:\"title\";s:38:\"Contact Reference Autocomplete Options\";s:9:\"is_domain\";i:1;s:10:\"is_contact\";i:0;s:11:\"description\";N;s:9:\"help_text\";N;}s:25:\"contact_reference_options\";a:13:{s:10:\"group_name\";s:19:\"CiviCRM Preferences\";s:5:\"group\";s:4:\"core\";s:4:\"name\";s:25:\"contact_reference_options\";s:4:\"type\";s:6:\"String\";s:9:\"html_type\";s:10:\"checkboxes\";s:14:\"pseudoconstant\";a:1:{s:15:\"optionGroupName\";s:25:\"contact_reference_options\";}s:7:\"default\";s:15:\"1234567\";s:3:\"add\";s:3:\"4.1\";s:5:\"title\";N;s:9:\"is_domain\";i:1;s:10:\"is_contact\";i:0;s:11:\"description\";N;s:9:\"help_text\";N;}s:15:\"max_attachments\";a:16:{s:10:\"group_name\";s:19:\"CiviCRM Preferences\";s:5:\"group\";s:4:\"core\";s:4:\"name\";s:15:\"max_attachments\";s:10:\"legacy_key\";s:14:\"maxAttachments\";s:8:\"prefetch\";i:0;s:4:\"type\";s:7:\"Integer\";s:15:\"quick_form_type\";s:7:\"Element\";s:9:\"html_type\";s:4:\"text\";s:15:\"html_attributes\";a:2:{s:4:\"size\";i:2;s:9:\"maxlength\";i:8;}s:7:\"default\";i:3;s:3:\"add\";s:3:\"4.3\";s:5:\"title\";s:19:\"Maximum Attachments\";s:9:\"is_domain\";i:1;s:10:\"is_contact\";i:0;s:11:\"description\";s:93:\"Maximum number of files (documents, images, etc.) which can attached to emails or activities.\";s:9:\"help_text\";N;}s:11:\"maxFileSize\";a:16:{s:10:\"group_name\";s:19:\"CiviCRM Preferences\";s:5:\"group\";s:4:\"core\";s:4:\"name\";s:11:\"maxFileSize\";s:8:\"prefetch\";i:1;s:11:\"config_only\";i:1;s:4:\"type\";s:7:\"Integer\";s:15:\"quick_form_type\";s:7:\"Element\";s:9:\"html_type\";s:4:\"text\";s:15:\"html_attributes\";a:2:{s:4:\"size\";i:2;s:9:\"maxlength\";i:8;}s:7:\"default\";i:3;s:3:\"add\";s:3:\"4.3\";s:5:\"title\";s:25:\"Maximum File Size (in MB)\";s:9:\"is_domain\";i:1;s:10:\"is_contact\";i:0;s:11:\"description\";s:140:\"Maximum Size of file (documents, images, etc.) which can attached to emails or activities.<br />Note: php.ini should support this file size.\";s:9:\"help_text\";N;}s:16:\"contact_undelete\";a:12:{s:10:\"group_name\";s:19:\"CiviCRM Preferences\";s:5:\"group\";s:4:\"core\";s:4:\"name\";s:16:\"contact_undelete\";s:4:\"type\";s:7:\"Boolean\";s:15:\"quick_form_type\";s:5:\"YesNo\";s:7:\"default\";i:1;s:3:\"add\";s:3:\"4.3\";s:5:\"title\";s:26:\"Contact Trash and Undelete\";s:9:\"is_domain\";i:1;s:10:\"is_contact\";i:0;s:11:\"description\";s:200:\"If enabled, deleted contacts will be moved to trash (instead of being destroyed). Users with the proper permission are able to search for the deleted contacts and restore them (or delete permanently).\";s:9:\"help_text\";N;}s:12:\"versionCheck\";a:14:{s:10:\"group_name\";s:19:\"CiviCRM Preferences\";s:5:\"group\";s:4:\"core\";s:4:\"name\";s:12:\"versionCheck\";s:8:\"prefetch\";i:1;s:11:\"config_only\";i:1;s:4:\"type\";s:7:\"Boolean\";s:15:\"quick_form_type\";s:5:\"YesNo\";s:7:\"default\";i:1;s:3:\"add\";s:3:\"4.3\";s:5:\"title\";s:36:\"Version Check & Statistics Reporting\";s:9:\"is_domain\";i:1;s:10:\"is_contact\";i:0;s:11:\"description\";s:847:\"If enabled, CiviCRM automatically checks availablity of a newer version of the software. New version alerts will be displayed on the main CiviCRM Administration page.\nWhen enabled, statistics about your CiviCRM installation are reported anonymously to the CiviCRM team to assist in prioritizing ongoing development efforts. The following information is gathered: CiviCRM version, versions of PHP, MySQL and framework (Drupal/Joomla/standalone), and default language. Counts (but no actual data) of the following record types are reported: contacts, activities, cases, relationships, contributions, contribution pages, contribution products, contribution widgets, discounts, price sets, profiles, events, participants, tell-a-friend pages, grants, mailings, memberships, membership blocks, pledges, pledge blocks and active payment processor types.\";s:9:\"help_text\";N;}s:21:\"doNotAttachPDFReceipt\";a:14:{s:10:\"group_name\";s:19:\"CiviCRM Preferences\";s:5:\"group\";s:4:\"core\";s:4:\"name\";s:21:\"doNotAttachPDFReceipt\";s:8:\"prefetch\";i:1;s:11:\"config_only\";i:1;s:4:\"type\";s:7:\"Boolean\";s:15:\"quick_form_type\";s:5:\"YesNo\";s:7:\"default\";i:1;s:3:\"add\";s:3:\"4.3\";s:5:\"title\";s:27:\"Attach PDF copy to receipts\";s:9:\"is_domain\";i:1;s:10:\"is_contact\";i:0;s:11:\"description\";s:98:\"If enabled, CiviCRM sends PDF receipt as an attachment during event signup or online contribution.\";s:9:\"help_text\";N;}s:15:\"wkhtmltopdfPath\";a:16:{s:10:\"group_name\";s:19:\"CiviCRM Preferences\";s:5:\"group\";s:4:\"core\";s:4:\"name\";s:15:\"wkhtmltopdfPath\";s:8:\"prefetch\";i:1;s:11:\"config_only\";i:1;s:4:\"type\";s:6:\"String\";s:15:\"quick_form_type\";s:7:\"Element\";s:9:\"html_type\";s:4:\"Text\";s:15:\"html_attributes\";a:2:{s:4:\"size\";i:64;s:9:\"maxlength\";i:256;}s:7:\"default\";N;s:3:\"add\";s:3:\"4.3\";s:5:\"title\";s:30:\"Path to wkhtmltopdf executable\";s:9:\"is_domain\";i:1;s:10:\"is_contact\";i:0;s:11:\"description\";N;s:9:\"help_text\";N;}s:18:\"recaptchaPublicKey\";a:16:{s:10:\"group_name\";s:19:\"CiviCRM Preferences\";s:5:\"group\";s:4:\"core\";s:4:\"name\";s:18:\"recaptchaPublicKey\";s:8:\"prefetch\";i:1;s:11:\"config_only\";i:1;s:4:\"type\";s:6:\"String\";s:15:\"quick_form_type\";s:7:\"Element\";s:9:\"html_type\";s:4:\"Text\";s:15:\"html_attributes\";a:2:{s:4:\"size\";i:64;s:9:\"maxlength\";i:64;}s:7:\"default\";N;s:3:\"add\";s:3:\"4.3\";s:5:\"title\";s:20:\"Recaptcha Public Key\";s:9:\"is_domain\";i:1;s:10:\"is_contact\";i:0;s:11:\"description\";N;s:9:\"help_text\";N;}s:19:\"recaptchaPrivateKey\";a:16:{s:10:\"group_name\";s:19:\"CiviCRM Preferences\";s:5:\"group\";s:4:\"core\";s:4:\"name\";s:19:\"recaptchaPrivateKey\";s:8:\"prefetch\";i:1;s:11:\"config_only\";i:1;s:4:\"type\";s:6:\"String\";s:15:\"quick_form_type\";s:7:\"Element\";s:9:\"html_type\";s:4:\"Text\";s:15:\"html_attributes\";a:2:{s:4:\"size\";i:64;s:9:\"maxlength\";i:64;}s:7:\"default\";N;s:3:\"add\";s:3:\"4.3\";s:5:\"title\";s:21:\"Recaptcha Private Key\";s:9:\"is_domain\";i:1;s:10:\"is_contact\";i:0;s:11:\"description\";N;s:9:\"help_text\";N;}s:21:\"dashboardCacheTimeout\";a:16:{s:10:\"group_name\";s:19:\"CiviCRM Preferences\";s:5:\"group\";s:4:\"core\";s:4:\"name\";s:21:\"dashboardCacheTimeout\";s:8:\"prefetch\";i:1;s:11:\"config_only\";i:1;s:4:\"type\";s:7:\"Integer\";s:15:\"quick_form_type\";s:7:\"Element\";s:9:\"html_type\";s:4:\"Text\";s:15:\"html_attributes\";a:2:{s:4:\"size\";i:3;s:9:\"maxlength\";i:5;}s:7:\"default\";N;s:3:\"add\";s:3:\"4.3\";s:5:\"title\";s:23:\"Dashboard cache timeout\";s:9:\"is_domain\";i:1;s:10:\"is_contact\";i:0;s:11:\"description\";N;s:9:\"help_text\";N;}s:15:\"checksumTimeout\";a:16:{s:10:\"group_name\";s:19:\"CiviCRM Preferences\";s:5:\"group\";s:4:\"core\";s:4:\"name\";s:15:\"checksumTimeout\";s:8:\"prefetch\";i:1;s:11:\"config_only\";i:1;s:4:\"type\";s:7:\"Integer\";s:15:\"quick_form_type\";s:7:\"Element\";s:9:\"html_type\";s:4:\"Text\";s:15:\"html_attributes\";a:2:{s:4:\"size\";i:2;s:9:\"maxlength\";i:8;}s:7:\"default\";i:7;s:3:\"add\";s:3:\"4.3\";s:5:\"title\";s:23:\"Dashboard cache timeout\";s:9:\"is_domain\";i:1;s:10:\"is_contact\";i:0;s:11:\"description\";N;s:9:\"help_text\";N;}s:13:\"debug_enabled\";a:15:{s:10:\"group_name\";s:21:\"Developer Preferences\";s:5:\"group\";s:9:\"developer\";s:4:\"name\";s:13:\"debug_enabled\";s:11:\"config_only\";i:1;s:10:\"config_key\";s:5:\"debug\";s:4:\"type\";s:7:\"Boolean\";s:15:\"quick_form_type\";s:5:\"YesNo\";s:7:\"default\";s:1:\"0\";s:3:\"add\";s:3:\"4.3\";s:5:\"title\";s:16:\"Enable Debugging\";s:9:\"is_domain\";i:1;s:10:\"is_contact\";i:0;s:11:\"description\";s:130:\"Set this value to Yes if you want to use one of CiviCRM\'s debugging tools. This feature should NOT be enabled for production sites\";s:8:\"prefetch\";i:1;s:9:\"help_text\";s:39:\"Do not turn this on on production sites\";}s:20:\"userFrameworkLogging\";a:14:{s:10:\"group_name\";s:21:\"Developer Preferences\";s:5:\"group\";s:9:\"developer\";s:4:\"name\";s:20:\"userFrameworkLogging\";s:11:\"config_only\";i:1;s:4:\"type\";s:7:\"Boolean\";s:15:\"quick_form_type\";s:5:\"YesNo\";s:7:\"default\";s:1:\"0\";s:3:\"add\";s:3:\"4.3\";s:5:\"title\";s:30:\"Enable Drupal Watchdog Logging\";s:9:\"is_domain\";i:1;s:10:\"is_contact\";i:0;s:11:\"description\";s:102:\"Set this value to Yes if you want CiviCRM error/debugging messages to also appear in Drupal error logs\";s:8:\"prefetch\";i:1;s:9:\"help_text\";s:239:\"Set this value to Yes if you want CiviCRM error/debugging messages the appear in your CMS\' error log.\nIn the case of Drupal, this will cause all CiviCRM error messages to appear in the watchdog (assuming you have Drupal\'s watchdog enabled)\";}s:9:\"backtrace\";a:13:{s:10:\"group_name\";s:21:\"Developer Preferences\";s:5:\"group\";s:9:\"developer\";s:4:\"name\";s:9:\"backtrace\";s:11:\"config_only\";i:1;s:4:\"type\";s:7:\"Boolean\";s:15:\"quick_form_type\";s:5:\"YesNo\";s:7:\"default\";s:1:\"0\";s:3:\"add\";s:3:\"4.3\";s:5:\"title\";s:17:\"Display Backtrace\";s:9:\"is_domain\";i:1;s:10:\"is_contact\";i:0;s:11:\"description\";s:155:\"Set this value to Yes if you want to display a backtrace listing when a fatal error is encountered. This feature should NOT be enabled for production sites\";s:8:\"prefetch\";i:1;}s:18:\"fatalErrorTemplate\";a:13:{s:10:\"group_name\";s:21:\"Developer Preferences\";s:5:\"group\";s:9:\"developer\";s:4:\"name\";s:18:\"fatalErrorTemplate\";s:11:\"config_only\";i:1;s:4:\"type\";s:6:\"String\";s:15:\"quick_form_type\";s:4:\"text\";s:7:\"default\";s:20:\"CRM/common/fatal.tpl\";s:3:\"add\";s:3:\"4.3\";s:5:\"title\";s:20:\"Fatal Error Template\";s:9:\"is_domain\";i:1;s:10:\"is_contact\";i:0;s:11:\"description\";s:123:\"Enter the path and filename for a custom Smarty template if you want to define your own screen for displaying fatal errors.\";s:8:\"prefetch\";i:1;}s:17:\"fatalErrorHandler\";a:13:{s:10:\"group_name\";s:21:\"Developer Preferences\";s:5:\"group\";s:9:\"developer\";s:4:\"name\";s:17:\"fatalErrorHandler\";s:11:\"config_only\";i:1;s:4:\"type\";s:6:\"String\";s:15:\"quick_form_type\";s:4:\"text\";s:7:\"default\";s:4:\"null\";s:3:\"add\";s:3:\"4.3\";s:5:\"title\";s:19:\"Fatal Error Handler\";s:9:\"is_domain\";i:1;s:10:\"is_contact\";i:0;s:11:\"description\";s:136:\"Enter the path and class for a custom PHP error-handling function if you want to override built-in CiviCRM error handling for your site.\";s:8:\"prefetch\";i:1;}s:9:\"uploadDir\";a:13:{s:10:\"group_name\";s:21:\"Directory Preferences\";s:5:\"group\";s:9:\"directory\";s:4:\"name\";s:9:\"uploadDir\";s:4:\"type\";s:3:\"Url\";s:9:\"html_type\";s:4:\"Text\";s:7:\"default\";N;s:3:\"add\";s:3:\"4.1\";s:8:\"prefetch\";i:1;s:5:\"title\";N;s:9:\"is_domain\";i:1;s:10:\"is_contact\";i:0;s:11:\"description\";N;s:9:\"help_text\";s:94:\"If set, new contacts that are created when signing a petition are assigned a tag of this name.\";}s:14:\"imageUploadDir\";a:13:{s:10:\"group_name\";s:21:\"Directory Preferences\";s:5:\"group\";s:9:\"directory\";s:4:\"name\";s:14:\"imageUploadDir\";s:4:\"type\";s:3:\"Url\";s:9:\"html_type\";s:4:\"Text\";s:7:\"default\";N;s:3:\"add\";s:3:\"4.1\";s:8:\"prefetch\";i:1;s:5:\"title\";N;s:9:\"is_domain\";i:1;s:10:\"is_contact\";i:0;s:11:\"description\";N;s:9:\"help_text\";N;}s:19:\"customFileUploadDir\";a:13:{s:10:\"group_name\";s:21:\"Directory Preferences\";s:5:\"group\";s:9:\"directory\";s:4:\"name\";s:19:\"customFileUploadDir\";s:4:\"type\";s:3:\"Url\";s:9:\"html_type\";s:4:\"Text\";s:7:\"default\";N;s:3:\"add\";s:3:\"4.1\";s:8:\"prefetch\";i:1;s:5:\"title\";N;s:9:\"is_domain\";i:1;s:10:\"is_contact\";i:0;s:11:\"description\";N;s:9:\"help_text\";N;}s:17:\"customTemplateDir\";a:13:{s:10:\"group_name\";s:21:\"Directory Preferences\";s:5:\"group\";s:9:\"directory\";s:4:\"name\";s:17:\"customTemplateDir\";s:4:\"type\";s:3:\"Url\";s:9:\"html_type\";s:4:\"Text\";s:7:\"default\";N;s:3:\"add\";s:3:\"4.1\";s:8:\"prefetch\";i:1;s:5:\"title\";N;s:9:\"is_domain\";i:1;s:10:\"is_contact\";i:0;s:11:\"description\";N;s:9:\"help_text\";N;}s:16:\"customPHPPathDir\";a:13:{s:10:\"group_name\";s:21:\"Directory Preferences\";s:5:\"group\";s:9:\"directory\";s:4:\"name\";s:16:\"customPHPPathDir\";s:4:\"type\";s:3:\"Url\";s:9:\"html_type\";s:4:\"Text\";s:7:\"default\";N;s:3:\"add\";s:3:\"4.1\";s:8:\"prefetch\";i:1;s:5:\"title\";N;s:9:\"is_domain\";i:1;s:10:\"is_contact\";i:0;s:11:\"description\";N;s:9:\"help_text\";N;}s:13:\"extensionsDir\";a:13:{s:10:\"group_name\";s:21:\"Directory Preferences\";s:5:\"group\";s:9:\"directory\";s:4:\"name\";s:13:\"extensionsDir\";s:4:\"type\";s:3:\"Url\";s:9:\"html_type\";s:4:\"Text\";s:7:\"default\";N;s:3:\"add\";s:3:\"4.1\";s:8:\"prefetch\";i:1;s:5:\"title\";N;s:9:\"is_domain\";i:1;s:10:\"is_contact\";i:0;s:11:\"description\";N;s:9:\"help_text\";N;}s:17:\"event_enable_cart\";a:12:{s:4:\"name\";s:11:\"enable_cart\";s:10:\"group_name\";s:17:\"Event Preferences\";s:5:\"group\";s:5:\"event\";s:4:\"type\";s:6:\"String\";s:15:\"quick_form_type\";s:7:\"Element\";s:7:\"default\";i:0;s:3:\"add\";d:4.0999999999999996447286321199499070644378662109375;s:5:\"title\";s:17:\"Enable Event Cart\";s:9:\"is_domain\";i:1;s:10:\"is_contact\";i:1;s:11:\"description\";s:8:\"WRITE ME\";s:9:\"help_text\";s:8:\"WRITE ME\";}s:25:\"monetaryThousandSeparator\";a:16:{s:10:\"group_name\";s:24:\"Localization Preferences\";s:5:\"group\";s:12:\"localization\";s:4:\"name\";s:25:\"monetaryThousandSeparator\";s:8:\"prefetch\";i:1;s:11:\"config_only\";i:1;s:4:\"type\";s:6:\"String\";s:15:\"quick_form_type\";s:7:\"Element\";s:9:\"html_type\";s:4:\"text\";s:15:\"html_attributes\";a:1:{s:4:\"size\";i:2;}s:7:\"default\";s:1:\",\";s:3:\"add\";s:3:\"4.3\";s:5:\"title\";s:19:\"Thousands Separator\";s:9:\"is_domain\";i:1;s:10:\"is_contact\";i:0;s:11:\"description\";N;s:9:\"help_text\";N;}s:20:\"monetaryDecimalPoint\";a:16:{s:10:\"group_name\";s:24:\"Localization Preferences\";s:5:\"group\";s:12:\"localization\";s:4:\"name\";s:20:\"monetaryDecimalPoint\";s:8:\"prefetch\";i:1;s:11:\"config_only\";i:1;s:4:\"type\";s:6:\"String\";s:15:\"quick_form_type\";s:7:\"Element\";s:9:\"html_type\";s:4:\"text\";s:15:\"html_attributes\";a:1:{s:4:\"size\";i:2;}s:7:\"default\";s:1:\".\";s:3:\"add\";s:3:\"4.3\";s:5:\"title\";s:17:\"Decimal Delimiter\";s:9:\"is_domain\";i:1;s:10:\"is_contact\";i:0;s:11:\"description\";N;s:9:\"help_text\";N;}s:11:\"moneyformat\";a:15:{s:10:\"group_name\";s:24:\"Localization Preferences\";s:5:\"group\";s:12:\"localization\";s:4:\"name\";s:11:\"moneyformat\";s:8:\"prefetch\";i:1;s:11:\"config_only\";i:1;s:4:\"type\";s:6:\"String\";s:15:\"quick_form_type\";s:7:\"Element\";s:9:\"html_type\";s:4:\"text\";s:7:\"default\";s:5:\"%c %a\";s:3:\"add\";s:3:\"4.3\";s:5:\"title\";s:23:\"Monetary Amount Display\";s:9:\"is_domain\";i:1;s:10:\"is_contact\";i:0;s:11:\"description\";N;s:9:\"help_text\";N;}s:16:\"moneyvalueformat\";a:15:{s:10:\"group_name\";s:24:\"Localization Preferences\";s:5:\"group\";s:12:\"localization\";s:4:\"name\";s:16:\"moneyvalueformat\";s:8:\"prefetch\";i:1;s:11:\"config_only\";i:1;s:4:\"type\";s:6:\"String\";s:15:\"quick_form_type\";s:7:\"Element\";s:9:\"html_type\";s:4:\"text\";s:7:\"default\";s:3:\"%!i\";s:3:\"add\";s:3:\"4.3\";s:5:\"title\";s:23:\"Monetary Amount Display\";s:9:\"is_domain\";i:1;s:10:\"is_contact\";i:0;s:11:\"description\";N;s:9:\"help_text\";N;}s:15:\"defaultCurrency\";a:16:{s:10:\"group_name\";s:24:\"Localization Preferences\";s:5:\"group\";s:12:\"localization\";s:4:\"name\";s:15:\"defaultCurrency\";s:8:\"prefetch\";i:1;s:11:\"config_only\";i:1;s:4:\"type\";s:6:\"String\";s:15:\"quick_form_type\";s:7:\"Element\";s:9:\"html_type\";s:4:\"text\";s:15:\"html_attributes\";a:1:{s:4:\"size\";i:2;}s:7:\"default\";s:3:\"USD\";s:3:\"add\";s:3:\"4.3\";s:5:\"title\";s:16:\"Default Currency\";s:9:\"is_domain\";i:1;s:10:\"is_contact\";i:0;s:11:\"description\";s:75:\"Default currency assigned to contributions and other monetary transactions.\";s:9:\"help_text\";N;}s:12:\"countryLimit\";a:16:{s:10:\"group_name\";s:24:\"Localization Preferences\";s:5:\"group\";s:12:\"localization\";s:4:\"name\";s:12:\"countryLimit\";s:8:\"prefetch\";i:1;s:11:\"config_only\";i:1;s:4:\"type\";s:5:\"Array\";s:15:\"quick_form_type\";s:7:\"Element\";s:9:\"html_type\";s:14:\"advmultiselect\";s:15:\"html_attributes\";a:3:{s:4:\"size\";i:5;s:5:\"style\";s:11:\"width:150px\";s:5:\"class\";s:14:\"advmultiselect\";}s:7:\"default\";s:4:\"null\";s:3:\"add\";s:3:\"4.3\";s:5:\"title\";s:19:\"Available Countries\";s:9:\"is_domain\";i:1;s:10:\"is_contact\";i:0;s:11:\"description\";s:0:\"\";s:9:\"help_text\";N;}s:13:\"provinceLimit\";a:16:{s:10:\"group_name\";s:24:\"Localization Preferences\";s:5:\"group\";s:12:\"localization\";s:4:\"name\";s:13:\"provinceLimit\";s:8:\"prefetch\";i:1;s:11:\"config_only\";i:1;s:4:\"type\";s:5:\"Array\";s:15:\"quick_form_type\";s:7:\"Element\";s:9:\"html_type\";s:14:\"advmultiselect\";s:15:\"html_attributes\";a:3:{s:4:\"size\";i:5;s:5:\"style\";s:11:\"width:150px\";s:5:\"class\";s:14:\"advmultiselect\";}s:7:\"default\";s:4:\"null\";s:3:\"add\";s:3:\"4.3\";s:5:\"title\";s:30:\"Available States and Provinces\";s:9:\"is_domain\";i:1;s:10:\"is_contact\";i:0;s:11:\"description\";s:0:\"\";s:9:\"help_text\";N;}s:13:\"inheritLocale\";a:14:{s:10:\"group_name\";s:24:\"Localization Preferences\";s:5:\"group\";s:12:\"localization\";s:4:\"name\";s:13:\"inheritLocale\";s:8:\"prefetch\";i:1;s:11:\"config_only\";i:1;s:4:\"type\";s:7:\"Boolean\";s:15:\"quick_form_type\";s:5:\"YesNo\";s:7:\"default\";s:1:\"0\";s:3:\"add\";s:3:\"4.3\";s:5:\"title\";s:20:\"Inherit CMS Language\";s:9:\"is_domain\";i:1;s:10:\"is_contact\";i:0;s:11:\"description\";s:0:\"\";s:9:\"help_text\";N;}s:20:\"profile_double_optin\";a:12:{s:10:\"group_name\";s:19:\"Mailing Preferences\";s:5:\"group\";s:7:\"mailing\";s:4:\"name\";s:20:\"profile_double_optin\";s:4:\"type\";s:7:\"Integer\";s:9:\"html_type\";s:8:\"checkbox\";s:7:\"default\";i:0;s:3:\"add\";s:3:\"4.1\";s:5:\"title\";s:47:\"Enable Double Opt-in for Profile Group(s) field\";s:9:\"is_domain\";i:1;s:10:\"is_contact\";i:0;s:11:\"description\";s:189:\"When CiviMail is enabled, users who \"subscribe\" to a group from a profile Group(s) checkbox will receive a confirmation email. They must respond (opt-in) before they are added to the group.\";s:9:\"help_text\";N;}s:22:\"track_civimail_replies\";a:13:{s:10:\"group_name\";s:19:\"Mailing Preferences\";s:5:\"group\";s:7:\"mailing\";s:4:\"name\";s:22:\"track_civimail_replies\";s:4:\"type\";s:7:\"Integer\";s:9:\"html_type\";s:8:\"checkbox\";s:7:\"default\";i:0;s:3:\"add\";s:3:\"4.1\";s:5:\"title\";s:47:\"Enable Double Opt-in for Profile Group(s) field\";s:9:\"is_domain\";i:1;s:10:\"is_contact\";i:0;s:11:\"description\";s:189:\"When CiviMail is enabled, users who \"subscribe\" to a group from a profile Group(s) checkbox will receive a confirmation email. They must respond (opt-in) before they are added to the group.\";s:9:\"help_text\";N;s:17:\"validate_callback\";s:41:\"CRM_Core_BAO_Setting::validateBoolSetting\";}s:17:\"civimail_workflow\";a:12:{s:10:\"group_name\";s:19:\"Mailing Preferences\";s:5:\"group\";s:7:\"mailing\";s:4:\"name\";s:17:\"civimail_workflow\";s:4:\"type\";s:7:\"Integer\";s:9:\"html_type\";s:8:\"checkbox\";s:7:\"default\";i:0;s:3:\"add\";s:3:\"4.1\";s:5:\"title\";N;s:9:\"is_domain\";i:1;s:10:\"is_contact\";i:0;s:11:\"description\";s:189:\"When CiviMail is enabled, users who \"subscribe\" to a group from a profile Group(s) checkbox will receive a confirmation email. They must respond (opt-in) before they are added to the group.\";s:9:\"help_text\";N;}s:25:\"civimail_server_wide_lock\";a:12:{s:10:\"group_name\";s:19:\"Mailing Preferences\";s:5:\"group\";s:7:\"mailing\";s:4:\"name\";s:25:\"civimail_server_wide_lock\";s:4:\"type\";s:7:\"Integer\";s:9:\"html_type\";s:8:\"checkbox\";s:7:\"default\";i:0;s:3:\"add\";s:3:\"4.1\";s:5:\"title\";N;s:9:\"is_domain\";i:1;s:10:\"is_contact\";i:0;s:11:\"description\";N;s:9:\"help_text\";N;}s:15:\"mailing_backend\";a:12:{s:10:\"group_name\";s:19:\"Mailing Preferences\";s:5:\"group\";s:7:\"mailing\";s:4:\"name\";s:15:\"mailing_backend\";s:4:\"type\";s:5:\"Array\";s:9:\"html_type\";s:8:\"checkbox\";s:7:\"default\";i:0;s:3:\"add\";s:3:\"4.1\";s:5:\"title\";N;s:9:\"is_domain\";i:1;s:10:\"is_contact\";i:0;s:11:\"description\";N;s:9:\"help_text\";N;}s:33:\"profile_add_to_group_double_optin\";a:12:{s:10:\"group_name\";s:19:\"Mailing Preferences\";s:5:\"group\";s:7:\"mailing\";s:4:\"name\";s:33:\"profile_add_to_group_double_optin\";s:4:\"type\";s:7:\"Integer\";s:9:\"html_type\";s:8:\"checkbox\";s:7:\"default\";i:0;s:3:\"add\";s:3:\"4.1\";s:5:\"title\";s:47:\"Enable Double Opt-in for Profile Group(s) field\";s:9:\"is_domain\";i:1;s:10:\"is_contact\";i:0;s:11:\"description\";s:189:\"When CiviMail is enabled, users who \"subscribe\" to a group from a profile Group(s) checkbox will receive a confirmation email. They must respond (opt-in) before they are added to the group.\";s:9:\"help_text\";N;}s:33:\"default_renewal_contribution_page\";a:13:{s:10:\"group_name\";s:18:\"Member Preferences\";s:5:\"group\";s:6:\"member\";s:4:\"name\";s:33:\"default_renewal_contribution_page\";s:4:\"type\";s:7:\"Integer\";s:9:\"html_type\";s:6:\"Select\";s:7:\"default\";N;s:14:\"pseudoconstant\";a:1:{s:4:\"name\";s:16:\"contributionPage\";}s:3:\"add\";s:3:\"4.1\";s:5:\"title\";s:38:\"Default online membership renewal page\";s:9:\"is_domain\";i:1;s:10:\"is_contact\";i:0;s:11:\"description\";s:348:\"If you select a default online contribution page for self-service membership renewals, a \"renew\" link pointing to that page will be displayed on the Contact Dashboard for memberships which were entered offline. You will need to ensure that the membership block for the selected online contribution page includes any currently available memberships.\";s:9:\"help_text\";N;}s:10:\"is_enabled\";a:10:{s:10:\"group_name\";s:22:\"Multi Site Preferences\";s:5:\"group\";s:9:\"multisite\";s:4:\"name\";s:10:\"is_enabled\";s:4:\"type\";s:7:\"Integer\";s:7:\"default\";N;s:3:\"add\";s:3:\"4.1\";s:9:\"is_domain\";i:1;s:10:\"is_contact\";i:0;s:11:\"description\";s:20:\"Multisite is enabled\";s:9:\"help_text\";N;}s:15:\"domain_group_id\";a:10:{s:10:\"group_name\";s:22:\"Multi Site Preferences\";s:5:\"group\";s:9:\"multisite\";s:4:\"name\";s:15:\"domain_group_id\";s:4:\"type\";s:7:\"Integer\";s:7:\"default\";N;s:3:\"add\";s:3:\"4.1\";s:9:\"is_domain\";i:1;s:10:\"is_contact\";i:0;s:11:\"description\";N;s:9:\"help_text\";N;}s:25:\"event_price_set_domain_id\";a:10:{s:10:\"group_name\";s:22:\"Multi Site Preferences\";s:5:\"group\";s:9:\"multisite\";s:4:\"name\";s:25:\"event_price_set_domain_id\";s:4:\"type\";s:7:\"Integer\";s:7:\"default\";N;s:3:\"add\";s:3:\"4.1\";s:9:\"is_domain\";i:1;s:10:\"is_contact\";i:0;s:11:\"description\";s:0:\"\";s:9:\"help_text\";N;}s:19:\"uniq_email_per_site\";a:10:{s:10:\"group_name\";s:22:\"Multi Site Preferences\";s:5:\"group\";s:9:\"multisite\";s:4:\"name\";s:19:\"uniq_email_per_site\";s:4:\"type\";s:7:\"Integer\";s:7:\"default\";N;s:3:\"add\";s:3:\"4.1\";s:9:\"is_domain\";i:1;s:10:\"is_contact\";i:0;s:11:\"description\";s:0:\"\";s:9:\"help_text\";N;}s:25:\"search_autocomplete_count\";a:15:{s:10:\"group_name\";s:18:\"Search Preferences\";s:5:\"group\";s:18:\"Search Preferences\";s:4:\"name\";s:25:\"search_autocomplete_count\";s:8:\"prefetch\";i:0;s:4:\"type\";s:7:\"Integer\";s:15:\"quick_form_type\";s:7:\"Element\";s:9:\"html_type\";s:4:\"text\";s:15:\"html_attributes\";a:2:{s:4:\"size\";i:2;s:9:\"maxlength\";i:2;}s:7:\"default\";i:10;s:3:\"add\";s:3:\"4.3\";s:5:\"title\";s:20:\"Autocomplete Results\";s:9:\"is_domain\";i:1;s:10:\"is_contact\";i:0;s:11:\"description\";s:86:\"The maximum number of contacts to show at a time when typing in an autocomplete field.\";s:9:\"help_text\";N;}s:24:\"userFrameworkResourceURL\";a:12:{s:5:\"group\";s:14:\"UrlPreferences\";s:10:\"group_name\";s:3:\"url\";s:4:\"name\";s:24:\"userFrameworkResourceURL\";s:4:\"type\";s:6:\"String\";s:7:\"default\";N;s:3:\"add\";s:3:\"4.1\";s:8:\"prefetch\";i:1;s:9:\"is_domain\";i:1;s:10:\"is_contact\";i:0;s:11:\"description\";s:20:\"CiviCRM Resource URL\";s:9:\"help_text\";N;s:17:\"validate_callback\";s:19:\"CRM_Utils_Rule::url\";}s:14:\"imageUploadURL\";a:12:{s:5:\"group\";s:14:\"UrlPreferences\";s:10:\"group_name\";s:3:\"url\";s:4:\"name\";s:14:\"imageUploadURL\";s:4:\"type\";s:6:\"String\";s:7:\"default\";N;s:3:\"add\";s:3:\"4.1\";s:8:\"prefetch\";i:1;s:9:\"is_domain\";i:1;s:10:\"is_contact\";i:0;s:11:\"description\";s:16:\"Image Upload URL\";s:9:\"help_text\";N;s:17:\"validate_callback\";s:19:\"CRM_Utils_Rule::url\";}s:12:\"customCSSURL\";a:12:{s:5:\"group\";s:14:\"UrlPreferences\";s:10:\"group_name\";s:3:\"url\";s:4:\"name\";s:12:\"customCSSURL\";s:4:\"type\";s:6:\"String\";s:7:\"default\";N;s:3:\"add\";s:3:\"4.1\";s:8:\"prefetch\";i:1;s:9:\"is_domain\";i:1;s:10:\"is_contact\";i:0;s:11:\"description\";s:22:\"Custom CiviCRM CSS URL\";s:9:\"help_text\";N;s:17:\"validate_callback\";s:19:\"CRM_Utils_Rule::url\";}}',NULL,'2012-12-04 14:37:07',NULL),(3,'contact fields','custom importableFields Domain_0_0_0_0__0__0__0_7acce319','a:0:{}',NULL,'2012-12-04 14:36:58',NULL),(4,'CiviCRM setting Specs','settingsMetadata_1__name_address_standardization_provider1','a:1:{s:32:\"address_standardization_provider\";a:12:{s:10:\"group_name\";s:19:\"Address Preferences\";s:5:\"group\";s:7:\"address\";s:4:\"name\";s:32:\"address_standardization_provider\";s:4:\"type\";s:6:\"String\";s:9:\"html_type\";s:6:\"Select\";s:7:\"default\";N;s:3:\"add\";s:3:\"4.1\";s:5:\"title\";s:33:\"Address Standardization Provider.\";s:9:\"is_domain\";i:1;s:10:\"is_contact\";i:0;s:11:\"description\";N;s:9:\"help_text\";s:486:\"CiviCRM includes an optional plugin for interfacing with the United States Postal Services (USPS) Address Standardization web service. You must register to use the USPS service at https://www.usps.com/business/webtools-address-information.htm. If you are approved, they will provide you with a User ID and the URL for the service. Plugins for other address standardization services may be available from 3rd party developers. If installed, they will be included in the drop-down below. \";}}',NULL,'2012-12-04 14:36:59',NULL),(5,'CiviCRM setting Specs','settingsMetadata_1__name_address_standardization_userid1','a:1:{s:30:\"address_standardization_userid\";a:12:{s:10:\"group_name\";s:19:\"Address Preferences\";s:5:\"group\";s:7:\"address\";s:4:\"name\";s:30:\"address_standardization_userid\";s:4:\"type\";s:6:\"String\";s:9:\"html_type\";s:4:\"Text\";s:7:\"default\";N;s:3:\"add\";s:3:\"4.1\";s:5:\"title\";s:19:\"Web service user ID\";s:9:\"is_domain\";i:1;s:10:\"is_contact\";i:0;s:11:\"description\";N;s:9:\"help_text\";N;}}',NULL,'2012-12-04 14:37:00',NULL),(6,'CiviCRM setting Specs','settingsMetadata_1__name_address_standardization_url1','a:1:{s:27:\"address_standardization_url\";a:13:{s:10:\"group_name\";s:19:\"Address Preferences\";s:5:\"group\";s:7:\"address\";s:4:\"name\";s:27:\"address_standardization_url\";s:4:\"type\";s:4:\"Text\";s:9:\"html_type\";s:4:\"Text\";s:7:\"default\";N;s:3:\"add\";s:3:\"4.1\";s:5:\"title\";s:15:\"Web service url\";s:9:\"is_domain\";i:1;s:10:\"is_contact\";i:0;s:11:\"description\";N;s:9:\"help_text\";s:16:\"Web service URL.\";s:17:\"validate_callback\";s:19:\"CRM_Utils_Rule::url\";}}',NULL,'2012-12-04 14:37:01',NULL),(7,'CiviCRM setting Specs','settingsMetadata_1__name_cvv_backoffice_required1','a:1:{s:23:\"cvv_backoffice_required\";a:12:{s:10:\"group_name\";s:22:\"Contribute Preferences\";s:5:\"group\";s:10:\"contribute\";s:4:\"name\";s:23:\"cvv_backoffice_required\";s:4:\"type\";s:7:\"Boolean\";s:15:\"quick_form_type\";s:5:\"YesNo\";s:7:\"default\";s:1:\"1\";s:3:\"add\";s:3:\"4.1\";s:5:\"title\";s:28:\"CVV required for backoffice?\";s:9:\"is_domain\";i:1;s:10:\"is_contact\";i:0;s:11:\"description\";s:65:\"Is the CVV code required for back office credit card transactions\";s:9:\"help_text\";s:137:\"If set it back-office credit card transactions will required a cvv code. Leave as required unless you have a very strong reason to change\";}}',NULL,'2012-12-04 14:37:02',NULL),(8,'CiviCRM setting Specs','settingsMetadata___name_cvv_backoffice_required1','a:1:{s:23:\"cvv_backoffice_required\";a:12:{s:10:\"group_name\";s:22:\"Contribute Preferences\";s:5:\"group\";s:10:\"contribute\";s:4:\"name\";s:23:\"cvv_backoffice_required\";s:4:\"type\";s:7:\"Boolean\";s:15:\"quick_form_type\";s:5:\"YesNo\";s:7:\"default\";s:1:\"1\";s:3:\"add\";s:3:\"4.1\";s:5:\"title\";s:28:\"CVV required for backoffice?\";s:9:\"is_domain\";i:1;s:10:\"is_contact\";i:0;s:11:\"description\";s:65:\"Is the CVV code required for back office credit card transactions\";s:9:\"help_text\";s:137:\"If set it back-office credit card transactions will required a cvv code. Leave as required unless you have a very strong reason to change\";}}',NULL,'2012-12-04 14:37:03',NULL),(9,'CiviCRM setting Specs','settingsMetadata_1__name_max_attachments1','a:1:{s:15:\"max_attachments\";a:16:{s:10:\"group_name\";s:19:\"CiviCRM Preferences\";s:5:\"group\";s:4:\"core\";s:4:\"name\";s:15:\"max_attachments\";s:10:\"legacy_key\";s:14:\"maxAttachments\";s:8:\"prefetch\";i:0;s:4:\"type\";s:7:\"Integer\";s:15:\"quick_form_type\";s:7:\"Element\";s:9:\"html_type\";s:4:\"text\";s:15:\"html_attributes\";a:2:{s:4:\"size\";i:2;s:9:\"maxlength\";i:8;}s:7:\"default\";i:3;s:3:\"add\";s:3:\"4.3\";s:5:\"title\";s:19:\"Maximum Attachments\";s:9:\"is_domain\";i:1;s:10:\"is_contact\";i:0;s:11:\"description\";s:93:\"Maximum number of files (documents, images, etc.) which can attached to emails or activities.\";s:9:\"help_text\";N;}}',NULL,'2012-12-04 14:37:03',NULL),(10,'CiviCRM setting Specs','settingsMetadata___name_max_attachments1','a:1:{s:15:\"max_attachments\";a:16:{s:10:\"group_name\";s:19:\"CiviCRM Preferences\";s:5:\"group\";s:4:\"core\";s:4:\"name\";s:15:\"max_attachments\";s:10:\"legacy_key\";s:14:\"maxAttachments\";s:8:\"prefetch\";i:0;s:4:\"type\";s:7:\"Integer\";s:15:\"quick_form_type\";s:7:\"Element\";s:9:\"html_type\";s:4:\"text\";s:15:\"html_attributes\";a:2:{s:4:\"size\";i:2;s:9:\"maxlength\";i:8;}s:7:\"default\";i:3;s:3:\"add\";s:3:\"4.3\";s:5:\"title\";s:19:\"Maximum Attachments\";s:9:\"is_domain\";i:1;s:10:\"is_contact\";i:0;s:11:\"description\";s:93:\"Maximum number of files (documents, images, etc.) which can attached to emails or activities.\";s:9:\"help_text\";N;}}',NULL,'2012-12-04 14:37:04',NULL),(11,'CiviCRM setting Specs','settingsMetadata_1__name_contact_undelete1','a:1:{s:16:\"contact_undelete\";a:12:{s:10:\"group_name\";s:19:\"CiviCRM Preferences\";s:5:\"group\";s:4:\"core\";s:4:\"name\";s:16:\"contact_undelete\";s:4:\"type\";s:7:\"Boolean\";s:15:\"quick_form_type\";s:5:\"YesNo\";s:7:\"default\";i:1;s:3:\"add\";s:3:\"4.3\";s:5:\"title\";s:26:\"Contact Trash and Undelete\";s:9:\"is_domain\";i:1;s:10:\"is_contact\";i:0;s:11:\"description\";s:200:\"If enabled, deleted contacts will be moved to trash (instead of being destroyed). Users with the proper permission are able to search for the deleted contacts and restore them (or delete permanently).\";s:9:\"help_text\";N;}}',NULL,'2012-12-04 14:37:04',NULL),(12,'CiviCRM setting Specs','settingsMetadata___name_contact_undelete1','a:1:{s:16:\"contact_undelete\";a:12:{s:10:\"group_name\";s:19:\"CiviCRM Preferences\";s:5:\"group\";s:4:\"core\";s:4:\"name\";s:16:\"contact_undelete\";s:4:\"type\";s:7:\"Boolean\";s:15:\"quick_form_type\";s:5:\"YesNo\";s:7:\"default\";i:1;s:3:\"add\";s:3:\"4.3\";s:5:\"title\";s:26:\"Contact Trash and Undelete\";s:9:\"is_domain\";i:1;s:10:\"is_contact\";i:0;s:11:\"description\";s:200:\"If enabled, deleted contacts will be moved to trash (instead of being destroyed). Users with the proper permission are able to search for the deleted contacts and restore them (or delete permanently).\";s:9:\"help_text\";N;}}',NULL,'2012-12-04 14:37:05',NULL),(13,'CiviCRM setting Specs','settingsMetadata_1__name_event_enable_cart1','a:1:{s:17:\"event_enable_cart\";a:12:{s:4:\"name\";s:11:\"enable_cart\";s:10:\"group_name\";s:17:\"Event Preferences\";s:5:\"group\";s:5:\"event\";s:4:\"type\";s:6:\"String\";s:15:\"quick_form_type\";s:7:\"Element\";s:7:\"default\";i:0;s:3:\"add\";d:4.0999999999999996447286321199499070644378662109375;s:5:\"title\";s:17:\"Enable Event Cart\";s:9:\"is_domain\";i:1;s:10:\"is_contact\";i:1;s:11:\"description\";s:8:\"WRITE ME\";s:9:\"help_text\";s:8:\"WRITE ME\";}}',NULL,'2012-12-04 14:37:05',NULL),(14,'CiviCRM setting Specs','settingsMetadata___name_event_enable_cart1','a:1:{s:17:\"event_enable_cart\";a:12:{s:4:\"name\";s:11:\"enable_cart\";s:10:\"group_name\";s:17:\"Event Preferences\";s:5:\"group\";s:5:\"event\";s:4:\"type\";s:6:\"String\";s:15:\"quick_form_type\";s:7:\"Element\";s:7:\"default\";i:0;s:3:\"add\";d:4.0999999999999996447286321199499070644378662109375;s:5:\"title\";s:17:\"Enable Event Cart\";s:9:\"is_domain\";i:1;s:10:\"is_contact\";i:1;s:11:\"description\";s:8:\"WRITE ME\";s:9:\"help_text\";s:8:\"WRITE ME\";}}',NULL,'2012-12-04 14:37:06',NULL),(15,'CiviCRM setting Specs','settingsMetadata_1__name_default_renewal_contribution_page1','a:1:{s:33:\"default_renewal_contribution_page\";a:13:{s:10:\"group_name\";s:18:\"Member Preferences\";s:5:\"group\";s:6:\"member\";s:4:\"name\";s:33:\"default_renewal_contribution_page\";s:4:\"type\";s:7:\"Integer\";s:9:\"html_type\";s:6:\"Select\";s:7:\"default\";N;s:14:\"pseudoconstant\";a:1:{s:4:\"name\";s:16:\"contributionPage\";}s:3:\"add\";s:3:\"4.1\";s:5:\"title\";s:38:\"Default online membership renewal page\";s:9:\"is_domain\";i:1;s:10:\"is_contact\";i:0;s:11:\"description\";s:348:\"If you select a default online contribution page for self-service membership renewals, a \"renew\" link pointing to that page will be displayed on the Contact Dashboard for memberships which were entered offline. You will need to ensure that the membership block for the selected online contribution page includes any currently available memberships.\";s:9:\"help_text\";N;}}',NULL,'2012-12-04 14:37:06',NULL),(16,'CiviCRM setting Specs','settingsMetadata_1__name_search_autocomplete_count1','a:1:{s:25:\"search_autocomplete_count\";a:15:{s:10:\"group_name\";s:18:\"Search Preferences\";s:5:\"group\";s:18:\"Search Preferences\";s:4:\"name\";s:25:\"search_autocomplete_count\";s:8:\"prefetch\";i:0;s:4:\"type\";s:7:\"Integer\";s:15:\"quick_form_type\";s:7:\"Element\";s:9:\"html_type\";s:4:\"text\";s:15:\"html_attributes\";a:2:{s:4:\"size\";i:2;s:9:\"maxlength\";i:2;}s:7:\"default\";i:10;s:3:\"add\";s:3:\"4.3\";s:5:\"title\";s:20:\"Autocomplete Results\";s:9:\"is_domain\";i:1;s:10:\"is_contact\";i:0;s:11:\"description\";s:86:\"The maximum number of contacts to show at a time when typing in an autocomplete field.\";s:9:\"help_text\";N;}}',NULL,'2012-12-04 14:37:07',NULL),(17,'CiviCRM setting Specs','settingsMetadata___name_search_autocomplete_count1','a:1:{s:25:\"search_autocomplete_count\";a:15:{s:10:\"group_name\";s:18:\"Search Preferences\";s:5:\"group\";s:18:\"Search Preferences\";s:4:\"name\";s:25:\"search_autocomplete_count\";s:8:\"prefetch\";i:0;s:4:\"type\";s:7:\"Integer\";s:15:\"quick_form_type\";s:7:\"Element\";s:9:\"html_type\";s:4:\"text\";s:15:\"html_attributes\";a:2:{s:4:\"size\";i:2;s:9:\"maxlength\";i:2;}s:7:\"default\";i:10;s:3:\"add\";s:3:\"4.3\";s:5:\"title\";s:20:\"Autocomplete Results\";s:9:\"is_domain\";i:1;s:10:\"is_contact\";i:0;s:11:\"description\";s:86:\"The maximum number of contacts to show at a time when typing in an autocomplete field.\";s:9:\"help_text\";N;}}',NULL,'2012-12-04 14:37:07',NULL);
/*!40000 ALTER TABLE `civicrm_cache` ENABLE KEYS */;
UNLOCK TABLES;

--
-- Dumping data for table `civicrm_campaign`
--

LOCK TABLES `civicrm_campaign` WRITE;
/*!40000 ALTER TABLE `civicrm_campaign` DISABLE KEYS */;
/*!40000 ALTER TABLE `civicrm_campaign` ENABLE KEYS */;
UNLOCK TABLES;

--
-- Dumping data for table `civicrm_campaign_group`
--

LOCK TABLES `civicrm_campaign_group` WRITE;
/*!40000 ALTER TABLE `civicrm_campaign_group` DISABLE KEYS */;
/*!40000 ALTER TABLE `civicrm_campaign_group` ENABLE KEYS */;
UNLOCK TABLES;

--
-- Dumping data for table `civicrm_case`
--

LOCK TABLES `civicrm_case` WRITE;
/*!40000 ALTER TABLE `civicrm_case` DISABLE KEYS */;
/*!40000 ALTER TABLE `civicrm_case` ENABLE KEYS */;
UNLOCK TABLES;

--
-- Dumping data for table `civicrm_case_activity`
--

LOCK TABLES `civicrm_case_activity` WRITE;
/*!40000 ALTER TABLE `civicrm_case_activity` DISABLE KEYS */;
/*!40000 ALTER TABLE `civicrm_case_activity` ENABLE KEYS */;
UNLOCK TABLES;

--
-- Dumping data for table `civicrm_case_contact`
--

LOCK TABLES `civicrm_case_contact` WRITE;
/*!40000 ALTER TABLE `civicrm_case_contact` DISABLE KEYS */;
/*!40000 ALTER TABLE `civicrm_case_contact` ENABLE KEYS */;
UNLOCK TABLES;

--
-- Dumping data for table `civicrm_component`
--

LOCK TABLES `civicrm_component` WRITE;
/*!40000 ALTER TABLE `civicrm_component` DISABLE KEYS */;
INSERT INTO `civicrm_component` (`id`, `name`, `namespace`) VALUES (1,'CiviEvent','CRM_Event'),(2,'CiviContribute','CRM_Contribute'),(3,'CiviMember','CRM_Member'),(4,'CiviMail','CRM_Mailing'),(5,'CiviGrant','CRM_Grant'),(6,'CiviPledge','CRM_Pledge'),(7,'CiviCase','CRM_Case'),(8,'CiviReport','CRM_Report'),(9,'CiviCampaign','CRM_Campaign');
/*!40000 ALTER TABLE `civicrm_component` ENABLE KEYS */;
UNLOCK TABLES;

--
-- Dumping data for table `civicrm_contact`
--

LOCK TABLES `civicrm_contact` WRITE;
/*!40000 ALTER TABLE `civicrm_contact` DISABLE KEYS */;
INSERT INTO `civicrm_contact` (`id`, `contact_type`, `contact_sub_type`, `do_not_email`, `do_not_phone`, `do_not_mail`, `do_not_sms`, `do_not_trade`, `is_opt_out`, `legal_identifier`, `external_identifier`, `sort_name`, `display_name`, `nick_name`, `legal_name`, `image_URL`, `preferred_communication_method`, `preferred_language`, `preferred_mail_format`, `hash`, `api_key`, `source`, `first_name`, `middle_name`, `last_name`, `prefix_id`, `suffix_id`, `email_greeting_id`, `email_greeting_custom`, `email_greeting_display`, `postal_greeting_id`, `postal_greeting_custom`, `postal_greeting_display`, `addressee_id`, `addressee_custom`, `addressee_display`, `job_title`, `gender_id`, `birth_date`, `is_deceased`, `deceased_date`, `household_name`, `primary_contact_id`, `organization_name`, `sic_code`, `user_unique_id`, `employer_id`, `is_deleted`, `created_date`, `modified_date`) VALUES (1,'Organization',NULL,0,0,0,0,0,0,NULL,NULL,'Default Organization','Default Organization',NULL,'Default Organization',NULL,NULL,NULL,'Both',NULL,NULL,NULL,NULL,NULL,NULL,NULL,NULL,NULL,NULL,NULL,NULL,NULL,NULL,NULL,NULL,NULL,NULL,NULL,NULL,0,NULL,NULL,NULL,'Default Organization',NULL,NULL,NULL,0,NULL,'2012-12-04 09:03:57'),(2,'Individual',NULL,0,0,0,0,0,0,NULL,NULL,'Jones, Toby','Toby Jones II',NULL,NULL,NULL,NULL,NULL,'Both','1728032569',NULL,NULL,'Toby','V','Jones',NULL,3,1,NULL,'Dear Toby',1,NULL,'Dear Toby',1,NULL,'Toby Jones II',NULL,2,'1964-07-09',0,NULL,NULL,NULL,NULL,NULL,NULL,NULL,0,NULL,'2012-12-04 09:04:41'),(3,'Individual',NULL,0,1,0,0,0,0,NULL,NULL,'Jones, Lincoln','Lincoln Jones II',NULL,NULL,NULL,'4',NULL,'Both','-2003581081',NULL,NULL,'Lincoln','','Jones',NULL,3,1,NULL,'Dear Lincoln',1,NULL,'Dear Lincoln',1,NULL,'Lincoln Jones II',NULL,NULL,'1948-06-18',1,'2012-10-25',NULL,NULL,NULL,NULL,NULL,NULL,0,NULL,'2012-12-04 09:04:39'),(4,'Organization',NULL,0,0,0,0,0,0,NULL,NULL,'Cadell Development Partnership','Cadell Development Partnership',NULL,NULL,NULL,'4',NULL,'Both','-502507642',NULL,NULL,NULL,NULL,NULL,NULL,NULL,NULL,NULL,NULL,NULL,NULL,NULL,3,NULL,'Cadell Development Partnership',NULL,NULL,NULL,0,NULL,NULL,155,'Cadell Development Partnership',NULL,NULL,NULL,0,NULL,'2012-12-04 09:04:56'),(5,'Individual',NULL,0,0,0,0,0,0,NULL,NULL,'Patel, Maria','Mr. Maria Patel',NULL,NULL,NULL,'5',NULL,'Both','1297212984',NULL,NULL,'Maria','','Patel',3,NULL,1,NULL,'Dear Maria',1,NULL,'Dear Maria',1,NULL,'Mr. Maria Patel',NULL,NULL,'1927-07-05',1,'2012-01-05',NULL,NULL,NULL,NULL,NULL,NULL,0,NULL,'2012-12-04 09:04:32'),(6,'Individual',NULL,0,0,0,0,0,0,NULL,NULL,'Robertson, Andrew','Mr. Andrew Robertson II',NULL,NULL,NULL,NULL,NULL,'Both','-1703356046',NULL,NULL,'Andrew','F','Robertson',3,3,1,NULL,'Dear Andrew',1,NULL,'Dear Andrew',1,NULL,'Mr. Andrew Robertson II',NULL,2,'1966-08-08',0,NULL,NULL,NULL,NULL,NULL,NULL,NULL,0,NULL,'2012-12-04 09:04:29'),(7,'Individual',NULL,0,0,0,0,0,0,NULL,NULL,'prenticet@notmail.biz','prenticet@notmail.biz',NULL,NULL,NULL,NULL,NULL,'Both','-1326017780',NULL,NULL,NULL,NULL,NULL,NULL,NULL,1,NULL,'Dear prenticet@notmail.biz',1,NULL,'Dear prenticet@notmail.biz',1,NULL,'prenticet@notmail.biz',NULL,NULL,NULL,0,NULL,NULL,NULL,NULL,NULL,NULL,NULL,0,NULL,'2012-12-04 09:04:45'),(8,'Individual',NULL,0,1,0,0,0,0,NULL,NULL,'Cooper, Elina','Mrs. Elina Cooper',NULL,NULL,NULL,'4',NULL,'Both','-259075094',NULL,NULL,'Elina','R','Cooper',1,NULL,1,NULL,'Dear Elina',1,NULL,'Dear Elina',1,NULL,'Mrs. Elina Cooper',NULL,NULL,'1987-12-13',0,NULL,NULL,NULL,NULL,NULL,NULL,NULL,0,NULL,'2012-12-04 09:04:47'),(9,'Individual',NULL,0,0,0,0,0,0,NULL,NULL,'Daz, Erik','Erik Daz Sr.',NULL,NULL,NULL,NULL,NULL,'Both','-77352290',NULL,NULL,'Erik','','Daz',NULL,2,1,NULL,'Dear Erik',1,NULL,'Dear Erik',1,NULL,'Erik Daz Sr.',NULL,2,'2004-11-16',0,NULL,NULL,NULL,NULL,NULL,NULL,NULL,0,NULL,'2012-12-04 09:04:43'),(10,'Individual',NULL,0,0,0,0,0,0,NULL,NULL,'wagner.teresa37@infomail.net','wagner.teresa37@infomail.net',NULL,NULL,NULL,'1',NULL,'Both','2086674039',NULL,NULL,NULL,NULL,NULL,4,NULL,1,NULL,'Dear wagner.teresa37@infomail.net',1,NULL,'Dear wagner.teresa37@infomail.net',1,NULL,'wagner.teresa37@infomail.net',NULL,NULL,NULL,0,NULL,NULL,NULL,'Michigan Action Initiative',NULL,NULL,63,0,NULL,'2012-12-04 09:04:56'),(11,'Individual',NULL,1,0,0,0,0,0,NULL,NULL,'Robertson-Prentice, Barry','Barry Robertson-Prentice',NULL,NULL,NULL,'3',NULL,'Both','-307890509',NULL,NULL,'Barry','D','Robertson-Prentice',NULL,NULL,1,NULL,'Dear Barry',1,NULL,'Dear Barry',1,NULL,'Barry Robertson-Prentice',NULL,NULL,'1993-10-29',0,NULL,NULL,NULL,NULL,NULL,NULL,NULL,0,NULL,'2012-12-04 09:04:47'),(12,'Household',NULL,0,1,0,0,1,0,NULL,NULL,'Jones-Cooper family','Jones-Cooper family',NULL,NULL,NULL,'5',NULL,'Both','-1422190772',NULL,NULL,NULL,NULL,NULL,NULL,NULL,5,NULL,'Dear Jones-Cooper family',5,NULL,'Dear Jones-Cooper family',2,NULL,'Jones-Cooper family',NULL,NULL,NULL,0,NULL,'Jones-Cooper family',NULL,NULL,NULL,NULL,NULL,0,NULL,'2012-12-04 09:04:52'),(13,'Individual',NULL,0,0,0,0,1,0,NULL,NULL,'Reynolds, Omar','Omar Reynolds Sr.',NULL,NULL,NULL,NULL,NULL,'Both','1558438140',NULL,NULL,'Omar','','Reynolds',NULL,2,1,NULL,'Dear Omar',1,NULL,'Dear Omar',1,NULL,'Omar Reynolds Sr.',NULL,NULL,'1955-04-24',0,NULL,NULL,NULL,NULL,NULL,NULL,NULL,0,NULL,'2012-12-04 09:04:32'),(14,'Individual',NULL,0,1,0,0,0,0,NULL,NULL,'Jensen-Gonzlez, Bryon','Bryon Jensen-Gonzlez',NULL,NULL,NULL,'2',NULL,'Both','-566488460',NULL,NULL,'Bryon','C','Jensen-Gonzlez',NULL,NULL,1,NULL,'Dear Bryon',1,NULL,'Dear Bryon',1,NULL,'Bryon Jensen-Gonzlez',NULL,2,NULL,0,NULL,NULL,NULL,'Jackson Music Fellowship',NULL,NULL,26,0,NULL,'2012-12-04 09:04:57'),(15,'Individual',NULL,0,0,0,0,0,0,NULL,NULL,'Deforest, Elina','Elina Deforest',NULL,NULL,NULL,'5',NULL,'Both','1943101487',NULL,NULL,'Elina','','Deforest',NULL,NULL,1,NULL,'Dear Elina',1,NULL,'Dear Elina',1,NULL,'Elina Deforest',NULL,NULL,'1932-08-27',0,NULL,NULL,NULL,NULL,NULL,NULL,NULL,0,NULL,'2012-12-04 09:04:24'),(16,'Individual',NULL,0,0,0,0,0,0,NULL,NULL,'Adams, Esta','Esta Adams',NULL,NULL,NULL,NULL,NULL,'Both','1125073025',NULL,NULL,'Esta','','Adams',NULL,NULL,1,NULL,'Dear Esta',1,NULL,'Dear Esta',1,NULL,'Esta Adams',NULL,NULL,'1990-12-23',0,NULL,NULL,NULL,NULL,NULL,NULL,NULL,0,NULL,'2012-12-04 09:04:36'),(17,'Individual',NULL,0,1,0,0,0,0,NULL,NULL,'kathlynd35@testmail.co.in','kathlynd35@testmail.co.in',NULL,NULL,NULL,NULL,NULL,'Both','-1180782561',NULL,NULL,NULL,NULL,NULL,NULL,NULL,1,NULL,'Dear kathlynd35@testmail.co.in',1,NULL,'Dear kathlynd35@testmail.co.in',1,NULL,'kathlynd35@testmail.co.in',NULL,NULL,NULL,0,NULL,NULL,NULL,NULL,NULL,NULL,NULL,0,NULL,'2012-12-04 09:04:31'),(18,'Organization',NULL,0,0,0,0,0,0,NULL,NULL,'Idaho Peace Solutions','Idaho Peace Solutions',NULL,NULL,NULL,'3',NULL,'Both','-1972331836',NULL,NULL,NULL,NULL,NULL,NULL,NULL,NULL,NULL,NULL,NULL,NULL,NULL,3,NULL,'Idaho Peace Solutions',NULL,NULL,NULL,0,NULL,NULL,149,'Idaho Peace Solutions',NULL,NULL,NULL,0,NULL,'2012-12-04 09:04:58'),(19,'Individual',NULL,0,0,0,0,0,0,NULL,NULL,'claudioi24@lol.info','claudioi24@lol.info',NULL,NULL,NULL,NULL,NULL,'Both','269579670',NULL,NULL,NULL,NULL,NULL,4,NULL,1,NULL,'Dear claudioi24@lol.info',1,NULL,'Dear claudioi24@lol.info',1,NULL,'claudioi24@lol.info',NULL,NULL,NULL,0,NULL,NULL,NULL,NULL,NULL,NULL,NULL,0,NULL,'2012-12-04 09:04:38'),(20,'Individual',NULL,0,0,0,0,0,0,NULL,NULL,'Grant, Santina','Mrs. Santina Grant',NULL,NULL,NULL,NULL,NULL,'Both','1763995673',NULL,NULL,'Santina','','Grant',1,NULL,1,NULL,'Dear Santina',1,NULL,'Dear Santina',1,NULL,'Mrs. Santina Grant',NULL,NULL,'1978-11-22',0,NULL,NULL,NULL,'Glen Rock Health Initiative',NULL,NULL,59,0,NULL,'2012-12-04 09:04:59'),(21,'Individual',NULL,0,0,0,0,0,0,NULL,NULL,'Terry, Teddy','Mr. Teddy Terry II',NULL,NULL,NULL,'1',NULL,'Both','1402049800',NULL,NULL,'Teddy','','Terry',3,3,1,NULL,'Dear Teddy',1,NULL,'Dear Teddy',1,NULL,'Mr. Teddy Terry II',NULL,2,'1959-03-27',0,NULL,NULL,NULL,'College Culture Solutions',NULL,NULL,165,0,NULL,'2012-12-04 09:04:59'),(22,'Individual',NULL,0,0,0,0,0,0,NULL,NULL,'chowski, Margaret','Ms. Margaret chowski',NULL,NULL,NULL,'2',NULL,'Both','1214338746',NULL,NULL,'Margaret','','chowski',2,NULL,1,NULL,'Dear Margaret',1,NULL,'Dear Margaret',1,NULL,'Ms. Margaret chowski',NULL,1,'1958-12-16',0,NULL,NULL,NULL,NULL,NULL,NULL,NULL,0,NULL,'2012-12-04 09:04:33'),(23,'Individual',NULL,0,0,0,0,0,0,NULL,NULL,'Dimitrov, Erik','Erik Dimitrov III',NULL,NULL,NULL,NULL,NULL,'Both','510073649',NULL,NULL,'Erik','','Dimitrov',NULL,4,1,NULL,'Dear Erik',1,NULL,'Dear Erik',1,NULL,'Erik Dimitrov III',NULL,2,NULL,0,NULL,NULL,NULL,NULL,NULL,NULL,NULL,0,NULL,'2012-12-04 09:04:37'),(24,'Individual',NULL,0,0,0,0,0,0,NULL,NULL,'Patel, Jina','Jina Patel',NULL,NULL,NULL,NULL,NULL,'Both','-1752847287',NULL,NULL,'Jina','S','Patel',NULL,NULL,1,NULL,'Dear Jina',1,NULL,'Dear Jina',1,NULL,'Jina Patel',NULL,1,'1980-03-26',0,NULL,NULL,NULL,NULL,NULL,NULL,NULL,0,NULL,'2012-12-04 09:04:27'),(25,'Individual',NULL,0,0,0,0,0,0,NULL,NULL,'Cooper, Shad','Shad Cooper',NULL,NULL,NULL,'2',NULL,'Both','-732095138',NULL,NULL,'Shad','','Cooper',NULL,NULL,1,NULL,'Dear Shad',1,NULL,'Dear Shad',1,NULL,'Shad Cooper',NULL,NULL,'1937-04-07',0,NULL,NULL,NULL,NULL,NULL,NULL,NULL,0,NULL,'2012-12-04 09:04:35'),(26,'Organization',NULL,0,0,0,0,0,0,NULL,NULL,'Jackson Music Fellowship','Jackson Music Fellowship',NULL,NULL,NULL,NULL,NULL,'Both','1071054849',NULL,NULL,NULL,NULL,NULL,NULL,NULL,NULL,NULL,NULL,NULL,NULL,NULL,3,NULL,'Jackson Music Fellowship',NULL,NULL,NULL,0,NULL,NULL,14,'Jackson Music Fellowship',NULL,NULL,NULL,0,NULL,'2012-12-04 09:04:57'),(27,'Individual',NULL,1,0,0,0,0,0,NULL,NULL,'Terry, Juliann','Juliann Terry',NULL,NULL,NULL,'4',NULL,'Both','-1140252153',NULL,NULL,'Juliann','G','Terry',NULL,NULL,1,NULL,'Dear Juliann',1,NULL,'Dear Juliann',1,NULL,'Juliann Terry',NULL,1,'1969-06-19',0,NULL,NULL,NULL,'Community Software Solutions',NULL,NULL,50,0,NULL,'2012-12-04 09:04:59'),(28,'Individual',NULL,0,0,0,0,0,0,NULL,NULL,'Wilson, Jina','Jina Wilson',NULL,NULL,NULL,NULL,NULL,'Both','198440520',NULL,NULL,'Jina','','Wilson',NULL,NULL,1,NULL,'Dear Jina',1,NULL,'Dear Jina',1,NULL,'Jina Wilson',NULL,NULL,'1953-04-05',1,'2012-06-30',NULL,NULL,NULL,NULL,NULL,NULL,0,NULL,'2012-12-04 09:04:50'),(29,'Individual',NULL,0,1,0,0,0,0,NULL,NULL,'Deforest, Landon','Landon Deforest',NULL,NULL,NULL,'4',NULL,'Both','49695347',NULL,NULL,'Landon','','Deforest',NULL,NULL,1,NULL,'Dear Landon',1,NULL,'Dear Landon',1,NULL,'Landon Deforest',NULL,NULL,'1926-10-24',1,NULL,NULL,NULL,NULL,NULL,NULL,NULL,0,NULL,'2012-12-04 09:04:28'),(30,'Individual',NULL,0,0,0,0,0,0,NULL,NULL,'Robertson, Maria','Maria Robertson',NULL,NULL,NULL,'3',NULL,'Both','-480011834',NULL,NULL,'Maria','V','Robertson',NULL,NULL,1,NULL,'Dear Maria',1,NULL,'Dear Maria',1,NULL,'Maria Robertson',NULL,NULL,'1990-12-23',0,NULL,NULL,NULL,NULL,NULL,NULL,NULL,0,NULL,'2012-12-04 09:04:27'),(31,'Individual',NULL,1,0,0,0,0,0,NULL,NULL,'Barkley, Winford','Mr. Winford Barkley II',NULL,NULL,NULL,'1',NULL,'Both','573860066',NULL,NULL,'Winford','','Barkley',3,3,1,NULL,'Dear Winford',1,NULL,'Dear Winford',1,NULL,'Mr. Winford Barkley II',NULL,2,NULL,0,NULL,NULL,NULL,NULL,NULL,NULL,NULL,0,NULL,'2012-12-04 09:04:32'),(32,'Household',NULL,0,1,0,0,0,0,NULL,NULL,'Roberts family','Roberts family',NULL,NULL,NULL,NULL,NULL,'Both','2097305882',NULL,NULL,NULL,NULL,NULL,NULL,NULL,5,NULL,'Dear Roberts family',5,NULL,'Dear Roberts family',2,NULL,'Roberts family',NULL,NULL,NULL,0,NULL,'Roberts family',NULL,NULL,NULL,NULL,NULL,0,NULL,'2012-12-04 09:04:52'),(33,'Individual',NULL,0,0,0,0,0,0,NULL,NULL,'Roberts, Claudio','Claudio Roberts',NULL,NULL,NULL,NULL,NULL,'Both','425095368',NULL,NULL,'Claudio','C','Roberts',NULL,NULL,1,NULL,'Dear Claudio',1,NULL,'Dear Claudio',1,NULL,'Claudio Roberts',NULL,2,'1944-05-20',0,NULL,NULL,NULL,NULL,NULL,NULL,NULL,0,NULL,'2012-12-04 09:04:44'),(34,'Individual',NULL,1,0,0,0,0,0,NULL,NULL,'Wagner-Wattson, Tanya','Dr. Tanya Wagner-Wattson',NULL,NULL,NULL,NULL,NULL,'Both','-838886238',NULL,NULL,'Tanya','Z','Wagner-Wattson',4,NULL,1,NULL,'Dear Tanya',1,NULL,'Dear Tanya',1,NULL,'Dr. Tanya Wagner-Wattson',NULL,1,'1973-08-14',0,NULL,NULL,NULL,NULL,NULL,NULL,NULL,0,NULL,'2012-12-04 09:04:40'),(35,'Organization',NULL,0,0,0,0,0,0,NULL,NULL,'Wisconsin Software Association','Wisconsin Software Association',NULL,NULL,NULL,NULL,NULL,'Both','-843156232',NULL,NULL,NULL,NULL,NULL,NULL,NULL,NULL,NULL,NULL,NULL,NULL,NULL,3,NULL,'Wisconsin Software Association',NULL,NULL,NULL,0,NULL,NULL,55,'Wisconsin Software Association',NULL,NULL,NULL,0,NULL,'2012-12-04 09:04:58'),(36,'Individual',NULL,0,0,0,0,0,0,NULL,NULL,'Prentice, Betty','Dr. Betty Prentice',NULL,NULL,NULL,'2',NULL,'Both','235975731',NULL,NULL,'Betty','','Prentice',4,NULL,1,NULL,'Dear Betty',1,NULL,'Dear Betty',1,NULL,'Dr. Betty Prentice',NULL,1,NULL,0,NULL,NULL,NULL,NULL,NULL,NULL,NULL,0,NULL,'2012-12-04 09:04:33'),(37,'Individual',NULL,0,1,0,0,0,0,NULL,NULL,'wattsons@testing.biz','wattsons@testing.biz',NULL,NULL,NULL,'1',NULL,'Both','1221650375',NULL,NULL,NULL,NULL,NULL,NULL,4,1,NULL,'Dear wattsons@testing.biz',1,NULL,'Dear wattsons@testing.biz',1,NULL,'wattsons@testing.biz',NULL,NULL,NULL,0,NULL,NULL,NULL,NULL,NULL,NULL,NULL,0,NULL,'2012-12-04 09:04:37'),(38,'Individual',NULL,0,1,0,0,0,0,NULL,NULL,'Jones, Troy','Dr. Troy Jones Jr.',NULL,NULL,NULL,'1',NULL,'Both','-944774825',NULL,NULL,'Troy','E','Jones',4,1,1,NULL,'Dear Troy',1,NULL,'Dear Troy',1,NULL,'Dr. Troy Jones Jr.',NULL,NULL,'1968-07-03',0,NULL,NULL,NULL,NULL,NULL,NULL,NULL,0,NULL,'2012-12-04 09:04:39'),(39,'Household',NULL,1,0,0,0,0,0,NULL,NULL,'Daz family','Daz family',NULL,NULL,NULL,'5',NULL,'Both','-2125717461',NULL,NULL,NULL,NULL,NULL,NULL,NULL,5,NULL,'Dear Daz family',5,NULL,'Dear Daz family',2,NULL,'Daz family',NULL,NULL,NULL,0,NULL,'Daz family',NULL,NULL,NULL,NULL,NULL,0,NULL,'2012-12-04 09:04:52'),(40,'Individual',NULL,0,0,0,0,0,0,NULL,NULL,'Cooper, Kacey','Ms. Kacey Cooper',NULL,NULL,NULL,NULL,NULL,'Both','1088123165',NULL,NULL,'Kacey','K','Cooper',2,NULL,1,NULL,'Dear Kacey',1,NULL,'Dear Kacey',1,NULL,'Ms. Kacey Cooper',NULL,1,NULL,0,NULL,NULL,NULL,'Dowlen Arts Partnership',NULL,NULL,198,0,NULL,'2012-12-04 09:04:57'),(41,'Individual',NULL,1,0,0,0,0,0,NULL,NULL,'Daz, Sanford','Dr. Sanford Daz Jr.',NULL,NULL,NULL,'2',NULL,'Both','-539009041',NULL,NULL,'Sanford','','Daz',4,1,1,NULL,'Dear Sanford',1,NULL,'Dear Sanford',1,NULL,'Dr. Sanford Daz Jr.',NULL,2,'1980-08-20',0,NULL,NULL,NULL,NULL,NULL,NULL,NULL,0,NULL,'2012-12-04 09:04:24'),(42,'Individual',NULL,0,0,0,0,0,0,NULL,NULL,'Wagner, Jed','Mr. Jed Wagner',NULL,NULL,NULL,NULL,NULL,'Both','-310650649',NULL,NULL,'Jed','','Wagner',3,NULL,1,NULL,'Dear Jed',1,NULL,'Dear Jed',1,NULL,'Mr. Jed Wagner',NULL,2,NULL,0,NULL,NULL,NULL,NULL,NULL,NULL,NULL,0,NULL,'2012-12-04 09:04:33'),(43,'Individual',NULL,0,0,0,0,0,0,NULL,NULL,'Daz, Iris','Iris Daz',NULL,NULL,NULL,NULL,NULL,'Both','-1562798736',NULL,NULL,'Iris','C','Daz',NULL,NULL,1,NULL,'Dear Iris',1,NULL,'Dear Iris',1,NULL,'Iris Daz',NULL,1,'1999-08-04',0,NULL,NULL,NULL,NULL,NULL,NULL,NULL,0,NULL,'2012-12-04 09:04:40'),(44,'Household',NULL,0,0,0,0,0,0,NULL,NULL,'Prentice family','Prentice family',NULL,NULL,NULL,'2',NULL,'Both','-981343625',NULL,NULL,NULL,NULL,NULL,NULL,NULL,5,NULL,'Dear Prentice family',5,NULL,'Dear Prentice family',2,NULL,'Prentice family',NULL,NULL,NULL,0,NULL,'Prentice family',NULL,NULL,NULL,NULL,NULL,0,NULL,'2012-12-04 09:04:52'),(45,'Individual',NULL,0,1,0,0,1,0,NULL,NULL,'Mller, Herminia','Herminia Mller',NULL,NULL,NULL,'4',NULL,'Both','1737815792',NULL,NULL,'Herminia','','Mller',NULL,NULL,1,NULL,'Dear Herminia',1,NULL,'Dear Herminia',1,NULL,'Herminia Mller',NULL,NULL,'2009-01-17',0,NULL,NULL,NULL,NULL,NULL,NULL,NULL,0,NULL,'2012-12-04 09:04:48'),(46,'Individual',NULL,1,0,0,0,0,0,NULL,NULL,'Daz, Brittney','Brittney Daz',NULL,NULL,NULL,NULL,NULL,'Both','-1584595244',NULL,NULL,'Brittney','Q','Daz',NULL,NULL,1,NULL,'Dear Brittney',1,NULL,'Dear Brittney',1,NULL,'Brittney Daz',NULL,NULL,'2008-06-11',0,NULL,NULL,NULL,NULL,NULL,NULL,NULL,0,NULL,'2012-12-04 09:04:43'),(47,'Individual',NULL,0,0,0,0,0,0,NULL,NULL,'Jones, Elbert','Mr. Elbert Jones Sr.',NULL,NULL,NULL,NULL,NULL,'Both','-649914264',NULL,NULL,'Elbert','','Jones',3,2,1,NULL,'Dear Elbert',1,NULL,'Dear Elbert',1,NULL,'Mr. Elbert Jones Sr.',NULL,2,'1990-12-23',0,NULL,NULL,NULL,NULL,NULL,NULL,NULL,0,NULL,'2012-12-04 09:04:30'),(48,'Individual',NULL,0,0,0,0,0,0,NULL,NULL,'Smith, Damaris','Dr. Damaris Smith',NULL,NULL,NULL,'4',NULL,'Both','-601886859',NULL,NULL,'Damaris','A','Smith',4,NULL,1,NULL,'Dear Damaris',1,NULL,'Dear Damaris',1,NULL,'Dr. Damaris Smith',NULL,NULL,NULL,1,'2012-10-21',NULL,NULL,NULL,NULL,NULL,NULL,0,NULL,'2012-12-04 09:04:34'),(49,'Individual',NULL,1,0,0,0,0,0,NULL,NULL,'Jacobs, Landon','Landon Jacobs III',NULL,NULL,NULL,'2',NULL,'Both','1885905593',NULL,NULL,'Landon','','Jacobs',NULL,4,1,NULL,'Dear Landon',1,NULL,'Dear Landon',1,NULL,'Landon Jacobs III',NULL,2,NULL,0,NULL,NULL,NULL,NULL,NULL,NULL,NULL,0,NULL,'2012-12-04 09:04:35'),(50,'Organization',NULL,1,0,0,0,0,0,NULL,NULL,'Community Software Solutions','Community Software Solutions',NULL,NULL,NULL,'1',NULL,'Both','-1878493536',NULL,NULL,NULL,NULL,NULL,NULL,NULL,NULL,NULL,NULL,NULL,NULL,NULL,3,NULL,'Community Software Solutions',NULL,NULL,NULL,0,NULL,NULL,27,'Community Software Solutions',NULL,NULL,NULL,0,NULL,'2012-12-04 09:04:59'),(51,'Individual',NULL,0,0,0,0,0,0,NULL,NULL,'yadav.jed21@airmail.info','yadav.jed21@airmail.info',NULL,NULL,NULL,NULL,NULL,'Both','-1898673905',NULL,NULL,NULL,NULL,NULL,3,1,1,NULL,'Dear yadav.jed21@airmail.info',1,NULL,'Dear yadav.jed21@airmail.info',1,NULL,'yadav.jed21@airmail.info',NULL,NULL,NULL,0,NULL,NULL,NULL,NULL,NULL,NULL,NULL,0,NULL,'2012-12-04 09:04:28'),(52,'Household',NULL,0,1,0,0,0,0,NULL,NULL,'Ivanov-Terrell family','Ivanov-Terrell family',NULL,NULL,NULL,'1',NULL,'Both','-637559056',NULL,NULL,NULL,NULL,NULL,NULL,NULL,5,NULL,'Dear Ivanov-Terrell family',5,NULL,'Dear Ivanov-Terrell family',2,NULL,'Ivanov-Terrell family',NULL,NULL,NULL,0,NULL,'Ivanov-Terrell family',NULL,NULL,NULL,NULL,NULL,0,NULL,'2012-12-04 09:04:53'),(53,'Household',NULL,0,0,0,0,1,0,NULL,NULL,'Daz family','Daz family',NULL,NULL,NULL,'5',NULL,'Both','-2125717461',NULL,NULL,NULL,NULL,NULL,NULL,NULL,5,NULL,'Dear Daz family',5,NULL,'Dear Daz family',2,NULL,'Daz family',NULL,NULL,NULL,0,NULL,'Daz family',NULL,NULL,NULL,NULL,NULL,0,NULL,'2012-12-04 09:04:51'),(54,'Individual',NULL,0,1,0,0,0,0,NULL,NULL,'Bachman, Jackson','Jackson Bachman',NULL,NULL,NULL,NULL,NULL,'Both','1617477715',NULL,NULL,'Jackson','','Bachman',NULL,NULL,1,NULL,'Dear Jackson',1,NULL,'Dear Jackson',1,NULL,'Jackson Bachman',NULL,2,NULL,0,NULL,NULL,NULL,NULL,NULL,NULL,NULL,0,NULL,'2012-12-04 09:04:39'),(55,'Individual',NULL,0,0,0,0,0,0,NULL,NULL,'Terrell, Norris','Norris Terrell II',NULL,NULL,NULL,NULL,NULL,'Both','1035663398',NULL,NULL,'Norris','','Terrell',NULL,3,1,NULL,'Dear Norris',1,NULL,'Dear Norris',1,NULL,'Norris Terrell II',NULL,NULL,'1937-01-12',1,'2012-07-13',NULL,NULL,'Wisconsin Software Association',NULL,NULL,35,0,NULL,'2012-12-04 09:04:58'),(56,'Organization',NULL,1,0,0,0,0,0,NULL,NULL,'Progressive Sports Partnership','Progressive Sports Partnership',NULL,NULL,NULL,NULL,NULL,'Both','-1405065638',NULL,NULL,NULL,NULL,NULL,NULL,NULL,NULL,NULL,NULL,NULL,NULL,NULL,3,NULL,'Progressive Sports Partnership',NULL,NULL,NULL,0,NULL,NULL,174,'Progressive Sports Partnership',NULL,NULL,NULL,0,NULL,'2012-12-04 09:04:54'),(57,'Individual',NULL,0,1,0,0,0,0,NULL,NULL,'Prentice, Rolando','Dr. Rolando Prentice',NULL,NULL,NULL,NULL,NULL,'Both','1297722771',NULL,NULL,'Rolando','','Prentice',4,NULL,1,NULL,'Dear Rolando',1,NULL,'Dear Rolando',1,NULL,'Dr. Rolando Prentice',NULL,2,'1990-12-23',0,NULL,NULL,NULL,NULL,NULL,NULL,NULL,0,NULL,'2012-12-04 09:04:30'),(58,'Individual',NULL,1,0,0,0,0,0,NULL,NULL,'Daz, Nicole','Nicole Daz',NULL,NULL,NULL,NULL,NULL,'Both','1789342524',NULL,NULL,'Nicole','B','Daz',NULL,NULL,1,NULL,'Dear Nicole',1,NULL,'Dear Nicole',1,NULL,'Nicole Daz',NULL,NULL,'2005-11-26',0,NULL,NULL,NULL,NULL,NULL,NULL,NULL,0,NULL,'2012-12-04 09:04:40'),(59,'Organization',NULL,1,0,0,0,1,0,NULL,NULL,'Glen Rock Health Initiative','Glen Rock Health Initiative',NULL,NULL,NULL,'3',NULL,'Both','-134269488',NULL,NULL,NULL,NULL,NULL,NULL,NULL,NULL,NULL,NULL,NULL,NULL,NULL,3,NULL,'Glen Rock Health Initiative',NULL,NULL,NULL,0,NULL,NULL,20,'Glen Rock Health Initiative',NULL,NULL,NULL,0,NULL,'2012-12-04 09:04:59'),(60,'Individual',NULL,0,1,0,0,0,0,NULL,NULL,'Roberts, Juliann','Juliann Roberts',NULL,NULL,NULL,'1',NULL,'Both','1959079524',NULL,NULL,'Juliann','I','Roberts',NULL,NULL,1,NULL,'Dear Juliann',1,NULL,'Dear Juliann',1,NULL,'Juliann Roberts',NULL,NULL,'1997-09-25',0,NULL,NULL,NULL,NULL,NULL,NULL,NULL,0,NULL,'2012-12-04 09:04:44'),(61,'Individual',NULL,0,0,0,0,1,0,NULL,NULL,'Olsen, Shad','Dr. Shad Olsen',NULL,NULL,NULL,'2',NULL,'Both','2007691638',NULL,NULL,'Shad','N','Olsen',4,NULL,1,NULL,'Dear Shad',1,NULL,'Dear Shad',1,NULL,'Dr. Shad Olsen',NULL,NULL,'1935-09-09',0,NULL,NULL,NULL,NULL,NULL,NULL,NULL,0,NULL,'2012-12-04 09:04:38'),(62,'Individual',NULL,0,0,0,0,0,0,NULL,NULL,'Wattson, Teresa','Ms. Teresa Wattson',NULL,NULL,NULL,NULL,NULL,'Both','1261567310',NULL,NULL,'Teresa','','Wattson',2,NULL,1,NULL,'Dear Teresa',1,NULL,'Dear Teresa',1,NULL,'Ms. Teresa Wattson',NULL,1,'1990-12-23',0,NULL,NULL,NULL,NULL,NULL,NULL,NULL,0,NULL,'2012-12-04 09:04:24'),(63,'Organization',NULL,0,0,0,0,0,0,NULL,NULL,'Michigan Action Initiative','Michigan Action Initiative',NULL,NULL,NULL,'5',NULL,'Both','-1085548045',NULL,NULL,NULL,NULL,NULL,NULL,NULL,NULL,NULL,NULL,NULL,NULL,NULL,3,NULL,'Michigan Action Initiative',NULL,NULL,NULL,0,NULL,NULL,10,'Michigan Action Initiative',NULL,NULL,NULL,0,NULL,'2012-12-04 09:04:57'),(64,'Individual',NULL,0,0,0,0,0,0,NULL,NULL,'chowski, Andrew','Dr. Andrew chowski',NULL,NULL,NULL,NULL,NULL,'Both','1575830932',NULL,NULL,'Andrew','','chowski',4,NULL,1,NULL,'Dear Andrew',1,NULL,'Dear Andrew',1,NULL,'Dr. Andrew chowski',NULL,NULL,NULL,1,'2012-10-20',NULL,NULL,NULL,NULL,NULL,NULL,0,NULL,'2012-12-04 09:04:25'),(65,'Individual',NULL,0,0,0,0,0,0,NULL,NULL,'Prentice, Felisha','Mrs. Felisha Prentice',NULL,NULL,NULL,'2',NULL,'Both','-451654417',NULL,NULL,'Felisha','K','Prentice',1,NULL,1,NULL,'Dear Felisha',1,NULL,'Dear Felisha',1,NULL,'Mrs. Felisha Prentice',NULL,NULL,NULL,0,NULL,NULL,NULL,NULL,NULL,NULL,NULL,0,NULL,'2012-12-04 09:04:46'),(66,'Household',NULL,0,0,0,0,1,0,NULL,NULL,'Cooper family','Cooper family',NULL,NULL,NULL,NULL,NULL,'Both','1133003930',NULL,NULL,NULL,NULL,NULL,NULL,NULL,5,NULL,'Dear Cooper family',5,NULL,'Dear Cooper family',2,NULL,'Cooper family',NULL,NULL,NULL,0,NULL,'Cooper family',NULL,NULL,NULL,NULL,NULL,0,NULL,'2012-12-04 09:04:53'),(67,'Individual',NULL,0,0,0,0,0,0,NULL,NULL,'Blackwell, Brzczysaw','Dr. Brzczysaw Blackwell',NULL,NULL,NULL,NULL,NULL,'Both','-912869282',NULL,NULL,'Brzczysaw','S','Blackwell',4,NULL,1,NULL,'Dear Brzczysaw',1,NULL,'Dear Brzczysaw',1,NULL,'Dr. Brzczysaw Blackwell',NULL,2,'1979-09-07',0,NULL,NULL,NULL,NULL,NULL,NULL,NULL,0,NULL,'2012-12-04 09:04:43'),(68,'Individual',NULL,1,0,0,0,0,0,NULL,NULL,'Grant, Sonny','Mr. Sonny Grant',NULL,NULL,NULL,'4',NULL,'Both','-1739082693',NULL,NULL,'Sonny','L','Grant',3,NULL,1,NULL,'Dear Sonny',1,NULL,'Dear Sonny',1,NULL,'Mr. Sonny Grant',NULL,NULL,'1989-04-07',0,NULL,NULL,NULL,NULL,NULL,NULL,NULL,0,NULL,'2012-12-04 09:04:42'),(69,'Individual',NULL,0,1,0,0,0,0,NULL,NULL,'Jones, Arlyne','Ms. Arlyne Jones',NULL,NULL,NULL,NULL,NULL,'Both','-467262699',NULL,NULL,'Arlyne','','Jones',2,NULL,1,NULL,'Dear Arlyne',1,NULL,'Dear Arlyne',1,NULL,'Ms. Arlyne Jones',NULL,NULL,'1984-08-13',0,NULL,NULL,NULL,NULL,NULL,NULL,NULL,0,NULL,'2012-12-04 09:04:41'),(70,'Individual',NULL,1,0,0,0,0,0,NULL,NULL,'Wattson, Elina','Elina Wattson',NULL,NULL,NULL,NULL,NULL,'Both','452291784',NULL,NULL,'Elina','','Wattson',NULL,NULL,1,NULL,'Dear Elina',1,NULL,'Dear Elina',1,NULL,'Elina Wattson',NULL,NULL,'1935-10-25',1,NULL,NULL,NULL,NULL,NULL,NULL,NULL,0,NULL,'2012-12-04 09:04:35'),(71,'Individual',NULL,1,0,0,0,1,0,NULL,NULL,'Robertson, Craig','Mr. Craig Robertson',NULL,NULL,NULL,'5',NULL,'Both','-369334326',NULL,NULL,'Craig','J','Robertson',3,NULL,1,NULL,'Dear Craig',1,NULL,'Dear Craig',1,NULL,'Mr. Craig Robertson',NULL,NULL,'1985-05-18',0,NULL,NULL,NULL,NULL,NULL,NULL,NULL,0,NULL,'2012-12-04 09:04:27'),(72,'Individual',NULL,0,0,0,0,1,0,NULL,NULL,'Jones-Cooper, Maria','Maria Jones-Cooper',NULL,NULL,NULL,NULL,NULL,'Both','-2062169738',NULL,NULL,'Maria','','Jones-Cooper',NULL,NULL,1,NULL,'Dear Maria',1,NULL,'Dear Maria',1,NULL,'Maria Jones-Cooper',NULL,2,NULL,0,NULL,NULL,NULL,'Sierra Sustainability Partnership',NULL,NULL,77,0,NULL,'2012-12-04 09:04:56'),(73,'Individual',NULL,0,1,0,0,0,0,NULL,NULL,'Jensen, Arlyne','Arlyne Jensen',NULL,NULL,NULL,'2',NULL,'Both','-1641951361',NULL,NULL,'Arlyne','O','Jensen',NULL,NULL,1,NULL,'Dear Arlyne',1,NULL,'Dear Arlyne',1,NULL,'Arlyne Jensen',NULL,1,'1928-09-04',1,'2012-03-21',NULL,NULL,NULL,NULL,NULL,NULL,0,NULL,'2012-12-04 09:04:25'),(74,'Individual',NULL,0,0,0,0,0,0,NULL,NULL,'Reynolds-Roberts, Brittney','Brittney Reynolds-Roberts',NULL,NULL,NULL,'1',NULL,'Both','1671981555',NULL,NULL,'Brittney','','Reynolds-Roberts',NULL,NULL,1,NULL,'Dear Brittney',1,NULL,'Dear Brittney',1,NULL,'Brittney Reynolds-Roberts',NULL,NULL,NULL,0,NULL,NULL,NULL,NULL,NULL,NULL,NULL,0,NULL,'2012-12-04 09:04:45'),(75,'Organization',NULL,0,1,0,0,1,0,NULL,NULL,'Puerto Rico Sports Partnership','Puerto Rico Sports Partnership',NULL,NULL,NULL,'3',NULL,'Both','-1962594012',NULL,NULL,NULL,NULL,NULL,NULL,NULL,NULL,NULL,NULL,NULL,NULL,NULL,3,NULL,'Puerto Rico Sports Partnership',NULL,NULL,NULL,0,NULL,NULL,NULL,'Puerto Rico Sports Partnership',NULL,NULL,NULL,0,NULL,'2012-12-04 09:04:54'),(76,'Household',NULL,0,0,0,0,1,0,NULL,NULL,'Jensen-Gonzlez family','Jensen-Gonzlez family',NULL,NULL,NULL,NULL,NULL,'Both','-94439912',NULL,NULL,NULL,NULL,NULL,NULL,NULL,5,NULL,'Dear Jensen-Gonzlez family',5,NULL,'Dear Jensen-Gonzlez family',2,NULL,'Jensen-Gonzlez family',NULL,NULL,NULL,0,NULL,'Jensen-Gonzlez family',NULL,NULL,NULL,NULL,NULL,0,NULL,'2012-12-04 09:04:53'),(77,'Organization',NULL,0,0,0,0,0,0,NULL,NULL,'Sierra Sustainability Partnership','Sierra Sustainability Partnership',NULL,NULL,NULL,'5',NULL,'Both','935206448',NULL,NULL,NULL,NULL,NULL,NULL,NULL,NULL,NULL,NULL,NULL,NULL,NULL,3,NULL,'Sierra Sustainability Partnership',NULL,NULL,NULL,0,NULL,NULL,72,'Sierra Sustainability Partnership',NULL,NULL,NULL,0,NULL,'2012-12-04 09:04:56'),(78,'Individual',NULL,1,0,0,0,1,0,NULL,NULL,'Bachman, Elina','Elina Bachman',NULL,NULL,NULL,NULL,NULL,'Both','-718469505',NULL,NULL,'Elina','','Bachman',NULL,NULL,1,NULL,'Dear Elina',1,NULL,'Dear Elina',1,NULL,'Elina Bachman',NULL,NULL,'1966-08-05',0,NULL,NULL,NULL,NULL,NULL,NULL,NULL,0,NULL,'2012-12-04 09:04:38'),(79,'Individual',NULL,0,0,0,0,1,0,NULL,NULL,'Mller, Erik','Erik Mller Sr.',NULL,NULL,NULL,'3',NULL,'Both','826359334',NULL,NULL,'Erik','','Mller',NULL,2,1,NULL,'Dear Erik',1,NULL,'Dear Erik',1,NULL,'Erik Mller Sr.',NULL,NULL,NULL,0,NULL,NULL,NULL,NULL,NULL,NULL,NULL,0,NULL,'2012-12-04 09:04:48'),(80,'Household',NULL,0,0,0,0,0,0,NULL,NULL,'Blackwell family','Blackwell family',NULL,NULL,NULL,'1',NULL,'Both','-1076325786',NULL,NULL,NULL,NULL,NULL,NULL,NULL,5,NULL,'Dear Blackwell family',5,NULL,'Dear Blackwell family',2,NULL,'Blackwell family',NULL,NULL,NULL,0,NULL,'Blackwell family',NULL,NULL,NULL,NULL,NULL,0,NULL,'2012-12-04 09:04:52'),(81,'Organization',NULL,0,0,0,0,0,0,NULL,NULL,'Arkansas Development Initiative','Arkansas Development Initiative',NULL,NULL,NULL,'1',NULL,'Both','298023331',NULL,NULL,NULL,NULL,NULL,NULL,NULL,NULL,NULL,NULL,NULL,NULL,NULL,3,NULL,'Arkansas Development Initiative',NULL,NULL,NULL,0,NULL,NULL,159,'Arkansas Development Initiative',NULL,NULL,NULL,0,NULL,'2012-12-04 09:04:54'),(82,'Individual',NULL,1,0,0,0,0,0,NULL,NULL,'valenewattson@mymail.co.pl','valenewattson@mymail.co.pl',NULL,NULL,NULL,NULL,NULL,'Both','477151478',NULL,NULL,NULL,NULL,NULL,NULL,NULL,1,NULL,'Dear valenewattson@mymail.co.pl',1,NULL,'Dear valenewattson@mymail.co.pl',1,NULL,'valenewattson@mymail.co.pl',NULL,NULL,NULL,0,NULL,NULL,NULL,'Millington Advocacy Partners',NULL,NULL,136,0,NULL,'2012-12-04 09:04:55'),(83,'Individual',NULL,0,0,0,0,0,0,NULL,NULL,'Jameson, Brzczysaw','Brzczysaw Jameson',NULL,NULL,NULL,NULL,NULL,'Both','-1056758637',NULL,NULL,'Brzczysaw','','Jameson',NULL,NULL,1,NULL,'Dear Brzczysaw',1,NULL,'Dear Brzczysaw',1,NULL,'Brzczysaw Jameson',NULL,NULL,'1990-12-23',0,NULL,NULL,NULL,NULL,NULL,NULL,NULL,0,NULL,'2012-12-04 09:04:30'),(84,'Individual',NULL,0,0,0,0,0,0,NULL,NULL,'Barkley, Landon','Landon Barkley Sr.',NULL,NULL,NULL,'2',NULL,'Both','2012224076',NULL,NULL,'Landon','S','Barkley',NULL,2,1,NULL,'Dear Landon',1,NULL,'Dear Landon',1,NULL,'Landon Barkley Sr.',NULL,NULL,'1978-08-10',0,NULL,NULL,NULL,NULL,NULL,NULL,NULL,0,NULL,'2012-12-04 09:04:30'),(85,'Individual',NULL,0,0,0,0,0,0,NULL,NULL,'Terry, Carylon','Carylon Terry',NULL,NULL,NULL,'4',NULL,'Both','803011383',NULL,NULL,'Carylon','','Terry',NULL,NULL,1,NULL,'Dear Carylon',1,NULL,'Dear Carylon',1,NULL,'Carylon Terry',NULL,NULL,'1954-08-03',1,'2012-03-15',NULL,NULL,NULL,NULL,NULL,NULL,0,NULL,'2012-12-04 09:04:25'),(86,'Individual',NULL,0,0,0,0,0,0,NULL,NULL,'Wattson, Princess','Princess Wattson',NULL,NULL,NULL,NULL,NULL,'Both','1322463207',NULL,NULL,'Princess','','Wattson',NULL,NULL,1,NULL,'Dear Princess',1,NULL,'Dear Princess',1,NULL,'Princess Wattson',NULL,NULL,NULL,0,NULL,NULL,NULL,NULL,NULL,NULL,NULL,0,NULL,'2012-12-04 09:04:47'),(87,'Individual',NULL,1,0,0,0,1,0,NULL,NULL,'cooperl@airmail.co.pl','cooperl@airmail.co.pl',NULL,NULL,NULL,'2',NULL,'Both','-2015983234',NULL,NULL,NULL,NULL,NULL,4,NULL,1,NULL,'Dear cooperl@airmail.co.pl',1,NULL,'Dear cooperl@airmail.co.pl',1,NULL,'cooperl@airmail.co.pl',NULL,NULL,NULL,0,NULL,NULL,NULL,NULL,NULL,NULL,NULL,0,NULL,'2012-12-04 09:04:44'),(88,'Individual',NULL,0,0,0,0,0,0,NULL,NULL,'Grant, Eleonor','Eleonor Grant',NULL,NULL,NULL,NULL,NULL,'Both','-1181332058',NULL,NULL,'Eleonor','K','Grant',NULL,NULL,1,NULL,'Dear Eleonor',1,NULL,'Dear Eleonor',1,NULL,'Eleonor Grant',NULL,1,'1994-12-02',0,NULL,NULL,NULL,NULL,NULL,NULL,NULL,0,NULL,'2012-12-04 09:04:42'),(89,'Individual',NULL,0,0,0,0,0,0,NULL,NULL,'ajameson@lol.co.pl','ajameson@lol.co.pl',NULL,NULL,NULL,NULL,NULL,'Both','-387973780',NULL,NULL,NULL,NULL,NULL,NULL,NULL,1,NULL,'Dear ajameson@lol.co.pl',1,NULL,'Dear ajameson@lol.co.pl',1,NULL,'ajameson@lol.co.pl',NULL,NULL,NULL,0,NULL,NULL,NULL,NULL,NULL,NULL,NULL,0,NULL,'2012-12-04 09:04:25'),(90,'Organization',NULL,0,0,0,0,0,0,NULL,NULL,'Dowlen Action Academy','Dowlen Action Academy',NULL,NULL,NULL,'1',NULL,'Both','-822782849',NULL,NULL,NULL,NULL,NULL,NULL,NULL,NULL,NULL,NULL,NULL,NULL,NULL,3,NULL,'Dowlen Action Academy',NULL,NULL,NULL,0,NULL,NULL,176,'Dowlen Action Academy',NULL,NULL,NULL,0,NULL,'2012-12-04 09:04:58'),(91,'Individual',NULL,0,0,0,0,0,0,NULL,NULL,'chowski, Josefa','Josefa chowski',NULL,NULL,NULL,NULL,NULL,'Both','18129062',NULL,NULL,'Josefa','','chowski',NULL,NULL,1,NULL,'Dear Josefa',1,NULL,'Dear Josefa',1,NULL,'Josefa chowski',NULL,1,NULL,0,NULL,NULL,NULL,NULL,NULL,NULL,NULL,0,NULL,'2012-12-04 09:04:26'),(92,'Individual',NULL,0,1,0,0,0,0,NULL,NULL,'Roberts, Bob','Bob Roberts',NULL,NULL,NULL,'3',NULL,'Both','1182740119',NULL,NULL,'Bob','T','Roberts',NULL,NULL,1,NULL,'Dear Bob',1,NULL,'Dear Bob',1,NULL,'Bob Roberts',NULL,NULL,NULL,0,NULL,NULL,NULL,NULL,NULL,NULL,NULL,0,NULL,'2012-12-04 09:04:44'),(93,'Individual',NULL,0,0,0,0,0,0,NULL,NULL,'grant.carlos64@fakemail.biz','grant.carlos64@fakemail.biz',NULL,NULL,NULL,NULL,NULL,'Both','127050812',NULL,NULL,NULL,NULL,NULL,3,4,1,NULL,'Dear grant.carlos64@fakemail.biz',1,NULL,'Dear grant.carlos64@fakemail.biz',1,NULL,'grant.carlos64@fakemail.biz',NULL,NULL,NULL,0,NULL,NULL,NULL,NULL,NULL,NULL,NULL,0,NULL,'2012-12-04 09:04:42'),(94,'Individual',NULL,0,0,0,0,0,0,NULL,NULL,'Roberts, Elizabeth','Elizabeth Roberts',NULL,NULL,NULL,NULL,NULL,'Both','-1190102316',NULL,NULL,'Elizabeth','O','Roberts',NULL,NULL,1,NULL,'Dear Elizabeth',1,NULL,'Dear Elizabeth',1,NULL,'Elizabeth Roberts',NULL,1,'1988-10-29',0,NULL,NULL,NULL,NULL,NULL,NULL,NULL,0,NULL,'2012-12-04 09:04:45'),(95,'Individual',NULL,0,0,0,0,0,0,NULL,NULL,'Jones, Lashawnda','Lashawnda Jones',NULL,NULL,NULL,'5',NULL,'Both','-767379467',NULL,NULL,'Lashawnda','A','Jones',NULL,NULL,1,NULL,'Dear Lashawnda',1,NULL,'Dear Lashawnda',1,NULL,'Lashawnda Jones',NULL,1,NULL,0,NULL,NULL,NULL,NULL,NULL,NULL,NULL,0,NULL,'2012-12-04 09:04:41'),(96,'Individual',NULL,0,0,0,0,0,0,NULL,NULL,'smith.l.truman1@fishmail.net','smith.l.truman1@fishmail.net',NULL,NULL,NULL,'3',NULL,'Both','2060251028',NULL,NULL,NULL,NULL,NULL,NULL,1,1,NULL,'Dear smith.l.truman1@fishmail.net',1,NULL,'Dear smith.l.truman1@fishmail.net',1,NULL,'smith.l.truman1@fishmail.net',NULL,NULL,NULL,0,NULL,NULL,NULL,NULL,NULL,NULL,NULL,0,NULL,'2012-12-04 09:04:36'),(97,'Individual',NULL,0,1,0,0,0,0,NULL,NULL,'Grant, Kathleen','Kathleen Grant',NULL,NULL,NULL,'4',NULL,'Both','-336690091',NULL,NULL,'Kathleen','C','Grant',NULL,NULL,1,NULL,'Dear Kathleen',1,NULL,'Dear Kathleen',1,NULL,'Kathleen Grant',NULL,1,'1985-07-22',0,NULL,NULL,NULL,NULL,NULL,NULL,NULL,0,NULL,'2012-12-04 09:04:49'),(98,'Individual',NULL,0,1,0,0,0,0,NULL,NULL,'Cooper, Jay','Jay Cooper',NULL,NULL,NULL,NULL,NULL,'Both','941520833',NULL,NULL,'Jay','U','Cooper',NULL,NULL,1,NULL,'Dear Jay',1,NULL,'Dear Jay',1,NULL,'Jay Cooper',NULL,NULL,NULL,1,'2012-01-05',NULL,NULL,NULL,NULL,NULL,NULL,0,NULL,'2012-12-04 09:04:47'),(99,'Individual',NULL,0,0,0,0,0,0,NULL,NULL,'Barkley, Lashawnda','Mrs. Lashawnda Barkley',NULL,NULL,NULL,'2',NULL,'Both','299247424',NULL,NULL,'Lashawnda','','Barkley',1,NULL,1,NULL,'Dear Lashawnda',1,NULL,'Dear Lashawnda',1,NULL,'Mrs. Lashawnda Barkley',NULL,1,'1949-12-20',0,NULL,NULL,NULL,NULL,NULL,NULL,NULL,0,NULL,'2012-12-04 09:04:33'),(100,'Individual',NULL,0,1,0,0,0,0,NULL,NULL,'smith.j.jina@sample.co.nz','smith.j.jina@sample.co.nz',NULL,NULL,NULL,NULL,NULL,'Both','1179524639',NULL,NULL,NULL,NULL,NULL,NULL,NULL,1,NULL,'Dear smith.j.jina@sample.co.nz',1,NULL,'Dear smith.j.jina@sample.co.nz',1,NULL,'smith.j.jina@sample.co.nz',NULL,NULL,NULL,0,NULL,NULL,NULL,NULL,NULL,NULL,NULL,0,NULL,'2012-12-04 09:04:29'),(101,'Individual',NULL,0,0,0,0,1,0,NULL,NULL,'Jensen, Sanford','Dr. Sanford Jensen',NULL,NULL,NULL,NULL,NULL,'Both','1526792308',NULL,NULL,'Sanford','','Jensen',4,NULL,1,NULL,'Dear Sanford',1,NULL,'Dear Sanford',1,NULL,'Dr. Sanford Jensen',NULL,2,'1990-12-23',0,NULL,NULL,NULL,NULL,NULL,NULL,NULL,0,NULL,'2012-12-04 09:04:31'),(102,'Individual',NULL,0,1,0,0,0,0,NULL,NULL,'Grant-Wilson, Kathlyn','Kathlyn Grant-Wilson',NULL,NULL,NULL,NULL,NULL,'Both','-1859254860',NULL,NULL,'Kathlyn','','Grant-Wilson',NULL,NULL,1,NULL,'Dear Kathlyn',1,NULL,'Dear Kathlyn',1,NULL,'Kathlyn Grant-Wilson',NULL,1,'1998-02-21',0,NULL,NULL,NULL,NULL,NULL,NULL,NULL,0,NULL,'2012-12-04 09:04:51'),(103,'Individual',NULL,1,0,0,0,1,0,NULL,NULL,'Nielsen, Jerome','Dr. Jerome Nielsen',NULL,NULL,NULL,NULL,NULL,'Both','-642252233',NULL,NULL,'Jerome','W','Nielsen',4,NULL,1,NULL,'Dear Jerome',1,NULL,'Dear Jerome',1,NULL,'Dr. Jerome Nielsen',NULL,NULL,'1949-03-24',0,NULL,NULL,NULL,NULL,NULL,NULL,NULL,0,NULL,'2012-12-04 09:04:26'),(104,'Individual',NULL,0,0,0,0,1,0,NULL,NULL,'miguelc3@notmail.net','miguelc3@notmail.net',NULL,NULL,NULL,'4',NULL,'Both','1549727869',NULL,NULL,NULL,NULL,NULL,3,3,1,NULL,'Dear miguelc3@notmail.net',1,NULL,'Dear miguelc3@notmail.net',1,NULL,'miguelc3@notmail.net',NULL,NULL,NULL,0,NULL,NULL,NULL,NULL,NULL,NULL,NULL,0,NULL,'2012-12-04 09:04:47'),(105,'Individual',NULL,0,0,0,0,0,0,NULL,NULL,'Mller, Miguel','Miguel Mller',NULL,NULL,NULL,'1',NULL,'Both','317510167',NULL,NULL,'Miguel','C','Mller',NULL,NULL,1,NULL,'Dear Miguel',1,NULL,'Dear Miguel',1,NULL,'Miguel Mller',NULL,2,'2011-05-10',0,NULL,NULL,NULL,NULL,NULL,NULL,NULL,0,NULL,'2012-12-04 09:04:48'),(106,'Individual',NULL,0,0,0,0,1,0,NULL,NULL,'Lee, Brigette','Mrs. Brigette Lee',NULL,NULL,NULL,'3',NULL,'Both','1401696648',NULL,NULL,'Brigette','U','Lee',1,NULL,1,NULL,'Dear Brigette',1,NULL,'Dear Brigette',1,NULL,'Mrs. Brigette Lee',NULL,1,NULL,1,'2012-02-21',NULL,NULL,NULL,NULL,NULL,NULL,0,NULL,'2012-12-04 09:04:38'),(107,'Individual',NULL,0,1,0,0,0,0,NULL,NULL,'Deforest, Sanford','Sanford Deforest Jr.',NULL,NULL,NULL,'1',NULL,'Both','-1942231567',NULL,NULL,'Sanford','','Deforest',NULL,1,1,NULL,'Dear Sanford',1,NULL,'Dear Sanford',1,NULL,'Sanford Deforest Jr.',NULL,2,'1987-10-25',0,NULL,NULL,NULL,'North Carolina Culture Fellowship',NULL,NULL,113,0,NULL,'2012-12-04 09:04:53'),(108,'Individual',NULL,0,0,0,0,0,0,NULL,NULL,'Prentice, Bryon','Bryon Prentice',NULL,NULL,NULL,NULL,NULL,'Both','-505215461',NULL,NULL,'Bryon','','Prentice',NULL,NULL,1,NULL,'Dear Bryon',1,NULL,'Dear Bryon',1,NULL,'Bryon Prentice',NULL,2,'1947-11-13',1,'2012-08-26',NULL,NULL,NULL,NULL,NULL,NULL,0,NULL,'2012-12-04 09:04:45'),(109,'Organization',NULL,0,0,0,0,0,0,NULL,NULL,'Anderson Music Collective','Anderson Music Collective',NULL,NULL,NULL,'1',NULL,'Both','-1613509190',NULL,NULL,NULL,NULL,NULL,NULL,NULL,NULL,NULL,NULL,NULL,NULL,NULL,3,NULL,'Anderson Music Collective',NULL,NULL,NULL,0,NULL,NULL,190,'Anderson Music Collective',NULL,NULL,NULL,0,NULL,'2012-12-04 09:04:55'),(110,'Individual',NULL,1,0,0,0,0,0,NULL,NULL,'Wilson, Jay','Dr. Jay Wilson Sr.',NULL,NULL,NULL,NULL,NULL,'Both','1279858247',NULL,NULL,'Jay','Z','Wilson',4,2,1,NULL,'Dear Jay',1,NULL,'Dear Jay',1,NULL,'Dr. Jay Wilson Sr.',NULL,2,'1968-04-30',1,NULL,NULL,NULL,NULL,NULL,NULL,NULL,0,NULL,'2012-12-04 09:04:27'),(111,'Individual',NULL,1,1,0,0,0,0,NULL,NULL,'Jones, Jackson','Dr. Jackson Jones',NULL,NULL,NULL,'4',NULL,'Both','69572025',NULL,NULL,'Jackson','I','Jones',4,NULL,1,NULL,'Dear Jackson',1,NULL,'Dear Jackson',1,NULL,'Dr. Jackson Jones',NULL,2,'1977-03-25',0,NULL,NULL,NULL,NULL,NULL,NULL,NULL,0,NULL,'2012-12-04 09:04:41'),(112,'Individual',NULL,1,0,0,0,1,0,NULL,NULL,'Terrell, Lashawnda','Dr. Lashawnda Terrell',NULL,NULL,NULL,'2',NULL,'Both','-848754826',NULL,NULL,'Lashawnda','S','Terrell',4,NULL,1,NULL,'Dear Lashawnda',1,NULL,'Dear Lashawnda',1,NULL,'Dr. Lashawnda Terrell',NULL,1,'1928-01-07',1,'2012-05-25',NULL,NULL,NULL,NULL,NULL,NULL,0,NULL,'2012-12-04 09:04:36'),(113,'Organization',NULL,0,0,0,0,0,0,NULL,NULL,'North Carolina Culture Fellowship','North Carolina Culture Fellowship',NULL,NULL,NULL,'4',NULL,'Both','-620030981',NULL,NULL,NULL,NULL,NULL,NULL,NULL,NULL,NULL,NULL,NULL,NULL,NULL,3,NULL,'North Carolina Culture Fellowship',NULL,NULL,NULL,0,NULL,NULL,107,'North Carolina Culture Fellowship',NULL,NULL,NULL,0,NULL,'2012-12-04 09:04:53'),(114,'Individual',NULL,0,0,0,0,0,0,NULL,NULL,'rpatel54@lol.org','rpatel54@lol.org',NULL,NULL,NULL,'4',NULL,'Both','-1009467221',NULL,NULL,NULL,NULL,NULL,4,4,1,NULL,'Dear rpatel54@lol.org',1,NULL,'Dear rpatel54@lol.org',1,NULL,'rpatel54@lol.org',NULL,NULL,NULL,0,NULL,NULL,NULL,NULL,NULL,NULL,NULL,0,NULL,'2012-12-04 09:04:29'),(115,'Individual',NULL,1,0,0,0,0,0,NULL,NULL,'Robertson-Prentice, Alida','Alida Robertson-Prentice',NULL,NULL,NULL,'1',NULL,'Both','1206400430',NULL,NULL,'Alida','G','Robertson-Prentice',NULL,NULL,1,NULL,'Dear Alida',1,NULL,'Dear Alida',1,NULL,'Alida Robertson-Prentice',NULL,NULL,'1981-04-16',0,NULL,NULL,NULL,NULL,NULL,NULL,NULL,0,NULL,'2012-12-04 09:04:46'),(116,'Individual',NULL,1,1,0,0,0,0,NULL,NULL,'Jensen, Lawerence','Lawerence Jensen',NULL,NULL,NULL,NULL,NULL,'Both','637585263',NULL,NULL,'Lawerence','','Jensen',NULL,NULL,1,NULL,'Dear Lawerence',1,NULL,'Dear Lawerence',1,NULL,'Lawerence Jensen',NULL,2,'1978-04-18',0,NULL,NULL,NULL,NULL,NULL,NULL,NULL,0,NULL,'2012-12-04 09:04:50'),(117,'Household',NULL,0,0,0,0,0,0,NULL,NULL,'Wattson family','Wattson family',NULL,NULL,NULL,'1',NULL,'Both','-1443628104',NULL,NULL,NULL,NULL,NULL,NULL,NULL,5,NULL,'Dear Wattson family',5,NULL,'Dear Wattson family',2,NULL,'Wattson family',NULL,NULL,NULL,0,NULL,'Wattson family',NULL,NULL,NULL,NULL,NULL,0,NULL,'2012-12-04 09:04:53'),(118,'Individual',NULL,1,1,0,0,0,0,NULL,NULL,'Barkley, Truman','Dr. Truman Barkley II',NULL,NULL,NULL,NULL,NULL,'Both','-1451249289',NULL,NULL,'Truman','','Barkley',4,3,1,NULL,'Dear Truman',1,NULL,'Dear Truman',1,NULL,'Dr. Truman Barkley II',NULL,NULL,'1947-04-29',0,NULL,NULL,NULL,NULL,NULL,NULL,NULL,0,NULL,'2012-12-04 09:04:34'),(119,'Individual',NULL,0,0,0,0,0,0,NULL,NULL,'Wilson, Teresa','Teresa Wilson',NULL,NULL,NULL,'1',NULL,'Both','-219529502',NULL,NULL,'Teresa','','Wilson',NULL,NULL,1,NULL,'Dear Teresa',1,NULL,'Dear Teresa',1,NULL,'Teresa Wilson',NULL,1,'1925-05-21',1,'2012-06-16',NULL,NULL,NULL,NULL,NULL,NULL,0,NULL,'2012-12-04 09:04:26'),(120,'Individual',NULL,0,0,0,0,0,0,NULL,NULL,'errold34@infomail.biz','errold34@infomail.biz',NULL,NULL,NULL,NULL,NULL,'Both','-1672361040',NULL,NULL,NULL,NULL,NULL,4,3,1,NULL,'Dear errold34@infomail.biz',1,NULL,'Dear errold34@infomail.biz',1,NULL,'errold34@infomail.biz',NULL,NULL,NULL,0,NULL,NULL,NULL,NULL,NULL,NULL,NULL,0,NULL,'2012-12-04 09:04:26'),(121,'Individual',NULL,1,0,0,0,0,0,NULL,NULL,'Mller, Damaris','Damaris Mller',NULL,NULL,NULL,'3',NULL,'Both','282196089',NULL,NULL,'Damaris','','Mller',NULL,NULL,1,NULL,'Dear Damaris',1,NULL,'Dear Damaris',1,NULL,'Damaris Mller',NULL,1,'1979-08-05',0,NULL,NULL,NULL,NULL,NULL,NULL,NULL,0,NULL,'2012-12-04 09:04:48'),(122,'Individual',NULL,0,0,0,0,0,0,NULL,NULL,'Gonzlez-Daz, Kandace','Kandace Gonzlez-Daz',NULL,NULL,NULL,'4',NULL,'Both','-1038174051',NULL,NULL,'Kandace','','Gonzlez-Daz',NULL,NULL,1,NULL,'Dear Kandace',1,NULL,'Dear Kandace',1,NULL,'Kandace Gonzlez-Daz',NULL,NULL,NULL,0,NULL,NULL,NULL,NULL,NULL,NULL,NULL,0,NULL,'2012-12-04 09:04:40'),(123,'Household',NULL,0,0,0,0,0,0,NULL,NULL,'Mller family','Mller family',NULL,NULL,NULL,NULL,NULL,'Both','1144797465',NULL,NULL,NULL,NULL,NULL,NULL,NULL,5,NULL,'Dear Mller family',5,NULL,'Dear Mller family',2,NULL,'Mller family',NULL,NULL,NULL,0,NULL,'Mller family',NULL,NULL,NULL,NULL,NULL,0,NULL,'2012-12-04 09:04:53'),(124,'Individual',NULL,0,1,0,0,1,0,NULL,NULL,'Jones, Ashlie','Ashlie Jones',NULL,NULL,NULL,NULL,NULL,'Both','59271854',NULL,NULL,'Ashlie','T','Jones',NULL,NULL,1,NULL,'Dear Ashlie',1,NULL,'Dear Ashlie',1,NULL,'Ashlie Jones',NULL,NULL,NULL,0,NULL,NULL,NULL,NULL,NULL,NULL,NULL,0,NULL,'2012-12-04 09:04:39'),(125,'Household',NULL,0,1,0,0,0,0,NULL,NULL,'Bachman family','Bachman family',NULL,NULL,NULL,'5',NULL,'Both','1714131215',NULL,NULL,NULL,NULL,NULL,NULL,NULL,5,NULL,'Dear Bachman family',5,NULL,'Dear Bachman family',2,NULL,'Bachman family',NULL,NULL,NULL,0,NULL,'Bachman family',NULL,NULL,NULL,NULL,NULL,0,NULL,'2012-12-04 09:04:51'),(126,'Individual',NULL,0,0,0,0,0,0,NULL,NULL,'Terrell, Kacey','Ms. Kacey Terrell',NULL,NULL,NULL,'4',NULL,'Both','1088955590',NULL,NULL,'Kacey','','Terrell',2,NULL,1,NULL,'Dear Kacey',1,NULL,'Dear Kacey',1,NULL,'Ms. Kacey Terrell',NULL,1,NULL,0,NULL,NULL,NULL,NULL,NULL,NULL,NULL,0,NULL,'2012-12-04 09:04:30'),(127,'Organization',NULL,0,0,0,0,0,0,NULL,NULL,'Naples Environmental Services','Naples Environmental Services',NULL,NULL,NULL,'1',NULL,'Both','957891628',NULL,NULL,NULL,NULL,NULL,NULL,NULL,NULL,NULL,NULL,NULL,NULL,NULL,3,NULL,'Naples Environmental Services',NULL,NULL,NULL,0,NULL,NULL,145,'Naples Environmental Services',NULL,NULL,NULL,0,NULL,'2012-12-04 09:04:57'),(128,'Individual',NULL,0,0,0,0,0,0,NULL,NULL,'tobyw@mymail.co.pl','tobyw@mymail.co.pl',NULL,NULL,NULL,'2',NULL,'Both','-354143610',NULL,NULL,NULL,NULL,NULL,NULL,3,1,NULL,'Dear tobyw@mymail.co.pl',1,NULL,'Dear tobyw@mymail.co.pl',1,NULL,'tobyw@mymail.co.pl',NULL,NULL,NULL,0,NULL,NULL,NULL,NULL,NULL,NULL,NULL,0,NULL,'2012-12-04 09:04:48'),(129,'Individual',NULL,0,0,0,0,1,0,NULL,NULL,'Samuels, Billy','Billy Samuels III',NULL,NULL,NULL,NULL,NULL,'Both','92935923',NULL,NULL,'Billy','','Samuels',NULL,4,1,NULL,'Dear Billy',1,NULL,'Dear Billy',1,NULL,'Billy Samuels III',NULL,2,'1965-05-07',0,NULL,NULL,NULL,NULL,NULL,NULL,NULL,0,NULL,'2012-12-04 09:04:37'),(130,'Individual',NULL,0,0,0,0,0,0,NULL,NULL,'Dimitrov, Sonny','Sonny Dimitrov III',NULL,NULL,NULL,'5',NULL,'Both','-1611641196',NULL,NULL,'Sonny','Q','Dimitrov',NULL,4,1,NULL,'Dear Sonny',1,NULL,'Dear Sonny',1,NULL,'Sonny Dimitrov III',NULL,NULL,'1951-02-13',0,NULL,NULL,NULL,NULL,NULL,NULL,NULL,0,NULL,'2012-12-04 09:04:37'),(131,'Individual',NULL,0,0,0,0,0,0,NULL,NULL,'Adams, Justina','Justina Adams',NULL,NULL,NULL,'2',NULL,'Both','206304627',NULL,NULL,'Justina','T','Adams',NULL,NULL,1,NULL,'Dear Justina',1,NULL,'Dear Justina',1,NULL,'Justina Adams',NULL,1,NULL,1,'2012-09-05',NULL,NULL,NULL,NULL,NULL,NULL,0,NULL,'2012-12-04 09:04:35'),(132,'Individual',NULL,0,0,0,0,1,0,NULL,NULL,'Prentice, Allen','Dr. Allen Prentice II',NULL,NULL,NULL,'2',NULL,'Both','-158870154',NULL,NULL,'Allen','','Prentice',4,3,1,NULL,'Dear Allen',1,NULL,'Dear Allen',1,NULL,'Dr. Allen Prentice II',NULL,2,NULL,0,NULL,NULL,NULL,NULL,NULL,NULL,NULL,0,NULL,'2012-12-04 09:04:37'),(133,'Individual',NULL,0,0,0,0,0,0,NULL,NULL,'Ivanov-Terrell, Alida','Alida Ivanov-Terrell',NULL,NULL,NULL,NULL,NULL,'Both','1704347594',NULL,NULL,'Alida','','Ivanov-Terrell',NULL,NULL,1,NULL,'Dear Alida',1,NULL,'Dear Alida',1,NULL,'Alida Ivanov-Terrell',NULL,1,NULL,0,NULL,NULL,NULL,NULL,NULL,NULL,NULL,0,NULL,'2012-12-04 09:04:49'),(134,'Individual',NULL,0,0,0,0,0,0,NULL,NULL,'Wagner-Wattson, Magan','Magan Wagner-Wattson',NULL,NULL,NULL,'2',NULL,'Both','-1116023018',NULL,NULL,'Magan','L','Wagner-Wattson',NULL,NULL,1,NULL,'Dear Magan',1,NULL,'Dear Magan',1,NULL,'Magan Wagner-Wattson',NULL,1,'1982-07-06',0,NULL,NULL,NULL,NULL,NULL,NULL,NULL,0,NULL,'2012-12-04 09:04:40'),(135,'Individual',NULL,0,0,0,0,0,0,NULL,NULL,'solsen@airmail.info','solsen@airmail.info',NULL,NULL,NULL,NULL,NULL,'Both','-1516328826',NULL,NULL,NULL,NULL,NULL,NULL,4,1,NULL,'Dear solsen@airmail.info',1,NULL,'Dear solsen@airmail.info',1,NULL,'solsen@airmail.info',NULL,NULL,NULL,0,NULL,NULL,NULL,NULL,NULL,NULL,NULL,0,NULL,'2012-12-04 09:04:31'),(136,'Organization',NULL,0,1,0,0,0,0,NULL,NULL,'Millington Advocacy Partners','Millington Advocacy Partners',NULL,NULL,NULL,'1',NULL,'Both','-881180247',NULL,NULL,NULL,NULL,NULL,NULL,NULL,NULL,NULL,NULL,NULL,NULL,NULL,3,NULL,'Millington Advocacy Partners',NULL,NULL,NULL,0,NULL,NULL,82,'Millington Advocacy Partners',NULL,NULL,NULL,0,NULL,'2012-12-04 09:04:56'),(137,'Individual',NULL,0,1,0,0,0,0,NULL,NULL,'Robertson, Daren','Daren Robertson II',NULL,NULL,NULL,NULL,NULL,'Both','-763778774',NULL,NULL,'Daren','J','Robertson',NULL,3,1,NULL,'Dear Daren',1,NULL,'Dear Daren',1,NULL,'Daren Robertson II',NULL,2,'1977-08-09',0,NULL,NULL,NULL,NULL,NULL,NULL,NULL,0,NULL,'2012-12-04 09:04:46'),(138,'Individual',NULL,0,1,0,0,1,0,NULL,NULL,'Terry-Blackwell, Josefa','Josefa Terry-Blackwell',NULL,NULL,NULL,'5',NULL,'Both','-1581292767',NULL,NULL,'Josefa','','Terry-Blackwell',NULL,NULL,1,NULL,'Dear Josefa',1,NULL,'Dear Josefa',1,NULL,'Josefa Terry-Blackwell',NULL,1,'1953-10-30',0,NULL,NULL,NULL,NULL,NULL,NULL,NULL,0,NULL,'2012-12-04 09:04:43'),(139,'Individual',NULL,0,0,0,0,0,0,NULL,NULL,'jacksonp@mymail.co.nz','jacksonp@mymail.co.nz',NULL,NULL,NULL,NULL,NULL,'Both','632911026',NULL,NULL,NULL,NULL,NULL,NULL,NULL,1,NULL,'Dear jacksonp@mymail.co.nz',1,NULL,'Dear jacksonp@mymail.co.nz',1,NULL,'jacksonp@mymail.co.nz',NULL,NULL,NULL,0,NULL,NULL,NULL,NULL,NULL,NULL,NULL,0,NULL,'2012-12-04 09:04:45'),(140,'Individual',NULL,0,0,0,0,1,0,NULL,NULL,'Roberts, Sanford','Sanford Roberts',NULL,NULL,NULL,NULL,NULL,'Both','811298187',NULL,NULL,'Sanford','','Roberts',NULL,NULL,1,NULL,'Dear Sanford',1,NULL,'Dear Sanford',1,NULL,'Sanford Roberts',NULL,2,NULL,0,NULL,NULL,NULL,NULL,NULL,NULL,NULL,0,NULL,'2012-12-04 09:04:44'),(141,'Individual',NULL,0,0,0,0,0,0,NULL,NULL,'Cruz, Winford','Mr. Winford Cruz Sr.',NULL,NULL,NULL,'5',NULL,'Both','-780892419',NULL,NULL,'Winford','','Cruz',3,2,1,NULL,'Dear Winford',1,NULL,'Dear Winford',1,NULL,'Mr. Winford Cruz Sr.',NULL,2,NULL,0,NULL,NULL,NULL,NULL,NULL,NULL,NULL,0,NULL,'2012-12-04 09:04:33'),(142,'Organization',NULL,0,1,0,0,0,0,NULL,NULL,'Dillsburg Development Trust','Dillsburg Development Trust',NULL,NULL,NULL,'2',NULL,'Both','-872821545',NULL,NULL,NULL,NULL,NULL,NULL,NULL,NULL,NULL,NULL,NULL,NULL,NULL,3,NULL,'Dillsburg Development Trust',NULL,NULL,NULL,0,NULL,NULL,163,'Dillsburg Development Trust',NULL,NULL,NULL,0,NULL,'2012-12-04 09:04:58'),(143,'Individual',NULL,0,0,0,0,1,0,NULL,NULL,'Grant, Bryon','Dr. Bryon Grant III',NULL,NULL,NULL,'3',NULL,'Both','-469400520',NULL,NULL,'Bryon','H','Grant',4,4,1,NULL,'Dear Bryon',1,NULL,'Dear Bryon',1,NULL,'Dr. Bryon Grant III',NULL,NULL,NULL,0,NULL,NULL,NULL,NULL,NULL,NULL,NULL,0,NULL,'2012-12-04 09:04:49'),(144,'Individual',NULL,0,1,0,0,1,0,NULL,NULL,'Jones, Bryon','Dr. Bryon Jones',NULL,NULL,NULL,'4',NULL,'Both','1716764755',NULL,NULL,'Bryon','T','Jones',4,NULL,1,NULL,'Dear Bryon',1,NULL,'Dear Bryon',1,NULL,'Dr. Bryon Jones',NULL,2,'1969-01-19',0,NULL,NULL,NULL,NULL,NULL,NULL,NULL,0,NULL,'2012-12-04 09:04:43'),(145,'Individual',NULL,0,0,0,0,1,0,NULL,NULL,'Jones, Sanford','Dr. Sanford Jones III',NULL,NULL,NULL,'5',NULL,'Both','-165900322',NULL,NULL,'Sanford','K','Jones',4,4,1,NULL,'Dear Sanford',1,NULL,'Dear Sanford',1,NULL,'Dr. Sanford Jones III',NULL,2,NULL,0,NULL,NULL,NULL,'Naples Environmental Services',NULL,NULL,127,0,NULL,'2012-12-04 09:04:57'),(146,'Individual',NULL,0,0,0,0,0,0,NULL,NULL,'Barkley, Maria','Maria Barkley',NULL,NULL,NULL,NULL,NULL,'Both','-2113238361',NULL,NULL,'Maria','Z','Barkley',NULL,NULL,1,NULL,'Dear Maria',1,NULL,'Dear Maria',1,NULL,'Maria Barkley',NULL,2,'1955-10-11',1,'2012-09-20',NULL,NULL,NULL,NULL,NULL,NULL,0,NULL,'2012-12-04 09:04:27'),(147,'Individual',NULL,1,0,0,0,0,0,NULL,NULL,'Dimitrov, Brent','Mr. Brent Dimitrov',NULL,NULL,NULL,NULL,NULL,'Both','317189304',NULL,NULL,'Brent','','Dimitrov',3,NULL,1,NULL,'Dear Brent',1,NULL,'Dear Brent',1,NULL,'Mr. Brent Dimitrov',NULL,NULL,'1972-07-20',0,NULL,NULL,NULL,NULL,NULL,NULL,NULL,0,NULL,'2012-12-04 09:04:34'),(148,'Individual',NULL,0,0,0,0,0,0,NULL,NULL,'Wagner, Sanford','Sanford Wagner',NULL,NULL,NULL,'4',NULL,'Both','-764287568',NULL,NULL,'Sanford','C','Wagner',NULL,NULL,1,NULL,'Dear Sanford',1,NULL,'Dear Sanford',1,NULL,'Sanford Wagner',NULL,NULL,NULL,0,NULL,NULL,NULL,NULL,NULL,NULL,NULL,0,NULL,'2012-12-04 09:04:26'),(149,'Individual',NULL,0,0,0,0,0,0,NULL,NULL,'Prentice, Bernadette','Bernadette Prentice',NULL,NULL,NULL,NULL,NULL,'Both','-1620371556',NULL,NULL,'Bernadette','I','Prentice',NULL,NULL,1,NULL,'Dear Bernadette',1,NULL,'Dear Bernadette',1,NULL,'Bernadette Prentice',NULL,1,'1930-06-15',0,NULL,NULL,NULL,'Idaho Peace Solutions',NULL,NULL,18,0,NULL,'2012-12-04 09:04:58'),(150,'Household',NULL,1,1,0,0,0,0,NULL,NULL,'Robertson-Prentice family','Robertson-Prentice family',NULL,NULL,NULL,'5',NULL,'Both','-75371372',NULL,NULL,NULL,NULL,NULL,NULL,NULL,5,NULL,'Dear Robertson-Prentice family',5,NULL,'Dear Robertson-Prentice family',2,NULL,'Robertson-Prentice family',NULL,NULL,NULL,0,NULL,'Robertson-Prentice family',NULL,NULL,NULL,NULL,NULL,0,NULL,'2012-12-04 09:04:53'),(151,'Individual',NULL,0,1,0,0,0,0,NULL,NULL,'Adams, Jed','Mr. Jed Adams II',NULL,NULL,NULL,NULL,NULL,'Both','1672509857',NULL,NULL,'Jed','','Adams',3,3,1,NULL,'Dear Jed',1,NULL,'Dear Jed',1,NULL,'Mr. Jed Adams II',NULL,2,'1990-12-23',0,NULL,NULL,NULL,NULL,NULL,NULL,NULL,0,NULL,'2012-12-04 09:04:35'),(152,'Individual',NULL,0,0,0,0,0,0,NULL,NULL,'Daz, Russell','Dr. Russell Daz',NULL,NULL,NULL,NULL,NULL,'Both','-917122445',NULL,NULL,'Russell','','Daz',4,NULL,1,NULL,'Dear Russell',1,NULL,'Dear Russell',1,NULL,'Dr. Russell Daz',NULL,2,NULL,1,'2012-05-18',NULL,NULL,NULL,NULL,NULL,NULL,0,NULL,'2012-12-04 09:04:39'),(153,'Individual',NULL,1,0,0,0,0,0,NULL,NULL,'Jensen, Jacob','Jacob Jensen',NULL,NULL,NULL,'4',NULL,'Both','1631509477',NULL,NULL,'Jacob','F','Jensen',NULL,NULL,1,NULL,'Dear Jacob',1,NULL,'Dear Jacob',1,NULL,'Jacob Jensen',NULL,NULL,NULL,0,NULL,NULL,NULL,NULL,NULL,NULL,NULL,0,NULL,'2012-12-04 09:04:32'),(154,'Household',NULL,0,0,0,0,0,0,NULL,NULL,'Grant family','Grant family',NULL,NULL,NULL,'5',NULL,'Both','-1066966956',NULL,NULL,NULL,NULL,NULL,NULL,NULL,5,NULL,'Dear Grant family',5,NULL,'Dear Grant family',2,NULL,'Grant family',NULL,NULL,NULL,0,NULL,'Grant family',NULL,NULL,NULL,NULL,NULL,0,NULL,'2012-12-04 09:04:53'),(155,'Individual',NULL,0,0,0,0,0,0,NULL,NULL,'Roberts, Valene','Ms. Valene Roberts',NULL,NULL,NULL,'4',NULL,'Both','-2085469878',NULL,NULL,'Valene','M','Roberts',2,NULL,1,NULL,'Dear Valene',1,NULL,'Dear Valene',1,NULL,'Ms. Valene Roberts',NULL,1,'1970-04-15',0,NULL,NULL,NULL,'Cadell Development Partnership',NULL,NULL,4,0,NULL,'2012-12-04 09:04:56'),(156,'Individual',NULL,0,0,0,0,0,0,NULL,NULL,'Jones-Cooper, Heidi','Mrs. Heidi Jones-Cooper',NULL,NULL,NULL,NULL,NULL,'Both','1771137983',NULL,NULL,'Heidi','L','Jones-Cooper',1,NULL,1,NULL,'Dear Heidi',1,NULL,'Dear Heidi',1,NULL,'Mrs. Heidi Jones-Cooper',NULL,1,'1977-04-27',0,NULL,NULL,NULL,NULL,NULL,NULL,NULL,0,NULL,'2012-12-04 09:04:44'),(157,'Individual',NULL,0,0,0,0,1,0,NULL,NULL,'Grant, Brent','Brent Grant',NULL,NULL,NULL,NULL,NULL,'Both','356521495',NULL,NULL,'Brent','','Grant',NULL,NULL,1,NULL,'Dear Brent',1,NULL,'Dear Brent',1,NULL,'Brent Grant',NULL,NULL,'1953-03-14',1,'2012-05-02',NULL,NULL,NULL,NULL,NULL,NULL,0,NULL,'2012-12-04 09:04:50'),(158,'Individual',NULL,0,0,0,0,0,0,NULL,NULL,'Grant-Wilson, Claudio','Claudio Grant-Wilson II',NULL,NULL,NULL,NULL,NULL,'Both','670743746',NULL,NULL,'Claudio','','Grant-Wilson',NULL,3,1,NULL,'Dear Claudio',1,NULL,'Dear Claudio',1,NULL,'Claudio Grant-Wilson II',NULL,2,'1999-06-11',0,NULL,NULL,NULL,NULL,NULL,NULL,NULL,0,NULL,'2012-12-04 09:04:51'),(159,'Individual',NULL,1,0,0,0,0,0,NULL,NULL,'Jensen, Jackson','Jackson Jensen III',NULL,NULL,NULL,NULL,NULL,'Both','-1455941101',NULL,NULL,'Jackson','','Jensen',NULL,4,1,NULL,'Dear Jackson',1,NULL,'Dear Jackson',1,NULL,'Jackson Jensen III',NULL,2,NULL,0,NULL,NULL,NULL,'Arkansas Development Initiative',NULL,NULL,81,0,NULL,'2012-12-04 09:04:54'),(160,'Individual',NULL,0,0,0,0,0,0,NULL,NULL,'Roberts, Nicole','Dr. Nicole Roberts',NULL,NULL,NULL,'2',NULL,'Both','998604159',NULL,NULL,'Nicole','','Roberts',4,NULL,1,NULL,'Dear Nicole',1,NULL,'Dear Nicole',1,NULL,'Dr. Nicole Roberts',NULL,1,NULL,0,NULL,NULL,NULL,NULL,NULL,NULL,NULL,0,NULL,'2012-12-04 09:04:24'),(161,'Individual',NULL,0,0,0,0,0,0,NULL,NULL,'Terrell, Scott','Mr. Scott Terrell III',NULL,NULL,NULL,'5',NULL,'Both','-1643931961',NULL,NULL,'Scott','','Terrell',3,4,1,NULL,'Dear Scott',1,NULL,'Dear Scott',1,NULL,'Mr. Scott Terrell III',NULL,2,'1959-01-17',1,NULL,NULL,NULL,NULL,NULL,NULL,NULL,0,NULL,'2012-12-04 09:04:49'),(162,'Individual',NULL,0,0,0,0,1,0,NULL,NULL,'Blackwell, Felisha','Felisha Blackwell',NULL,NULL,NULL,'2',NULL,'Both','-423074662',NULL,NULL,'Felisha','U','Blackwell',NULL,NULL,1,NULL,'Dear Felisha',1,NULL,'Dear Felisha',1,NULL,'Felisha Blackwell',NULL,1,'2000-06-22',0,NULL,NULL,NULL,NULL,NULL,NULL,NULL,0,NULL,'2012-12-04 09:04:43'),(163,'Individual',NULL,0,0,0,0,0,0,NULL,NULL,'Wattson, Ashlie','Ms. Ashlie Wattson',NULL,NULL,NULL,'4',NULL,'Both','1891614450',NULL,NULL,'Ashlie','','Wattson',2,NULL,1,NULL,'Dear Ashlie',1,NULL,'Dear Ashlie',1,NULL,'Ms. Ashlie Wattson',NULL,1,NULL,0,NULL,NULL,NULL,'Dillsburg Development Trust',NULL,NULL,142,0,NULL,'2012-12-04 09:04:58'),(164,'Individual',NULL,0,0,0,0,0,0,NULL,NULL,'Grant, Beula','Ms. Beula Grant',NULL,NULL,NULL,'3',NULL,'Both','-1690084312',NULL,NULL,'Beula','Z','Grant',2,NULL,1,NULL,'Dear Beula',1,NULL,'Dear Beula',1,NULL,'Ms. Beula Grant',NULL,1,'1953-05-02',0,NULL,NULL,NULL,NULL,NULL,NULL,NULL,0,NULL,'2012-12-04 09:04:49'),(165,'Organization',NULL,0,0,0,0,1,0,NULL,NULL,'College Culture Solutions','College Culture Solutions',NULL,NULL,NULL,'1',NULL,'Both','-468401907',NULL,NULL,NULL,NULL,NULL,NULL,NULL,NULL,NULL,NULL,NULL,NULL,NULL,3,NULL,'College Culture Solutions',NULL,NULL,NULL,0,NULL,NULL,21,'College Culture Solutions',NULL,NULL,NULL,0,NULL,'2012-12-04 09:05:00'),(166,'Individual',NULL,0,0,0,0,0,0,NULL,NULL,'Dimitrov, Sherman','Dr. Sherman Dimitrov',NULL,NULL,NULL,NULL,NULL,'Both','2018073117',NULL,NULL,'Sherman','','Dimitrov',4,NULL,1,NULL,'Dear Sherman',1,NULL,'Dear Sherman',1,NULL,'Dr. Sherman Dimitrov',NULL,NULL,NULL,0,NULL,NULL,NULL,NULL,NULL,NULL,NULL,0,NULL,'2012-12-04 09:04:38'),(167,'Individual',NULL,0,0,0,0,1,0,NULL,NULL,'Mller, Rosario','Rosario Mller',NULL,NULL,NULL,NULL,NULL,'Both','-452704943',NULL,NULL,'Rosario','','Mller',NULL,NULL,1,NULL,'Dear Rosario',1,NULL,'Dear Rosario',1,NULL,'Rosario Mller',NULL,2,'1925-04-19',1,NULL,NULL,NULL,NULL,NULL,NULL,NULL,0,NULL,'2012-12-04 09:04:32'),(168,'Household',NULL,0,0,0,0,0,0,NULL,NULL,'Roberts family','Roberts family',NULL,NULL,NULL,'4',NULL,'Both','2097305882',NULL,NULL,NULL,NULL,NULL,NULL,NULL,5,NULL,'Dear Roberts family',5,NULL,'Dear Roberts family',2,NULL,'Roberts family',NULL,NULL,NULL,0,NULL,'Roberts family',NULL,NULL,NULL,NULL,NULL,0,NULL,'2012-12-04 09:04:52'),(169,'Individual',NULL,0,0,0,0,0,0,NULL,NULL,'Ivanov-Terrell, Angelika','Angelika Ivanov-Terrell',NULL,NULL,NULL,'5',NULL,'Both','1544075115',NULL,NULL,'Angelika','','Ivanov-Terrell',NULL,NULL,1,NULL,'Dear Angelika',1,NULL,'Dear Angelika',1,NULL,'Angelika Ivanov-Terrell',NULL,1,'1999-04-18',0,NULL,NULL,NULL,NULL,NULL,NULL,NULL,0,NULL,'2012-12-04 09:04:49'),(170,'Individual',NULL,0,1,0,0,1,0,NULL,NULL,'jacksond@airmail.net','jacksond@airmail.net',NULL,NULL,NULL,NULL,NULL,'Both','1666348284',NULL,NULL,NULL,NULL,NULL,NULL,NULL,1,NULL,'Dear jacksond@airmail.net',1,NULL,'Dear jacksond@airmail.net',1,NULL,'jacksond@airmail.net',NULL,NULL,NULL,0,NULL,NULL,NULL,NULL,NULL,NULL,NULL,0,NULL,'2012-12-04 09:04:43'),(171,'Individual',NULL,0,0,0,0,0,0,NULL,NULL,'Samuels, Herminia','Herminia Samuels',NULL,NULL,NULL,'2',NULL,'Both','-1758411003',NULL,NULL,'Herminia','','Samuels',NULL,NULL,1,NULL,'Dear Herminia',1,NULL,'Dear Herminia',1,NULL,'Herminia Samuels',NULL,1,'1984-09-22',0,NULL,NULL,NULL,NULL,NULL,NULL,NULL,0,NULL,'2012-12-04 09:04:30'),(172,'Organization',NULL,0,0,0,0,0,0,NULL,NULL,'Ohio Culture Network','Ohio Culture Network',NULL,NULL,NULL,'3',NULL,'Both','1063156461',NULL,NULL,NULL,NULL,NULL,NULL,NULL,NULL,NULL,NULL,NULL,NULL,NULL,3,NULL,'Ohio Culture Network',NULL,NULL,NULL,0,NULL,NULL,NULL,'Ohio Culture Network',NULL,NULL,NULL,0,NULL,'2012-12-04 09:04:55'),(173,'Individual',NULL,0,1,0,0,0,0,NULL,NULL,'Grant, Jackson','Jackson Grant II',NULL,NULL,NULL,NULL,NULL,'Both','-207806454',NULL,NULL,'Jackson','','Grant',NULL,3,1,NULL,'Dear Jackson',1,NULL,'Dear Jackson',1,NULL,'Jackson Grant II',NULL,NULL,'2011-06-04',0,NULL,NULL,NULL,NULL,NULL,NULL,NULL,0,NULL,'2012-12-04 09:04:49'),(174,'Individual',NULL,1,0,0,0,0,0,NULL,NULL,'Cooper, Sharyn','Ms. Sharyn Cooper',NULL,NULL,NULL,NULL,NULL,'Both','1253804931',NULL,NULL,'Sharyn','R','Cooper',2,NULL,1,NULL,'Dear Sharyn',1,NULL,'Dear Sharyn',1,NULL,'Ms. Sharyn Cooper',NULL,NULL,'1957-10-06',1,'2012-09-30',NULL,NULL,'Progressive Sports Partnership',NULL,NULL,56,0,NULL,'2012-12-04 09:04:54'),(175,'Individual',NULL,0,0,0,0,0,0,NULL,NULL,'prenticei@airmail.co.nz','prenticei@airmail.co.nz',NULL,NULL,NULL,'3',NULL,'Both','619599397',NULL,NULL,NULL,NULL,NULL,2,NULL,1,NULL,'Dear prenticei@airmail.co.nz',1,NULL,'Dear prenticei@airmail.co.nz',1,NULL,'prenticei@airmail.co.nz',NULL,NULL,NULL,0,NULL,NULL,NULL,NULL,NULL,NULL,NULL,0,NULL,'2012-12-04 09:04:46'),(176,'Individual',NULL,0,0,0,0,0,0,NULL,NULL,'iblackwell@sample.info','iblackwell@sample.info',NULL,NULL,NULL,'2',NULL,'Both','-1045513448',NULL,NULL,NULL,NULL,NULL,4,NULL,1,NULL,'Dear iblackwell@sample.info',1,NULL,'Dear iblackwell@sample.info',1,NULL,'iblackwell@sample.info',NULL,NULL,NULL,0,NULL,NULL,NULL,'Dowlen Action Academy',NULL,NULL,90,0,NULL,'2012-12-04 09:04:58'),(177,'Individual',NULL,0,0,0,0,0,0,NULL,NULL,'Roberts, Lincoln','Lincoln Roberts',NULL,NULL,NULL,NULL,NULL,'Both','1322526002',NULL,NULL,'Lincoln','','Roberts',NULL,NULL,1,NULL,'Dear Lincoln',1,NULL,'Dear Lincoln',1,NULL,'Lincoln Roberts',NULL,NULL,'1924-05-24',0,NULL,NULL,NULL,NULL,NULL,NULL,NULL,0,NULL,'2012-12-04 09:04:30'),(178,'Household',NULL,0,0,0,0,0,0,NULL,NULL,'Grant-Wilson family','Grant-Wilson family',NULL,NULL,NULL,NULL,NULL,'Both','288102822',NULL,NULL,NULL,NULL,NULL,NULL,NULL,5,NULL,'Dear Grant-Wilson family',5,NULL,'Dear Grant-Wilson family',2,NULL,'Grant-Wilson family',NULL,NULL,NULL,0,NULL,'Grant-Wilson family',NULL,NULL,NULL,NULL,NULL,0,NULL,'2012-12-04 09:04:53'),(179,'Household',NULL,0,0,0,0,0,0,NULL,NULL,'Jones family','Jones family',NULL,NULL,NULL,NULL,NULL,'Both','1110516799',NULL,NULL,NULL,NULL,NULL,NULL,NULL,5,NULL,'Dear Jones family',5,NULL,'Dear Jones family',2,NULL,'Jones family',NULL,NULL,NULL,0,NULL,'Jones family',NULL,NULL,NULL,NULL,NULL,0,NULL,'2012-12-04 09:04:51'),(180,'Individual',NULL,0,0,0,0,0,0,NULL,NULL,'Wattson, Teresa','Ms. Teresa Wattson',NULL,NULL,NULL,NULL,NULL,'Both','1261567310',NULL,NULL,'Teresa','','Wattson',2,NULL,1,NULL,'Dear Teresa',1,NULL,'Dear Teresa',1,NULL,'Ms. Teresa Wattson',NULL,NULL,'1933-06-23',1,NULL,NULL,NULL,NULL,NULL,NULL,NULL,0,NULL,'2012-12-04 09:04:29'),(181,'Individual',NULL,0,0,0,0,0,0,NULL,NULL,'Wattson, Errol','Errol Wattson Sr.',NULL,NULL,NULL,'3',NULL,'Both','-571847415',NULL,NULL,'Errol','','Wattson',NULL,2,1,NULL,'Dear Errol',1,NULL,'Dear Errol',1,NULL,'Errol Wattson Sr.',NULL,2,NULL,1,NULL,NULL,NULL,NULL,NULL,NULL,NULL,0,NULL,'2012-12-04 09:04:48'),(182,'Household',NULL,0,0,0,0,1,0,NULL,NULL,'Wagner-Wattson family','Wagner-Wattson family',NULL,NULL,NULL,NULL,NULL,'Both','-773849298',NULL,NULL,NULL,NULL,NULL,NULL,NULL,5,NULL,'Dear Wagner-Wattson family',5,NULL,'Dear Wagner-Wattson family',2,NULL,'Wagner-Wattson family',NULL,NULL,NULL,0,NULL,'Wagner-Wattson family',NULL,NULL,NULL,NULL,NULL,0,NULL,'2012-12-04 09:04:51'),(183,'Individual',NULL,0,1,0,0,1,0,NULL,NULL,'Jensen-Gonzlez, Betty','Betty Jensen-Gonzlez',NULL,NULL,NULL,NULL,NULL,'Both','835690588',NULL,NULL,'Betty','','Jensen-Gonzlez',NULL,NULL,1,NULL,'Dear Betty',1,NULL,'Dear Betty',1,NULL,'Betty Jensen-Gonzlez',NULL,1,NULL,0,NULL,NULL,NULL,NULL,NULL,NULL,NULL,0,NULL,'2012-12-04 09:04:50'),(184,'Individual',NULL,0,0,0,0,0,0,NULL,NULL,'Blackwell, Jerome','Jerome Blackwell Sr.',NULL,NULL,NULL,'5',NULL,'Both','-852806641',NULL,NULL,'Jerome','B','Blackwell',NULL,2,1,NULL,'Dear Jerome',1,NULL,'Dear Jerome',1,NULL,'Jerome Blackwell Sr.',NULL,2,NULL,0,NULL,NULL,NULL,NULL,NULL,NULL,NULL,0,NULL,'2012-12-04 09:04:43'),(185,'Individual',NULL,0,0,0,0,0,0,NULL,NULL,'Ivanov, Kenny','Kenny Ivanov III',NULL,NULL,NULL,NULL,NULL,'Both','-183630944',NULL,NULL,'Kenny','','Ivanov',NULL,4,1,NULL,'Dear Kenny',1,NULL,'Dear Kenny',1,NULL,'Kenny Ivanov III',NULL,2,NULL,0,NULL,NULL,NULL,NULL,NULL,NULL,NULL,0,NULL,'2012-12-04 09:04:49'),(186,'Individual',NULL,0,0,0,0,0,0,NULL,NULL,'Grant, Jina','Ms. Jina Grant',NULL,NULL,NULL,NULL,NULL,'Both','870157867',NULL,NULL,'Jina','','Grant',2,NULL,1,NULL,'Dear Jina',1,NULL,'Dear Jina',1,NULL,'Ms. Jina Grant',NULL,NULL,'1969-03-21',0,NULL,NULL,NULL,NULL,NULL,NULL,NULL,0,NULL,'2012-12-04 09:04:24'),(187,'Household',NULL,0,0,0,0,0,0,NULL,NULL,'Jones family','Jones family',NULL,NULL,NULL,NULL,NULL,'Both','1110516799',NULL,NULL,NULL,NULL,NULL,NULL,NULL,5,NULL,'Dear Jones family',5,NULL,'Dear Jones family',2,NULL,'Jones family',NULL,NULL,NULL,0,NULL,'Jones family',NULL,NULL,NULL,NULL,NULL,0,NULL,'2012-12-04 09:04:51'),(188,'Individual',NULL,0,0,0,0,0,0,NULL,NULL,'Jameson, Brittney','Dr. Brittney Jameson',NULL,NULL,NULL,NULL,NULL,'Both','-1417075255',NULL,NULL,'Brittney','C','Jameson',4,NULL,1,NULL,'Dear Brittney',1,NULL,'Dear Brittney',1,NULL,'Dr. Brittney Jameson',NULL,1,'1984-03-28',0,NULL,NULL,NULL,NULL,NULL,NULL,NULL,0,NULL,'2012-12-04 09:04:35'),(189,'Individual',NULL,0,0,0,0,0,0,NULL,NULL,'Barkley, Jina','Ms. Jina Barkley',NULL,NULL,NULL,'5',NULL,'Both','1987881599',NULL,NULL,'Jina','','Barkley',2,NULL,1,NULL,'Dear Jina',1,NULL,'Dear Jina',1,NULL,'Ms. Jina Barkley',NULL,1,NULL,0,NULL,NULL,NULL,NULL,NULL,NULL,NULL,0,NULL,'2012-12-04 09:04:38'),(190,'Individual',NULL,0,0,0,0,1,0,NULL,NULL,'roberts.tanya88@sample.co.pl','roberts.tanya88@sample.co.pl',NULL,NULL,NULL,NULL,NULL,'Both','-835973825',NULL,NULL,NULL,NULL,NULL,4,NULL,1,NULL,'Dear roberts.tanya88@sample.co.pl',1,NULL,'Dear roberts.tanya88@sample.co.pl',1,NULL,'roberts.tanya88@sample.co.pl',NULL,NULL,NULL,0,NULL,NULL,NULL,'Anderson Music Collective',NULL,NULL,109,0,NULL,'2012-12-04 09:04:55'),(191,'Individual',NULL,0,0,0,0,1,0,NULL,NULL,'Ivanov, Rolando','Rolando Ivanov',NULL,NULL,NULL,NULL,NULL,'Both','-1034103696',NULL,NULL,'Rolando','','Ivanov',NULL,NULL,1,NULL,'Dear Rolando',1,NULL,'Dear Rolando',1,NULL,'Rolando Ivanov',NULL,2,NULL,0,NULL,NULL,NULL,NULL,NULL,NULL,NULL,0,NULL,'2012-12-04 09:04:27'),(192,'Individual',NULL,0,1,0,0,0,0,NULL,NULL,'felishajones@spamalot.biz','felishajones@spamalot.biz',NULL,NULL,NULL,'2',NULL,'Both','-1728734197',NULL,NULL,NULL,NULL,NULL,1,NULL,1,NULL,'Dear felishajones@spamalot.biz',1,NULL,'Dear felishajones@spamalot.biz',1,NULL,'felishajones@spamalot.biz',NULL,NULL,NULL,0,NULL,NULL,NULL,NULL,NULL,NULL,NULL,0,NULL,'2012-12-04 09:04:26'),(193,'Individual',NULL,0,0,0,0,0,0,NULL,NULL,'Bachman, Esta','Ms. Esta Bachman',NULL,NULL,NULL,'1',NULL,'Both','981761701',NULL,NULL,'Esta','U','Bachman',2,NULL,1,NULL,'Dear Esta',1,NULL,'Dear Esta',1,NULL,'Ms. Esta Bachman',NULL,1,'1971-12-28',0,NULL,NULL,NULL,NULL,NULL,NULL,NULL,0,NULL,'2012-12-04 09:04:39'),(194,'Household',NULL,0,0,0,0,0,0,NULL,NULL,'Grant family','Grant family',NULL,NULL,NULL,'1',NULL,'Both','-1066966956',NULL,NULL,NULL,NULL,NULL,NULL,NULL,5,NULL,'Dear Grant family',5,NULL,'Dear Grant family',2,NULL,'Grant family',NULL,NULL,NULL,0,NULL,'Grant family',NULL,NULL,NULL,NULL,NULL,0,NULL,'2012-12-04 09:04:52'),(195,'Individual',NULL,0,1,0,0,0,0,NULL,NULL,'Adams, Shad','Shad Adams Sr.',NULL,NULL,NULL,'1',NULL,'Both','1641092808',NULL,NULL,'Shad','P','Adams',NULL,2,1,NULL,'Dear Shad',1,NULL,'Dear Shad',1,NULL,'Shad Adams Sr.',NULL,2,'1935-03-10',0,NULL,NULL,NULL,NULL,NULL,NULL,NULL,0,NULL,'2012-12-04 09:04:24'),(196,'Individual',NULL,0,0,0,0,0,0,NULL,NULL,'Gonzlez, Kathleen','Kathleen Gonzlez',NULL,NULL,NULL,NULL,NULL,'Both','-1853253599',NULL,NULL,'Kathleen','J','Gonzlez',NULL,NULL,1,NULL,'Dear Kathleen',1,NULL,'Dear Kathleen',1,NULL,'Kathleen Gonzlez',NULL,NULL,'1953-12-30',0,NULL,NULL,NULL,NULL,NULL,NULL,NULL,0,NULL,'2012-12-04 09:04:50'),(197,'Individual',NULL,0,1,0,0,0,0,NULL,NULL,'Roberts, Clint','Clint Roberts Jr.',NULL,NULL,NULL,NULL,NULL,'Both','748281633',NULL,NULL,'Clint','P','Roberts',NULL,1,1,NULL,'Dear Clint',1,NULL,'Dear Clint',1,NULL,'Clint Roberts Jr.',NULL,2,NULL,0,NULL,NULL,NULL,NULL,NULL,NULL,NULL,0,NULL,'2012-12-04 09:04:28'),(198,'Organization',NULL,0,0,0,0,0,0,NULL,NULL,'Dowlen Arts Partnership','Dowlen Arts Partnership',NULL,NULL,NULL,NULL,NULL,'Both','2015684674',NULL,NULL,NULL,NULL,NULL,NULL,NULL,NULL,NULL,NULL,NULL,NULL,NULL,3,NULL,'Dowlen Arts Partnership',NULL,NULL,NULL,0,NULL,NULL,40,'Dowlen Arts Partnership',NULL,NULL,NULL,0,NULL,'2012-12-04 09:04:57'),(199,'Individual',NULL,0,0,0,0,1,0,NULL,NULL,'dazm94@spamalot.co.pl','dazm94@spamalot.co.pl',NULL,NULL,NULL,'1',NULL,'Both','1621539212',NULL,NULL,NULL,NULL,NULL,3,2,1,NULL,'Dear dazm94@spamalot.co.pl',1,NULL,'Dear dazm94@spamalot.co.pl',1,NULL,'dazm94@spamalot.co.pl',NULL,NULL,NULL,0,NULL,NULL,NULL,NULL,NULL,NULL,NULL,0,NULL,'2012-12-04 09:04:42'),(200,'Individual',NULL,0,0,0,0,0,0,NULL,NULL,'Ivanov, Mei','Mei Ivanov',NULL,NULL,NULL,'5',NULL,'Both','-477322415',NULL,NULL,'Mei','','Ivanov',NULL,NULL,1,NULL,'Dear Mei',1,NULL,'Dear Mei',1,NULL,'Mei Ivanov',NULL,1,'1971-12-19',0,NULL,NULL,NULL,NULL,NULL,NULL,NULL,0,NULL,'2012-12-04 09:04:28'),(201,'Individual',NULL,0,0,0,0,0,0,NULL,NULL,'Jones, Elina','Mrs. Elina Jones',NULL,NULL,NULL,'4',NULL,'Both','-248007857',NULL,NULL,'Elina','','Jones',1,NULL,1,NULL,'Dear Elina',1,NULL,'Dear Elina',1,NULL,'Mrs. Elina Jones',NULL,1,NULL,0,NULL,NULL,NULL,NULL,NULL,NULL,NULL,0,NULL,'2012-12-04 09:04:39');
/*!40000 ALTER TABLE `civicrm_contact` ENABLE KEYS */;
UNLOCK TABLES;
/*!50003 SET @saved_cs_client      = @@character_set_client */ ;
/*!50003 SET @saved_cs_results     = @@character_set_results */ ;
/*!50003 SET @saved_col_connection = @@collation_connection */ ;
/*!50003 SET character_set_client  = utf8 */ ;
/*!50003 SET character_set_results = utf8 */ ;
/*!50003 SET collation_connection  = utf8_general_ci */ ;
/*!50003 SET @saved_sql_mode       = @@sql_mode */ ;
/*!50003 SET sql_mode              = 'STRICT_TRANS_TABLES' */ ;
DELIMITER ;;
/*!50003 CREATE*/ /*!50017 DEFINER=`root`@`localhost`*/ /*!50003 TRIGGER civicrm_contact_before_insert before insert ON civicrm_contact FOR EACH ROW BEGIN  
SET NEW.created_date = CURRENT_TIMESTAMP;
 END */;;
DELIMITER ;
/*!50003 SET sql_mode              = @saved_sql_mode */ ;
/*!50003 SET character_set_client  = @saved_cs_client */ ;
/*!50003 SET character_set_results = @saved_cs_results */ ;
/*!50003 SET collation_connection  = @saved_col_connection */ ;

--
-- Dumping data for table `civicrm_contact_type`
--

LOCK TABLES `civicrm_contact_type` WRITE;
/*!40000 ALTER TABLE `civicrm_contact_type` DISABLE KEYS */;
INSERT INTO `civicrm_contact_type` (`id`, `name`, `label`, `description`, `image_URL`, `parent_id`, `is_active`, `is_reserved`) VALUES (1,'Individual','Individual',NULL,NULL,NULL,1,1),(2,'Household','Household',NULL,NULL,NULL,1,1),(3,'Organization','Organization',NULL,NULL,NULL,1,1),(4,'Student','Student',NULL,NULL,1,1,0),(5,'Parent','Parent',NULL,NULL,1,1,0),(6,'Staff','Staff',NULL,NULL,1,1,0),(7,'Team','Team',NULL,NULL,3,1,0),(8,'Sponsor','Sponsor',NULL,NULL,3,1,0);
/*!40000 ALTER TABLE `civicrm_contact_type` ENABLE KEYS */;
UNLOCK TABLES;

--
-- Dumping data for table `civicrm_contribution`
--

LOCK TABLES `civicrm_contribution` WRITE;
/*!40000 ALTER TABLE `civicrm_contribution` DISABLE KEYS */;
INSERT INTO `civicrm_contribution` (`id`, `contact_id`, `financial_type_id`, `contribution_page_id`, `payment_instrument_id`, `receive_date`, `non_deductible_amount`, `total_amount`, `fee_amount`, `net_amount`, `trxn_id`, `invoice_id`, `currency`, `cancel_date`, `cancel_reason`, `receipt_date`, `thankyou_date`, `source`, `amount_level`, `contribution_recur_id`, `honor_contact_id`, `is_test`, `is_pay_later`, `contribution_status_id`, `honor_type_id`, `address_id`, `check_number`, `campaign_id`) VALUES (1,2,1,NULL,4,'2010-04-11 00:00:00','0.00','125.00',NULL,NULL,NULL,NULL,'USD',NULL,NULL,NULL,NULL,'Apr 2007 Mailer 1',NULL,NULL,NULL,0,0,1,NULL,NULL,'1041',NULL),(2,4,1,NULL,1,'2010-03-21 00:00:00','0.00','50.00',NULL,NULL,'P20901X1',NULL,'USD',NULL,NULL,NULL,NULL,'Online: Save the Penguins',NULL,NULL,NULL,0,0,1,NULL,NULL,NULL,NULL),(3,6,1,NULL,4,'2010-04-29 00:00:00','0.00','25.00',NULL,NULL,NULL,NULL,'USD',NULL,NULL,NULL,NULL,'Apr 2007 Mailer 1',NULL,NULL,NULL,0,0,1,NULL,NULL,'2095',NULL),(4,8,1,NULL,4,'2010-04-11 00:00:00','0.00','50.00',NULL,NULL,NULL,NULL,'USD',NULL,NULL,NULL,NULL,'Apr 2007 Mailer 1',NULL,NULL,NULL,0,0,1,NULL,NULL,'10552',NULL),(5,16,1,NULL,4,'2010-04-15 00:00:00','0.00','500.00',NULL,NULL,NULL,NULL,'USD',NULL,NULL,NULL,NULL,'Apr 2007 Mailer 1',NULL,NULL,NULL,0,0,1,NULL,NULL,'509',NULL),(6,19,1,NULL,4,'2010-04-11 00:00:00','0.00','175.00',NULL,NULL,NULL,NULL,'USD',NULL,NULL,NULL,NULL,'Apr 2007 Mailer 1',NULL,NULL,NULL,0,0,1,NULL,NULL,'102',NULL),(7,82,1,NULL,1,'2010-03-27 00:00:00','0.00','50.00',NULL,NULL,'P20193L2',NULL,'USD',NULL,NULL,NULL,NULL,'Online: Save the Penguins',NULL,NULL,NULL,0,0,1,NULL,NULL,NULL,NULL),(8,92,1,NULL,1,'2010-03-08 00:00:00','0.00','10.00',NULL,NULL,'P40232Y3',NULL,'USD',NULL,NULL,NULL,NULL,'Online: Help CiviCRM',NULL,NULL,NULL,0,0,1,NULL,NULL,NULL,NULL),(9,34,1,NULL,1,'2010-04-22 00:00:00','0.00','250.00',NULL,NULL,'P20193L6',NULL,'USD',NULL,NULL,NULL,NULL,'Online: Help CiviCRM',NULL,NULL,NULL,0,0,1,NULL,NULL,NULL,NULL),(10,71,1,NULL,1,'2009-07-01 11:53:50','0.00','500.00',NULL,NULL,'PL71',NULL,'USD',NULL,NULL,NULL,NULL,NULL,NULL,NULL,NULL,0,0,1,NULL,NULL,NULL,NULL),(11,43,1,NULL,1,'2009-07-01 12:55:41','0.00','200.00',NULL,NULL,'PL43II',NULL,'USD',NULL,NULL,NULL,NULL,NULL,NULL,NULL,NULL,0,0,1,NULL,NULL,NULL,NULL),(12,32,1,NULL,1,'2009-10-01 11:53:50','0.00','200.00',NULL,NULL,'PL32I',NULL,'USD',NULL,NULL,NULL,NULL,NULL,NULL,NULL,NULL,0,0,1,NULL,NULL,NULL,NULL),(13,32,1,NULL,1,'2009-12-01 12:55:41','0.00','200.00',NULL,NULL,'PL32II',NULL,'USD',NULL,NULL,NULL,NULL,NULL,NULL,NULL,NULL,0,0,1,NULL,NULL,NULL,NULL),(14,196,2,NULL,NULL,'2012-12-04 14:36:07','0.00','100.00',NULL,NULL,NULL,NULL,'USD',NULL,NULL,NULL,NULL,'General Membership: Offline signup',NULL,NULL,NULL,0,0,1,NULL,NULL,NULL,NULL),(15,34,2,NULL,NULL,'2012-12-04 14:36:07','0.00','50.00',NULL,NULL,NULL,NULL,'USD',NULL,NULL,NULL,NULL,'Student Membership: Offline signup',NULL,NULL,NULL,0,0,1,NULL,NULL,NULL,NULL),(16,135,2,NULL,NULL,'2012-12-04 14:36:07','0.00','100.00',NULL,NULL,NULL,NULL,'USD',NULL,NULL,NULL,NULL,'General Membership: Offline signup',NULL,NULL,NULL,0,0,1,NULL,NULL,NULL,NULL),(17,30,2,NULL,NULL,'2012-12-04 14:36:07','0.00','50.00',NULL,NULL,NULL,NULL,'USD',NULL,NULL,NULL,NULL,'Student Membership: Offline signup',NULL,NULL,NULL,0,0,1,NULL,NULL,NULL,NULL),(18,159,2,NULL,NULL,'2012-12-04 14:36:07','0.00','50.00',NULL,NULL,NULL,NULL,'USD',NULL,NULL,NULL,NULL,'Student Membership: Offline signup',NULL,NULL,NULL,0,0,1,NULL,NULL,NULL,NULL),(19,54,2,NULL,NULL,'2012-12-04 14:36:07','0.00','50.00',NULL,NULL,NULL,NULL,'USD',NULL,NULL,NULL,NULL,'Student Membership: Offline signup',NULL,NULL,NULL,0,0,1,NULL,NULL,NULL,NULL),(20,67,2,NULL,NULL,'2012-12-04 14:36:07','0.00','100.00',NULL,NULL,NULL,NULL,'USD',NULL,NULL,NULL,NULL,'General Membership: Offline signup',NULL,NULL,NULL,0,0,1,NULL,NULL,NULL,NULL),(21,17,2,NULL,NULL,'2012-12-04 14:36:07','0.00','50.00',NULL,NULL,NULL,NULL,'USD',NULL,NULL,NULL,NULL,'Student Membership: Offline signup',NULL,NULL,NULL,0,0,1,NULL,NULL,NULL,NULL),(22,79,2,NULL,NULL,'2012-12-04 14:36:07','0.00','100.00',NULL,NULL,NULL,NULL,'USD',NULL,NULL,NULL,NULL,'General Membership: Offline signup',NULL,NULL,NULL,0,0,1,NULL,NULL,NULL,NULL),(23,48,2,NULL,NULL,'2012-12-04 14:36:07','0.00','100.00',NULL,NULL,NULL,NULL,'USD',NULL,NULL,NULL,NULL,'General Membership: Offline signup',NULL,NULL,NULL,0,0,1,NULL,NULL,NULL,NULL),(24,16,2,NULL,NULL,'2012-12-04 14:36:07','0.00','1200.00',NULL,NULL,NULL,NULL,'USD',NULL,NULL,NULL,NULL,'Lifetime Membership: Offline signup',NULL,NULL,NULL,0,0,1,NULL,NULL,NULL,NULL),(25,176,2,NULL,NULL,'2012-12-04 14:36:07','0.00','50.00',NULL,NULL,NULL,NULL,'USD',NULL,NULL,NULL,NULL,'Student Membership: Offline signup',NULL,NULL,NULL,0,0,1,NULL,NULL,NULL,NULL),(26,22,2,NULL,NULL,'2012-12-04 14:36:07','0.00','100.00',NULL,NULL,NULL,NULL,'USD',NULL,NULL,NULL,NULL,'General Membership: Offline signup',NULL,NULL,NULL,0,0,1,NULL,NULL,NULL,NULL),(27,42,2,NULL,NULL,'2012-12-04 14:36:07','0.00','50.00',NULL,NULL,NULL,NULL,'USD',NULL,NULL,NULL,NULL,'Student Membership: Offline signup',NULL,NULL,NULL,0,0,1,NULL,NULL,NULL,NULL),(28,120,2,NULL,NULL,'2012-12-04 14:36:07','0.00','100.00',NULL,NULL,NULL,NULL,'USD',NULL,NULL,NULL,NULL,'General Membership: Offline signup',NULL,NULL,NULL,0,0,1,NULL,NULL,NULL,NULL),(29,51,2,NULL,NULL,'2012-12-04 14:36:07','0.00','50.00',NULL,NULL,NULL,NULL,'USD',NULL,NULL,NULL,NULL,'Student Membership: Offline signup',NULL,NULL,NULL,0,0,1,NULL,NULL,NULL,NULL),(30,28,2,NULL,NULL,'2012-12-04 14:36:07','0.00','100.00',NULL,NULL,NULL,NULL,'USD',NULL,NULL,NULL,NULL,'General Membership: Offline signup',NULL,NULL,NULL,0,0,1,NULL,NULL,NULL,NULL),(31,101,2,NULL,NULL,'2012-12-04 14:36:07','0.00','50.00',NULL,NULL,NULL,NULL,'USD',NULL,NULL,NULL,NULL,'Student Membership: Offline signup',NULL,NULL,NULL,0,0,1,NULL,NULL,NULL,NULL),(32,43,2,NULL,NULL,'2012-12-04 14:36:07','0.00','100.00',NULL,NULL,NULL,NULL,'USD',NULL,NULL,NULL,NULL,'General Membership: Offline signup',NULL,NULL,NULL,0,0,1,NULL,NULL,NULL,NULL),(33,183,2,NULL,NULL,'2012-12-04 14:36:07','0.00','50.00',NULL,NULL,NULL,NULL,'USD',NULL,NULL,NULL,NULL,'Student Membership: Offline signup',NULL,NULL,NULL,0,0,1,NULL,NULL,NULL,NULL),(34,37,2,NULL,NULL,'2012-12-04 14:36:07','0.00','100.00',NULL,NULL,NULL,NULL,'USD',NULL,NULL,NULL,NULL,'General Membership: Offline signup',NULL,NULL,NULL,0,0,1,NULL,NULL,NULL,NULL),(35,46,2,NULL,NULL,'2012-12-04 14:36:07','0.00','1200.00',NULL,NULL,NULL,NULL,'USD',NULL,NULL,NULL,NULL,'Lifetime Membership: Offline signup',NULL,NULL,NULL,0,0,1,NULL,NULL,NULL,NULL),(36,97,2,NULL,NULL,'2012-12-04 14:36:07','0.00','100.00',NULL,NULL,NULL,NULL,'USD',NULL,NULL,NULL,NULL,'General Membership: Offline signup',NULL,NULL,NULL,0,0,1,NULL,NULL,NULL,NULL),(37,102,2,NULL,NULL,'2012-12-04 14:36:07','0.00','50.00',NULL,NULL,NULL,NULL,'USD',NULL,NULL,NULL,NULL,'Student Membership: Offline signup',NULL,NULL,NULL,0,0,1,NULL,NULL,NULL,NULL),(38,174,2,NULL,NULL,'2012-12-04 14:36:07','0.00','100.00',NULL,NULL,NULL,NULL,'USD',NULL,NULL,NULL,NULL,'General Membership: Offline signup',NULL,NULL,NULL,0,0,1,NULL,NULL,NULL,NULL),(39,141,2,NULL,NULL,'2012-12-04 14:36:07','0.00','50.00',NULL,NULL,NULL,NULL,'USD',NULL,NULL,NULL,NULL,'Student Membership: Offline signup',NULL,NULL,NULL,0,0,1,NULL,NULL,NULL,NULL),(40,108,2,NULL,NULL,'2012-12-04 14:36:07','0.00','100.00',NULL,NULL,NULL,NULL,'USD',NULL,NULL,NULL,NULL,'General Membership: Offline signup',NULL,NULL,NULL,0,0,1,NULL,NULL,NULL,NULL),(41,131,2,NULL,NULL,'2012-12-04 14:36:07','0.00','50.00',NULL,NULL,NULL,NULL,'USD',NULL,NULL,NULL,NULL,'Student Membership: Offline signup',NULL,NULL,NULL,0,0,1,NULL,NULL,NULL,NULL),(42,153,2,NULL,NULL,'2012-12-04 14:36:07','0.00','100.00',NULL,NULL,NULL,NULL,'USD',NULL,NULL,NULL,NULL,'General Membership: Offline signup',NULL,NULL,NULL,0,0,1,NULL,NULL,NULL,NULL),(43,169,2,NULL,NULL,'2012-12-04 14:36:07','0.00','100.00',NULL,NULL,NULL,NULL,'USD',NULL,NULL,NULL,NULL,'General Membership: Offline signup',NULL,NULL,NULL,0,0,1,NULL,NULL,NULL,NULL),(45,2,4,NULL,NULL,'2012-12-04 14:36:21','0.00','800.00',NULL,NULL,NULL,NULL,'USD',NULL,NULL,'2012-12-04 14:36:21',NULL,'Rain-forest Cup Youth Soccer Tournament : Offline registration',NULL,NULL,NULL,0,0,1,NULL,NULL,NULL,NULL),(46,8,4,NULL,NULL,'2012-12-04 14:36:21','0.00','50.00',NULL,NULL,NULL,NULL,'USD',NULL,NULL,'2012-12-04 14:36:21',NULL,'Fall Fundraiser Dinner : Offline registration',NULL,NULL,NULL,0,0,1,NULL,NULL,NULL,NULL),(47,9,4,NULL,NULL,'2012-12-04 14:36:21','0.00','50.00',NULL,NULL,NULL,NULL,'USD',NULL,NULL,'2012-12-04 14:36:21',NULL,'Fall Fundraiser Dinner : Offline registration',NULL,NULL,NULL,0,0,1,NULL,NULL,NULL,NULL),(48,17,4,NULL,NULL,'2012-12-04 14:36:21','0.00','50.00',NULL,NULL,NULL,NULL,'USD',NULL,NULL,'2012-12-04 14:36:21',NULL,'Summer Solstice Festival Day Concert : Offline registration',NULL,NULL,NULL,0,0,1,NULL,NULL,NULL,NULL),(49,18,4,NULL,NULL,'2012-12-04 14:36:21','0.00','800.00',NULL,NULL,NULL,NULL,'USD',NULL,NULL,'2012-12-04 14:36:21',NULL,'Rain-forest Cup Youth Soccer Tournament : Offline registration',NULL,NULL,NULL,0,0,1,NULL,NULL,NULL,NULL),(50,20,4,NULL,NULL,'2012-12-04 14:36:21','0.00','800.00',NULL,NULL,NULL,NULL,'USD',NULL,NULL,'2012-12-04 14:36:21',NULL,'Rain-forest Cup Youth Soccer Tournament : Offline registration',NULL,NULL,NULL,0,0,1,NULL,NULL,NULL,NULL),(51,21,4,NULL,NULL,'2012-12-04 14:36:21','0.00','50.00',NULL,NULL,NULL,NULL,'USD',NULL,NULL,'2012-12-04 14:36:21',NULL,'Summer Solstice Festival Day Concert : Offline registration',NULL,NULL,NULL,0,0,1,NULL,NULL,NULL,NULL),(52,26,4,NULL,NULL,'2012-12-04 14:36:21','0.00','50.00',NULL,NULL,NULL,NULL,'USD',NULL,NULL,'2012-12-04 14:36:21',NULL,'Summer Solstice Festival Day Concert : Offline registration',NULL,NULL,NULL,0,0,1,NULL,NULL,NULL,NULL),(53,27,4,NULL,NULL,'2012-12-04 14:36:21','0.00','50.00',NULL,NULL,NULL,NULL,'USD',NULL,NULL,'2012-12-04 14:36:21',NULL,'Summer Solstice Festival Day Concert : Offline registration',NULL,NULL,NULL,0,0,1,NULL,NULL,NULL,NULL),(54,33,4,NULL,NULL,'2012-12-04 14:36:21','0.00','50.00',NULL,NULL,NULL,NULL,'USD',NULL,NULL,'2012-12-04 14:36:21',NULL,'Fall Fundraiser Dinner : Offline registration',NULL,NULL,NULL,0,0,1,NULL,NULL,NULL,NULL),(55,45,4,NULL,NULL,'2012-12-04 14:36:21','0.00','800.00',NULL,NULL,NULL,NULL,'USD',NULL,NULL,'2012-12-04 14:36:21',NULL,'Rain-forest Cup Youth Soccer Tournament : Offline registration',NULL,NULL,NULL,0,0,1,NULL,NULL,NULL,NULL),(56,49,4,NULL,NULL,'2012-12-04 14:36:21','0.00','50.00',NULL,NULL,NULL,NULL,'USD',NULL,NULL,'2012-12-04 14:36:21',NULL,'Fall Fundraiser Dinner : Offline registration',NULL,NULL,NULL,0,0,1,NULL,NULL,NULL,NULL),(57,54,4,NULL,NULL,'2012-12-04 14:36:21','0.00','50.00',NULL,NULL,NULL,NULL,'USD',NULL,NULL,'2012-12-04 14:36:21',NULL,'Fall Fundraiser Dinner : Offline registration',NULL,NULL,NULL,0,0,1,NULL,NULL,NULL,NULL),(58,55,4,NULL,NULL,'2012-12-04 14:36:21','0.00','800.00',NULL,NULL,NULL,NULL,'USD',NULL,NULL,'2012-12-04 14:36:21',NULL,'Rain-forest Cup Youth Soccer Tournament : Offline registration',NULL,NULL,NULL,0,0,1,NULL,NULL,NULL,NULL),(59,66,4,NULL,NULL,'2012-12-04 14:36:21','0.00','50.00',NULL,NULL,NULL,NULL,'USD',NULL,NULL,'2012-12-04 14:36:21',NULL,'Fall Fundraiser Dinner : Offline registration',NULL,NULL,NULL,0,0,1,NULL,NULL,NULL,NULL),(60,68,4,NULL,NULL,'2012-12-04 14:36:21','0.00','50.00',NULL,NULL,NULL,NULL,'USD',NULL,NULL,'2012-12-04 14:36:21',NULL,'Summer Solstice Festival Day Concert : Offline registration',NULL,NULL,NULL,0,0,1,NULL,NULL,NULL,NULL),(61,70,4,NULL,NULL,'2012-12-04 14:36:21','0.00','800.00',NULL,NULL,NULL,NULL,'USD',NULL,NULL,'2012-12-04 14:36:21',NULL,'Rain-forest Cup Youth Soccer Tournament : Offline registration',NULL,NULL,NULL,0,0,1,NULL,NULL,NULL,NULL),(62,71,4,NULL,NULL,'2012-12-04 14:36:21','0.00','50.00',NULL,NULL,NULL,NULL,'USD',NULL,NULL,'2012-12-04 14:36:21',NULL,'Summer Solstice Festival Day Concert : Offline registration',NULL,NULL,NULL,0,0,1,NULL,NULL,NULL,NULL),(63,72,4,NULL,NULL,'2012-12-04 14:36:21','0.00','800.00',NULL,NULL,NULL,NULL,'USD',NULL,NULL,'2012-12-04 14:36:21',NULL,'Rain-forest Cup Youth Soccer Tournament : Offline registration',NULL,NULL,NULL,0,0,1,NULL,NULL,NULL,NULL),(64,74,4,NULL,NULL,'2012-12-04 14:36:21','0.00','50.00',NULL,NULL,NULL,NULL,'USD',NULL,NULL,'2012-12-04 14:36:21',NULL,'Fall Fundraiser Dinner : Offline registration',NULL,NULL,NULL,0,0,1,NULL,NULL,NULL,NULL),(65,75,4,NULL,NULL,'2012-12-04 14:36:21','0.00','50.00',NULL,NULL,NULL,NULL,'USD',NULL,NULL,'2012-12-04 14:36:21',NULL,'Summer Solstice Festival Day Concert : Offline registration',NULL,NULL,NULL,0,0,1,NULL,NULL,NULL,NULL),(66,78,4,NULL,NULL,'2012-12-04 14:36:21','0.00','50.00',NULL,NULL,NULL,NULL,'USD',NULL,NULL,'2012-12-04 14:36:21',NULL,'Fall Fundraiser Dinner : Offline registration',NULL,NULL,NULL,0,0,1,NULL,NULL,NULL,NULL),(67,83,4,NULL,NULL,'2012-12-04 14:36:21','0.00','50.00',NULL,NULL,NULL,NULL,'USD',NULL,NULL,'2012-12-04 14:36:21',NULL,'Fall Fundraiser Dinner : Offline registration',NULL,NULL,NULL,0,0,1,NULL,NULL,NULL,NULL),(68,85,4,NULL,NULL,'2012-12-04 14:36:21','0.00','800.00',NULL,NULL,NULL,NULL,'USD',NULL,NULL,'2012-12-04 14:36:21',NULL,'Rain-forest Cup Youth Soccer Tournament : Offline registration',NULL,NULL,NULL,0,0,1,NULL,NULL,NULL,NULL),(69,92,4,NULL,NULL,'2012-12-04 14:36:21','0.00','800.00',NULL,NULL,NULL,NULL,'USD',NULL,NULL,'2012-12-04 14:36:21',NULL,'Rain-forest Cup Youth Soccer Tournament : Offline registration',NULL,NULL,NULL,0,0,1,NULL,NULL,NULL,NULL),(70,95,4,NULL,NULL,'2012-12-04 14:36:21','0.00','800.00',NULL,NULL,NULL,NULL,'USD',NULL,NULL,'2012-12-04 14:36:21',NULL,'Rain-forest Cup Youth Soccer Tournament : Offline registration',NULL,NULL,NULL,0,0,1,NULL,NULL,NULL,NULL),(71,97,4,NULL,NULL,'2012-12-04 14:36:21','0.00','50.00',NULL,NULL,NULL,NULL,'USD',NULL,NULL,'2012-12-04 14:36:21',NULL,'Fall Fundraiser Dinner : Offline registration',NULL,NULL,NULL,0,0,1,NULL,NULL,NULL,NULL),(72,110,4,NULL,NULL,'2012-12-04 14:36:21','0.00','800.00',NULL,NULL,NULL,NULL,'USD',NULL,NULL,'2012-12-04 14:36:21',NULL,'Rain-forest Cup Youth Soccer Tournament : Offline registration',NULL,NULL,NULL,0,0,1,NULL,NULL,NULL,NULL),(73,113,4,NULL,NULL,'2012-12-04 14:36:21','0.00','50.00',NULL,NULL,NULL,NULL,'USD',NULL,NULL,'2012-12-04 14:36:21',NULL,'Fall Fundraiser Dinner : Offline registration',NULL,NULL,NULL,0,0,1,NULL,NULL,NULL,NULL),(74,116,4,NULL,NULL,'2012-12-04 14:36:21','0.00','50.00',NULL,NULL,NULL,NULL,'USD',NULL,NULL,'2012-12-04 14:36:21',NULL,'Summer Solstice Festival Day Concert : Offline registration',NULL,NULL,NULL,0,0,1,NULL,NULL,NULL,NULL),(75,118,4,NULL,NULL,'2012-12-04 14:36:21','0.00','800.00',NULL,NULL,NULL,NULL,'USD',NULL,NULL,'2012-12-04 14:36:21',NULL,'Rain-forest Cup Youth Soccer Tournament : Offline registration',NULL,NULL,NULL,0,0,1,NULL,NULL,NULL,NULL),(76,134,4,NULL,NULL,'2012-12-04 14:36:21','0.00','800.00',NULL,NULL,NULL,NULL,'USD',NULL,NULL,'2012-12-04 14:36:21',NULL,'Rain-forest Cup Youth Soccer Tournament : Offline registration',NULL,NULL,NULL,0,0,1,NULL,NULL,NULL,NULL),(77,135,4,NULL,NULL,'2012-12-04 14:36:21','0.00','800.00',NULL,NULL,NULL,NULL,'USD',NULL,NULL,'2012-12-04 14:36:21',NULL,'Rain-forest Cup Youth Soccer Tournament : Offline registration',NULL,NULL,NULL,0,0,1,NULL,NULL,NULL,NULL),(78,141,4,NULL,NULL,'2012-12-04 14:36:21','0.00','800.00',NULL,NULL,NULL,NULL,'USD',NULL,NULL,'2012-12-04 14:36:21',NULL,'Rain-forest Cup Youth Soccer Tournament : Offline registration',NULL,NULL,NULL,0,0,1,NULL,NULL,NULL,NULL),(79,149,4,NULL,NULL,'2012-12-04 14:36:21','0.00','50.00',NULL,NULL,NULL,NULL,'USD',NULL,NULL,'2012-12-04 14:36:21',NULL,'Fall Fundraiser Dinner : Offline registration',NULL,NULL,NULL,0,0,1,NULL,NULL,NULL,NULL),(80,154,4,NULL,NULL,'2012-12-04 14:36:21','0.00','50.00',NULL,NULL,NULL,NULL,'USD',NULL,NULL,'2012-12-04 14:36:21',NULL,'Fall Fundraiser Dinner : Offline registration',NULL,NULL,NULL,0,0,1,NULL,NULL,NULL,NULL),(81,156,4,NULL,NULL,'2012-12-04 14:36:21','0.00','50.00',NULL,NULL,NULL,NULL,'USD',NULL,NULL,'2012-12-04 14:36:21',NULL,'Summer Solstice Festival Day Concert : Offline registration',NULL,NULL,NULL,0,0,1,NULL,NULL,NULL,NULL),(82,158,4,NULL,NULL,'2012-12-04 14:36:21','0.00','50.00',NULL,NULL,NULL,NULL,'USD',NULL,NULL,'2012-12-04 14:36:21',NULL,'Summer Solstice Festival Day Concert : Offline registration',NULL,NULL,NULL,0,0,1,NULL,NULL,NULL,NULL),(83,166,4,NULL,NULL,'2012-12-04 14:36:21','0.00','50.00',NULL,NULL,NULL,NULL,'USD',NULL,NULL,'2012-12-04 14:36:21',NULL,'Summer Solstice Festival Day Concert : Offline registration',NULL,NULL,NULL,0,0,1,NULL,NULL,NULL,NULL),(84,168,4,NULL,NULL,'2012-12-04 14:36:21','0.00','50.00',NULL,NULL,NULL,NULL,'USD',NULL,NULL,'2012-12-04 14:36:21',NULL,'Summer Solstice Festival Day Concert : Offline registration',NULL,NULL,NULL,0,0,1,NULL,NULL,NULL,NULL),(85,170,4,NULL,NULL,'2012-12-04 14:36:21','0.00','50.00',NULL,NULL,NULL,NULL,'USD',NULL,NULL,'2012-12-04 14:36:21',NULL,'Summer Solstice Festival Day Concert : Offline registration',NULL,NULL,NULL,0,0,1,NULL,NULL,NULL,NULL),(86,177,4,NULL,NULL,'2012-12-04 14:36:21','0.00','800.00',NULL,NULL,NULL,NULL,'USD',NULL,NULL,'2012-12-04 14:36:21',NULL,'Rain-forest Cup Youth Soccer Tournament : Offline registration',NULL,NULL,NULL,0,0,1,NULL,NULL,NULL,NULL),(87,178,4,NULL,NULL,'2012-12-04 14:36:21','0.00','50.00',NULL,NULL,NULL,NULL,'USD',NULL,NULL,'2012-12-04 14:36:21',NULL,'Summer Solstice Festival Day Concert : Offline registration',NULL,NULL,NULL,0,0,1,NULL,NULL,NULL,NULL),(88,183,4,NULL,NULL,'2012-12-04 14:36:21','0.00','50.00',NULL,NULL,NULL,NULL,'USD',NULL,NULL,'2012-12-04 14:36:21',NULL,'Summer Solstice Festival Day Concert : Offline registration',NULL,NULL,NULL,0,0,1,NULL,NULL,NULL,NULL),(89,185,4,NULL,NULL,'2012-12-04 14:36:21','0.00','50.00',NULL,NULL,NULL,NULL,'USD',NULL,NULL,'2012-12-04 14:36:21',NULL,'Summer Solstice Festival Day Concert : Offline registration',NULL,NULL,NULL,0,0,1,NULL,NULL,NULL,NULL),(90,187,4,NULL,NULL,'2012-12-04 14:36:21','0.00','50.00',NULL,NULL,NULL,NULL,'USD',NULL,NULL,'2012-12-04 14:36:21',NULL,'Fall Fundraiser Dinner : Offline registration',NULL,NULL,NULL,0,0,1,NULL,NULL,NULL,NULL),(91,188,4,NULL,NULL,'2012-12-04 14:36:21','0.00','800.00',NULL,NULL,NULL,NULL,'USD',NULL,NULL,'2012-12-04 14:36:21',NULL,'Rain-forest Cup Youth Soccer Tournament : Offline registration',NULL,NULL,NULL,0,0,1,NULL,NULL,NULL,NULL),(92,189,4,NULL,NULL,'2012-12-04 14:36:21','0.00','50.00',NULL,NULL,NULL,NULL,'USD',NULL,NULL,'2012-12-04 14:36:21',NULL,'Fall Fundraiser Dinner : Offline registration',NULL,NULL,NULL,0,0,1,NULL,NULL,NULL,NULL),(93,195,4,NULL,NULL,'2012-12-04 14:36:21','0.00','50.00',NULL,NULL,NULL,NULL,'USD',NULL,NULL,'2012-12-04 14:36:21',NULL,'Fall Fundraiser Dinner : Offline registration',NULL,NULL,NULL,0,0,1,NULL,NULL,NULL,NULL),(94,198,4,NULL,NULL,'2012-12-04 14:36:21','0.00','800.00',NULL,NULL,NULL,NULL,'USD',NULL,NULL,'2012-12-04 14:36:21',NULL,'Rain-forest Cup Youth Soccer Tournament : Offline registration',NULL,NULL,NULL,0,0,1,NULL,NULL,NULL,NULL);
/*!40000 ALTER TABLE `civicrm_contribution` ENABLE KEYS */;
UNLOCK TABLES;

--
-- Dumping data for table `civicrm_contribution_page`
--

LOCK TABLES `civicrm_contribution_page` WRITE;
/*!40000 ALTER TABLE `civicrm_contribution_page` DISABLE KEYS */;
INSERT INTO `civicrm_contribution_page` (`id`, `title`, `intro_text`, `financial_type_id`, `payment_processor`, `is_credit_card_only`, `is_monetary`, `is_recur`, `is_confirm_enabled`, `recur_frequency_unit`, `is_recur_interval`, `is_recur_installments`, `is_pay_later`, `pay_later_text`, `pay_later_receipt`, `initial_amount_label`, `initial_amount_help_text`, `min_initial_amount`, `is_allow_other_amount`, `default_amount_id`, `min_amount`, `max_amount`, `goal_amount`, `thankyou_title`, `thankyou_text`, `thankyou_footer`, `is_for_organization`, `for_organization`, `is_email_receipt`, `receipt_from_name`, `receipt_from_email`, `cc_receipt`, `bcc_receipt`, `receipt_text`, `is_active`, `footer_text`, `amount_block_is_active`, `honor_block_is_active`, `honor_block_title`, `honor_block_text`, `start_date`, `end_date`, `created_id`, `created_date`, `currency`, `campaign_id`, `is_share`) VALUES (1,'Help Support CiviCRM!','Do you love CiviCRM? Do you use CiviCRM? Then please support CiviCRM and Contribute NOW by trying out our new online contribution features!',1,NULL,0,1,0,1,NULL,0,0,0,NULL,NULL,NULL,NULL,NULL,1,137,'10.00','10000.00','100000.00','Thanks for Your Support!','<p>Thank you for your support. Your contribution will help us build even better tools.</p><p>Please tell your friends and colleagues about CiviCRM!</p>','<p><a href=http://civicrm.org>Back to CiviCRM Home Page</a></p>',0,NULL,1,'CiviCRM Fundraising Dept.','donationFake@civicrm.org','receipt@example.com','bcc@example.com','Your donation is tax deductible under IRS 501(c)(3) regulation. Our tax identification number is: 93-123-4567',1,NULL,1,NULL,NULL,NULL,NULL,NULL,NULL,NULL,'USD',NULL,1),(2,'Member Signup and Renewal','Members are the life-blood of our organization. If you\'re not already a member - please consider signing up today. You can select the membership level the fits your budget and needs below.',2,NULL,0,1,0,1,NULL,0,0,0,NULL,NULL,NULL,NULL,NULL,NULL,NULL,NULL,NULL,NULL,'Thanks for Your Support!','Thanks for supporting our organization with your membership. You can learn more about membership benefits from our members only page.',NULL,0,NULL,1,'Membership Department','memberships@civicrm.org',NULL,NULL,'Thanks for supporting our organization with your membership. You can learn more about membership benefits from our members only page.\r\n\r\nKeep this receipt for your records.',1,NULL,0,NULL,NULL,NULL,NULL,NULL,NULL,NULL,'USD',NULL,1),(3,'Pledge for CiviCRM!','Do you love CiviCRM? Do you use CiviCRM? Then please support CiviCRM and Pledge NOW by trying out our online contribution features!',1,NULL,0,1,0,1,NULL,0,0,0,NULL,NULL,NULL,NULL,NULL,1,NULL,'10.00','10000.00','100000.00','Thanks for Your Support!','<p>Thank you for your support. Your contribution will help us build even better tools like Pledge.</p><p>Please tell your friends and colleagues about CiviPledge!</p>','<p><a href=http://civicrm.org>Back to CiviCRM Home Page</a></p>',0,NULL,1,'CiviCRM Fundraising Dept.','donationFake@civicrm.org','receipt@example.com','bcc@example.com','Your donation is tax deductible under IRS 501(c)(3) regulation. Our tax identification number is: 93-123-4567',1,NULL,1,NULL,NULL,NULL,NULL,NULL,NULL,NULL,'USD',NULL,1);
/*!40000 ALTER TABLE `civicrm_contribution_page` ENABLE KEYS */;
UNLOCK TABLES;

--
-- Dumping data for table `civicrm_contribution_product`
--

LOCK TABLES `civicrm_contribution_product` WRITE;
/*!40000 ALTER TABLE `civicrm_contribution_product` DISABLE KEYS */;
/*!40000 ALTER TABLE `civicrm_contribution_product` ENABLE KEYS */;
UNLOCK TABLES;

--
-- Dumping data for table `civicrm_contribution_recur`
--

LOCK TABLES `civicrm_contribution_recur` WRITE;
/*!40000 ALTER TABLE `civicrm_contribution_recur` DISABLE KEYS */;
/*!40000 ALTER TABLE `civicrm_contribution_recur` ENABLE KEYS */;
UNLOCK TABLES;

--
-- Dumping data for table `civicrm_contribution_soft`
--

LOCK TABLES `civicrm_contribution_soft` WRITE;
/*!40000 ALTER TABLE `civicrm_contribution_soft` DISABLE KEYS */;
INSERT INTO `civicrm_contribution_soft` (`id`, `contribution_id`, `contact_id`, `amount`, `currency`, `pcp_id`, `pcp_display_in_roll`, `pcp_roll_nickname`, `pcp_personal_note`) VALUES (1,8,160,'10.00','USD',1,1,'Jones Family','Helping Hands'),(2,9,160,'250.00','USD',1,1,'Annie and the kids','Annie Helps');
/*!40000 ALTER TABLE `civicrm_contribution_soft` ENABLE KEYS */;
UNLOCK TABLES;

--
-- Dumping data for table `civicrm_contribution_widget`
--

LOCK TABLES `civicrm_contribution_widget` WRITE;
/*!40000 ALTER TABLE `civicrm_contribution_widget` DISABLE KEYS */;
/*!40000 ALTER TABLE `civicrm_contribution_widget` ENABLE KEYS */;
UNLOCK TABLES;

--
-- Dumping data for table `civicrm_country`
--

LOCK TABLES `civicrm_country` WRITE;
/*!40000 ALTER TABLE `civicrm_country` DISABLE KEYS */;
INSERT INTO `civicrm_country` (`id`, `name`, `iso_code`, `country_code`, `address_format_id`, `idd_prefix`, `ndd_prefix`, `region_id`, `is_province_abbreviated`) VALUES (1001,'Afghanistan','AF',NULL,NULL,NULL,NULL,4,0),(1002,'Albania','AL',NULL,NULL,NULL,NULL,1,0),(1003,'Algeria','DZ',NULL,NULL,NULL,NULL,3,0),(1004,'American Samoa','AS',NULL,NULL,NULL,NULL,2,0),(1005,'Andorra','AD',NULL,NULL,NULL,NULL,1,0),(1006,'Angola','AO',NULL,NULL,NULL,NULL,5,0),(1007,'Anguilla','AI',NULL,NULL,NULL,NULL,2,0),(1008,'Antarctica','AQ',NULL,NULL,NULL,NULL,1,0),(1009,'Antigua and Barbuda','AG',NULL,NULL,NULL,NULL,2,0),(1010,'Argentina','AR',NULL,NULL,NULL,NULL,2,0),(1011,'Armenia','AM',NULL,NULL,NULL,NULL,4,0),(1012,'Aruba','AW',NULL,NULL,NULL,NULL,2,0),(1013,'Australia','AU',NULL,NULL,NULL,NULL,4,0),(1014,'Austria','AT',NULL,NULL,NULL,NULL,1,0),(1015,'Azerbaijan','AZ',NULL,NULL,NULL,NULL,1,0),(1016,'Bahrain','BH',NULL,NULL,NULL,NULL,3,0),(1017,'Bangladesh','BD',NULL,NULL,NULL,NULL,4,0),(1018,'Barbados','BB',NULL,NULL,NULL,NULL,4,0),(1019,'Belarus','BY',NULL,NULL,NULL,NULL,1,0),(1020,'Belgium','BE',NULL,NULL,NULL,NULL,1,0),(1021,'Belize','BZ',NULL,NULL,NULL,NULL,2,0),(1022,'Benin','BJ',NULL,NULL,NULL,NULL,5,0),(1023,'Bermuda','BM',NULL,NULL,NULL,NULL,2,0),(1024,'Bhutan','BT',NULL,NULL,NULL,NULL,4,0),(1025,'Bolivia','BO',NULL,NULL,NULL,NULL,2,0),(1026,'Bosnia and Herzegovina','BA',NULL,NULL,NULL,NULL,1,0),(1027,'Botswana','BW',NULL,NULL,NULL,NULL,5,0),(1028,'Bouvet Island','BV',NULL,NULL,NULL,NULL,1,0),(1029,'Brazil','BR',NULL,NULL,NULL,NULL,2,0),(1030,'British Indian Ocean Territory','IO',NULL,NULL,NULL,NULL,4,0),(1031,'Virgin Islands, British','VG',NULL,NULL,NULL,NULL,2,0),(1032,'Brunei Darussalam','BN',NULL,NULL,NULL,NULL,4,0),(1033,'Bulgaria','BG',NULL,NULL,NULL,NULL,1,0),(1034,'Burkina Faso','BF',NULL,NULL,NULL,NULL,5,0),(1035,'Myanmar','MM',NULL,NULL,NULL,NULL,4,0),(1036,'Burundi','BI',NULL,NULL,NULL,NULL,5,0),(1037,'Cambodia','KH',NULL,NULL,NULL,NULL,4,0),(1038,'Cameroon','CM',NULL,NULL,NULL,NULL,5,0),(1039,'Canada','CA',NULL,NULL,NULL,NULL,2,1),(1040,'Cape Verde','CV',NULL,NULL,NULL,NULL,5,0),(1041,'Cayman Islands','KY',NULL,NULL,NULL,NULL,5,0),(1042,'Central African Republic','CF',NULL,NULL,NULL,NULL,5,0),(1043,'Chad','TD',NULL,NULL,NULL,NULL,5,0),(1044,'Chile','CL',NULL,NULL,NULL,NULL,2,0),(1045,'China','CN',NULL,NULL,NULL,NULL,4,0),(1046,'Christmas Island','CX',NULL,NULL,NULL,NULL,4,0),(1047,'Cocos (Keeling) Islands','CC',NULL,NULL,NULL,NULL,4,0),(1048,'Colombia','CO',NULL,NULL,NULL,NULL,2,0),(1049,'Comoros','KM',NULL,NULL,NULL,NULL,5,0),(1050,'Congo, The Democratic Republic of the','CD',NULL,NULL,NULL,NULL,5,0),(1051,'Congo, Republic of the','CG',NULL,NULL,NULL,NULL,5,0),(1052,'Cook Islands','CK',NULL,NULL,NULL,NULL,4,0),(1053,'Costa Rica','CR',NULL,NULL,NULL,NULL,2,0),(1054,'Cte d\'Ivoire','CI',NULL,NULL,NULL,NULL,5,0),(1055,'Croatia','HR',NULL,NULL,NULL,NULL,1,0),(1056,'Cuba','CU',NULL,NULL,NULL,NULL,2,0),(1057,'Cyprus','CY',NULL,NULL,NULL,NULL,1,0),(1058,'Czech Republic','CZ',NULL,NULL,NULL,NULL,1,0),(1059,'Denmark','DK',NULL,NULL,NULL,NULL,1,0),(1060,'Djibouti','DJ',NULL,NULL,NULL,NULL,5,0),(1061,'Dominica','DM',NULL,NULL,NULL,NULL,2,0),(1062,'Dominican Republic','DO',NULL,NULL,NULL,NULL,2,0),(1063,'Timor-Leste','TL',NULL,NULL,NULL,NULL,4,0),(1064,'Ecuador','EC',NULL,NULL,NULL,NULL,2,0),(1065,'Egypt','EG',NULL,NULL,NULL,NULL,3,0),(1066,'El Salvador','SV',NULL,NULL,NULL,NULL,2,0),(1067,'Equatorial Guinea','GQ',NULL,NULL,NULL,NULL,5,0),(1068,'Eritrea','ER',NULL,NULL,NULL,NULL,5,0),(1069,'Estonia','EE',NULL,NULL,NULL,NULL,1,0),(1070,'Ethiopia','ET',NULL,NULL,NULL,NULL,5,0),(1072,'Falkland Islands (Malvinas)','FK',NULL,NULL,NULL,NULL,2,0),(1073,'Faroe Islands','FO',NULL,NULL,NULL,NULL,1,0),(1074,'Fiji','FJ',NULL,NULL,NULL,NULL,4,0),(1075,'Finland','FI',NULL,NULL,NULL,NULL,1,0),(1076,'France','FR',NULL,NULL,NULL,NULL,1,0),(1077,'French Guiana','GF',NULL,NULL,NULL,NULL,2,0),(1078,'French Polynesia','PF',NULL,NULL,NULL,NULL,4,0),(1079,'French Southern Territories','TF',NULL,NULL,NULL,NULL,1,0),(1080,'Gabon','GA',NULL,NULL,NULL,NULL,5,0),(1081,'Georgia','GE',NULL,NULL,NULL,NULL,4,0),(1082,'Germany','DE',NULL,NULL,NULL,NULL,1,0),(1083,'Ghana','GH',NULL,NULL,NULL,NULL,5,0),(1084,'Gibraltar','GI',NULL,NULL,NULL,NULL,1,0),(1085,'Greece','GR',NULL,NULL,NULL,NULL,1,0),(1086,'Greenland','GL',NULL,NULL,NULL,NULL,2,0),(1087,'Grenada','GD',NULL,NULL,NULL,NULL,2,0),(1088,'Guadeloupe','GP',NULL,NULL,NULL,NULL,2,0),(1089,'Guam','GU',NULL,NULL,NULL,NULL,4,0),(1090,'Guatemala','GT',NULL,NULL,NULL,NULL,2,0),(1091,'Guinea','GN',NULL,NULL,NULL,NULL,5,0),(1092,'Guinea-Bissau','GW',NULL,NULL,NULL,NULL,5,0),(1093,'Guyana','GY',NULL,NULL,NULL,NULL,2,0),(1094,'Haiti','HT',NULL,NULL,NULL,NULL,2,0),(1095,'Heard Island and McDonald Islands','HM',NULL,NULL,NULL,NULL,4,0),(1096,'Holy See (Vatican City State)','VA',NULL,NULL,NULL,NULL,1,0),(1097,'Honduras','HN',NULL,NULL,NULL,NULL,2,0),(1098,'Hong Kong','HK',NULL,NULL,NULL,NULL,4,0),(1099,'Hungary','HU',NULL,NULL,NULL,NULL,1,0),(1100,'Iceland','IS',NULL,NULL,NULL,NULL,1,0),(1101,'India','IN',NULL,NULL,NULL,NULL,4,0),(1102,'Indonesia','ID',NULL,NULL,NULL,NULL,4,0),(1103,'Iran, Islamic Republic of','IR',NULL,NULL,NULL,NULL,3,0),(1104,'Iraq','IQ',NULL,NULL,NULL,NULL,3,0),(1105,'Ireland','IE',NULL,NULL,NULL,NULL,1,0),(1106,'Israel','IL',NULL,NULL,NULL,NULL,3,0),(1107,'Italy','IT',NULL,NULL,NULL,NULL,1,0),(1108,'Jamaica','JM',NULL,NULL,NULL,NULL,2,0),(1109,'Japan','JP',NULL,NULL,NULL,NULL,4,0),(1110,'Jordan','JO',NULL,NULL,NULL,NULL,3,0),(1111,'Kazakhstan','KZ',NULL,NULL,NULL,NULL,1,0),(1112,'Kenya','KE',NULL,NULL,NULL,NULL,5,0),(1113,'Kiribati','KI',NULL,NULL,NULL,NULL,4,0),(1114,'Korea, Democratic People\'s Republic of','KP',NULL,NULL,NULL,NULL,4,0),(1115,'Korea, Republic of','KR',NULL,NULL,NULL,NULL,4,0),(1116,'Kuwait','KW',NULL,NULL,NULL,NULL,3,0),(1117,'Kyrgyzstan','KG',NULL,NULL,NULL,NULL,1,0),(1118,'Lao People\'s Democratic Republic','LA',NULL,NULL,NULL,NULL,4,0),(1119,'Latvia','LV',NULL,NULL,NULL,NULL,1,0),(1120,'Lebanon','LB',NULL,NULL,NULL,NULL,3,0),(1121,'Lesotho','LS',NULL,NULL,NULL,NULL,5,0),(1122,'Liberia','LR',NULL,NULL,NULL,NULL,5,0),(1123,'Libya','LY',NULL,NULL,NULL,NULL,3,0),(1124,'Liechtenstein','LI',NULL,NULL,NULL,NULL,1,0),(1125,'Lithuania','LT',NULL,NULL,NULL,NULL,1,0),(1126,'Luxembourg','LU',NULL,NULL,NULL,NULL,1,0),(1127,'Macao','MO',NULL,NULL,NULL,NULL,4,0),(1128,'Macedonia, Republic of','MK',NULL,NULL,NULL,NULL,1,0),(1129,'Madagascar','MG',NULL,NULL,NULL,NULL,5,0),(1130,'Malawi','MW',NULL,NULL,NULL,NULL,5,0),(1131,'Malaysia','MY',NULL,NULL,NULL,NULL,4,0),(1132,'Maldives','MV',NULL,NULL,NULL,NULL,4,0),(1133,'Mali','ML',NULL,NULL,NULL,NULL,5,0),(1134,'Malta','MT',NULL,NULL,NULL,NULL,1,0),(1135,'Marshall Islands','MH',NULL,NULL,NULL,NULL,4,0),(1136,'Martinique','MQ',NULL,NULL,NULL,NULL,2,0),(1137,'Mauritania','MR',NULL,NULL,NULL,NULL,5,0),(1138,'Mauritius','MU',NULL,NULL,NULL,NULL,5,0),(1139,'Mayotte','YT',NULL,NULL,NULL,NULL,5,0),(1140,'Mexico','MX',NULL,NULL,NULL,NULL,2,0),(1141,'Micronesia, Federated States of','FM',NULL,NULL,NULL,NULL,4,0),(1142,'Moldova','MD',NULL,NULL,NULL,NULL,1,0),(1143,'Monaco','MC',NULL,NULL,NULL,NULL,1,0),(1144,'Mongolia','MN',NULL,NULL,NULL,NULL,4,0),(1145,'Montserrat','MS',NULL,NULL,NULL,NULL,2,0),(1146,'Morocco','MA',NULL,NULL,NULL,NULL,3,0),(1147,'Mozambique','MZ',NULL,NULL,NULL,NULL,5,0),(1148,'Namibia','NA',NULL,NULL,NULL,NULL,5,0),(1149,'Nauru','NR',NULL,NULL,NULL,NULL,4,0),(1150,'Nepal','NP',NULL,NULL,NULL,NULL,4,0),(1152,'Netherlands','NL',NULL,NULL,NULL,NULL,1,0),(1153,'New Caledonia','NC',NULL,NULL,NULL,NULL,4,0),(1154,'New Zealand','NZ',NULL,NULL,NULL,NULL,4,0),(1155,'Nicaragua','NI',NULL,NULL,NULL,NULL,2,0),(1156,'Niger','NE',NULL,NULL,NULL,NULL,5,0),(1157,'Nigeria','NG',NULL,NULL,NULL,NULL,5,0),(1158,'Niue','NU',NULL,NULL,NULL,NULL,4,0),(1159,'Norfolk Island','NF',NULL,NULL,NULL,NULL,4,0),(1160,'Northern Mariana Islands','MP',NULL,NULL,NULL,NULL,2,0),(1161,'Norway','NO',NULL,NULL,NULL,NULL,1,0),(1162,'Oman','OM',NULL,NULL,NULL,NULL,3,0),(1163,'Pakistan','PK',NULL,NULL,NULL,NULL,4,0),(1164,'Palau','PW',NULL,NULL,NULL,NULL,4,0),(1165,'Palestinian Territory, Occupied','PS',NULL,NULL,NULL,NULL,3,0),(1166,'Panama','PA',NULL,NULL,NULL,NULL,5,0),(1167,'Papua New Guinea','PG',NULL,NULL,NULL,NULL,4,0),(1168,'Paraguay','PY',NULL,NULL,NULL,NULL,2,0),(1169,'Peru','PE',NULL,NULL,NULL,NULL,2,0),(1170,'Philippines','PH',NULL,NULL,NULL,NULL,4,0),(1171,'Pitcairn','PN',NULL,NULL,NULL,NULL,4,0),(1172,'Poland','PL',NULL,NULL,NULL,NULL,1,0),(1173,'Portugal','PT',NULL,NULL,NULL,NULL,1,0),(1174,'Puerto Rico','PR',NULL,NULL,NULL,NULL,2,0),(1175,'Qatar','QA',NULL,NULL,NULL,NULL,3,0),(1176,'Romania','RO',NULL,NULL,NULL,NULL,1,0),(1177,'Russian Federation','RU',NULL,NULL,NULL,NULL,1,0),(1178,'Rwanda','RW',NULL,NULL,NULL,NULL,5,0),(1179,'Reunion','RE',NULL,NULL,NULL,NULL,5,0),(1180,'Saint Helena','SH',NULL,NULL,NULL,NULL,5,0),(1181,'Saint Kitts and Nevis','KN',NULL,NULL,NULL,NULL,2,0),(1182,'Saint Lucia','LC',NULL,NULL,NULL,NULL,2,0),(1183,'Saint Pierre and Miquelon','PM',NULL,NULL,NULL,NULL,2,0),(1184,'Saint Vincent and the Grenadines','VC',NULL,NULL,NULL,NULL,2,0),(1185,'Samoa','WS',NULL,NULL,NULL,NULL,4,0),(1186,'San Marino','SM',NULL,NULL,NULL,NULL,1,0),(1187,'Saudi Arabia','SA',NULL,NULL,NULL,NULL,3,0),(1188,'Senegal','SN',NULL,NULL,NULL,NULL,5,0),(1189,'Seychelles','SC',NULL,NULL,NULL,NULL,5,0),(1190,'Sierra Leone','SL',NULL,NULL,NULL,NULL,5,0),(1191,'Singapore','SG',NULL,NULL,NULL,NULL,4,0),(1192,'Slovakia','SK',NULL,NULL,NULL,NULL,1,0),(1193,'Slovenia','SI',NULL,NULL,NULL,NULL,1,0),(1194,'Solomon Islands','SB',NULL,NULL,NULL,NULL,4,0),(1195,'Somalia','SO',NULL,NULL,NULL,NULL,5,0),(1196,'South Africa','ZA',NULL,NULL,NULL,NULL,5,0),(1197,'South Georgia and the South Sandwich Islands','GS',NULL,NULL,NULL,NULL,2,0),(1198,'Spain','ES',NULL,NULL,NULL,NULL,1,0),(1199,'Sri Lanka','LK',NULL,NULL,NULL,NULL,4,0),(1200,'Sudan','SD',NULL,NULL,NULL,NULL,5,0),(1201,'Suriname','SR',NULL,NULL,NULL,NULL,2,0),(1202,'Svalbard and Jan Mayen','SJ',NULL,NULL,NULL,NULL,1,0),(1203,'Swaziland','SZ',NULL,NULL,NULL,NULL,5,0),(1204,'Sweden','SE',NULL,NULL,NULL,NULL,1,0),(1205,'Switzerland','CH',NULL,NULL,NULL,NULL,1,0),(1206,'Syrian Arab Republic','SY',NULL,NULL,NULL,NULL,3,0),(1207,'Sao Tome and Principe','ST',NULL,NULL,NULL,NULL,5,0),(1208,'Taiwan','TW',NULL,NULL,NULL,NULL,4,0),(1209,'Tajikistan','TJ',NULL,NULL,NULL,NULL,4,0),(1210,'Tanzania, United Republic of','TZ',NULL,NULL,NULL,NULL,5,0),(1211,'Thailand','TH',NULL,NULL,NULL,NULL,4,0),(1212,'Bahamas','BS',NULL,NULL,NULL,NULL,2,0),(1213,'Gambia','GM',NULL,NULL,NULL,NULL,5,0),(1214,'Togo','TG',NULL,NULL,NULL,NULL,5,0),(1215,'Tokelau','TK',NULL,NULL,NULL,NULL,4,0),(1216,'Tonga','TO',NULL,NULL,NULL,NULL,4,0),(1217,'Trinidad and Tobago','TT',NULL,NULL,NULL,NULL,2,0),(1218,'Tunisia','TN',NULL,NULL,NULL,NULL,3,0),(1219,'Turkey','TR',NULL,NULL,NULL,NULL,1,0),(1220,'Turkmenistan','TM',NULL,NULL,NULL,NULL,1,0),(1221,'Turks and Caicos Islands','TC',NULL,NULL,NULL,NULL,2,0),(1222,'Tuvalu','TV',NULL,NULL,NULL,NULL,4,0),(1223,'Uganda','UG',NULL,NULL,NULL,NULL,5,0),(1224,'Ukraine','UA',NULL,NULL,NULL,NULL,1,0),(1225,'United Arab Emirates','AE',NULL,NULL,NULL,NULL,3,0),(1226,'United Kingdom','GB',NULL,NULL,NULL,NULL,1,0),(1227,'United States Minor Outlying Islands','UM',NULL,NULL,NULL,NULL,2,0),(1228,'United States','US',NULL,NULL,NULL,NULL,2,1),(1229,'Uruguay','UY',NULL,NULL,NULL,NULL,2,0),(1230,'Uzbekistan','UZ',NULL,NULL,NULL,NULL,1,0),(1231,'Vanuatu','VU',NULL,NULL,NULL,NULL,4,0),(1232,'Venezuela','VE',NULL,NULL,NULL,NULL,2,0),(1233,'Viet Nam','VN',NULL,NULL,NULL,NULL,4,0),(1234,'Virgin Islands, U.S.','VI',NULL,NULL,NULL,NULL,2,0),(1235,'Wallis and Futuna','WF',NULL,NULL,NULL,NULL,4,0),(1236,'Western Sahara','EH',NULL,NULL,NULL,NULL,3,0),(1237,'Yemen','YE',NULL,NULL,NULL,NULL,3,0),(1238,'Serbia and Montenegro','CS',NULL,NULL,NULL,NULL,1,0),(1239,'Zambia','ZM',NULL,NULL,NULL,NULL,5,0),(1240,'Zimbabwe','ZW',NULL,NULL,NULL,NULL,5,0),(1241,'land Islands','AX',NULL,NULL,NULL,NULL,1,0),(1242,'Serbia','RS',NULL,NULL,NULL,NULL,1,0),(1243,'Montenegro','ME',NULL,NULL,NULL,NULL,1,0),(1244,'Jersey','JE',NULL,NULL,NULL,NULL,99,0),(1245,'Guernsey','GG',NULL,NULL,NULL,NULL,99,0),(1246,'Isle of Man','IM',NULL,NULL,NULL,NULL,99,0),(1247,'South Sudan','SS',NULL,NULL,NULL,NULL,5,0),(1248,'Curaao','CW',NULL,NULL,NULL,NULL,2,0),(1249,'Sint Maarten (Dutch Part)','SX',NULL,NULL,NULL,NULL,2,0),(1250,'Bonaire, Saint Eustatius and Saba','BQ',NULL,NULL,NULL,NULL,2,0),(1251,'Kosovo','XK',NULL,NULL,NULL,NULL,1,0);
/*!40000 ALTER TABLE `civicrm_country` ENABLE KEYS */;
UNLOCK TABLES;

--
-- Dumping data for table `civicrm_county`
--

LOCK TABLES `civicrm_county` WRITE;
/*!40000 ALTER TABLE `civicrm_county` DISABLE KEYS */;
INSERT INTO `civicrm_county` (`id`, `name`, `abbreviation`, `state_province_id`) VALUES (1,'Alameda',NULL,1004),(2,'Contra Costa',NULL,1004),(3,'Marin',NULL,1004),(4,'San Francisco',NULL,1004),(5,'San Mateo',NULL,1004),(6,'Santa Clara',NULL,1004);
/*!40000 ALTER TABLE `civicrm_county` ENABLE KEYS */;
UNLOCK TABLES;

--
-- Dumping data for table `civicrm_currency`
--

LOCK TABLES `civicrm_currency` WRITE;
/*!40000 ALTER TABLE `civicrm_currency` DISABLE KEYS */;
INSERT INTO `civicrm_currency` (`id`, `name`, `symbol`, `numeric_code`, `full_name`) VALUES (1,'AUD','$','036','Australian Dollar'),(2,'CAD','$','124','Canadian Dollar'),(3,'EUR','','978','Euro'),(4,'GBP','','826','Pound Sterling'),(5,'ILS','','826','New Israeli Shekel'),(6,'INR','','356','Indian Rupee'),(7,'JPY','','392','Japanese Yen'),(8,'KRW','','410','South Korean Won'),(9,'LAK','','418','Lao Kip'),(10,'MNT','','496','Mongolian Tugrik'),(11,'NGN','','566','Nigerian Naira'),(12,'PLN','z','985','Polish Zoty'),(13,'THB','','764','Thai Baht'),(14,'USD','$','840','US Dollar'),(15,'VND','','704','Viet Nam Dong'),(16,'ZAR','R','710','South African Rand'),(17,'AED',NULL,'784','UAE Dirham'),(18,'AFN','','971','Afghani'),(19,'ALL','Lek','008','Albanian Lek'),(20,'AMD',NULL,'051','Armenian Dram'),(21,'ANG','','532','Netherlands Antillian Guilder'),(22,'AOA',NULL,'973','Angola Kwanza'),(23,'ARS','$','032','Argentine Peso'),(24,'AWG','','533','Aruban Guilder'),(25,'AZN','','944','Azerbaijanian Manat'),(26,'BAM','KM','977','Convertible Marks'),(27,'BBD','$','052','Barbados Dollar'),(28,'BDT',NULL,'050','Bangladeshi Taka'),(29,'BGN','','975','Bulgarian Lev'),(30,'BHD',NULL,'048','Bahraini Dinar'),(31,'BIF',NULL,'108','Burundi Franc'),(32,'BMD','$','060','Bermudian Dollar'),(33,'BND','$','096','Brunei Dollar'),(34,'BOB','$b','068','Boliviano'),(35,'BOV',NULL,'984','Bolivian Mvdol'),(36,'BRL','R$','986','Brazilian Real'),(37,'BSD','$','044','Bahamian Dollar'),(38,'BTN',NULL,'064','Bhutan Ngultrum'),(39,'BWP','P','072','Botswana Pula'),(40,'BYR','p.','974','Belarussian Rouble'),(41,'BZD','BZ$','084','Belize Dollar'),(42,'CDF',NULL,'976','Franc Congolais'),(43,'CHE',NULL,'947','WIR Euro'),(44,'CHF','CHF','756','Swiss Franc'),(45,'CHW',NULL,'948','WIR Franc'),(46,'CLF',NULL,'990','Unidades de fomento'),(47,'CLP','$','152','Chilean Peso'),(48,'CNY','','156','Chinese Yuan Renminbi'),(49,'COP','$','170','Colombian Peso'),(50,'COU',NULL,'970','Unidad de Valor Real'),(51,'CRC','','188','Costa Rican Colon'),(52,'CSD','.','891','Serbian Dinar'),(53,'CUP','','192','Cuban Peso'),(54,'CVE',NULL,'132','Cape Verde Escudo'),(55,'CYP','','196','Cyprus Pound'),(56,'CZK','K','203','Czech Koruna'),(57,'DJF',NULL,'262','Djibouti Franc'),(58,'DKK','kr','208','Danish Krone'),(59,'DOP','RD$','214','Dominican Peso'),(60,'DZD',NULL,'012','Algerian Dinar'),(62,'EGP','','818','Egyptian Pound'),(63,'ERN',NULL,'232','Eritrean Nakfa'),(64,'ETB',NULL,'230','Ethiopian Birr'),(65,'FJD','$','242','Fiji Dollar'),(66,'FKP','','238','Falkland Islands Pound'),(67,'GEL',NULL,'981','Georgian Lari'),(68,'GHC','','288','Ghanaian Cedi'),(69,'GIP','','292','Gibraltar Pound'),(70,'GMD',NULL,'270','Gambian Dalasi'),(71,'GNF',NULL,'324','Guinea Franc'),(72,'GTQ','Q','320','Guatemalan Quetzal'),(73,'GWP',NULL,'624','Guinea-Bissau Peso'),(74,'GYD','$','328','Guyana Dollar'),(75,'HKD','HK$','344','Hong Kong Dollar'),(76,'HNL','L','340','Honduran Lempira'),(77,'HRK','kn','191','Croatian Kuna'),(78,'HTG',NULL,'332','Haitian Gourde'),(79,'HUF','Ft','348','Hungarian Forint'),(80,'IDR','Rp','360','Indonesian Rupiah'),(81,'IQD',NULL,'368','Iraqi Dinar'),(82,'IRR','','364','Iranian Rial'),(83,'ISK','kr','352','Iceland Krona'),(84,'JMD','J$','388','Jamaican Dollar'),(85,'JOD',NULL,'400','Jordanian Dinar'),(86,'KES',NULL,'404','Kenyan Shilling'),(87,'KGS','','417','Kyrgyzstan Som'),(88,'KHR','','116','Cambodian Riel'),(89,'KMF',NULL,'174','Comoro Franc'),(90,'KPW','','408','North Korean Won'),(91,'KWD',NULL,'414','Kuwaiti Dinar'),(92,'KYD','$','136','Cayman Islands Dollar'),(93,'KZT','','398','Kazakhstan Tenge'),(94,'LBP','','422','Lebanese Pound'),(95,'LKR','','144','Sri Lanka Rupee'),(96,'LRD','$','430','Liberian Dollar'),(97,'LSL',NULL,'426','Lesotho Loti'),(98,'LTL','Lt','440','Lithuanian Litas'),(99,'LVL','Ls','428','Latvian Lats'),(100,'LYD',NULL,'434','Libyan Dinar'),(101,'MAD',NULL,'504','Moroccan Dirham'),(102,'MDL',NULL,'498','Moldovan Leu'),(103,'MGA',NULL,'969','Malagascy Ariary'),(104,'MKD','','807','Macedonian Denar'),(105,'MMK',NULL,'104','Myanmar Kyat'),(106,'MOP',NULL,'446','Macao Pataca'),(107,'MRO',NULL,'478','Mauritanian Ouguiya'),(108,'MTL','Lm','470','Maltese Lira'),(109,'MUR','','480','Mauritius Rupee'),(110,'MVR',NULL,'462','Maldive Rufiyaa'),(111,'MWK',NULL,'454','Malawi Kwacha'),(112,'MXN','$','484','Mexican Peso'),(113,'MXV',NULL,'979','Mexican Unidad de Inversion (UID)'),(114,'MYR','RM','458','Malaysian Ringgit'),(115,'MZN','MT','943','Mozambique Metical'),(116,'NAD','$','516','Namibian Dollar'),(117,'NIO','C$','558','Nicaraguan Cordoba Oro'),(118,'NOK','kr','578','Norwegian Krone'),(119,'NPR','','524','Nepalese Rupee'),(120,'NZD','$','554','New Zealand Dollar'),(121,'OMR','','512','Rial Omani'),(122,'PAB','B/.','590','Panamanian Balboa'),(123,'PEN','S/.','604','Peruvian Nuevo Sol'),(124,'PGK',NULL,'598','Papua New Guinea Kina'),(125,'PHP','Php','608','Philippine Peso'),(126,'PKR','','586','Pakistan Rupee'),(127,'PYG','Gs','600','Paraguay Guarani'),(128,'QAR','','634','Qatari Rial'),(129,'ROL',NULL,'642','Romanian Old Leu'),(130,'RON','lei','946','Romanian New Leu'),(131,'RUB','','643','Russian Rouble'),(132,'RWF',NULL,'646','Rwanda Franc'),(133,'SAR','','682','Saudi Riyal'),(134,'SBD','$','090','Solomon Islands Dollar'),(135,'SCR','','690','Seychelles Rupee'),(136,'SDD',NULL,'736','Sudanese Dinar'),(137,'SEK','kr','752','Swedish Krona'),(138,'SGD','$','702','Singapore Dollar'),(139,'SHP','','654','Saint Helena Pound'),(140,'SIT',NULL,'705','Slovenian Tolar'),(141,'SKK','SIT','703','Slovak Koruna'),(142,'SLL',NULL,'694','Leone'),(143,'SOS','S','706','Somali Shilling'),(144,'SRD','$','968','Surinam Dollar'),(145,'STD',NULL,'678','So Tome and Principe Dobra'),(146,'SVC','$','222','El Salvador Colon'),(147,'SYP','','760','Syrian Pound'),(148,'SZL',NULL,'748','Swaziland Lilangeni'),(149,'TJS',NULL,'972','Tajik Somoni'),(150,'TMM',NULL,'795','Turkmenistan Manat'),(151,'TND',NULL,'788','Tunisian Dinar'),(152,'TOP',NULL,'776','Tongan Pa\'anga'),(153,'TRY','YTL','949','New Turkish Lira'),(154,'TTD','TT$','780','Trinidad and Tobago Dollar'),(155,'TWD','NT$','901','New Taiwan Dollar'),(156,'TZS',NULL,'834','Tanzanian Shilling'),(157,'UAH','','980','Ukrainian Hryvnia'),(158,'UGX',NULL,'800','Ugandan Shilling'),(159,'USN',NULL,'997','US Dollar (Next day)'),(160,'USS',NULL,'998','US Dollar (Same day)'),(161,'UYU','$U','858','Peso Uruguayo'),(162,'UZS','','860','Uzbekistan Sum'),(163,'VEB','Bs','862','Venezuela Bolivar'),(164,'VUV',NULL,'548','Vanuatu Vatu'),(165,'WST',NULL,'882','Samoan Tala'),(166,'XAF',NULL,'950','CFA Franc BEAC'),(167,'XAG',NULL,'961','Silver'),(168,'XAU',NULL,'959','Gold'),(169,'XBA',NULL,'955','Bond Markets Units European Composite Unit (EURCO)'),(170,'XBB',NULL,'956','European Monetary Unit (E.M.U.-6)'),(171,'XBC',NULL,'957','European Unit of Account 9 (E.U.A.-9)'),(172,'XBD',NULL,'958','European Unit of Account 17 (E.U.A.-17)'),(173,'XCD','$','951','East Caribbean Dollar'),(174,'XDR',NULL,'960','Special Drawing Right'),(175,'XFO',NULL,NULL,'Gold-Franc'),(176,'XFU',NULL,NULL,'UIC-Franc'),(177,'XOF',NULL,'952','CFA Franc BCEAO'),(178,'XPD',NULL,'964','Palladium'),(179,'XPF',NULL,'953','CFP Franc'),(180,'XPT',NULL,'962','Platinum'),(181,'XTS',NULL,'963','Code for testing purposes'),(182,'XXX',NULL,'999','No currency involved'),(183,'YER','','886','Yemeni Rial'),(184,'ZMK',NULL,'894','Zambian Kwacha'),(185,'ZWD','Z$','716','Zimbabwe Dollar');
/*!40000 ALTER TABLE `civicrm_currency` ENABLE KEYS */;
UNLOCK TABLES;

--
-- Dumping data for table `civicrm_custom_field`
--

LOCK TABLES `civicrm_custom_field` WRITE;
/*!40000 ALTER TABLE `civicrm_custom_field` DISABLE KEYS */;
/*!40000 ALTER TABLE `civicrm_custom_field` ENABLE KEYS */;
UNLOCK TABLES;

--
-- Dumping data for table `civicrm_custom_group`
--

LOCK TABLES `civicrm_custom_group` WRITE;
/*!40000 ALTER TABLE `civicrm_custom_group` DISABLE KEYS */;
/*!40000 ALTER TABLE `civicrm_custom_group` ENABLE KEYS */;
UNLOCK TABLES;

--
-- Dumping data for table `civicrm_dashboard`
--

LOCK TABLES `civicrm_dashboard` WRITE;
/*!40000 ALTER TABLE `civicrm_dashboard` DISABLE KEYS */;
INSERT INTO `civicrm_dashboard` (`id`, `domain_id`, `label`, `url`, `permission`, `permission_operator`, `column_no`, `is_minimized`, `fullscreen_url`, `is_fullscreen`, `is_active`, `is_reserved`, `weight`) VALUES (1,1,'CiviCRM News','civicrm/dashlet/blog&reset=1&snippet=5','access CiviCRM',NULL,0,0,'civicrm/dashlet/blog&reset=1&snippet=5&context=dashletFullscreen',1,1,1,0),(2,1,'Activities','civicrm/dashlet/activity&reset=1&snippet=5','access CiviCRM',NULL,0,0,'civicrm/dashlet/activity&reset=1&snippet=5&context=dashletFullscreen',1,1,1,1),(3,1,'My Cases','civicrm/dashlet/myCases&reset=1&snippet=5','access my cases and activities',NULL,0,0,'civicrm/dashlet/myCases&reset=1&snippet=5&context=dashletFullscreen',1,1,1,2),(4,1,'All Cases','civicrm/dashlet/allCases&reset=1&snippet=5','access all cases and activities',NULL,0,0,'civicrm/dashlet/allCases&reset=1&snippet=5&context=dashletFullscreen',1,1,1,3),(5,1,'Case Dashboard Dashlet','civicrm/dashlet/casedashboard&reset=1&snippet=5','access CiviCase',NULL,0,0,'civicrm/dashlet/casedashboard&reset=1&snippet=5&context=dashletFullscreen',1,1,1,4),(6,1,'Donor Report (Summary)','civicrm/report/instance/6&reset=1&section=1&snippet=5&charts=barChart','access CiviContribute','AND',0,0,'civicrm/report/instance/6&reset=1&section=1&snippet=5&charts=barChart&context=dashletFullscreen',1,1,0,4),(7,1,'Top Donors Report','civicrm/report/instance/13&reset=1&section=2&snippet=5','access CiviContribute','AND',0,0,'civicrm/report/instance/13&reset=1&section=2&snippet=5&context=dashletFullscreen',1,1,0,5),(8,1,'Event Income Report (Summary)','civicrm/report/instance/23&reset=1&section=1&snippet=5&charts=pieChart','access CiviEvent','AND',0,0,'civicrm/report/instance/23&reset=1&section=1&snippet=5&charts=pieChart&context=dashletFullscreen',1,1,0,6),(9,1,'Membership Report (Summary)','civicrm/report/instance/19&reset=1&section=2&snippet=5','access CiviMember','AND',0,0,'civicrm/report/instance/19&reset=1&section=2&snippet=5&context=dashletFullscreen',1,1,0,7);
/*!40000 ALTER TABLE `civicrm_dashboard` ENABLE KEYS */;
UNLOCK TABLES;

--
-- Dumping data for table `civicrm_dashboard_contact`
--

LOCK TABLES `civicrm_dashboard_contact` WRITE;
/*!40000 ALTER TABLE `civicrm_dashboard_contact` DISABLE KEYS */;
/*!40000 ALTER TABLE `civicrm_dashboard_contact` ENABLE KEYS */;
UNLOCK TABLES;

--
-- Dumping data for table `civicrm_dedupe_exception`
--

LOCK TABLES `civicrm_dedupe_exception` WRITE;
/*!40000 ALTER TABLE `civicrm_dedupe_exception` DISABLE KEYS */;
/*!40000 ALTER TABLE `civicrm_dedupe_exception` ENABLE KEYS */;
UNLOCK TABLES;

--
-- Dumping data for table `civicrm_dedupe_rule`
--

LOCK TABLES `civicrm_dedupe_rule` WRITE;
/*!40000 ALTER TABLE `civicrm_dedupe_rule` DISABLE KEYS */;
INSERT INTO `civicrm_dedupe_rule` (`id`, `dedupe_rule_group_id`, `rule_table`, `rule_field`, `rule_length`, `rule_weight`) VALUES (1,1,'civicrm_contact','first_name',NULL,5),(2,1,'civicrm_contact','last_name',NULL,7),(3,1,'civicrm_email','email',NULL,10),(4,2,'civicrm_contact','organization_name',NULL,10),(5,2,'civicrm_email','email',NULL,10),(6,3,'civicrm_contact','household_name',NULL,10),(7,3,'civicrm_email','email',NULL,10),(8,4,'civicrm_email','email',NULL,10),(9,5,'civicrm_contact','organization_name',NULL,10),(10,5,'civicrm_email','email',NULL,10),(11,6,'civicrm_contact','household_name',NULL,10),(12,6,'civicrm_email','email',NULL,10),(13,7,'civicrm_contact','first_name',NULL,5),(14,7,'civicrm_contact','last_name',NULL,5),(15,7,'civicrm_address','street_address',NULL,5),(16,7,'civicrm_contact','middle_name',NULL,1),(17,7,'civicrm_contact','suffix_id',NULL,1);
/*!40000 ALTER TABLE `civicrm_dedupe_rule` ENABLE KEYS */;
UNLOCK TABLES;

--
-- Dumping data for table `civicrm_dedupe_rule_group`
--

LOCK TABLES `civicrm_dedupe_rule_group` WRITE;
/*!40000 ALTER TABLE `civicrm_dedupe_rule_group` DISABLE KEYS */;
INSERT INTO `civicrm_dedupe_rule_group` (`id`, `contact_type`, `threshold`, `used`, `name`, `title`, `is_reserved`) VALUES (1,'Individual',20,'Supervised','IndividualSupervised','Name and Email (reserved)',1),(2,'Organization',10,'Supervised','OrganizationSupervised','Name and Email',0),(3,'Household',10,'Supervised','HouseholdSupervised','Name and Email',0),(4,'Individual',10,'Unsupervised','IndividualUnsupervised','Email (reserved)',1),(5,'Organization',10,'Unsupervised','OrganizationUnsupervised','Name and Email',0),(6,'Household',10,'Unsupervised','HouseholdUnsupervised','Name and Email',0),(7,'Individual',15,'General','IndividualComplete','Name and Address (reserved)',1);
/*!40000 ALTER TABLE `civicrm_dedupe_rule_group` ENABLE KEYS */;
UNLOCK TABLES;

--
-- Dumping data for table `civicrm_discount`
--

LOCK TABLES `civicrm_discount` WRITE;
/*!40000 ALTER TABLE `civicrm_discount` DISABLE KEYS */;
/*!40000 ALTER TABLE `civicrm_discount` ENABLE KEYS */;
UNLOCK TABLES;

--
-- Dumping data for table `civicrm_domain`
--

LOCK TABLES `civicrm_domain` WRITE;
/*!40000 ALTER TABLE `civicrm_domain` DISABLE KEYS */;
INSERT INTO `civicrm_domain` (`id`, `name`, `description`, `config_backend`, `version`, `contact_id`, `locales`, `locale_custom_strings`) VALUES (1,'Default Domain Name',NULL,NULL,'4.3.alpha1',1,NULL,NULL);
/*!40000 ALTER TABLE `civicrm_domain` ENABLE KEYS */;
UNLOCK TABLES;

--
-- Dumping data for table `civicrm_email`
--

LOCK TABLES `civicrm_email` WRITE;
/*!40000 ALTER TABLE `civicrm_email` DISABLE KEYS */;
INSERT INTO `civicrm_email` (`id`, `contact_id`, `location_type_id`, `email`, `is_primary`, `is_billing`, `on_hold`, `is_bulkmail`, `hold_date`, `reset_date`, `signature_text`, `signature_html`) VALUES (1,1,1,'fixme.domainemail@example.org',0,0,0,0,NULL,NULL,NULL,NULL),(2,186,1,'grant.jina@mymail.co.uk',1,0,0,0,NULL,NULL,NULL,NULL),(3,41,1,'sanfordd@infomail.org',1,0,0,0,NULL,NULL,NULL,NULL),(4,160,1,'roberts.nicole@fishmail.info',1,0,0,0,NULL,NULL,NULL,NULL),(5,195,1,'adams.p.shad@spamalot.co.nz',1,0,0,0,NULL,NULL,NULL,NULL),(6,159,1,'jacksonj94@example.net',1,0,0,0,NULL,NULL,NULL,NULL),(7,159,1,'jensen.jackson@sample.info',0,0,0,0,NULL,NULL,NULL,NULL),(8,89,1,'ajameson@lol.co.pl',1,0,0,0,NULL,NULL,NULL,NULL),(9,120,1,'daze52@fishmail.org',1,0,0,0,NULL,NULL,NULL,NULL),(10,120,1,'errold34@infomail.biz',0,0,0,0,NULL,NULL,NULL,NULL),(11,192,1,'felishajones@spamalot.biz',1,0,0,0,NULL,NULL,NULL,NULL),(12,91,1,'chowski.josefa@spamalot.info',1,0,0,0,NULL,NULL,NULL,NULL),(13,91,1,'josefachowski@testing.com',0,0,0,0,NULL,NULL,NULL,NULL),(14,119,1,'teresaw4@fakemail.biz',1,0,0,0,NULL,NULL,NULL,NULL),(15,71,1,'robertson.craig42@notmail.co.in',1,0,0,0,NULL,NULL,NULL,NULL),(16,30,1,'robertson.v.maria@infomail.co.in',1,0,0,0,NULL,NULL,NULL,NULL),(17,30,1,'mariarobertson@infomail.co.uk',0,0,0,0,NULL,NULL,NULL,NULL),(18,200,1,'ivanov.mei@mymail.co.nz',1,0,0,0,NULL,NULL,NULL,NULL),(19,200,1,'mivanov64@spamalot.co.in',0,0,0,0,NULL,NULL,NULL,NULL),(20,51,1,'jedy@sample.co.in',1,0,0,0,NULL,NULL,NULL,NULL),(21,51,1,'yadav.jed21@airmail.info',0,0,0,0,NULL,NULL,NULL,NULL),(22,29,1,'landond@airmail.org',1,0,0,0,NULL,NULL,NULL,NULL),(23,100,1,'smith.j.jina@sample.co.nz',1,0,0,0,NULL,NULL,NULL,NULL),(24,180,1,'teresaw@example.com',1,0,0,0,NULL,NULL,NULL,NULL),(25,6,1,'andrewr16@notmail.co.pl',1,0,0,0,NULL,NULL,NULL,NULL),(26,114,1,'rpatel54@lol.org',1,0,0,0,NULL,NULL,NULL,NULL),(27,47,1,'elbertj50@spamalot.co.pl',1,0,0,0,NULL,NULL,NULL,NULL),(28,83,1,'brzczysawj18@sample.info',1,0,0,0,NULL,NULL,NULL,NULL),(29,83,1,'brzczysawjameson@sample.co.nz',0,0,0,0,NULL,NULL,NULL,NULL),(30,171,1,'herminiasamuels@notmail.co.in',1,0,0,0,NULL,NULL,NULL,NULL),(31,171,1,'herminiasamuels@spamalot.com',0,0,0,0,NULL,NULL,NULL,NULL),(32,126,1,'terrell.kacey@fakemail.org',1,0,0,0,NULL,NULL,NULL,NULL),(33,55,1,'terrell.norris@mymail.com',1,0,0,0,NULL,NULL,NULL,NULL),(34,55,1,'terrelln@fakemail.co.in',0,0,0,0,NULL,NULL,NULL,NULL),(35,135,1,'olsens@example.com',1,0,0,0,NULL,NULL,NULL,NULL),(36,135,1,'solsen@airmail.info',0,0,0,0,NULL,NULL,NULL,NULL),(37,101,1,'sanfordjensen55@example.co.nz',1,0,0,0,NULL,NULL,NULL,NULL),(38,101,1,'jensens31@lol.info',0,0,0,0,NULL,NULL,NULL,NULL),(39,17,1,'kdimitrov12@sample.co.uk',1,0,0,0,NULL,NULL,NULL,NULL),(40,17,1,'kathlynd35@testmail.co.in',0,0,0,0,NULL,NULL,NULL,NULL),(41,31,1,'winfordbarkley52@fakemail.org',1,0,0,0,NULL,NULL,NULL,NULL),(42,40,1,'cooperk86@mymail.co.uk',1,0,0,0,NULL,NULL,NULL,NULL),(43,40,1,'cooperk22@lol.com',0,0,0,0,NULL,NULL,NULL,NULL),(44,5,1,'patelm@fishmail.co.nz',1,0,0,0,NULL,NULL,NULL,NULL),(45,5,1,'patelm@spamalot.co.nz',0,0,0,0,NULL,NULL,NULL,NULL),(46,99,1,'barkleyl@fishmail.co.pl',1,0,0,0,NULL,NULL,NULL,NULL),(47,99,1,'barkleyl40@fishmail.co.nz',0,0,0,0,NULL,NULL,NULL,NULL),(48,141,1,'cruz.winford@example.net',1,0,0,0,NULL,NULL,NULL,NULL),(49,141,1,'wcruz93@airmail.org',0,0,0,0,NULL,NULL,NULL,NULL),(50,42,1,'jedw84@lol.co.nz',1,0,0,0,NULL,NULL,NULL,NULL),(51,48,1,'da.smith@fishmail.co.nz',1,0,0,0,NULL,NULL,NULL,NULL),(52,118,1,'barkley.truman@notmail.info',1,0,0,0,NULL,NULL,NULL,NULL),(53,145,1,'sk.jones16@fishmail.info',1,0,0,0,NULL,NULL,NULL,NULL),(54,131,1,'adams.justina17@mymail.co.nz',1,0,0,0,NULL,NULL,NULL,NULL),(55,131,1,'justinaa74@fishmail.co.in',0,0,0,0,NULL,NULL,NULL,NULL),(56,49,1,'landonjacobs@spamalot.info',1,0,0,0,NULL,NULL,NULL,NULL),(57,25,1,'shadc@lol.net',1,0,0,0,NULL,NULL,NULL,NULL),(58,25,1,'scooper33@infomail.com',0,0,0,0,NULL,NULL,NULL,NULL),(59,151,1,'jeda@notmail.co.uk',1,0,0,0,NULL,NULL,NULL,NULL),(60,176,1,'iblackwell@sample.info',1,0,0,0,NULL,NULL,NULL,NULL),(61,96,1,'smith.l.truman1@fishmail.net',1,0,0,0,NULL,NULL,NULL,NULL),(62,16,1,'estaa@lol.co.uk',1,0,0,0,NULL,NULL,NULL,NULL),(63,21,1,'terry.teddy@mymail.co.nz',1,0,0,0,NULL,NULL,NULL,NULL),(64,21,1,'terry.teddy@airmail.com',0,0,0,0,NULL,NULL,NULL,NULL),(65,37,1,'wattsons@fishmail.co.in',1,0,0,0,NULL,NULL,NULL,NULL),(66,37,1,'wattsons@testing.biz',0,0,0,0,NULL,NULL,NULL,NULL),(67,106,1,'brigettelee@mymail.org',1,0,0,0,NULL,NULL,NULL,NULL),(68,19,1,'claudioi31@fishmail.co.pl',1,0,0,0,NULL,NULL,NULL,NULL),(69,19,1,'claudioi24@lol.info',0,0,0,0,NULL,NULL,NULL,NULL),(70,189,1,'jbarkley@fishmail.co.nz',1,0,0,0,NULL,NULL,NULL,NULL),(71,189,1,'jinabarkley@example.info',0,0,0,0,NULL,NULL,NULL,NULL),(72,78,1,'elinabachman@testing.com',1,0,0,0,NULL,NULL,NULL,NULL),(73,78,1,'elinab62@notmail.org',0,0,0,0,NULL,NULL,NULL,NULL),(74,54,1,'jacksonb30@mymail.net',1,0,0,0,NULL,NULL,NULL,NULL),(75,54,1,'jacksonb17@sample.net',0,0,0,0,NULL,NULL,NULL,NULL),(76,201,1,'ejones@infomail.co.nz',1,0,0,0,NULL,NULL,NULL,NULL),(77,201,1,'ejones@fishmail.com',0,0,0,0,NULL,NULL,NULL,NULL),(78,38,1,'jonest19@lol.co.uk',1,0,0,0,NULL,NULL,NULL,NULL),(79,38,1,'jones.troy@fishmail.co.uk',0,0,0,0,NULL,NULL,NULL,NULL),(80,152,1,'dazr56@infomail.com',1,0,0,0,NULL,NULL,NULL,NULL),(81,43,1,'daz.c.iris1@testmail.co.uk',1,0,0,0,NULL,NULL,NULL,NULL),(82,58,1,'dazn@notmail.info',1,0,0,0,NULL,NULL,NULL,NULL),(83,58,1,'nicoled@testmail.co.in',0,0,0,0,NULL,NULL,NULL,NULL),(84,10,1,'wagner.teresa37@infomail.net',1,0,0,0,NULL,NULL,NULL,NULL),(85,82,1,'valenewattson@mymail.co.pl',1,0,0,0,NULL,NULL,NULL,NULL),(86,2,1,'jones.v.toby81@testing.co.nz',1,0,0,0,NULL,NULL,NULL,NULL),(87,2,1,'tobyjones9@infomail.net',0,0,0,0,NULL,NULL,NULL,NULL),(88,95,1,'jones.a.lashawnda56@notmail.net',1,0,0,0,NULL,NULL,NULL,NULL),(89,69,1,'jones.arlyne23@example.info',1,0,0,0,NULL,NULL,NULL,NULL),(90,69,1,'jones.arlyne@airmail.info',0,0,0,0,NULL,NULL,NULL,NULL),(91,111,1,'jacksonjones@example.co.uk',1,0,0,0,NULL,NULL,NULL,NULL),(92,93,1,'carlosg@testing.co.uk',1,0,0,0,NULL,NULL,NULL,NULL),(93,93,1,'grant.carlos64@fakemail.biz',0,0,0,0,NULL,NULL,NULL,NULL),(94,20,1,'grant.santina@infomail.com',1,0,0,0,NULL,NULL,NULL,NULL),(95,20,1,'grants@testing.info',0,0,0,0,NULL,NULL,NULL,NULL),(96,68,1,'grant.sonny@testing.biz',1,0,0,0,NULL,NULL,NULL,NULL),(97,68,1,'sl.grant@infomail.co.pl',0,0,0,0,NULL,NULL,NULL,NULL),(98,88,1,'grante@testing.net',1,0,0,0,NULL,NULL,NULL,NULL),(99,199,1,'daz.n.miguel61@fakemail.net',1,0,0,0,NULL,NULL,NULL,NULL),(100,199,1,'dazm94@spamalot.co.pl',0,0,0,0,NULL,NULL,NULL,NULL),(101,170,1,'daz.jackson70@notmail.biz',1,0,0,0,NULL,NULL,NULL,NULL),(102,170,1,'jacksond@airmail.net',0,0,0,0,NULL,NULL,NULL,NULL),(103,9,1,'daz.erik16@notmail.net',1,0,0,0,NULL,NULL,NULL,NULL),(104,46,1,'brittneyd@testing.net',1,0,0,0,NULL,NULL,NULL,NULL),(105,138,1,'josefaterry-blackwell@spamalot.co.uk',1,0,0,0,NULL,NULL,NULL,NULL),(106,67,1,'bs.blackwell@notmail.co.pl',1,0,0,0,NULL,NULL,NULL,NULL),(107,87,1,'cooperl@airmail.co.pl',1,0,0,0,NULL,NULL,NULL,NULL),(108,156,1,'heidijones-cooper@example.co.in',1,0,0,0,NULL,NULL,NULL,NULL),(109,72,1,'mjones-cooper75@infomail.co.nz',1,0,0,0,NULL,NULL,NULL,NULL),(110,155,1,'valener97@fakemail.com',1,0,0,0,NULL,NULL,NULL,NULL),(111,155,1,'valeneroberts@example.co.uk',0,0,0,0,NULL,NULL,NULL,NULL),(112,140,1,'sroberts@testmail.org',1,0,0,0,NULL,NULL,NULL,NULL),(113,140,1,'sanfordr98@mymail.co.nz',0,0,0,0,NULL,NULL,NULL,NULL),(114,60,1,'juliannroberts@sample.biz',1,0,0,0,NULL,NULL,NULL,NULL),(115,60,1,'juliannroberts@testing.co.pl',0,0,0,0,NULL,NULL,NULL,NULL),(116,33,1,'robertsc32@fishmail.co.pl',1,0,0,0,NULL,NULL,NULL,NULL),(117,190,1,'roberts.tanya88@sample.co.pl',1,0,0,0,NULL,NULL,NULL,NULL),(118,7,1,'prenticet@notmail.co.in',1,0,0,0,NULL,NULL,NULL,NULL),(119,7,1,'prenticet@notmail.biz',0,0,0,0,NULL,NULL,NULL,NULL),(120,139,1,'jacksonp@mymail.co.nz',1,0,0,0,NULL,NULL,NULL,NULL),(121,65,1,'fk.prentice@fakemail.org',1,0,0,0,NULL,NULL,NULL,NULL),(122,65,1,'felishap@sample.org',0,0,0,0,NULL,NULL,NULL,NULL),(123,137,1,'robertson.j.daren50@example.co.in',1,0,0,0,NULL,NULL,NULL,NULL),(124,137,1,'darenr86@testing.co.uk',0,0,0,0,NULL,NULL,NULL,NULL),(125,175,1,'prenticei@airmail.co.nz',1,0,0,0,NULL,NULL,NULL,NULL),(126,115,1,'robertson-prentice.g.alida62@fishmail.co.nz',1,0,0,0,NULL,NULL,NULL,NULL),(127,115,1,'ag.robertson-prentice25@airmail.co.nz',0,0,0,0,NULL,NULL,NULL,NULL),(128,98,1,'ju.cooper@lol.co.in',1,0,0,0,NULL,NULL,NULL,NULL),(129,174,1,'cooper.sharyn@sample.co.pl',1,0,0,0,NULL,NULL,NULL,NULL),(130,104,1,'miguelc@testing.net',1,0,0,0,NULL,NULL,NULL,NULL),(131,104,1,'miguelc3@notmail.net',0,0,0,0,NULL,NULL,NULL,NULL),(132,163,1,'ashliewattson@lol.org',1,0,0,0,NULL,NULL,NULL,NULL),(133,163,1,'awattson@fishmail.com',0,0,0,0,NULL,NULL,NULL,NULL),(134,86,1,'wattson.princess63@fakemail.biz',1,0,0,0,NULL,NULL,NULL,NULL),(135,86,1,'wattson.princess@notmail.co.nz',0,0,0,0,NULL,NULL,NULL,NULL),(136,128,1,'wattson.toby96@fakemail.co.uk',1,0,0,0,NULL,NULL,NULL,NULL),(137,128,1,'tobyw@mymail.co.pl',0,0,0,0,NULL,NULL,NULL,NULL),(138,121,1,'dmller@spamalot.org',1,0,0,0,NULL,NULL,NULL,NULL),(139,121,1,'damarism35@fakemail.info',0,0,0,0,NULL,NULL,NULL,NULL),(140,105,1,'mller.c.miguel@example.co.in',1,0,0,0,NULL,NULL,NULL,NULL),(141,45,1,'herminiamller@airmail.net',1,0,0,0,NULL,NULL,NULL,NULL),(142,45,1,'mllerh61@lol.info',0,0,0,0,NULL,NULL,NULL,NULL),(143,185,1,'kennyivanov7@sample.co.nz',1,0,0,0,NULL,NULL,NULL,NULL),(144,169,1,'ivanov-terrell.angelika@sample.org',1,0,0,0,NULL,NULL,NULL,NULL),(145,169,1,'angelikaivanov-terrell50@testing.biz',0,0,0,0,NULL,NULL,NULL,NULL),(146,116,1,'lawerencejensen10@infomail.com',1,0,0,0,NULL,NULL,NULL,NULL),(147,116,1,'jensen.lawerence@spamalot.com',0,0,0,0,NULL,NULL,NULL,NULL),(148,157,1,'bgrant@fishmail.co.nz',1,0,0,0,NULL,NULL,NULL,NULL),(149,157,1,'grantb97@example.co.in',0,0,0,0,NULL,NULL,NULL,NULL),(150,102,1,'kgrant-wilson@notmail.info',1,0,0,0,NULL,NULL,NULL,NULL),(151,158,1,'grant-wilson.claudio46@airmail.biz',1,0,0,0,NULL,NULL,NULL,NULL),(152,158,1,'claudiogrant-wilson47@infomail.com',0,0,0,0,NULL,NULL,NULL,NULL),(153,113,3,'info@ncculturefellowship.org',1,0,0,0,NULL,NULL,NULL,NULL),(154,107,2,'deforest.sanford@ncculturefellowship.org',1,0,0,0,NULL,NULL,NULL,NULL),(155,56,3,'contact@progressivepartnership.org',1,0,0,0,NULL,NULL,NULL,NULL),(156,174,2,'coopers50@progressivepartnership.org',0,0,0,0,NULL,NULL,NULL,NULL),(157,81,3,'sales@arkansasdevelopment.org',1,0,0,0,NULL,NULL,NULL,NULL),(158,159,2,'jjensen@arkansasdevelopment.org',0,0,0,0,NULL,NULL,NULL,NULL),(159,75,3,'service@prsportspartnership.org',1,0,0,0,NULL,NULL,NULL,NULL),(160,172,3,'service@ohionetwork.org',1,0,0,0,NULL,NULL,NULL,NULL),(161,4,3,'feedback@cadelldevelopmentpartnership.org',1,0,0,0,NULL,NULL,NULL,NULL),(162,155,2,'vm.roberts@cadelldevelopmentpartnership.org',0,0,0,0,NULL,NULL,NULL,NULL),(163,77,3,'feedback@sierrasustainability.org',1,0,0,0,NULL,NULL,NULL,NULL),(164,72,2,'jones-cooperm99@sierrasustainability.org',0,0,0,0,NULL,NULL,NULL,NULL),(165,127,3,'contact@naplesservices.org',1,0,0,0,NULL,NULL,NULL,NULL),(166,145,2,'sk.jones@naplesservices.org',0,0,0,0,NULL,NULL,NULL,NULL),(167,198,3,'feedback@dowlenarts.org',1,0,0,0,NULL,NULL,NULL,NULL),(168,40,2,'cooper.k.kacey26@dowlenarts.org',0,0,0,0,NULL,NULL,NULL,NULL),(169,26,3,'info@jacksonfellowship.org',1,0,0,0,NULL,NULL,NULL,NULL),(170,14,2,'bc.jensen-gonzlez@jacksonfellowship.org',1,0,0,0,NULL,NULL,NULL,NULL),(171,142,3,'sales@dillsburgdevelopmenttrust.org',1,0,0,0,NULL,NULL,NULL,NULL),(172,163,2,'wattson.ashlie4@dillsburgdevelopmenttrust.org',0,0,0,0,NULL,NULL,NULL,NULL),(173,18,3,'sales@idahosolutions.org',1,0,0,0,NULL,NULL,NULL,NULL),(174,149,2,'prenticeb@idahosolutions.org',1,0,0,0,NULL,NULL,NULL,NULL),(175,59,3,'info@grhealthinitiative.org',1,0,0,0,NULL,NULL,NULL,NULL),(176,20,2,'santinagrant@grhealthinitiative.org',0,0,0,0,NULL,NULL,NULL,NULL),(177,165,3,'feedback@collegeculture.org',1,0,0,0,NULL,NULL,NULL,NULL),(178,21,2,'terryt73@collegeculture.org',0,0,0,0,NULL,NULL,NULL,NULL),(179,NULL,1,'development@example.org',0,0,0,0,NULL,NULL,NULL,NULL),(180,NULL,1,'tournaments@example.org',0,0,0,0,NULL,NULL,NULL,NULL),(181,NULL,1,'celebration@example.org',0,0,0,0,NULL,NULL,NULL,NULL);
/*!40000 ALTER TABLE `civicrm_email` ENABLE KEYS */;
UNLOCK TABLES;
/*!50003 SET @saved_cs_client      = @@character_set_client */ ;
/*!50003 SET @saved_cs_results     = @@character_set_results */ ;
/*!50003 SET @saved_col_connection = @@collation_connection */ ;
/*!50003 SET character_set_client  = utf8 */ ;
/*!50003 SET character_set_results = utf8 */ ;
/*!50003 SET collation_connection  = utf8_general_ci */ ;
/*!50003 SET @saved_sql_mode       = @@sql_mode */ ;
/*!50003 SET sql_mode              = 'STRICT_TRANS_TABLES' */ ;
DELIMITER ;;
/*!50003 CREATE*/ /*!50017 DEFINER=`root`@`localhost`*/ /*!50003 TRIGGER civicrm_email_after_insert after insert ON civicrm_email FOR EACH ROW BEGIN  
UPDATE civicrm_contact SET modified_date = CURRENT_TIMESTAMP WHERE id = NEW.contact_id;
 END */;;
DELIMITER ;
/*!50003 SET sql_mode              = @saved_sql_mode */ ;
/*!50003 SET character_set_client  = @saved_cs_client */ ;
/*!50003 SET character_set_results = @saved_cs_results */ ;
/*!50003 SET collation_connection  = @saved_col_connection */ ;
/*!50003 SET @saved_cs_client      = @@character_set_client */ ;
/*!50003 SET @saved_cs_results     = @@character_set_results */ ;
/*!50003 SET @saved_col_connection = @@collation_connection */ ;
/*!50003 SET character_set_client  = utf8 */ ;
/*!50003 SET character_set_results = utf8 */ ;
/*!50003 SET collation_connection  = utf8_general_ci */ ;
/*!50003 SET @saved_sql_mode       = @@sql_mode */ ;
/*!50003 SET sql_mode              = 'STRICT_TRANS_TABLES' */ ;
DELIMITER ;;
/*!50003 CREATE*/ /*!50017 DEFINER=`root`@`localhost`*/ /*!50003 TRIGGER civicrm_email_after_update after update ON civicrm_email FOR EACH ROW BEGIN  
UPDATE civicrm_contact SET modified_date = CURRENT_TIMESTAMP WHERE id = NEW.contact_id;
 END */;;
DELIMITER ;
/*!50003 SET sql_mode              = @saved_sql_mode */ ;
/*!50003 SET character_set_client  = @saved_cs_client */ ;
/*!50003 SET character_set_results = @saved_cs_results */ ;
/*!50003 SET collation_connection  = @saved_col_connection */ ;
/*!50003 SET @saved_cs_client      = @@character_set_client */ ;
/*!50003 SET @saved_cs_results     = @@character_set_results */ ;
/*!50003 SET @saved_col_connection = @@collation_connection */ ;
/*!50003 SET character_set_client  = utf8 */ ;
/*!50003 SET character_set_results = utf8 */ ;
/*!50003 SET collation_connection  = utf8_general_ci */ ;
/*!50003 SET @saved_sql_mode       = @@sql_mode */ ;
/*!50003 SET sql_mode              = 'STRICT_TRANS_TABLES' */ ;
DELIMITER ;;
/*!50003 CREATE*/ /*!50017 DEFINER=`root`@`localhost`*/ /*!50003 TRIGGER civicrm_email_after_delete after delete ON civicrm_email FOR EACH ROW BEGIN  
UPDATE civicrm_contact SET modified_date = CURRENT_TIMESTAMP WHERE id = OLD.contact_id;
 END */;;
DELIMITER ;
/*!50003 SET sql_mode              = @saved_sql_mode */ ;
/*!50003 SET character_set_client  = @saved_cs_client */ ;
/*!50003 SET character_set_results = @saved_cs_results */ ;
/*!50003 SET collation_connection  = @saved_col_connection */ ;

--
-- Dumping data for table `civicrm_entity_batch`
--

LOCK TABLES `civicrm_entity_batch` WRITE;
/*!40000 ALTER TABLE `civicrm_entity_batch` DISABLE KEYS */;
/*!40000 ALTER TABLE `civicrm_entity_batch` ENABLE KEYS */;
UNLOCK TABLES;

--
-- Dumping data for table `civicrm_entity_file`
--

LOCK TABLES `civicrm_entity_file` WRITE;
/*!40000 ALTER TABLE `civicrm_entity_file` DISABLE KEYS */;
/*!40000 ALTER TABLE `civicrm_entity_file` ENABLE KEYS */;
UNLOCK TABLES;

--
-- Dumping data for table `civicrm_entity_financial_account`
--

LOCK TABLES `civicrm_entity_financial_account` WRITE;
/*!40000 ALTER TABLE `civicrm_entity_financial_account` DISABLE KEYS */;
INSERT INTO `civicrm_entity_financial_account` (`id`, `entity_table`, `entity_id`, `account_relationship`, `financial_account_id`) VALUES (1,'civicrm_financial_type',1,1,1),(2,'civicrm_financial_type',1,5,5),(3,'civicrm_financial_type',1,3,7),(4,'civicrm_financial_type',1,6,6),(5,'civicrm_financial_type',2,1,2),(6,'civicrm_financial_type',2,5,5),(7,'civicrm_financial_type',2,3,7),(8,'civicrm_financial_type',2,6,6),(9,'civicrm_financial_type',3,1,3),(10,'civicrm_financial_type',3,5,5),(11,'civicrm_financial_type',3,6,6),(12,'civicrm_financial_type',3,3,7),(13,'civicrm_financial_type',4,5,5),(14,'civicrm_financial_type',4,3,7),(15,'civicrm_financial_type',4,6,6),(16,'civicrm_financial_type',4,1,4);
/*!40000 ALTER TABLE `civicrm_entity_financial_account` ENABLE KEYS */;
UNLOCK TABLES;

--
-- Dumping data for table `civicrm_entity_financial_item`
--

LOCK TABLES `civicrm_entity_financial_item` WRITE;
/*!40000 ALTER TABLE `civicrm_entity_financial_item` DISABLE KEYS */;
/*!40000 ALTER TABLE `civicrm_entity_financial_item` ENABLE KEYS */;
UNLOCK TABLES;

--
-- Dumping data for table `civicrm_entity_financial_trxn`
--

LOCK TABLES `civicrm_entity_financial_trxn` WRITE;
/*!40000 ALTER TABLE `civicrm_entity_financial_trxn` DISABLE KEYS */;
INSERT INTO `civicrm_entity_financial_trxn` (`id`, `entity_table`, `entity_id`, `financial_trxn_id`, `amount`) VALUES (1,'civicrm_contribution',1,1,'125.00'),(2,'civicrm_financial_item',1,1,'125.00'),(3,'civicrm_contribution',2,2,'50.00'),(4,'civicrm_financial_item',2,2,'50.00'),(5,'civicrm_contribution',3,3,'25.00'),(6,'civicrm_financial_item',3,3,'25.00'),(7,'civicrm_contribution',4,4,'50.00'),(8,'civicrm_financial_item',4,4,'50.00'),(9,'civicrm_contribution',5,5,'500.00'),(10,'civicrm_financial_item',5,5,'500.00'),(11,'civicrm_contribution',6,6,'175.00'),(12,'civicrm_financial_item',6,6,'175.00'),(13,'civicrm_contribution',7,7,'50.00'),(14,'civicrm_financial_item',7,7,'50.00'),(15,'civicrm_contribution',8,8,'10.00'),(16,'civicrm_financial_item',8,8,'10.00'),(17,'civicrm_contribution',9,9,'250.00'),(18,'civicrm_financial_item',9,9,'250.00'),(19,'civicrm_contribution',10,10,'500.00'),(20,'civicrm_financial_item',10,10,'500.00'),(21,'civicrm_contribution',11,11,'200.00'),(22,'civicrm_financial_item',11,11,'200.00'),(23,'civicrm_contribution',12,12,'200.00'),(24,'civicrm_financial_item',12,12,'200.00'),(25,'civicrm_contribution',13,13,'200.00'),(26,'civicrm_financial_item',13,13,'200.00'),(27,'civicrm_contribution',14,14,'100.00'),(28,'civicrm_financial_item',14,14,'100.00'),(29,'civicrm_contribution',16,15,'100.00'),(30,'civicrm_financial_item',15,15,'100.00'),(31,'civicrm_contribution',20,16,'100.00'),(32,'civicrm_financial_item',16,16,'100.00'),(33,'civicrm_contribution',22,17,'100.00'),(34,'civicrm_financial_item',17,17,'100.00'),(35,'civicrm_contribution',23,18,'100.00'),(36,'civicrm_financial_item',18,18,'100.00'),(37,'civicrm_contribution',26,19,'100.00'),(38,'civicrm_financial_item',19,19,'100.00'),(39,'civicrm_contribution',28,20,'100.00'),(40,'civicrm_financial_item',20,20,'100.00'),(41,'civicrm_contribution',30,21,'100.00'),(42,'civicrm_financial_item',21,21,'100.00'),(43,'civicrm_contribution',32,22,'100.00'),(44,'civicrm_financial_item',22,22,'100.00'),(45,'civicrm_contribution',34,23,'100.00'),(46,'civicrm_financial_item',23,23,'100.00'),(47,'civicrm_contribution',36,24,'100.00'),(48,'civicrm_financial_item',24,24,'100.00'),(49,'civicrm_contribution',38,25,'100.00'),(50,'civicrm_financial_item',25,25,'100.00'),(51,'civicrm_contribution',40,26,'100.00'),(52,'civicrm_financial_item',26,26,'100.00'),(53,'civicrm_contribution',42,27,'100.00'),(54,'civicrm_financial_item',27,27,'100.00'),(55,'civicrm_contribution',43,28,'100.00'),(56,'civicrm_financial_item',28,28,'100.00'),(57,'civicrm_contribution',15,29,'50.00'),(58,'civicrm_financial_item',29,29,'50.00'),(59,'civicrm_contribution',17,30,'50.00'),(60,'civicrm_financial_item',30,30,'50.00'),(61,'civicrm_contribution',18,31,'50.00'),(62,'civicrm_financial_item',31,31,'50.00'),(63,'civicrm_contribution',19,32,'50.00'),(64,'civicrm_financial_item',32,32,'50.00'),(65,'civicrm_contribution',21,33,'50.00'),(66,'civicrm_financial_item',33,33,'50.00'),(67,'civicrm_contribution',25,34,'50.00'),(68,'civicrm_financial_item',34,34,'50.00'),(69,'civicrm_contribution',27,35,'50.00'),(70,'civicrm_financial_item',35,35,'50.00'),(71,'civicrm_contribution',29,36,'50.00'),(72,'civicrm_financial_item',36,36,'50.00'),(73,'civicrm_contribution',31,37,'50.00'),(74,'civicrm_financial_item',37,37,'50.00'),(75,'civicrm_contribution',33,38,'50.00'),(76,'civicrm_financial_item',38,38,'50.00'),(77,'civicrm_contribution',37,39,'50.00'),(78,'civicrm_financial_item',39,39,'50.00'),(79,'civicrm_contribution',39,40,'50.00'),(80,'civicrm_financial_item',40,40,'50.00'),(81,'civicrm_contribution',41,41,'50.00'),(82,'civicrm_financial_item',41,41,'50.00'),(83,'civicrm_contribution',24,42,'1200.00'),(84,'civicrm_financial_item',42,42,'1200.00'),(85,'civicrm_contribution',35,43,'1200.00'),(86,'civicrm_financial_item',43,43,'1200.00'),(87,'civicrm_contribution',85,44,'50.00'),(88,'civicrm_financial_item',44,44,'50.00'),(89,'civicrm_contribution',87,45,'50.00'),(90,'civicrm_financial_item',45,45,'50.00'),(91,'civicrm_contribution',60,46,'50.00'),(92,'civicrm_financial_item',46,46,'50.00'),(93,'civicrm_contribution',83,47,'50.00'),(94,'civicrm_financial_item',47,47,'50.00'),(95,'civicrm_contribution',81,48,'50.00'),(96,'civicrm_financial_item',48,48,'50.00'),(97,'civicrm_contribution',88,49,'50.00'),(98,'civicrm_financial_item',49,49,'50.00'),(99,'civicrm_contribution',65,50,'50.00'),(100,'civicrm_financial_item',50,50,'50.00'),(101,'civicrm_contribution',82,51,'50.00'),(102,'civicrm_financial_item',51,51,'50.00'),(103,'civicrm_contribution',48,52,'50.00'),(104,'civicrm_financial_item',52,52,'50.00'),(105,'civicrm_contribution',89,53,'50.00'),(106,'civicrm_financial_item',53,53,'50.00'),(107,'civicrm_contribution',52,54,'50.00'),(108,'civicrm_financial_item',54,54,'50.00'),(109,'civicrm_contribution',53,55,'50.00'),(110,'civicrm_financial_item',55,55,'50.00'),(111,'civicrm_contribution',74,56,'50.00'),(112,'civicrm_financial_item',56,56,'50.00'),(113,'civicrm_contribution',51,57,'50.00'),(114,'civicrm_financial_item',57,57,'50.00'),(115,'civicrm_contribution',62,58,'50.00'),(116,'civicrm_financial_item',58,58,'50.00'),(117,'civicrm_contribution',84,59,'50.00'),(118,'civicrm_financial_item',59,59,'50.00'),(119,'civicrm_contribution',68,60,'800.00'),(120,'civicrm_financial_item',60,60,'800.00'),(121,'civicrm_contribution',58,61,'800.00'),(122,'civicrm_financial_item',61,61,'800.00'),(123,'civicrm_contribution',63,62,'800.00'),(124,'civicrm_financial_item',62,62,'800.00'),(125,'civicrm_contribution',49,63,'800.00'),(126,'civicrm_financial_item',63,63,'800.00'),(127,'civicrm_contribution',50,64,'800.00'),(128,'civicrm_financial_item',64,64,'800.00'),(129,'civicrm_contribution',78,65,'800.00'),(130,'civicrm_financial_item',65,65,'800.00'),(131,'civicrm_contribution',61,66,'800.00'),(132,'civicrm_financial_item',66,66,'800.00'),(133,'civicrm_contribution',72,67,'800.00'),(134,'civicrm_financial_item',67,67,'800.00'),(135,'civicrm_contribution',75,68,'800.00'),(136,'civicrm_financial_item',68,68,'800.00'),(137,'civicrm_contribution',77,69,'800.00'),(138,'civicrm_financial_item',69,69,'800.00'),(139,'civicrm_contribution',69,70,'800.00'),(140,'civicrm_financial_item',70,70,'800.00'),(141,'civicrm_contribution',70,71,'800.00'),(142,'civicrm_financial_item',71,71,'800.00'),(143,'civicrm_contribution',45,72,'800.00'),(144,'civicrm_financial_item',72,72,'800.00'),(145,'civicrm_contribution',76,73,'800.00'),(146,'civicrm_financial_item',73,73,'800.00'),(147,'civicrm_contribution',86,74,'800.00'),(148,'civicrm_financial_item',74,74,'800.00'),(149,'civicrm_contribution',55,75,'800.00'),(150,'civicrm_financial_item',75,75,'800.00'),(151,'civicrm_contribution',91,76,'800.00'),(152,'civicrm_financial_item',76,76,'800.00'),(153,'civicrm_contribution',94,77,'800.00'),(154,'civicrm_financial_item',77,77,'800.00'),(155,'civicrm_contribution',47,78,'50.00'),(156,'civicrm_financial_item',78,78,'50.00'),(157,'civicrm_contribution',73,79,'50.00'),(158,'civicrm_financial_item',79,79,'50.00'),(159,'civicrm_contribution',92,80,'50.00'),(160,'civicrm_financial_item',80,80,'50.00'),(161,'civicrm_contribution',93,81,'50.00'),(162,'civicrm_financial_item',81,81,'50.00'),(163,'civicrm_contribution',90,82,'50.00'),(164,'civicrm_financial_item',82,82,'50.00'),(165,'civicrm_contribution',54,83,'50.00'),(166,'civicrm_financial_item',83,83,'50.00'),(167,'civicrm_contribution',67,84,'50.00'),(168,'civicrm_financial_item',84,84,'50.00'),(169,'civicrm_contribution',79,85,'50.00'),(170,'civicrm_financial_item',85,85,'50.00'),(171,'civicrm_contribution',71,86,'50.00'),(172,'civicrm_financial_item',86,86,'50.00'),(173,'civicrm_contribution',56,87,'50.00'),(174,'civicrm_financial_item',87,87,'50.00'),(175,'civicrm_contribution',66,88,'50.00'),(176,'civicrm_financial_item',88,88,'50.00'),(177,'civicrm_contribution',59,89,'50.00'),(178,'civicrm_financial_item',89,89,'50.00'),(179,'civicrm_contribution',57,90,'50.00'),(180,'civicrm_financial_item',90,90,'50.00'),(181,'civicrm_contribution',64,91,'50.00'),(182,'civicrm_financial_item',91,91,'50.00'),(183,'civicrm_contribution',46,92,'50.00'),(184,'civicrm_financial_item',92,92,'50.00'),(185,'civicrm_contribution',80,93,'50.00'),(186,'civicrm_financial_item',93,93,'50.00');
/*!40000 ALTER TABLE `civicrm_entity_financial_trxn` ENABLE KEYS */;
UNLOCK TABLES;

--
-- Dumping data for table `civicrm_entity_payment`
--

LOCK TABLES `civicrm_entity_payment` WRITE;
/*!40000 ALTER TABLE `civicrm_entity_payment` DISABLE KEYS */;
/*!40000 ALTER TABLE `civicrm_entity_payment` ENABLE KEYS */;
UNLOCK TABLES;

--
-- Dumping data for table `civicrm_entity_tag`
--

LOCK TABLES `civicrm_entity_tag` WRITE;
/*!40000 ALTER TABLE `civicrm_entity_tag` DISABLE KEYS */;
INSERT INTO `civicrm_entity_tag` (`id`, `entity_table`, `entity_id`, `tag_id`) VALUES (80,'civicrm_contact',2,5),(72,'civicrm_contact',3,4),(73,'civicrm_contact',3,5),(87,'civicrm_contact',9,4),(88,'civicrm_contact',9,5),(78,'civicrm_contact',10,5),(117,'civicrm_contact',14,5),(13,'civicrm_contact',15,4),(14,'civicrm_contact',15,5),(43,'civicrm_contact',17,4),(9,'civicrm_contact',18,3),(61,'civicrm_contact',21,4),(62,'civicrm_contact',21,5),(63,'civicrm_contact',23,4),(7,'civicrm_contact',26,3),(29,'civicrm_contact',29,4),(97,'civicrm_contact',33,4),(98,'civicrm_contact',33,5),(48,'civicrm_contact',36,4),(49,'civicrm_contact',36,5),(45,'civicrm_contact',40,5),(77,'civicrm_contact',43,5),(34,'civicrm_contact',47,4),(55,'civicrm_contact',49,5),(70,'civicrm_contact',54,4),(71,'civicrm_contact',54,5),(10,'civicrm_contact',59,3),(90,'civicrm_contact',67,5),(85,'civicrm_contact',68,4),(81,'civicrm_contact',69,4),(82,'civicrm_contact',69,5),(5,'civicrm_contact',77,3),(109,'civicrm_contact',79,4),(2,'civicrm_contact',81,3),(39,'civicrm_contact',84,4),(40,'civicrm_contact',84,5),(17,'civicrm_contact',85,4),(20,'civicrm_contact',89,5),(8,'civicrm_contact',90,3),(23,'civicrm_contact',91,4),(95,'civicrm_contact',92,5),(83,'civicrm_contact',93,4),(84,'civicrm_contact',93,5),(59,'civicrm_contact',96,4),(60,'civicrm_contact',96,5),(113,'civicrm_contact',97,4),(105,'civicrm_contact',98,5),(119,'civicrm_contact',102,4),(120,'civicrm_contact',102,5),(106,'civicrm_contact',104,4),(110,'civicrm_contact',105,4),(111,'civicrm_contact',105,5),(66,'civicrm_contact',106,4),(58,'civicrm_contact',107,5),(100,'civicrm_contact',108,4),(101,'civicrm_contact',108,5),(3,'civicrm_contact',109,2),(25,'civicrm_contact',110,5),(1,'civicrm_contact',113,2),(32,'civicrm_contact',114,4),(33,'civicrm_contact',114,5),(104,'civicrm_contact',115,5),(116,'civicrm_contact',116,5),(53,'civicrm_contact',118,4),(24,'civicrm_contact',119,5),(6,'civicrm_contact',127,2),(64,'civicrm_contact',129,4),(65,'civicrm_contact',129,5),(115,'civicrm_contact',133,4),(79,'civicrm_contact',134,5),(41,'civicrm_contact',135,4),(42,'civicrm_contact',135,5),(4,'civicrm_contact',136,3),(103,'civicrm_contact',137,5),(102,'civicrm_contact',139,5),(96,'civicrm_contact',140,5),(50,'civicrm_contact',141,4),(51,'civicrm_contact',141,5),(112,'civicrm_contact',143,5),(91,'civicrm_contact',144,4),(92,'civicrm_contact',144,5),(54,'civicrm_contact',145,5),(26,'civicrm_contact',146,5),(52,'civicrm_contact',149,4),(56,'civicrm_contact',151,5),(76,'civicrm_contact',152,5),(46,'civicrm_contact',153,4),(47,'civicrm_contact',153,5),(93,'civicrm_contact',156,4),(94,'civicrm_contact',156,5),(118,'civicrm_contact',157,4),(18,'civicrm_contact',159,4),(19,'civicrm_contact',159,5),(107,'civicrm_contact',163,4),(67,'civicrm_contact',166,4),(44,'civicrm_contact',167,4),(35,'civicrm_contact',171,4),(36,'civicrm_contact',171,5),(57,'civicrm_contact',176,4),(37,'civicrm_contact',177,4),(38,'civicrm_contact',177,5),(30,'civicrm_contact',180,4),(31,'civicrm_contact',180,5),(108,'civicrm_contact',181,4),(89,'civicrm_contact',184,5),(114,'civicrm_contact',185,5),(11,'civicrm_contact',186,4),(12,'civicrm_contact',186,5),(68,'civicrm_contact',189,4),(69,'civicrm_contact',189,5),(99,'civicrm_contact',190,5),(27,'civicrm_contact',191,4),(21,'civicrm_contact',192,4),(22,'civicrm_contact',192,5),(15,'civicrm_contact',195,4),(16,'civicrm_contact',195,5),(86,'civicrm_contact',199,4),(28,'civicrm_contact',200,5),(74,'civicrm_contact',201,4),(75,'civicrm_contact',201,5);
/*!40000 ALTER TABLE `civicrm_entity_tag` ENABLE KEYS */;
UNLOCK TABLES;

--
-- Dumping data for table `civicrm_event`
--

LOCK TABLES `civicrm_event` WRITE;
/*!40000 ALTER TABLE `civicrm_event` DISABLE KEYS */;
INSERT INTO `civicrm_event` (`id`, `title`, `summary`, `description`, `event_type_id`, `participant_listing_id`, `is_public`, `start_date`, `end_date`, `is_online_registration`, `registration_link_text`, `registration_start_date`, `registration_end_date`, `max_participants`, `event_full_text`, `is_monetary`, `financial_type_id`, `payment_processor`, `is_map`, `is_active`, `fee_label`, `is_show_location`, `loc_block_id`, `default_role_id`, `intro_text`, `footer_text`, `confirm_title`, `confirm_text`, `confirm_footer_text`, `is_email_confirm`, `confirm_email_text`, `confirm_from_name`, `confirm_from_email`, `cc_confirm`, `bcc_confirm`, `default_fee_id`, `default_discount_fee_id`, `thankyou_title`, `thankyou_text`, `thankyou_footer_text`, `is_pay_later`, `pay_later_text`, `pay_later_receipt`, `is_multiple_registrations`, `allow_same_participant_emails`, `has_waitlist`, `requires_approval`, `expiration_time`, `waitlist_text`, `approval_req_text`, `is_template`, `template_title`, `created_id`, `created_date`, `currency`, `campaign_id`, `is_share`, `parent_event_id`, `slot_label_id`) VALUES (1,'Fall Fundraiser Dinner','Kick up your heels at our Fall Fundraiser Dinner/Dance at Glen Echo Park! Come by yourself or bring a partner, friend or the entire family!','This event benefits our teen programs. Admission includes a full 3 course meal and wine or soft drinks. Grab your dancing shoes, bring the kids and come join the party!',3,1,1,'2013-06-04 17:00:00','2013-06-06 17:00:00',1,'Register Now',NULL,NULL,100,'Sorry! The Fall Fundraiser Dinner is full. Please call Jane at 204 222-1000 ext 33 if you want to be added to the waiting list.',1,4,NULL,1,1,'Dinner Contribution',1,2,1,'Fill in the information below to join as at this wonderful dinner event.',NULL,'Confirm Your Registration Information','Review the information below carefully.',NULL,1,'Contact the Development Department if you need to make any changes to your registration.','Fundraising Dept.','development@example.org',NULL,NULL,NULL,NULL,'Thanks for Registering!','<p>Thank you for your support. Your contribution will help us build even better tools.</p><p>Please tell your friends and colleagues about this wonderful event.</p>','<p><a href=http://civicrm.org>Back to CiviCRM Home Page</a></p>',1,'I will send payment by check','Send a check payable to Our Organization within 3 business days to hold your reservation. Checks should be sent to: 100 Main St., Suite 3, San Francisco CA 94110',1,0,NULL,NULL,NULL,NULL,NULL,0,NULL,NULL,NULL,'USD',NULL,1,NULL,NULL),(2,'Summer Solstice Festival Day Concert','Festival Day is coming! Join us and help support your parks.','We will gather at noon, learn a song all together,  and then join in a joyous procession to the pavilion. We will be one of many groups performing at this wonderful concert which benefits our city parks.',5,1,1,'2012-12-03 12:00:00','2012-12-03 17:00:00',1,'Register Now',NULL,NULL,50,'We have all the singers we can handle. Come to the pavilion anyway and join in from the audience.',1,2,NULL,NULL,1,'Festival Fee',1,3,1,'Complete the form below and click Continue to register online for the festival. Or you can register by calling us at 204 222-1000 ext 22.','','Confirm Your Registration Information','','',1,'This email confirms your registration. If you have questions or need to change your registration - please do not hesitate to call us.','Event Dept.','events@example.org','',NULL,NULL,NULL,'Thanks for Your Joining In!','<p>Thank you for your support. Your participation will help build new parks.</p><p>Please tell your friends and colleagues about the concert.</p>','<p><a href=http://civicrm.org>Back to CiviCRM Home Page</a></p>',0,NULL,NULL,1,0,NULL,NULL,NULL,NULL,NULL,0,NULL,NULL,NULL,'USD',NULL,1,NULL,NULL),(3,'Rain-forest Cup Youth Soccer Tournament','Sign up your team to participate in this fun tournament which benefits several Rain-forest protection groups in the Amazon basin.','This is a FYSA Sanctioned Tournament, which is open to all USSF/FIFA affiliated organizations for boys and girls in age groups: U9-U10 (6v6), U11-U12 (8v8), and U13-U17 (Full Sided).',3,1,1,'2013-07-04 07:00:00','2013-07-07 17:00:00',1,'Register Now',NULL,NULL,500,'Sorry! All available team slots for this tournament have been filled. Contact Jill Futbol for information about the waiting list and next years event.',1,4,NULL,NULL,1,'Tournament Fees',1,4,1,'Complete the form below to register your team for this year\'s tournament.','<em>A Soccer Youth Event</em>','Review and Confirm Your Registration Information','','<em>A Soccer Youth Event</em>',1,'Contact our Tournament Director for eligibility details.','Tournament Director','tournament@example.org','',NULL,NULL,NULL,'Thanks for Your Support!','<p>Thank you for your support. Your participation will help save thousands of acres of rainforest.</p>','<p><a href=http://civicrm.org>Back to CiviCRM Home Page</a></p>',0,NULL,NULL,0,0,NULL,NULL,NULL,NULL,NULL,0,NULL,NULL,NULL,'USD',NULL,1,NULL,NULL),(4,NULL,NULL,NULL,4,1,1,NULL,NULL,0,NULL,NULL,NULL,NULL,NULL,0,NULL,NULL,0,1,NULL,1,NULL,1,NULL,NULL,NULL,NULL,NULL,NULL,NULL,NULL,NULL,NULL,NULL,NULL,NULL,NULL,NULL,NULL,0,NULL,NULL,NULL,NULL,NULL,NULL,NULL,NULL,NULL,1,'Free Meeting without Online Registration',NULL,NULL,'USD',NULL,1,NULL,NULL),(5,NULL,NULL,NULL,4,1,1,NULL,NULL,1,NULL,NULL,NULL,NULL,NULL,0,NULL,NULL,0,1,NULL,1,NULL,1,NULL,NULL,'Confirm Your Registration Information',NULL,NULL,0,NULL,NULL,NULL,NULL,NULL,NULL,NULL,'Thanks for Registering!',NULL,NULL,0,NULL,NULL,1,1,NULL,NULL,NULL,NULL,NULL,1,'Free Meeting with Online Registration',NULL,NULL,'USD',NULL,1,NULL,NULL),(6,NULL,NULL,NULL,1,1,1,NULL,NULL,1,NULL,NULL,NULL,NULL,NULL,1,4,NULL,0,1,'Conference Fee',1,NULL,1,NULL,NULL,'Confirm Your Registration Information',NULL,NULL,1,NULL,'Event Template Dept.','event_templates@example.org',NULL,NULL,NULL,NULL,'Thanks for Registering!',NULL,NULL,0,NULL,NULL,1,1,NULL,NULL,NULL,NULL,NULL,1,'Paid Conference with Online Registration',NULL,NULL,'USD',NULL,1,NULL,NULL);
/*!40000 ALTER TABLE `civicrm_event` ENABLE KEYS */;
UNLOCK TABLES;

--
-- Dumping data for table `civicrm_event_carts`
--

LOCK TABLES `civicrm_event_carts` WRITE;
/*!40000 ALTER TABLE `civicrm_event_carts` DISABLE KEYS */;
/*!40000 ALTER TABLE `civicrm_event_carts` ENABLE KEYS */;
UNLOCK TABLES;

--
-- Dumping data for table `civicrm_events_in_carts`
--

LOCK TABLES `civicrm_events_in_carts` WRITE;
/*!40000 ALTER TABLE `civicrm_events_in_carts` DISABLE KEYS */;
/*!40000 ALTER TABLE `civicrm_events_in_carts` ENABLE KEYS */;
UNLOCK TABLES;

--
-- Dumping data for table `civicrm_extension`
--

LOCK TABLES `civicrm_extension` WRITE;
/*!40000 ALTER TABLE `civicrm_extension` DISABLE KEYS */;
/*!40000 ALTER TABLE `civicrm_extension` ENABLE KEYS */;
UNLOCK TABLES;

--
-- Dumping data for table `civicrm_file`
--

LOCK TABLES `civicrm_file` WRITE;
/*!40000 ALTER TABLE `civicrm_file` DISABLE KEYS */;
/*!40000 ALTER TABLE `civicrm_file` ENABLE KEYS */;
UNLOCK TABLES;

--
-- Dumping data for table `civicrm_financial_account`
--

LOCK TABLES `civicrm_financial_account` WRITE;
/*!40000 ALTER TABLE `civicrm_financial_account` DISABLE KEYS */;
INSERT INTO `civicrm_financial_account` (`id`, `name`, `contact_id`, `financial_account_type_id`, `accounting_code`, `description`, `parent_id`, `is_header_account`, `is_deductible`, `is_tax`, `tax_rate`, `is_reserved`, `is_active`, `is_default`) VALUES (1,'Donations',1,3,'4200','Default account for donations',NULL,0,1,0,NULL,0,1,0),(2,'Member Dues',1,3,'4400','Default account for membership sales',NULL,0,1,0,NULL,0,1,0),(3,'Campaign Contribution',1,3,'4100','Sample account for recording payments to a campaign',NULL,0,0,0,NULL,0,1,0),(4,'Event Fee',1,3,'4300','Default account for event ticket sales',NULL,0,0,0,NULL,0,1,0),(5,'Banking Fees',1,5,'5200','Payment processor fees and manually recorded banking fees',NULL,0,0,0,NULL,0,1,0),(6,'Deposit bank account',1,1,'1100','All manually recorded cash and cheques go to this account',NULL,0,0,0,NULL,0,1,0),(7,'Accounts Receivable',1,1,'1200','Amounts to be received later (eg pay later event revenues)',NULL,0,0,0,NULL,0,1,1),(8,'Accounts Payable',1,2,'2200','Amounts to be paid out such as grants and refunds',NULL,0,0,0,NULL,0,1,0),(9,'Checking Account',1,1,'1100','Bank accounts against which checks to pay grants, refunds, etc are written',NULL,0,0,0,NULL,0,1,0),(10,'Premiums',1,4,'5100','Account to record cost of premiums provided to payors',NULL,0,0,0,NULL,0,1,0),(11,'Premiums inventory',1,1,'1375','Account representing value of premiums inventory',NULL,0,0,0,NULL,0,1,0),(12,'Discounts',1,3,'4900','Contra-revenue account for amounts discounted from sales',NULL,0,0,0,NULL,0,1,0),(13,'Refunds',1,3,'4800','Contra-revenue account for amounts refunded',NULL,0,0,0,NULL,0,1,0);
/*!40000 ALTER TABLE `civicrm_financial_account` ENABLE KEYS */;
UNLOCK TABLES;

--
-- Dumping data for table `civicrm_financial_batch`
--

LOCK TABLES `civicrm_financial_batch` WRITE;
/*!40000 ALTER TABLE `civicrm_financial_batch` DISABLE KEYS */;
/*!40000 ALTER TABLE `civicrm_financial_batch` ENABLE KEYS */;
UNLOCK TABLES;

--
-- Dumping data for table `civicrm_financial_item`
--

LOCK TABLES `civicrm_financial_item` WRITE;
/*!40000 ALTER TABLE `civicrm_financial_item` DISABLE KEYS */;
INSERT INTO `civicrm_financial_item` (`id`, `created_date`, `transaction_date`, `contact_id`, `description`, `amount`, `currency`, `financial_account_id`, `status_id`, `entity_table`, `entity_id`) VALUES (1,'2012-12-04 09:06:10','2010-04-11 00:00:00',2,'Contribution Amount','125.00','USD',6,1,'civicrm_line_item',1),(2,'2012-12-04 09:06:10','2010-03-21 00:00:00',4,'Contribution Amount','50.00','USD',6,1,'civicrm_line_item',2),(3,'2012-12-04 09:06:10','2010-04-29 00:00:00',6,'Contribution Amount','25.00','USD',6,1,'civicrm_line_item',3),(4,'2012-12-04 09:06:11','2010-04-11 00:00:00',8,'Contribution Amount','50.00','USD',6,1,'civicrm_line_item',4),(5,'2012-12-04 09:06:11','2010-04-15 00:00:00',16,'Contribution Amount','500.00','USD',6,1,'civicrm_line_item',5),(6,'2012-12-04 09:06:11','2010-04-11 00:00:00',19,'Contribution Amount','175.00','USD',6,1,'civicrm_line_item',6),(7,'2012-12-04 09:06:11','2010-03-27 00:00:00',82,'Contribution Amount','50.00','USD',6,1,'civicrm_line_item',7),(8,'2012-12-04 09:06:11','2010-03-08 00:00:00',92,'Contribution Amount','10.00','USD',6,1,'civicrm_line_item',8),(9,'2012-12-04 09:06:12','2010-04-22 00:00:00',34,'Contribution Amount','250.00','USD',6,1,'civicrm_line_item',9),(10,'2012-12-04 09:06:12','2009-07-01 11:53:50',71,'Contribution Amount','500.00','USD',6,1,'civicrm_line_item',10),(11,'2012-12-04 09:06:12','2009-07-01 12:55:41',43,'Contribution Amount','200.00','USD',6,1,'civicrm_line_item',11),(12,'2012-12-04 09:06:12','2009-10-01 11:53:50',32,'Contribution Amount','200.00','USD',6,1,'civicrm_line_item',12),(13,'2012-12-04 09:06:13','2009-12-01 12:55:41',32,'Contribution Amount','200.00','USD',6,1,'civicrm_line_item',13),(14,'2012-12-04 09:06:13','2012-12-04 14:36:07',196,'General','100.00','USD',6,1,'civicrm_line_item',16),(15,'2012-12-04 09:06:13','2012-12-04 14:36:07',135,'General','100.00','USD',6,1,'civicrm_line_item',17),(16,'2012-12-04 09:06:14','2012-12-04 14:36:07',67,'General','100.00','USD',6,1,'civicrm_line_item',18),(17,'2012-12-04 09:06:14','2012-12-04 14:36:07',79,'General','100.00','USD',6,1,'civicrm_line_item',19),(18,'2012-12-04 09:06:14','2012-12-04 14:36:07',48,'General','100.00','USD',6,1,'civicrm_line_item',20),(19,'2012-12-04 09:06:14','2012-12-04 14:36:07',22,'General','100.00','USD',6,1,'civicrm_line_item',21),(20,'2012-12-04 09:06:15','2012-12-04 14:36:07',120,'General','100.00','USD',6,1,'civicrm_line_item',22),(21,'2012-12-04 09:06:15','2012-12-04 14:36:07',28,'General','100.00','USD',6,1,'civicrm_line_item',23),(22,'2012-12-04 09:06:15','2012-12-04 14:36:07',43,'General','100.00','USD',6,1,'civicrm_line_item',24),(23,'2012-12-04 09:06:15','2012-12-04 14:36:07',37,'General','100.00','USD',6,1,'civicrm_line_item',25),(24,'2012-12-04 09:06:15','2012-12-04 14:36:07',97,'General','100.00','USD',6,1,'civicrm_line_item',26),(25,'2012-12-04 09:06:16','2012-12-04 14:36:07',174,'General','100.00','USD',6,1,'civicrm_line_item',27),(26,'2012-12-04 09:06:16','2012-12-04 14:36:07',108,'General','100.00','USD',6,1,'civicrm_line_item',28),(27,'2012-12-04 09:06:16','2012-12-04 14:36:07',153,'General','100.00','USD',6,1,'civicrm_line_item',29),(28,'2012-12-04 09:06:17','2012-12-04 14:36:07',169,'General','100.00','USD',6,1,'civicrm_line_item',30),(29,'2012-12-04 09:06:17','2012-12-04 14:36:07',34,'Student','50.00','USD',6,1,'civicrm_line_item',31),(30,'2012-12-04 09:06:17','2012-12-04 14:36:07',30,'Student','50.00','USD',6,1,'civicrm_line_item',32),(31,'2012-12-04 09:06:18','2012-12-04 14:36:07',159,'Student','50.00','USD',6,1,'civicrm_line_item',33),(32,'2012-12-04 09:06:18','2012-12-04 14:36:07',54,'Student','50.00','USD',6,1,'civicrm_line_item',34),(33,'2012-12-04 09:06:18','2012-12-04 14:36:07',17,'Student','50.00','USD',6,1,'civicrm_line_item',35),(34,'2012-12-04 09:06:18','2012-12-04 14:36:07',176,'Student','50.00','USD',6,1,'civicrm_line_item',36),(35,'2012-12-04 09:06:19','2012-12-04 14:36:07',42,'Student','50.00','USD',6,1,'civicrm_line_item',37),(36,'2012-12-04 09:06:19','2012-12-04 14:36:07',51,'Student','50.00','USD',6,1,'civicrm_line_item',38),(37,'2012-12-04 09:06:19','2012-12-04 14:36:07',101,'Student','50.00','USD',6,1,'civicrm_line_item',39),(38,'2012-12-04 09:06:19','2012-12-04 14:36:07',183,'Student','50.00','USD',6,1,'civicrm_line_item',40),(39,'2012-12-04 09:06:19','2012-12-04 14:36:07',102,'Student','50.00','USD',6,1,'civicrm_line_item',41),(40,'2012-12-04 09:06:20','2012-12-04 14:36:07',141,'Student','50.00','USD',6,1,'civicrm_line_item',42),(41,'2012-12-04 09:06:20','2012-12-04 14:36:07',131,'Student','50.00','USD',6,1,'civicrm_line_item',43),(42,'2012-12-04 09:06:21','2012-12-04 14:36:07',16,'Lifetime','1200.00','USD',6,1,'civicrm_line_item',44),(43,'2012-12-04 09:06:21','2012-12-04 14:36:07',46,'Lifetime','1200.00','USD',6,1,'civicrm_line_item',45),(44,'2012-12-04 09:06:21','2012-12-04 14:36:21',170,'Soprano','50.00','USD',6,1,'civicrm_line_item',81),(45,'2012-12-04 09:06:22','2012-12-04 14:36:21',178,'Soprano','50.00','USD',6,1,'civicrm_line_item',82),(46,'2012-12-04 09:06:22','2012-12-04 14:36:21',68,'Soprano','50.00','USD',6,1,'civicrm_line_item',83),(47,'2012-12-04 09:06:22','2012-12-04 14:36:21',166,'Soprano','50.00','USD',6,1,'civicrm_line_item',84),(48,'2012-12-04 09:06:23','2012-12-04 14:36:21',156,'Soprano','50.00','USD',6,1,'civicrm_line_item',85),(49,'2012-12-04 09:06:23','2012-12-04 14:36:21',183,'Soprano','50.00','USD',6,1,'civicrm_line_item',86),(50,'2012-12-04 09:06:23','2012-12-04 14:36:21',75,'Soprano','50.00','USD',6,1,'civicrm_line_item',87),(51,'2012-12-04 09:06:24','2012-12-04 14:36:21',158,'Soprano','50.00','USD',6,1,'civicrm_line_item',88),(52,'2012-12-04 09:06:24','2012-12-04 14:36:21',17,'Soprano','50.00','USD',6,1,'civicrm_line_item',89),(53,'2012-12-04 09:06:24','2012-12-04 14:36:21',185,'Soprano','50.00','USD',6,1,'civicrm_line_item',90),(54,'2012-12-04 09:06:24','2012-12-04 14:36:21',26,'Soprano','50.00','USD',6,1,'civicrm_line_item',91),(55,'2012-12-04 09:06:24','2012-12-04 14:36:21',27,'Soprano','50.00','USD',6,1,'civicrm_line_item',92),(56,'2012-12-04 09:06:25','2012-12-04 14:36:21',116,'Soprano','50.00','USD',6,1,'civicrm_line_item',93),(57,'2012-12-04 09:06:25','2012-12-04 14:36:21',21,'Soprano','50.00','USD',6,1,'civicrm_line_item',94),(58,'2012-12-04 09:06:25','2012-12-04 14:36:21',71,'Soprano','50.00','USD',6,1,'civicrm_line_item',95),(59,'2012-12-04 09:06:25','2012-12-04 14:36:21',168,'Soprano','50.00','USD',6,1,'civicrm_line_item',96),(60,'2012-12-04 09:06:26','2012-12-04 14:36:21',85,'Tiny-tots (ages 5-8)','800.00','USD',6,1,'civicrm_line_item',47),(61,'2012-12-04 09:06:26','2012-12-04 14:36:21',55,'Tiny-tots (ages 5-8)','800.00','USD',6,1,'civicrm_line_item',48),(62,'2012-12-04 09:06:26','2012-12-04 14:36:21',72,'Tiny-tots (ages 5-8)','800.00','USD',6,1,'civicrm_line_item',49),(63,'2012-12-04 09:06:26','2012-12-04 14:36:21',18,'Tiny-tots (ages 5-8)','800.00','USD',6,1,'civicrm_line_item',50),(64,'2012-12-04 09:06:27','2012-12-04 14:36:21',20,'Tiny-tots (ages 5-8)','800.00','USD',6,1,'civicrm_line_item',51),(65,'2012-12-04 09:06:27','2012-12-04 14:36:21',141,'Tiny-tots (ages 5-8)','800.00','USD',6,1,'civicrm_line_item',52),(66,'2012-12-04 09:06:27','2012-12-04 14:36:21',70,'Tiny-tots (ages 5-8)','800.00','USD',6,1,'civicrm_line_item',53),(67,'2012-12-04 09:06:28','2012-12-04 14:36:21',110,'Tiny-tots (ages 5-8)','800.00','USD',6,1,'civicrm_line_item',54),(68,'2012-12-04 09:06:28','2012-12-04 14:36:21',118,'Tiny-tots (ages 5-8)','800.00','USD',6,1,'civicrm_line_item',55),(69,'2012-12-04 09:06:28','2012-12-04 14:36:21',135,'Tiny-tots (ages 5-8)','800.00','USD',6,1,'civicrm_line_item',56),(70,'2012-12-04 09:06:29','2012-12-04 14:36:21',92,'Tiny-tots (ages 5-8)','800.00','USD',6,1,'civicrm_line_item',57),(71,'2012-12-04 09:06:29','2012-12-04 14:36:21',95,'Tiny-tots (ages 5-8)','800.00','USD',6,1,'civicrm_line_item',58),(72,'2012-12-04 09:06:29','2012-12-04 14:36:21',2,'Tiny-tots (ages 5-8)','800.00','USD',6,1,'civicrm_line_item',59),(73,'2012-12-04 09:06:29','2012-12-04 14:36:21',134,'Tiny-tots (ages 5-8)','800.00','USD',6,1,'civicrm_line_item',60),(74,'2012-12-04 09:06:29','2012-12-04 14:36:21',177,'Tiny-tots (ages 5-8)','800.00','USD',6,1,'civicrm_line_item',61),(75,'2012-12-04 09:06:30','2012-12-04 14:36:21',45,'Tiny-tots (ages 5-8)','800.00','USD',6,1,'civicrm_line_item',62),(76,'2012-12-04 09:06:30','2012-12-04 14:36:21',188,'Tiny-tots (ages 5-8)','800.00','USD',6,1,'civicrm_line_item',63),(77,'2012-12-04 09:06:30','2012-12-04 14:36:21',198,'Tiny-tots (ages 5-8)','800.00','USD',6,1,'civicrm_line_item',64),(78,'2012-12-04 09:06:30','2012-12-04 14:36:21',9,'Single','50.00','USD',6,1,'civicrm_line_item',65),(79,'2012-12-04 09:06:31','2012-12-04 14:36:21',113,'Single','50.00','USD',6,1,'civicrm_line_item',66),(80,'2012-12-04 09:06:31','2012-12-04 14:36:21',189,'Single','50.00','USD',6,1,'civicrm_line_item',67),(81,'2012-12-04 09:06:31','2012-12-04 14:36:21',195,'Single','50.00','USD',6,1,'civicrm_line_item',68),(82,'2012-12-04 09:06:31','2012-12-04 14:36:21',187,'Single','50.00','USD',6,1,'civicrm_line_item',69),(83,'2012-12-04 09:06:32','2012-12-04 14:36:21',33,'Single','50.00','USD',6,1,'civicrm_line_item',70),(84,'2012-12-04 09:06:32','2012-12-04 14:36:21',83,'Single','50.00','USD',6,1,'civicrm_line_item',71),(85,'2012-12-04 09:06:32','2012-12-04 14:36:21',149,'Single','50.00','USD',6,1,'civicrm_line_item',72),(86,'2012-12-04 09:06:32','2012-12-04 14:36:21',97,'Single','50.00','USD',6,1,'civicrm_line_item',73),(87,'2012-12-04 09:06:33','2012-12-04 14:36:21',49,'Single','50.00','USD',6,1,'civicrm_line_item',74),(88,'2012-12-04 09:06:33','2012-12-04 14:36:21',78,'Single','50.00','USD',6,1,'civicrm_line_item',75),(89,'2012-12-04 09:06:33','2012-12-04 14:36:21',66,'Single','50.00','USD',6,1,'civicrm_line_item',76),(90,'2012-12-04 09:06:33','2012-12-04 14:36:21',54,'Single','50.00','USD',6,1,'civicrm_line_item',77),(91,'2012-12-04 09:06:34','2012-12-04 14:36:21',74,'Single','50.00','USD',6,1,'civicrm_line_item',78),(92,'2012-12-04 09:06:34','2012-12-04 14:36:21',8,'Single','50.00','USD',6,1,'civicrm_line_item',79),(93,'2012-12-04 09:06:34','2012-12-04 14:36:21',154,'Single','50.00','USD',6,1,'civicrm_line_item',80);
/*!40000 ALTER TABLE `civicrm_financial_item` ENABLE KEYS */;
UNLOCK TABLES;

--
-- Dumping data for table `civicrm_financial_trxn`
--

LOCK TABLES `civicrm_financial_trxn` WRITE;
/*!40000 ALTER TABLE `civicrm_financial_trxn` DISABLE KEYS */;
INSERT INTO `civicrm_financial_trxn` (`id`, `from_financial_account_id`, `to_financial_account_id`, `trxn_date`, `total_amount`, `fee_amount`, `net_amount`, `currency`, `trxn_id`, `trxn_result_code`, `status_id`, `payment_processor_id`) VALUES (1,NULL,6,'2010-04-11 00:00:00','125.00',NULL,NULL,'USD',NULL,NULL,1,NULL),(2,NULL,6,'2010-03-21 00:00:00','50.00',NULL,NULL,'USD',NULL,NULL,1,NULL),(3,NULL,6,'2010-04-29 00:00:00','25.00',NULL,NULL,'USD',NULL,NULL,1,NULL),(4,NULL,6,'2010-04-11 00:00:00','50.00',NULL,NULL,'USD',NULL,NULL,1,NULL),(5,NULL,6,'2010-04-15 00:00:00','500.00',NULL,NULL,'USD',NULL,NULL,1,NULL),(6,NULL,6,'2010-04-11 00:00:00','175.00',NULL,NULL,'USD',NULL,NULL,1,NULL),(7,NULL,6,'2010-03-27 00:00:00','50.00',NULL,NULL,'USD',NULL,NULL,1,NULL),(8,NULL,6,'2010-03-08 00:00:00','10.00',NULL,NULL,'USD',NULL,NULL,1,NULL),(9,NULL,6,'2010-04-22 00:00:00','250.00',NULL,NULL,'USD',NULL,NULL,1,NULL),(10,NULL,6,'2009-07-01 11:53:50','500.00',NULL,NULL,'USD',NULL,NULL,1,NULL),(11,NULL,6,'2009-07-01 12:55:41','200.00',NULL,NULL,'USD',NULL,NULL,1,NULL),(12,NULL,6,'2009-10-01 11:53:50','200.00',NULL,NULL,'USD',NULL,NULL,1,NULL),(13,NULL,6,'2009-12-01 12:55:41','200.00',NULL,NULL,'USD',NULL,NULL,1,NULL),(14,NULL,6,'2012-12-04 14:36:07','100.00',NULL,NULL,'USD',NULL,NULL,1,NULL),(15,NULL,6,'2012-12-04 14:36:07','100.00',NULL,NULL,'USD',NULL,NULL,1,NULL),(16,NULL,6,'2012-12-04 14:36:07','100.00',NULL,NULL,'USD',NULL,NULL,1,NULL),(17,NULL,6,'2012-12-04 14:36:07','100.00',NULL,NULL,'USD',NULL,NULL,1,NULL),(18,NULL,6,'2012-12-04 14:36:07','100.00',NULL,NULL,'USD',NULL,NULL,1,NULL),(19,NULL,6,'2012-12-04 14:36:07','100.00',NULL,NULL,'USD',NULL,NULL,1,NULL),(20,NULL,6,'2012-12-04 14:36:07','100.00',NULL,NULL,'USD',NULL,NULL,1,NULL),(21,NULL,6,'2012-12-04 14:36:07','100.00',NULL,NULL,'USD',NULL,NULL,1,NULL),(22,NULL,6,'2012-12-04 14:36:07','100.00',NULL,NULL,'USD',NULL,NULL,1,NULL),(23,NULL,6,'2012-12-04 14:36:07','100.00',NULL,NULL,'USD',NULL,NULL,1,NULL),(24,NULL,6,'2012-12-04 14:36:07','100.00',NULL,NULL,'USD',NULL,NULL,1,NULL),(25,NULL,6,'2012-12-04 14:36:07','100.00',NULL,NULL,'USD',NULL,NULL,1,NULL),(26,NULL,6,'2012-12-04 14:36:07','100.00',NULL,NULL,'USD',NULL,NULL,1,NULL),(27,NULL,6,'2012-12-04 14:36:07','100.00',NULL,NULL,'USD',NULL,NULL,1,NULL),(28,NULL,6,'2012-12-04 14:36:07','100.00',NULL,NULL,'USD',NULL,NULL,1,NULL),(29,NULL,6,'2012-12-04 14:36:07','50.00',NULL,NULL,'USD',NULL,NULL,1,NULL),(30,NULL,6,'2012-12-04 14:36:07','50.00',NULL,NULL,'USD',NULL,NULL,1,NULL),(31,NULL,6,'2012-12-04 14:36:07','50.00',NULL,NULL,'USD',NULL,NULL,1,NULL),(32,NULL,6,'2012-12-04 14:36:07','50.00',NULL,NULL,'USD',NULL,NULL,1,NULL),(33,NULL,6,'2012-12-04 14:36:07','50.00',NULL,NULL,'USD',NULL,NULL,1,NULL),(34,NULL,6,'2012-12-04 14:36:07','50.00',NULL,NULL,'USD',NULL,NULL,1,NULL),(35,NULL,6,'2012-12-04 14:36:07','50.00',NULL,NULL,'USD',NULL,NULL,1,NULL),(36,NULL,6,'2012-12-04 14:36:07','50.00',NULL,NULL,'USD',NULL,NULL,1,NULL),(37,NULL,6,'2012-12-04 14:36:07','50.00',NULL,NULL,'USD',NULL,NULL,1,NULL),(38,NULL,6,'2012-12-04 14:36:07','50.00',NULL,NULL,'USD',NULL,NULL,1,NULL),(39,NULL,6,'2012-12-04 14:36:07','50.00',NULL,NULL,'USD',NULL,NULL,1,NULL),(40,NULL,6,'2012-12-04 14:36:07','50.00',NULL,NULL,'USD',NULL,NULL,1,NULL),(41,NULL,6,'2012-12-04 14:36:07','50.00',NULL,NULL,'USD',NULL,NULL,1,NULL),(42,NULL,6,'2012-12-04 14:36:07','1200.00',NULL,NULL,'USD',NULL,NULL,1,NULL),(43,NULL,6,'2012-12-04 14:36:07','1200.00',NULL,NULL,'USD',NULL,NULL,1,NULL),(44,NULL,6,'2012-12-04 14:36:21','50.00',NULL,NULL,'USD',NULL,NULL,1,NULL),(45,NULL,6,'2012-12-04 14:36:21','50.00',NULL,NULL,'USD',NULL,NULL,1,NULL),(46,NULL,6,'2012-12-04 14:36:21','50.00',NULL,NULL,'USD',NULL,NULL,1,NULL),(47,NULL,6,'2012-12-04 14:36:21','50.00',NULL,NULL,'USD',NULL,NULL,1,NULL),(48,NULL,6,'2012-12-04 14:36:21','50.00',NULL,NULL,'USD',NULL,NULL,1,NULL),(49,NULL,6,'2012-12-04 14:36:21','50.00',NULL,NULL,'USD',NULL,NULL,1,NULL),(50,NULL,6,'2012-12-04 14:36:21','50.00',NULL,NULL,'USD',NULL,NULL,1,NULL),(51,NULL,6,'2012-12-04 14:36:21','50.00',NULL,NULL,'USD',NULL,NULL,1,NULL),(52,NULL,6,'2012-12-04 14:36:21','50.00',NULL,NULL,'USD',NULL,NULL,1,NULL),(53,NULL,6,'2012-12-04 14:36:21','50.00',NULL,NULL,'USD',NULL,NULL,1,NULL),(54,NULL,6,'2012-12-04 14:36:21','50.00',NULL,NULL,'USD',NULL,NULL,1,NULL),(55,NULL,6,'2012-12-04 14:36:21','50.00',NULL,NULL,'USD',NULL,NULL,1,NULL),(56,NULL,6,'2012-12-04 14:36:21','50.00',NULL,NULL,'USD',NULL,NULL,1,NULL),(57,NULL,6,'2012-12-04 14:36:21','50.00',NULL,NULL,'USD',NULL,NULL,1,NULL),(58,NULL,6,'2012-12-04 14:36:21','50.00',NULL,NULL,'USD',NULL,NULL,1,NULL),(59,NULL,6,'2012-12-04 14:36:21','50.00',NULL,NULL,'USD',NULL,NULL,1,NULL),(60,NULL,6,'2012-12-04 14:36:21','800.00',NULL,NULL,'USD',NULL,NULL,1,NULL),(61,NULL,6,'2012-12-04 14:36:21','800.00',NULL,NULL,'USD',NULL,NULL,1,NULL),(62,NULL,6,'2012-12-04 14:36:21','800.00',NULL,NULL,'USD',NULL,NULL,1,NULL),(63,NULL,6,'2012-12-04 14:36:21','800.00',NULL,NULL,'USD',NULL,NULL,1,NULL),(64,NULL,6,'2012-12-04 14:36:21','800.00',NULL,NULL,'USD',NULL,NULL,1,NULL),(65,NULL,6,'2012-12-04 14:36:21','800.00',NULL,NULL,'USD',NULL,NULL,1,NULL),(66,NULL,6,'2012-12-04 14:36:21','800.00',NULL,NULL,'USD',NULL,NULL,1,NULL),(67,NULL,6,'2012-12-04 14:36:21','800.00',NULL,NULL,'USD',NULL,NULL,1,NULL),(68,NULL,6,'2012-12-04 14:36:21','800.00',NULL,NULL,'USD',NULL,NULL,1,NULL),(69,NULL,6,'2012-12-04 14:36:21','800.00',NULL,NULL,'USD',NULL,NULL,1,NULL),(70,NULL,6,'2012-12-04 14:36:21','800.00',NULL,NULL,'USD',NULL,NULL,1,NULL),(71,NULL,6,'2012-12-04 14:36:21','800.00',NULL,NULL,'USD',NULL,NULL,1,NULL),(72,NULL,6,'2012-12-04 14:36:21','800.00',NULL,NULL,'USD',NULL,NULL,1,NULL),(73,NULL,6,'2012-12-04 14:36:21','800.00',NULL,NULL,'USD',NULL,NULL,1,NULL),(74,NULL,6,'2012-12-04 14:36:21','800.00',NULL,NULL,'USD',NULL,NULL,1,NULL),(75,NULL,6,'2012-12-04 14:36:21','800.00',NULL,NULL,'USD',NULL,NULL,1,NULL),(76,NULL,6,'2012-12-04 14:36:21','800.00',NULL,NULL,'USD',NULL,NULL,1,NULL),(77,NULL,6,'2012-12-04 14:36:21','800.00',NULL,NULL,'USD',NULL,NULL,1,NULL),(78,NULL,6,'2012-12-04 14:36:21','50.00',NULL,NULL,'USD',NULL,NULL,1,NULL),(79,NULL,6,'2012-12-04 14:36:21','50.00',NULL,NULL,'USD',NULL,NULL,1,NULL),(80,NULL,6,'2012-12-04 14:36:21','50.00',NULL,NULL,'USD',NULL,NULL,1,NULL),(81,NULL,6,'2012-12-04 14:36:21','50.00',NULL,NULL,'USD',NULL,NULL,1,NULL),(82,NULL,6,'2012-12-04 14:36:21','50.00',NULL,NULL,'USD',NULL,NULL,1,NULL),(83,NULL,6,'2012-12-04 14:36:21','50.00',NULL,NULL,'USD',NULL,NULL,1,NULL),(84,NULL,6,'2012-12-04 14:36:21','50.00',NULL,NULL,'USD',NULL,NULL,1,NULL),(85,NULL,6,'2012-12-04 14:36:21','50.00',NULL,NULL,'USD',NULL,NULL,1,NULL),(86,NULL,6,'2012-12-04 14:36:21','50.00',NULL,NULL,'USD',NULL,NULL,1,NULL),(87,NULL,6,'2012-12-04 14:36:21','50.00',NULL,NULL,'USD',NULL,NULL,1,NULL),(88,NULL,6,'2012-12-04 14:36:21','50.00',NULL,NULL,'USD',NULL,NULL,1,NULL),(89,NULL,6,'2012-12-04 14:36:21','50.00',NULL,NULL,'USD',NULL,NULL,1,NULL),(90,NULL,6,'2012-12-04 14:36:21','50.00',NULL,NULL,'USD',NULL,NULL,1,NULL),(91,NULL,6,'2012-12-04 14:36:21','50.00',NULL,NULL,'USD',NULL,NULL,1,NULL),(92,NULL,6,'2012-12-04 14:36:21','50.00',NULL,NULL,'USD',NULL,NULL,1,NULL),(93,NULL,6,'2012-12-04 14:36:21','50.00',NULL,NULL,'USD',NULL,NULL,1,NULL);
/*!40000 ALTER TABLE `civicrm_financial_trxn` ENABLE KEYS */;
UNLOCK TABLES;

--
-- Dumping data for table `civicrm_financial_type`
--

LOCK TABLES `civicrm_financial_type` WRITE;
/*!40000 ALTER TABLE `civicrm_financial_type` DISABLE KEYS */;
INSERT INTO `civicrm_financial_type` (`id`, `name`, `description`, `is_deductible`, `is_reserved`, `is_active`, `version_timestamp`, `is_current_revision`, `original_id`) VALUES (1,'Donation',NULL,1,0,1,'2012-12-04 09:03:58',1,NULL),(2,'Member Dues',NULL,1,0,1,'2012-12-04 09:03:58',1,NULL),(3,'Campaign Contribution',NULL,0,0,1,'2012-12-04 09:03:58',1,NULL),(4,'Event Fee',NULL,0,0,1,'2012-12-04 09:03:58',1,NULL);
/*!40000 ALTER TABLE `civicrm_financial_type` ENABLE KEYS */;
UNLOCK TABLES;

--
-- Dumping data for table `civicrm_grant`
--

LOCK TABLES `civicrm_grant` WRITE;
/*!40000 ALTER TABLE `civicrm_grant` DISABLE KEYS */;
/*!40000 ALTER TABLE `civicrm_grant` ENABLE KEYS */;
UNLOCK TABLES;

--
-- Dumping data for table `civicrm_grant_program`
--

LOCK TABLES `civicrm_grant_program` WRITE;
/*!40000 ALTER TABLE `civicrm_grant_program` DISABLE KEYS */;
/*!40000 ALTER TABLE `civicrm_grant_program` ENABLE KEYS */;
UNLOCK TABLES;

--
-- Dumping data for table `civicrm_group`
--

LOCK TABLES `civicrm_group` WRITE;
/*!40000 ALTER TABLE `civicrm_group` DISABLE KEYS */;
INSERT INTO `civicrm_group` (`id`, `name`, `title`, `description`, `source`, `saved_search_id`, `is_active`, `visibility`, `where_clause`, `select_tables`, `where_tables`, `group_type`, `cache_date`, `refresh_date`, `parents`, `children`, `is_hidden`, `is_reserved`) VALUES (1,'Administrators','Administrators','Contacts in this group are assigned Administrator role permissions.',NULL,NULL,1,'User and User Admin Only',NULL,NULL,NULL,'1',NULL,NULL,NULL,NULL,0,0),(2,'Newsletter Subscribers','Newsletter Subscribers',NULL,NULL,NULL,1,'Public Pages',' ( `civicrm_group_contact-2`.group_id IN ( 2 ) AND `civicrm_group_contact-2`.status IN (\"Added\") ) ','a:12:{s:15:\"civicrm_contact\";i:1;s:15:\"civicrm_address\";i:1;s:22:\"civicrm_state_province\";i:1;s:15:\"civicrm_country\";i:1;s:13:\"civicrm_email\";i:1;s:13:\"civicrm_phone\";i:1;s:10:\"civicrm_im\";i:1;s:19:\"civicrm_worldregion\";i:1;s:25:\"`civicrm_group_contact-2`\";s:114:\" LEFT JOIN civicrm_group_contact `civicrm_group_contact-2` ON contact_a.id = `civicrm_group_contact-2`.contact_id \";s:6:\"gender\";i:1;s:17:\"individual_prefix\";i:1;s:17:\"individual_suffix\";i:1;}','a:2:{s:15:\"civicrm_contact\";i:1;s:25:\"`civicrm_group_contact-2`\";s:114:\" LEFT JOIN civicrm_group_contact `civicrm_group_contact-2` ON contact_a.id = `civicrm_group_contact-2`.contact_id \";}','12',NULL,NULL,NULL,NULL,0,0),(3,'Summer Program Volunteers','Summer Program Volunteers',NULL,NULL,NULL,1,'Public Pages',' ( `civicrm_group_contact-3`.group_id IN ( 3 ) AND `civicrm_group_contact-3`.status IN (\"Added\") ) ','a:12:{s:15:\"civicrm_contact\";i:1;s:15:\"civicrm_address\";i:1;s:22:\"civicrm_state_province\";i:1;s:15:\"civicrm_country\";i:1;s:13:\"civicrm_email\";i:1;s:13:\"civicrm_phone\";i:1;s:10:\"civicrm_im\";i:1;s:19:\"civicrm_worldregion\";i:1;s:25:\"`civicrm_group_contact-3`\";s:114:\" LEFT JOIN civicrm_group_contact `civicrm_group_contact-3` ON contact_a.id = `civicrm_group_contact-3`.contact_id \";s:6:\"gender\";i:1;s:17:\"individual_prefix\";i:1;s:17:\"individual_suffix\";i:1;}','a:2:{s:15:\"civicrm_contact\";i:1;s:25:\"`civicrm_group_contact-3`\";s:114:\" LEFT JOIN civicrm_group_contact `civicrm_group_contact-3` ON contact_a.id = `civicrm_group_contact-3`.contact_id \";}','12',NULL,NULL,NULL,NULL,0,0),(4,'Advisory Board','Advisory Board',NULL,NULL,NULL,1,'Public Pages',' ( `civicrm_group_contact-4`.group_id IN ( 4 ) AND `civicrm_group_contact-4`.status IN (\"Added\") ) ','a:12:{s:15:\"civicrm_contact\";i:1;s:15:\"civicrm_address\";i:1;s:22:\"civicrm_state_province\";i:1;s:15:\"civicrm_country\";i:1;s:13:\"civicrm_email\";i:1;s:13:\"civicrm_phone\";i:1;s:10:\"civicrm_im\";i:1;s:19:\"civicrm_worldregion\";i:1;s:25:\"`civicrm_group_contact-4`\";s:114:\" LEFT JOIN civicrm_group_contact `civicrm_group_contact-4` ON contact_a.id = `civicrm_group_contact-4`.contact_id \";s:6:\"gender\";i:1;s:17:\"individual_prefix\";i:1;s:17:\"individual_suffix\";i:1;}','a:2:{s:15:\"civicrm_contact\";i:1;s:25:\"`civicrm_group_contact-4`\";s:114:\" LEFT JOIN civicrm_group_contact `civicrm_group_contact-4` ON contact_a.id = `civicrm_group_contact-4`.contact_id \";}','12',NULL,NULL,NULL,NULL,0,0);
/*!40000 ALTER TABLE `civicrm_group` ENABLE KEYS */;
UNLOCK TABLES;

--
-- Dumping data for table `civicrm_group_contact`
--

LOCK TABLES `civicrm_group_contact` WRITE;
/*!40000 ALTER TABLE `civicrm_group_contact` DISABLE KEYS */;
INSERT INTO `civicrm_group_contact` (`id`, `group_id`, `contact_id`, `status`, `location_id`, `email_id`) VALUES (1,2,186,'Added',NULL,NULL),(2,2,41,'Added',NULL,NULL),(3,2,15,'Added',NULL,NULL),(4,2,160,'Added',NULL,NULL),(5,2,195,'Added',NULL,NULL),(6,2,62,'Added',NULL,NULL),(7,2,85,'Added',NULL,NULL),(8,2,73,'Added',NULL,NULL),(9,2,159,'Added',NULL,NULL),(10,2,64,'Added',NULL,NULL),(11,2,89,'Added',NULL,NULL),(12,2,120,'Added',NULL,NULL),(13,2,192,'Added',NULL,NULL),(14,2,103,'Added',NULL,NULL),(15,2,91,'Added',NULL,NULL),(16,2,148,'Added',NULL,NULL),(17,2,119,'Added',NULL,NULL),(18,2,71,'Added',NULL,NULL),(19,2,110,'Added',NULL,NULL),(20,2,30,'Added',NULL,NULL),(21,2,146,'Added',NULL,NULL),(22,2,24,'Added',NULL,NULL),(23,2,191,'Added',NULL,NULL),(24,2,197,'Added',NULL,NULL),(25,2,200,'Added',NULL,NULL),(26,2,51,'Added',NULL,NULL),(27,2,29,'Added',NULL,NULL),(28,2,100,'Added',NULL,NULL),(29,2,180,'Added',NULL,NULL),(30,2,6,'Added',NULL,NULL),(31,2,114,'Added',NULL,NULL),(32,2,57,'Added',NULL,NULL),(33,2,47,'Added',NULL,NULL),(34,2,83,'Added',NULL,NULL),(35,2,171,'Added',NULL,NULL),(36,2,126,'Added',NULL,NULL),(37,2,177,'Added',NULL,NULL),(38,2,55,'Added',NULL,NULL),(39,2,84,'Added',NULL,NULL),(40,2,27,'Added',NULL,NULL),(41,2,135,'Added',NULL,NULL),(42,2,101,'Added',NULL,NULL),(43,2,17,'Added',NULL,NULL),(44,2,31,'Added',NULL,NULL),(45,2,167,'Added',NULL,NULL),(46,2,13,'Added',NULL,NULL),(47,2,40,'Added',NULL,NULL),(48,2,5,'Added',NULL,NULL),(49,2,153,'Added',NULL,NULL),(50,2,99,'Added',NULL,NULL),(51,2,36,'Added',NULL,NULL),(52,2,22,'Added',NULL,NULL),(53,2,141,'Added',NULL,NULL),(54,2,42,'Added',NULL,NULL),(55,2,149,'Added',NULL,NULL),(56,2,48,'Added',NULL,NULL),(57,2,118,'Added',NULL,NULL),(58,2,147,'Added',NULL,NULL),(59,2,145,'Added',NULL,NULL),(60,2,131,'Added',NULL,NULL),(61,3,49,'Added',NULL,NULL),(62,3,25,'Added',NULL,NULL),(63,3,151,'Added',NULL,NULL),(64,3,188,'Added',NULL,NULL),(65,3,176,'Added',NULL,NULL),(66,3,70,'Added',NULL,NULL),(67,3,107,'Added',NULL,NULL),(68,3,112,'Added',NULL,NULL),(69,3,96,'Added',NULL,NULL),(70,3,16,'Added',NULL,NULL),(71,3,21,'Added',NULL,NULL),(72,3,132,'Added',NULL,NULL),(73,3,23,'Added',NULL,NULL),(74,3,130,'Added',NULL,NULL),(75,3,129,'Added',NULL,NULL),(76,4,186,'Added',NULL,NULL),(77,4,73,'Added',NULL,NULL),(78,4,91,'Added',NULL,NULL),(79,4,24,'Added',NULL,NULL),(80,4,180,'Added',NULL,NULL),(81,4,126,'Added',NULL,NULL),(82,4,17,'Added',NULL,NULL),(83,4,99,'Added',NULL,NULL);
/*!40000 ALTER TABLE `civicrm_group_contact` ENABLE KEYS */;
UNLOCK TABLES;

--
-- Dumping data for table `civicrm_group_contact_cache`
--

LOCK TABLES `civicrm_group_contact_cache` WRITE;
/*!40000 ALTER TABLE `civicrm_group_contact_cache` DISABLE KEYS */;
/*!40000 ALTER TABLE `civicrm_group_contact_cache` ENABLE KEYS */;
UNLOCK TABLES;

--
-- Dumping data for table `civicrm_group_nesting`
--

LOCK TABLES `civicrm_group_nesting` WRITE;
/*!40000 ALTER TABLE `civicrm_group_nesting` DISABLE KEYS */;
/*!40000 ALTER TABLE `civicrm_group_nesting` ENABLE KEYS */;
UNLOCK TABLES;

--
-- Dumping data for table `civicrm_group_organization`
--

LOCK TABLES `civicrm_group_organization` WRITE;
/*!40000 ALTER TABLE `civicrm_group_organization` DISABLE KEYS */;
/*!40000 ALTER TABLE `civicrm_group_organization` ENABLE KEYS */;
UNLOCK TABLES;

--
-- Dumping data for table `civicrm_im`
--

LOCK TABLES `civicrm_im` WRITE;
/*!40000 ALTER TABLE `civicrm_im` DISABLE KEYS */;
/*!40000 ALTER TABLE `civicrm_im` ENABLE KEYS */;
UNLOCK TABLES;
/*!50003 SET @saved_cs_client      = @@character_set_client */ ;
/*!50003 SET @saved_cs_results     = @@character_set_results */ ;
/*!50003 SET @saved_col_connection = @@collation_connection */ ;
/*!50003 SET character_set_client  = utf8 */ ;
/*!50003 SET character_set_results = utf8 */ ;
/*!50003 SET collation_connection  = utf8_general_ci */ ;
/*!50003 SET @saved_sql_mode       = @@sql_mode */ ;
/*!50003 SET sql_mode              = 'STRICT_TRANS_TABLES' */ ;
DELIMITER ;;
/*!50003 CREATE*/ /*!50017 DEFINER=`root`@`localhost`*/ /*!50003 TRIGGER civicrm_im_after_insert after insert ON civicrm_im FOR EACH ROW BEGIN  
UPDATE civicrm_contact SET modified_date = CURRENT_TIMESTAMP WHERE id = NEW.contact_id;
 END */;;
DELIMITER ;
/*!50003 SET sql_mode              = @saved_sql_mode */ ;
/*!50003 SET character_set_client  = @saved_cs_client */ ;
/*!50003 SET character_set_results = @saved_cs_results */ ;
/*!50003 SET collation_connection  = @saved_col_connection */ ;
/*!50003 SET @saved_cs_client      = @@character_set_client */ ;
/*!50003 SET @saved_cs_results     = @@character_set_results */ ;
/*!50003 SET @saved_col_connection = @@collation_connection */ ;
/*!50003 SET character_set_client  = utf8 */ ;
/*!50003 SET character_set_results = utf8 */ ;
/*!50003 SET collation_connection  = utf8_general_ci */ ;
/*!50003 SET @saved_sql_mode       = @@sql_mode */ ;
/*!50003 SET sql_mode              = 'STRICT_TRANS_TABLES' */ ;
DELIMITER ;;
/*!50003 CREATE*/ /*!50017 DEFINER=`root`@`localhost`*/ /*!50003 TRIGGER civicrm_im_after_update after update ON civicrm_im FOR EACH ROW BEGIN  
UPDATE civicrm_contact SET modified_date = CURRENT_TIMESTAMP WHERE id = NEW.contact_id;
 END */;;
DELIMITER ;
/*!50003 SET sql_mode              = @saved_sql_mode */ ;
/*!50003 SET character_set_client  = @saved_cs_client */ ;
/*!50003 SET character_set_results = @saved_cs_results */ ;
/*!50003 SET collation_connection  = @saved_col_connection */ ;
/*!50003 SET @saved_cs_client      = @@character_set_client */ ;
/*!50003 SET @saved_cs_results     = @@character_set_results */ ;
/*!50003 SET @saved_col_connection = @@collation_connection */ ;
/*!50003 SET character_set_client  = utf8 */ ;
/*!50003 SET character_set_results = utf8 */ ;
/*!50003 SET collation_connection  = utf8_general_ci */ ;
/*!50003 SET @saved_sql_mode       = @@sql_mode */ ;
/*!50003 SET sql_mode              = 'STRICT_TRANS_TABLES' */ ;
DELIMITER ;;
/*!50003 CREATE*/ /*!50017 DEFINER=`root`@`localhost`*/ /*!50003 TRIGGER civicrm_im_after_delete after delete ON civicrm_im FOR EACH ROW BEGIN  
UPDATE civicrm_contact SET modified_date = CURRENT_TIMESTAMP WHERE id = OLD.contact_id;
 END */;;
DELIMITER ;
/*!50003 SET sql_mode              = @saved_sql_mode */ ;
/*!50003 SET character_set_client  = @saved_cs_client */ ;
/*!50003 SET character_set_results = @saved_cs_results */ ;
/*!50003 SET collation_connection  = @saved_col_connection */ ;

--
-- Dumping data for table `civicrm_job`
--

LOCK TABLES `civicrm_job` WRITE;
/*!40000 ALTER TABLE `civicrm_job` DISABLE KEYS */;
INSERT INTO `civicrm_job` (`id`, `domain_id`, `run_frequency`, `last_run`, `name`, `description`, `api_entity`, `api_action`, `parameters`, `is_active`) VALUES (1,1,'Always',NULL,'Send Scheduled Mailings','Sends out scheduled CiviMail mailings','job','process_mailing',NULL,0),(2,1,'Hourly',NULL,'Fetch Bounces','Fetches bounces from mailings and writes them to mailing statistics','job','fetch_bounces',NULL,0),(3,1,'Hourly',NULL,'Process Inbound Emails','Inserts activity for a contact or a case by retrieving inbound emails from a mail directory','job','fetch_activities',NULL,0),(4,1,'Daily',NULL,'Process Pledges','Updates pledge records and sends out reminders','job','process_pledge','send_reminders=[1 or 0] optional- 1 to send payment reminders',0),(5,1,'Daily',NULL,'Geocode and Parse Addresses','Retrieves geocodes (lat and long) and / or parses street addresses (populates street number, street name, etc.)','job','geocode','geocoding=[1 or 0] required\nparse=[1 or 0] required\nstart=[contact ID] optional-begin with this contact ID\nend=[contact ID] optional-process contacts with IDs less than this\nthrottle=[1 or 0] optional-1 adds five second sleep',0),(6,1,'Daily',NULL,'Update Greetings and Addressees','Goes through contact records and updates email and postal greetings, or addressee value','job','update_greeting','ct=[Individual or Household or Organization] required\ngt=[email_greeting or postal_greeting or addressee] required\nforce=[0 or 1] optional-0 update contacts with null value, 1 update all',0),(7,1,'Daily',NULL,'Mail Reports','Generates and sends out reports via email','job','mail_report','instanceId=[ID of report instance] required\nformat=[csv or print] optional-output CSV or print-friendly HTML, else PDF',0),(8,1,'Daily',NULL,'Send Scheduled Reminders','Sends out scheduled reminders via email','job','send_reminder',NULL,0),(9,1,'Always',NULL,'Update Participant Statuses','Updates pending event participant statuses based on time','job','process_participant',NULL,0),(10,1,'Daily',NULL,'Update Membership Statuses','Updates membership statuses. WARNING: Membership renewal reminders have been migrated to the Schedule Reminders functionality, which supports multiple renewal reminders.','job','process_membership',NULL,0),(11,1,'Always',NULL,'Process Survey Respondents','Releases reserved survey respondents when they have been reserved for longer than the Release Frequency days specified for that survey.','job','process_respondent',NULL,0),(12,1,'Hourly',NULL,'Clean-up Temporary Data and Files','Removes temporary data and files, and clears old data from cache tables. Recommend running this job every hour to help prevent database and file system bloat.','job','cleanup',NULL,0),(13,1,'Always',NULL,'Send Scheduled SMS','Sends out scheduled SMS','job','process_sms',NULL,0),(14,1,'Always',NULL,'Rebuild Smart Group Cache','Rebuilds the smart group cache.','job','group_rebuild','limit=Number optional-Limit the number of smart groups rebuild',0),(15,1,'Daily',NULL,'Validate Email Address from Mailings.','Updates the reset_date on an email address to indicate that there was a valid delivery to this email address.','mailing','update_email_resetdate','minDays, maxDays=Consider mailings that have completed between minDays and maxDays',0);
/*!40000 ALTER TABLE `civicrm_job` ENABLE KEYS */;
UNLOCK TABLES;

--
-- Dumping data for table `civicrm_job_log`
--

LOCK TABLES `civicrm_job_log` WRITE;
/*!40000 ALTER TABLE `civicrm_job_log` DISABLE KEYS */;
/*!40000 ALTER TABLE `civicrm_job_log` ENABLE KEYS */;
UNLOCK TABLES;

--
-- Dumping data for table `civicrm_line_item`
--

LOCK TABLES `civicrm_line_item` WRITE;
/*!40000 ALTER TABLE `civicrm_line_item` DISABLE KEYS */;
INSERT INTO `civicrm_line_item` (`id`, `entity_table`, `entity_id`, `price_field_id`, `label`, `qty`, `unit_price`, `line_total`, `participant_count`, `price_field_value_id`, `financial_type_id`, `deductible_amount`) VALUES (1,'civicrm_contribution',1,1,'Contribution Amount',1,'125.00','125.00',0,1,1,'0.00'),(2,'civicrm_contribution',2,1,'Contribution Amount',1,'50.00','50.00',0,1,1,'0.00'),(3,'civicrm_contribution',3,1,'Contribution Amount',1,'25.00','25.00',0,1,1,'0.00'),(4,'civicrm_contribution',4,1,'Contribution Amount',1,'50.00','50.00',0,1,1,'0.00'),(5,'civicrm_contribution',5,1,'Contribution Amount',1,'500.00','500.00',0,1,1,'0.00'),(6,'civicrm_contribution',6,1,'Contribution Amount',1,'175.00','175.00',0,1,1,'0.00'),(7,'civicrm_contribution',7,1,'Contribution Amount',1,'50.00','50.00',0,1,1,'0.00'),(8,'civicrm_contribution',8,1,'Contribution Amount',1,'10.00','10.00',0,1,1,'0.00'),(9,'civicrm_contribution',9,1,'Contribution Amount',1,'250.00','250.00',0,1,1,'0.00'),(10,'civicrm_contribution',10,1,'Contribution Amount',1,'500.00','500.00',0,1,1,'0.00'),(11,'civicrm_contribution',11,1,'Contribution Amount',1,'200.00','200.00',0,1,1,'0.00'),(12,'civicrm_contribution',12,1,'Contribution Amount',1,'200.00','200.00',0,1,1,'0.00'),(13,'civicrm_contribution',13,1,'Contribution Amount',1,'200.00','200.00',0,1,1,'0.00'),(16,'civicrm_contribution',14,4,'General',1,'100.00','100.00',NULL,7,2,'0.00'),(17,'civicrm_contribution',16,4,'General',1,'100.00','100.00',NULL,7,2,'0.00'),(18,'civicrm_contribution',20,4,'General',1,'100.00','100.00',NULL,7,2,'0.00'),(19,'civicrm_contribution',22,4,'General',1,'100.00','100.00',NULL,7,2,'0.00'),(20,'civicrm_contribution',23,4,'General',1,'100.00','100.00',NULL,7,2,'0.00'),(21,'civicrm_contribution',26,4,'General',1,'100.00','100.00',NULL,7,2,'0.00'),(22,'civicrm_contribution',28,4,'General',1,'100.00','100.00',NULL,7,2,'0.00'),(23,'civicrm_contribution',30,4,'General',1,'100.00','100.00',NULL,7,2,'0.00'),(24,'civicrm_contribution',32,4,'General',1,'100.00','100.00',NULL,7,2,'0.00'),(25,'civicrm_contribution',34,4,'General',1,'100.00','100.00',NULL,7,2,'0.00'),(26,'civicrm_contribution',36,4,'General',1,'100.00','100.00',NULL,7,2,'0.00'),(27,'civicrm_contribution',38,4,'General',1,'100.00','100.00',NULL,7,2,'0.00'),(28,'civicrm_contribution',40,4,'General',1,'100.00','100.00',NULL,7,2,'0.00'),(29,'civicrm_contribution',42,4,'General',1,'100.00','100.00',NULL,7,2,'0.00'),(30,'civicrm_contribution',43,4,'General',1,'100.00','100.00',NULL,7,2,'0.00'),(31,'civicrm_contribution',15,4,'Student',1,'50.00','50.00',NULL,8,2,'0.00'),(32,'civicrm_contribution',17,4,'Student',1,'50.00','50.00',NULL,8,2,'0.00'),(33,'civicrm_contribution',18,4,'Student',1,'50.00','50.00',NULL,8,2,'0.00'),(34,'civicrm_contribution',19,4,'Student',1,'50.00','50.00',NULL,8,2,'0.00'),(35,'civicrm_contribution',21,4,'Student',1,'50.00','50.00',NULL,8,2,'0.00'),(36,'civicrm_contribution',25,4,'Student',1,'50.00','50.00',NULL,8,2,'0.00'),(37,'civicrm_contribution',27,4,'Student',1,'50.00','50.00',NULL,8,2,'0.00'),(38,'civicrm_contribution',29,4,'Student',1,'50.00','50.00',NULL,8,2,'0.00'),(39,'civicrm_contribution',31,4,'Student',1,'50.00','50.00',NULL,8,2,'0.00'),(40,'civicrm_contribution',33,4,'Student',1,'50.00','50.00',NULL,8,2,'0.00'),(41,'civicrm_contribution',37,4,'Student',1,'50.00','50.00',NULL,8,2,'0.00'),(42,'civicrm_contribution',39,4,'Student',1,'50.00','50.00',NULL,8,2,'0.00'),(43,'civicrm_contribution',41,4,'Student',1,'50.00','50.00',NULL,8,2,'0.00'),(44,'civicrm_contribution',24,4,'Lifetime',1,'1200.00','1200.00',NULL,9,2,'0.00'),(45,'civicrm_contribution',35,4,'Lifetime',1,'1200.00','1200.00',NULL,9,2,'0.00'),(47,'civicrm_participant',3,7,'Tiny-tots (ages 5-8)',1,'800.00','800.00',0,13,4,'0.00'),(48,'civicrm_participant',6,7,'Tiny-tots (ages 5-8)',1,'800.00','800.00',0,13,4,'0.00'),(49,'civicrm_participant',9,7,'Tiny-tots (ages 5-8)',1,'800.00','800.00',0,13,4,'0.00'),(50,'civicrm_participant',12,7,'Tiny-tots (ages 5-8)',1,'800.00','800.00',0,13,4,'0.00'),(51,'civicrm_participant',15,7,'Tiny-tots (ages 5-8)',1,'800.00','800.00',0,13,4,'0.00'),(52,'civicrm_participant',18,7,'Tiny-tots (ages 5-8)',1,'800.00','800.00',0,13,4,'0.00'),(53,'civicrm_participant',21,7,'Tiny-tots (ages 5-8)',1,'800.00','800.00',0,13,4,'0.00'),(54,'civicrm_participant',24,7,'Tiny-tots (ages 5-8)',1,'800.00','800.00',0,13,4,'0.00'),(55,'civicrm_participant',25,7,'Tiny-tots (ages 5-8)',1,'800.00','800.00',0,13,4,'0.00'),(56,'civicrm_participant',28,7,'Tiny-tots (ages 5-8)',1,'800.00','800.00',0,13,4,'0.00'),(57,'civicrm_participant',31,7,'Tiny-tots (ages 5-8)',1,'800.00','800.00',0,13,4,'0.00'),(58,'civicrm_participant',34,7,'Tiny-tots (ages 5-8)',1,'800.00','800.00',0,13,4,'0.00'),(59,'civicrm_participant',37,7,'Tiny-tots (ages 5-8)',1,'800.00','800.00',0,13,4,'0.00'),(60,'civicrm_participant',40,7,'Tiny-tots (ages 5-8)',1,'800.00','800.00',0,13,4,'0.00'),(61,'civicrm_participant',43,7,'Tiny-tots (ages 5-8)',1,'800.00','800.00',0,13,4,'0.00'),(62,'civicrm_participant',46,7,'Tiny-tots (ages 5-8)',1,'800.00','800.00',0,13,4,'0.00'),(63,'civicrm_participant',49,7,'Tiny-tots (ages 5-8)',1,'800.00','800.00',0,13,4,'0.00'),(64,'civicrm_participant',50,7,'Tiny-tots (ages 5-8)',1,'800.00','800.00',0,13,4,'0.00'),(65,'civicrm_participant',1,8,'Single',1,'50.00','50.00',0,16,4,'0.00'),(66,'civicrm_participant',4,8,'Single',1,'50.00','50.00',0,16,4,'0.00'),(67,'civicrm_participant',7,8,'Single',1,'50.00','50.00',0,16,4,'0.00'),(68,'civicrm_participant',10,8,'Single',1,'50.00','50.00',0,16,4,'0.00'),(69,'civicrm_participant',13,8,'Single',1,'50.00','50.00',0,16,4,'0.00'),(70,'civicrm_participant',16,8,'Single',1,'50.00','50.00',0,16,4,'0.00'),(71,'civicrm_participant',19,8,'Single',1,'50.00','50.00',0,16,4,'0.00'),(72,'civicrm_participant',22,8,'Single',1,'50.00','50.00',0,16,4,'0.00'),(73,'civicrm_participant',26,8,'Single',1,'50.00','50.00',0,16,4,'0.00'),(74,'civicrm_participant',29,8,'Single',1,'50.00','50.00',0,16,4,'0.00'),(75,'civicrm_participant',32,8,'Single',1,'50.00','50.00',0,16,4,'0.00'),(76,'civicrm_participant',35,8,'Single',1,'50.00','50.00',0,16,4,'0.00'),(77,'civicrm_participant',38,8,'Single',1,'50.00','50.00',0,16,4,'0.00'),(78,'civicrm_participant',41,8,'Single',1,'50.00','50.00',0,16,4,'0.00'),(79,'civicrm_participant',44,8,'Single',1,'50.00','50.00',0,16,4,'0.00'),(80,'civicrm_participant',47,8,'Single',1,'50.00','50.00',0,16,4,'0.00'),(81,'civicrm_participant',2,9,'Soprano',1,'50.00','50.00',0,21,2,'0.00'),(82,'civicrm_participant',5,9,'Soprano',1,'50.00','50.00',0,21,2,'0.00'),(83,'civicrm_participant',8,9,'Soprano',1,'50.00','50.00',0,21,2,'0.00'),(84,'civicrm_participant',11,9,'Soprano',1,'50.00','50.00',0,21,2,'0.00'),(85,'civicrm_participant',14,9,'Soprano',1,'50.00','50.00',0,21,2,'0.00'),(86,'civicrm_participant',17,9,'Soprano',1,'50.00','50.00',0,21,2,'0.00'),(87,'civicrm_participant',20,9,'Soprano',1,'50.00','50.00',0,21,2,'0.00'),(88,'civicrm_participant',23,9,'Soprano',1,'50.00','50.00',0,21,2,'0.00'),(89,'civicrm_participant',27,9,'Soprano',1,'50.00','50.00',0,21,2,'0.00'),(90,'civicrm_participant',30,9,'Soprano',1,'50.00','50.00',0,21,2,'0.00'),(91,'civicrm_participant',33,9,'Soprano',1,'50.00','50.00',0,21,2,'0.00'),(92,'civicrm_participant',36,9,'Soprano',1,'50.00','50.00',0,21,2,'0.00'),(93,'civicrm_participant',39,9,'Soprano',1,'50.00','50.00',0,21,2,'0.00'),(94,'civicrm_participant',42,9,'Soprano',1,'50.00','50.00',0,21,2,'0.00'),(95,'civicrm_participant',45,9,'Soprano',1,'50.00','50.00',0,21,2,'0.00'),(96,'civicrm_participant',48,9,'Soprano',1,'50.00','50.00',0,21,2,'0.00');
/*!40000 ALTER TABLE `civicrm_line_item` ENABLE KEYS */;
UNLOCK TABLES;

--
-- Dumping data for table `civicrm_loc_block`
--

LOCK TABLES `civicrm_loc_block` WRITE;
/*!40000 ALTER TABLE `civicrm_loc_block` DISABLE KEYS */;
INSERT INTO `civicrm_loc_block` (`id`, `address_id`, `email_id`, `phone_id`, `im_id`, `address_2_id`, `email_2_id`, `phone_2_id`, `im_2_id`) VALUES (1,NULL,1,NULL,NULL,NULL,NULL,NULL,NULL),(2,183,179,164,NULL,NULL,NULL,NULL,NULL),(3,184,180,165,NULL,NULL,NULL,NULL,NULL),(4,185,181,166,NULL,NULL,NULL,NULL,NULL);
/*!40000 ALTER TABLE `civicrm_loc_block` ENABLE KEYS */;
UNLOCK TABLES;

--
-- Dumping data for table `civicrm_location_type`
--

LOCK TABLES `civicrm_location_type` WRITE;
/*!40000 ALTER TABLE `civicrm_location_type` DISABLE KEYS */;
INSERT INTO `civicrm_location_type` (`id`, `name`, `display_name`, `vcard_name`, `description`, `is_reserved`, `is_active`, `is_default`) VALUES (1,'Home','Home','HOME','Place of residence',0,1,1),(2,'Work','Work','WORK','Work location',0,1,NULL),(3,'Main','Main',NULL,'Main office location',0,1,NULL),(4,'Other','Other',NULL,'Other location',0,1,NULL),(5,'Billing','Billing',NULL,'Billing Address location',1,1,NULL);
/*!40000 ALTER TABLE `civicrm_location_type` ENABLE KEYS */;
UNLOCK TABLES;

--
-- Dumping data for table `civicrm_log`
--

LOCK TABLES `civicrm_log` WRITE;
/*!40000 ALTER TABLE `civicrm_log` DISABLE KEYS */;
/*!40000 ALTER TABLE `civicrm_log` ENABLE KEYS */;
UNLOCK TABLES;

--
-- Dumping data for table `civicrm_mail_settings`
--

LOCK TABLES `civicrm_mail_settings` WRITE;
/*!40000 ALTER TABLE `civicrm_mail_settings` DISABLE KEYS */;
INSERT INTO `civicrm_mail_settings` (`id`, `domain_id`, `name`, `is_default`, `domain`, `localpart`, `return_path`, `protocol`, `server`, `port`, `username`, `password`, `is_ssl`, `source`) VALUES (1,1,'default',1,'EXAMPLE.ORG',NULL,NULL,NULL,NULL,NULL,NULL,NULL,NULL,NULL);
/*!40000 ALTER TABLE `civicrm_mail_settings` ENABLE KEYS */;
UNLOCK TABLES;

--
-- Dumping data for table `civicrm_mailing`
--

LOCK TABLES `civicrm_mailing` WRITE;
/*!40000 ALTER TABLE `civicrm_mailing` DISABLE KEYS */;
/*!40000 ALTER TABLE `civicrm_mailing` ENABLE KEYS */;
UNLOCK TABLES;

--
-- Dumping data for table `civicrm_mailing_bounce_pattern`
--

LOCK TABLES `civicrm_mailing_bounce_pattern` WRITE;
/*!40000 ALTER TABLE `civicrm_mailing_bounce_pattern` DISABLE KEYS */;
INSERT INTO `civicrm_mailing_bounce_pattern` (`id`, `bounce_type_id`, `pattern`) VALUES (1,1,'Client TOS Notification'),(2,2,'(be|am)? (out of|away from) (the|my)? (office|computer|town)'),(3,2,'i am on vacation'),(4,3,'name(server entry| lookup failure)'),(5,3,'no (mail server|matches to nameserver query|dns entries)'),(6,3,'reverse dns entry'),(7,4,'(unknown|not local) host'),(8,4,'all hosts have been failing'),(9,4,'allowed rcpthosts'),(10,4,'connection (refused|timed out)'),(11,4,'not connected'),(12,4,'couldn\'t find any host named'),(13,4,'error involving remote host'),(14,4,'host unknown'),(15,4,'invalid host name'),(16,4,'isn\'t in my control/locals file'),(17,4,'local configuration error'),(18,4,'not a gateway'),(19,4,'server is down or unreachable'),(20,4,'too many connections'),(21,4,'unable to connect'),(22,5,'(my )?e-?mail( address)? has changed'),(23,5,'account (inactive|expired|deactivated)'),(24,5,'account is locked'),(25,5,'changed w+( e-?mail)? address'),(26,5,'deactivated mailbox'),(27,5,'disabled or discontinued'),(28,5,'inactive user'),(29,5,'is inactive on this domain'),(30,5,'mail receiving disabled'),(31,5,'mail( ?)address is administrative?ly disabled'),(32,5,'mailbox (temporarily disabled|currently suspended)'),(33,5,'no longer (accepting mail|on server|in use|with|employed|on staff|works for|using this account)'),(34,5,'not accepting mail'),(35,5,'please use my new e-?mail address'),(36,5,'this address no longer accepts mail'),(37,5,'user account suspended'),(38,6,'(user|recipient( name)?) is not recognized'),(39,6,'554 delivery error'),(40,6,'address does not exist'),(41,6,'address(es)? could not be found'),(42,6,'addressee unknown'),(43,6,'bad destination'),(44,6,'badly formatted address'),(45,6,'can\'t open mailbox for'),(46,6,'cannot deliver'),(47,6,'delivery to the following recipient(s)? failed'),(48,6,'destination addresses were unknown'),(49,6,'did not reach the following recipient'),(50,6,'does not exist'),(51,6,'does not like recipient'),(52,6,'does not specify a valid notes mail file'),(53,6,'illegal alias'),(54,6,'invalid (mailbox|(e-?mail )?address|recipient|final delivery)'),(55,6,'invalid( or unknown)?( virtual)? user'),(56,6,'mail delivery to this user is not allowed'),(57,6,'mailbox (not found|unavailable|name not allowed)'),(58,6,'message could not be forwarded'),(59,6,'missing or malformed local(-| )part'),(60,6,'no e-?mail address registered'),(61,6,'no such (mail drop|mailbox( w+)?|(e-?mail )?address|recipient|(local )?user)( here)?'),(62,6,'no mailbox here by that name'),(63,6,'not (listed in|found in directory|known at this site|our customer)'),(64,6,'not a valid( (user|mailbox))?'),(65,6,'not present in directory entry'),(66,6,'recipient (does not exist|(is )?unknown)'),(67,6,'this user doesn\'t have a yahoo.com address'),(68,6,'unavailable to take delivery of the message'),(69,6,'unavailable mailbox'),(70,6,'unknown (local( |-)part|recipient)'),(71,6,'unknown( or illegal)? user( account)?'),(72,6,'unrecognized recipient'),(73,6,'unregistered address'),(74,6,'user (unknown|does not exist)'),(75,6,'user doesn\'t have an? w+ account'),(76,6,'user(\'s e-?mail name is)? not found'),(77,6,'^Validation failed for:'),(78,7,'(mail|routing) loop'),(79,7,'excessive recursion'),(80,7,'loop detected'),(81,7,'maximum hop count exceeded'),(82,7,'message was forwarded more than the maximum allowed times'),(83,7,'too many hops'),(84,8,'(disk|over the allowed|exceed(ed|s)?|storage) quota'),(85,8,'522_mailbox_full'),(86,8,'exceeds allowed message count'),(87,8,'file too large'),(88,8,'full mailbox'),(89,8,'mailbox ((for user w+ )?is )?full'),(90,8,'mailbox has exceeded the limit'),(91,8,'mailbox( exceeds allowed)? size'),(92,8,'no space left for this user'),(93,8,'over\\s?quota'),(94,8,'quota (for the mailbox )?has been exceeded'),(95,8,'quota (usage|violation|exceeded)'),(96,8,'recipient storage full'),(97,8,'not able to receive more mail'),(98,9,'cannot find your hostname'),(99,9,'ip name lookup'),(100,9,'not configured to relay mail'),(101,9,'relay (not permitted|access denied)'),(102,9,'relayed mail to .+? not allowed'),(103,9,'sender ip must resolve'),(104,9,'unable to relay'),(105,10,'(bulk( e-?mail)|content|attachment blocking|virus|mail system) filters?'),(106,10,'(hostile|questionable|unacceptable) content'),(107,10,'address .+? has not been verified'),(108,10,'anti-?spam (policw+|software)'),(109,10,'anti-?virus gateway has detected'),(110,10,'blacklisted'),(111,10,'blocked message'),(112,10,'content control'),(113,10,'delivery not authorized'),(114,10,'does not conform to our e-?mail policy'),(115,10,'excessive spam content'),(116,10,'message looks suspicious'),(117,10,'open relay'),(118,10,'sender was rejected'),(119,10,'spam(check| reduction software| filters?)'),(120,10,'blocked by a user configured filter'),(121,10,'detected as spam'),(122,11,'nonstandard smtp line terminator'),(123,11,'syntax error in from address'),(124,11,'unknown smtp code');
/*!40000 ALTER TABLE `civicrm_mailing_bounce_pattern` ENABLE KEYS */;
UNLOCK TABLES;

--
-- Dumping data for table `civicrm_mailing_bounce_type`
--

LOCK TABLES `civicrm_mailing_bounce_type` WRITE;
/*!40000 ALTER TABLE `civicrm_mailing_bounce_type` DISABLE KEYS */;
INSERT INTO `civicrm_mailing_bounce_type` (`id`, `name`, `description`, `hold_threshold`) VALUES (1,'AOL','AOL Terms of Service complaint',1),(2,'Away','Recipient is on vacation',30),(3,'DNS','Unable to resolve recipient domain',3),(4,'Host','Unable to deliver to destintation mail server',3),(5,'Inactive','User account is no longer active',1),(6,'Invalid','Email address is not valid',1),(7,'Loop','Mail routing error',3),(8,'Quota','User inbox is full',3),(9,'Relay','Unable to reach destination mail server',3),(10,'Spam','Message caught by a content filter',1),(11,'Syntax','Error in SMTP transaction',3);
/*!40000 ALTER TABLE `civicrm_mailing_bounce_type` ENABLE KEYS */;
UNLOCK TABLES;

--
-- Dumping data for table `civicrm_mailing_component`
--

LOCK TABLES `civicrm_mailing_component` WRITE;
/*!40000 ALTER TABLE `civicrm_mailing_component` DISABLE KEYS */;
INSERT INTO `civicrm_mailing_component` (`id`, `name`, `component_type`, `subject`, `body_html`, `body_text`, `is_default`, `is_active`) VALUES (1,'Mailing Header','Header','Descriptive Title for this Header','Sample Header for HTML formatted content.','Sample Header for TEXT formatted content.',1,1),(2,'Mailing Footer','Footer','Descriptive Title for this Footer.','Sample Footer for HTML formatted content<br/><a href=\"{action.optOutUrl}\">Unsubscribe</a>  <br/> {domain.address}','to unsubscribe: {action.optOutUrl}\n{domain.address}',1,1),(3,'Subscribe Message','Subscribe','Subscription Confirmation Request','You have a pending subscription to the {subscribe.group} mailing list. To confirm this subscription, reply to this email or click <a href=\"{subscribe.url}\">here</a>.','You have a pending subscription to the {subscribe.group} mailing list. To confirm this subscription, reply to this email or click on this link: {subscribe.url}',1,1),(4,'Welcome Message','Welcome','Your Subscription has been Activated','Welcome. Your subscription to the {welcome.group} mailing list has been activated.','Welcome. Your subscription to the {welcome.group} mailing list has been activated.',1,1),(5,'Unsubscribe Message','Unsubscribe','Un-subscribe Confirmation','You have been un-subscribed from the following groups: {unsubscribe.group}. You can re-subscribe by mailing {action.resubscribe} or clicking <a href=\"{action.resubscribeUrl}\">here</a>.','You have been un-subscribed from the following groups: {unsubscribe.group}. You can re-subscribe by mailing {action.resubscribe} or clicking %3',1,1),(6,'Resubscribe Message','Resubscribe','Re-subscribe Confirmation','You have been re-subscribed to the following groups: {resubscribe.group}. You can un-subscribe by mailing {action.unsubscribe} or clicking <a href=\"{action.unsubscribeUrl}\">here</a>.','You have been re-subscribed to the following groups: {resubscribe.group}. You can un-subscribe by mailing {action.unsubscribe} or clicking {action.unsubscribeUrl}',1,1),(7,'Opt-out Message','OptOut','Opt-out Confirmation','Your email address has been removed from {domain.name} mailing lists.','Your email address has been removed from {domain.name} mailing lists.',1,1),(8,'Auto-responder','Reply','Please Send Inquiries to Our Contact Email Address','This is an automated reply from an un-attended mailbox. Please send any inquiries to the contact email address listed on our web-site.','This is an automated reply from an un-attended mailbox. Please send any inquiries to the contact email address listed on our web-site.',1,1);
/*!40000 ALTER TABLE `civicrm_mailing_component` ENABLE KEYS */;
UNLOCK TABLES;

--
-- Dumping data for table `civicrm_mailing_event_bounce`
--

LOCK TABLES `civicrm_mailing_event_bounce` WRITE;
/*!40000 ALTER TABLE `civicrm_mailing_event_bounce` DISABLE KEYS */;
/*!40000 ALTER TABLE `civicrm_mailing_event_bounce` ENABLE KEYS */;
UNLOCK TABLES;

--
-- Dumping data for table `civicrm_mailing_event_confirm`
--

LOCK TABLES `civicrm_mailing_event_confirm` WRITE;
/*!40000 ALTER TABLE `civicrm_mailing_event_confirm` DISABLE KEYS */;
/*!40000 ALTER TABLE `civicrm_mailing_event_confirm` ENABLE KEYS */;
UNLOCK TABLES;

--
-- Dumping data for table `civicrm_mailing_event_delivered`
--

LOCK TABLES `civicrm_mailing_event_delivered` WRITE;
/*!40000 ALTER TABLE `civicrm_mailing_event_delivered` DISABLE KEYS */;
/*!40000 ALTER TABLE `civicrm_mailing_event_delivered` ENABLE KEYS */;
UNLOCK TABLES;

--
-- Dumping data for table `civicrm_mailing_event_forward`
--

LOCK TABLES `civicrm_mailing_event_forward` WRITE;
/*!40000 ALTER TABLE `civicrm_mailing_event_forward` DISABLE KEYS */;
/*!40000 ALTER TABLE `civicrm_mailing_event_forward` ENABLE KEYS */;
UNLOCK TABLES;

--
-- Dumping data for table `civicrm_mailing_event_opened`
--

LOCK TABLES `civicrm_mailing_event_opened` WRITE;
/*!40000 ALTER TABLE `civicrm_mailing_event_opened` DISABLE KEYS */;
/*!40000 ALTER TABLE `civicrm_mailing_event_opened` ENABLE KEYS */;
UNLOCK TABLES;

--
-- Dumping data for table `civicrm_mailing_event_queue`
--

LOCK TABLES `civicrm_mailing_event_queue` WRITE;
/*!40000 ALTER TABLE `civicrm_mailing_event_queue` DISABLE KEYS */;
/*!40000 ALTER TABLE `civicrm_mailing_event_queue` ENABLE KEYS */;
UNLOCK TABLES;

--
-- Dumping data for table `civicrm_mailing_event_reply`
--

LOCK TABLES `civicrm_mailing_event_reply` WRITE;
/*!40000 ALTER TABLE `civicrm_mailing_event_reply` DISABLE KEYS */;
/*!40000 ALTER TABLE `civicrm_mailing_event_reply` ENABLE KEYS */;
UNLOCK TABLES;

--
-- Dumping data for table `civicrm_mailing_event_subscribe`
--

LOCK TABLES `civicrm_mailing_event_subscribe` WRITE;
/*!40000 ALTER TABLE `civicrm_mailing_event_subscribe` DISABLE KEYS */;
/*!40000 ALTER TABLE `civicrm_mailing_event_subscribe` ENABLE KEYS */;
UNLOCK TABLES;

--
-- Dumping data for table `civicrm_mailing_event_trackable_url_open`
--

LOCK TABLES `civicrm_mailing_event_trackable_url_open` WRITE;
/*!40000 ALTER TABLE `civicrm_mailing_event_trackable_url_open` DISABLE KEYS */;
/*!40000 ALTER TABLE `civicrm_mailing_event_trackable_url_open` ENABLE KEYS */;
UNLOCK TABLES;

--
-- Dumping data for table `civicrm_mailing_event_unsubscribe`
--

LOCK TABLES `civicrm_mailing_event_unsubscribe` WRITE;
/*!40000 ALTER TABLE `civicrm_mailing_event_unsubscribe` DISABLE KEYS */;
/*!40000 ALTER TABLE `civicrm_mailing_event_unsubscribe` ENABLE KEYS */;
UNLOCK TABLES;

--
-- Dumping data for table `civicrm_mailing_group`
--

LOCK TABLES `civicrm_mailing_group` WRITE;
/*!40000 ALTER TABLE `civicrm_mailing_group` DISABLE KEYS */;
/*!40000 ALTER TABLE `civicrm_mailing_group` ENABLE KEYS */;
UNLOCK TABLES;

--
-- Dumping data for table `civicrm_mailing_job`
--

LOCK TABLES `civicrm_mailing_job` WRITE;
/*!40000 ALTER TABLE `civicrm_mailing_job` DISABLE KEYS */;
/*!40000 ALTER TABLE `civicrm_mailing_job` ENABLE KEYS */;
UNLOCK TABLES;

--
-- Dumping data for table `civicrm_mailing_recipients`
--

LOCK TABLES `civicrm_mailing_recipients` WRITE;
/*!40000 ALTER TABLE `civicrm_mailing_recipients` DISABLE KEYS */;
/*!40000 ALTER TABLE `civicrm_mailing_recipients` ENABLE KEYS */;
UNLOCK TABLES;

--
-- Dumping data for table `civicrm_mailing_spool`
--

LOCK TABLES `civicrm_mailing_spool` WRITE;
/*!40000 ALTER TABLE `civicrm_mailing_spool` DISABLE KEYS */;
/*!40000 ALTER TABLE `civicrm_mailing_spool` ENABLE KEYS */;
UNLOCK TABLES;

--
-- Dumping data for table `civicrm_mailing_trackable_url`
--

LOCK TABLES `civicrm_mailing_trackable_url` WRITE;
/*!40000 ALTER TABLE `civicrm_mailing_trackable_url` DISABLE KEYS */;
/*!40000 ALTER TABLE `civicrm_mailing_trackable_url` ENABLE KEYS */;
UNLOCK TABLES;

--
-- Dumping data for table `civicrm_managed`
--

LOCK TABLES `civicrm_managed` WRITE;
/*!40000 ALTER TABLE `civicrm_managed` DISABLE KEYS */;
/*!40000 ALTER TABLE `civicrm_managed` ENABLE KEYS */;
UNLOCK TABLES;

--
-- Dumping data for table `civicrm_mapping`
--

LOCK TABLES `civicrm_mapping` WRITE;
/*!40000 ALTER TABLE `civicrm_mapping` DISABLE KEYS */;
/*!40000 ALTER TABLE `civicrm_mapping` ENABLE KEYS */;
UNLOCK TABLES;

--
-- Dumping data for table `civicrm_mapping_field`
--

LOCK TABLES `civicrm_mapping_field` WRITE;
/*!40000 ALTER TABLE `civicrm_mapping_field` DISABLE KEYS */;
/*!40000 ALTER TABLE `civicrm_mapping_field` ENABLE KEYS */;
UNLOCK TABLES;

--
-- Dumping data for table `civicrm_membership`
--

LOCK TABLES `civicrm_membership` WRITE;
/*!40000 ALTER TABLE `civicrm_membership` DISABLE KEYS */;
INSERT INTO `civicrm_membership` (`id`, `contact_id`, `membership_type_id`, `join_date`, `start_date`, `end_date`, `source`, `status_id`, `is_override`, `owner_membership_id`, `max_related`, `is_test`, `is_pay_later`, `contribution_recur_id`, `campaign_id`) VALUES (1,196,1,'2012-12-04','2012-12-04','2014-12-03','Donation',1,NULL,NULL,NULL,0,0,NULL,NULL),(2,34,2,'2012-12-03','2012-12-03','2013-12-02','Payment',1,NULL,NULL,NULL,0,0,NULL,NULL),(3,135,1,'2012-12-02','2012-12-02','2014-12-01','Payment',1,NULL,NULL,NULL,0,0,NULL,NULL),(4,30,2,'2012-12-01','2012-12-01','2013-11-30','Donation',1,NULL,NULL,NULL,0,0,NULL,NULL),(5,159,2,'2011-11-30','2011-11-30','2012-11-29','Check',4,NULL,NULL,NULL,0,0,NULL,NULL),(6,54,2,'2012-11-29','2012-11-29','2013-11-28','Payment',1,NULL,NULL,NULL,0,0,NULL,NULL),(7,67,1,'2012-11-28','2012-11-28','2014-11-27','Check',1,NULL,NULL,NULL,0,0,NULL,NULL),(8,17,2,'2012-11-27','2012-11-27','2013-11-26','Donation',1,NULL,NULL,NULL,0,0,NULL,NULL),(9,79,1,'2012-11-26','2012-11-26','2014-11-25','Payment',1,NULL,NULL,NULL,0,0,NULL,NULL),(10,48,1,'2010-09-23','2010-09-23','2012-09-22','Payment',3,NULL,NULL,NULL,0,0,NULL,NULL),(11,16,3,'2012-11-24','2012-11-24',NULL,'Donation',1,NULL,NULL,NULL,0,0,NULL,NULL),(12,176,2,'2012-11-23','2012-11-23','2013-11-22','Payment',1,NULL,NULL,NULL,0,0,NULL,NULL),(13,22,1,'2012-11-22','2012-11-22','2014-11-21','Donation',1,NULL,NULL,NULL,0,0,NULL,NULL),(14,42,2,'2012-11-21','2012-11-21','2013-11-20','Payment',1,NULL,NULL,NULL,0,0,NULL,NULL),(15,120,1,'2010-08-14','2010-08-14','2012-08-13','Donation',3,NULL,NULL,NULL,0,0,NULL,NULL),(16,51,2,'2012-11-19','2012-11-19','2013-11-18','Payment',1,NULL,NULL,NULL,0,0,NULL,NULL),(17,28,1,'2012-11-18','2012-11-18','2014-11-17','Payment',1,NULL,NULL,NULL,0,0,NULL,NULL),(18,101,2,'2012-11-17','2012-11-17','2013-11-16','Check',1,NULL,NULL,NULL,0,0,NULL,NULL),(19,43,1,'2012-11-16','2012-11-16','2014-11-15','Donation',1,NULL,NULL,NULL,0,0,NULL,NULL),(20,183,2,'2011-11-15','2011-11-15','2012-11-14','Donation',4,NULL,NULL,NULL,0,0,NULL,NULL),(21,37,1,'2012-11-14','2012-11-14','2014-11-13','Check',1,NULL,NULL,NULL,0,0,NULL,NULL),(22,46,3,'2012-11-13','2012-11-13',NULL,'Check',1,NULL,NULL,NULL,0,0,NULL,NULL),(23,97,1,'2012-11-12','2012-11-12','2014-11-11','Donation',1,NULL,NULL,NULL,0,0,NULL,NULL),(24,102,2,'2012-11-11','2012-11-11','2013-11-10','Payment',1,NULL,NULL,NULL,0,0,NULL,NULL),(25,174,1,'2010-05-26','2010-05-26','2012-05-25','Check',3,NULL,NULL,NULL,0,0,NULL,NULL),(26,141,2,'2012-11-09','2012-11-09','2013-11-08','Donation',1,NULL,NULL,NULL,0,0,NULL,NULL),(27,108,1,'2012-11-08','2012-11-08','2014-11-07','Donation',1,NULL,NULL,NULL,0,0,NULL,NULL),(28,131,2,'2012-11-07','2012-11-07','2013-11-06','Check',1,NULL,NULL,NULL,0,0,NULL,NULL),(29,153,1,'2012-11-06','2012-11-06','2014-11-05','Check',1,NULL,NULL,NULL,0,0,NULL,NULL),(30,169,1,'2010-04-16','2010-04-16','2012-04-15','Check',3,NULL,NULL,NULL,0,0,NULL,NULL);
/*!40000 ALTER TABLE `civicrm_membership` ENABLE KEYS */;
UNLOCK TABLES;

--
-- Dumping data for table `civicrm_membership_block`
--

LOCK TABLES `civicrm_membership_block` WRITE;
/*!40000 ALTER TABLE `civicrm_membership_block` DISABLE KEYS */;
INSERT INTO `civicrm_membership_block` (`id`, `entity_table`, `entity_id`, `membership_types`, `membership_type_default`, `display_min_fee`, `is_separate_payment`, `new_title`, `new_text`, `renewal_title`, `renewal_text`, `is_required`, `is_active`) VALUES (1,'civicrm_contribution_page',2,'a:2:{i:1;i:0;i:2;i:0;}',1,1,0,'Membership Levels','Please select the appropriate membership level below. You will have a chance to review your selection and the corresponding dues on the next page prior to your credit card being charged.','Renew or Upgrade Your Membership','Information on your current membership level and expiration date is shown below. You may renew or upgrade at any time - but don\'t let your membership lapse!',1,1);
/*!40000 ALTER TABLE `civicrm_membership_block` ENABLE KEYS */;
UNLOCK TABLES;

--
-- Dumping data for table `civicrm_membership_log`
--

LOCK TABLES `civicrm_membership_log` WRITE;
/*!40000 ALTER TABLE `civicrm_membership_log` DISABLE KEYS */;
INSERT INTO `civicrm_membership_log` (`id`, `membership_id`, `status_id`, `start_date`, `end_date`, `modified_id`, `modified_date`, `membership_type_id`, `max_related`) VALUES (1,1,1,'2012-12-04','2014-12-03',196,'2012-12-04',1,NULL),(2,2,1,'2012-12-03','2013-12-02',34,'2012-12-04',2,NULL),(3,3,1,'2012-12-02','2014-12-01',135,'2012-12-04',1,NULL),(4,4,1,'2012-12-01','2013-11-30',30,'2012-12-04',2,NULL),(5,5,4,'2011-11-30','2012-11-29',159,'2012-12-04',2,NULL),(6,6,1,'2012-11-29','2013-11-28',54,'2012-12-04',2,NULL),(7,7,1,'2012-11-28','2014-11-27',67,'2012-12-04',1,NULL),(8,8,1,'2012-11-27','2013-11-26',17,'2012-12-04',2,NULL),(9,9,1,'2012-11-26','2014-11-25',79,'2012-12-04',1,NULL),(10,10,3,'2010-09-23','2012-09-22',48,'2012-12-04',1,NULL),(11,11,1,'2012-11-24',NULL,16,'2012-12-04',3,NULL),(12,12,1,'2012-11-23','2013-11-22',176,'2012-12-04',2,NULL),(13,13,1,'2012-11-22','2014-11-21',22,'2012-12-04',1,NULL),(14,14,1,'2012-11-21','2013-11-20',42,'2012-12-04',2,NULL),(15,15,3,'2010-08-14','2012-08-13',120,'2012-12-04',1,NULL),(16,16,1,'2012-11-19','2013-11-18',51,'2012-12-04',2,NULL),(17,17,1,'2012-11-18','2014-11-17',28,'2012-12-04',1,NULL),(18,18,1,'2012-11-17','2013-11-16',101,'2012-12-04',2,NULL),(19,19,1,'2012-11-16','2014-11-15',43,'2012-12-04',1,NULL),(20,20,4,'2011-11-15','2012-11-14',183,'2012-12-04',2,NULL),(21,21,1,'2012-11-14','2014-11-13',37,'2012-12-04',1,NULL),(22,22,1,'2012-11-13',NULL,46,'2012-12-04',3,NULL),(23,23,1,'2012-11-12','2014-11-11',97,'2012-12-04',1,NULL),(24,24,1,'2012-11-11','2013-11-10',102,'2012-12-04',2,NULL),(25,25,3,'2010-05-26','2012-05-25',174,'2012-12-04',1,NULL),(26,26,1,'2012-11-09','2013-11-08',141,'2012-12-04',2,NULL),(27,27,1,'2012-11-08','2014-11-07',108,'2012-12-04',1,NULL),(28,28,1,'2012-11-07','2013-11-06',131,'2012-12-04',2,NULL),(29,29,1,'2012-11-06','2014-11-05',153,'2012-12-04',1,NULL),(30,30,3,'2010-04-16','2012-04-15',169,'2012-12-04',1,NULL);
/*!40000 ALTER TABLE `civicrm_membership_log` ENABLE KEYS */;
UNLOCK TABLES;

--
-- Dumping data for table `civicrm_membership_payment`
--

LOCK TABLES `civicrm_membership_payment` WRITE;
/*!40000 ALTER TABLE `civicrm_membership_payment` DISABLE KEYS */;
INSERT INTO `civicrm_membership_payment` (`id`, `membership_id`, `contribution_id`) VALUES (1,1,14),(2,2,15),(3,3,16),(4,4,17),(5,5,18),(6,6,19),(7,7,20),(8,8,21),(9,9,22),(10,10,23),(11,11,24),(12,12,25),(13,13,26),(14,14,27),(15,15,28),(16,16,29),(17,17,30),(18,18,31),(19,19,32),(20,20,33),(21,21,34),(22,22,35),(23,23,36),(24,24,37),(25,25,38),(26,26,39),(27,27,40),(28,28,41),(29,29,42),(30,30,43);
/*!40000 ALTER TABLE `civicrm_membership_payment` ENABLE KEYS */;
UNLOCK TABLES;

--
-- Dumping data for table `civicrm_membership_status`
--

LOCK TABLES `civicrm_membership_status` WRITE;
/*!40000 ALTER TABLE `civicrm_membership_status` DISABLE KEYS */;
INSERT INTO `civicrm_membership_status` (`id`, `name`, `label`, `start_event`, `start_event_adjust_unit`, `start_event_adjust_interval`, `end_event`, `end_event_adjust_unit`, `end_event_adjust_interval`, `is_current_member`, `is_admin`, `weight`, `is_default`, `is_active`, `is_reserved`) VALUES (1,'New','New','join_date',NULL,NULL,'join_date','month',3,1,0,1,0,1,0),(2,'Current','Current','start_date',NULL,NULL,'end_date',NULL,NULL,1,0,2,1,1,0),(3,'Grace','Grace','end_date',NULL,NULL,'end_date','month',1,1,0,3,0,1,0),(4,'Expired','Expired','end_date','month',1,NULL,NULL,NULL,0,0,4,0,1,0),(5,'Pending','Pending','join_date',NULL,NULL,'join_date',NULL,NULL,0,0,5,0,1,1),(6,'Cancelled','Cancelled','join_date',NULL,NULL,'join_date',NULL,NULL,0,0,6,0,1,0),(7,'Deceased','Deceased',NULL,NULL,NULL,NULL,NULL,NULL,0,1,7,0,1,1);
/*!40000 ALTER TABLE `civicrm_membership_status` ENABLE KEYS */;
UNLOCK TABLES;

--
-- Dumping data for table `civicrm_membership_type`
--

LOCK TABLES `civicrm_membership_type` WRITE;
/*!40000 ALTER TABLE `civicrm_membership_type` DISABLE KEYS */;
INSERT INTO `civicrm_membership_type` (`id`, `domain_id`, `name`, `description`, `member_of_contact_id`, `financial_type_id`, `minimum_fee`, `duration_unit`, `duration_interval`, `period_type`, `fixed_period_start_day`, `fixed_period_rollover_day`, `relationship_type_id`, `relationship_direction`, `max_related`, `visibility`, `weight`, `receipt_text_signup`, `receipt_text_renewal`, `auto_renew`, `is_active`) VALUES (1,1,'General','Regular annual membership.',1,2,'100.00','year',2,'rolling',NULL,NULL,'7','b_a',NULL,'Public',1,NULL,NULL,0,1),(2,1,'Student','Discount membership for full-time students.',1,1,'50.00','year',1,'rolling',NULL,NULL,NULL,NULL,NULL,'Public',2,NULL,NULL,0,1),(3,1,'Lifetime','Lifetime membership.',1,2,'1200.00','lifetime',1,'rolling',NULL,NULL,'7','b_a',NULL,'Admin',3,NULL,NULL,0,1);
/*!40000 ALTER TABLE `civicrm_membership_type` ENABLE KEYS */;
UNLOCK TABLES;

--
-- Dumping data for table `civicrm_menu`
--

LOCK TABLES `civicrm_menu` WRITE;
/*!40000 ALTER TABLE `civicrm_menu` DISABLE KEYS */;
/*!40000 ALTER TABLE `civicrm_menu` ENABLE KEYS */;
UNLOCK TABLES;

--
-- Dumping data for table `civicrm_msg_template`
--

LOCK TABLES `civicrm_msg_template` WRITE;
/*!40000 ALTER TABLE `civicrm_msg_template` DISABLE KEYS */;
INSERT INTO `civicrm_msg_template` (`id`, `msg_title`, `msg_subject`, `msg_text`, `msg_html`, `is_active`, `workflow_id`, `is_default`, `is_reserved`, `pdf_format_id`) VALUES (1,'Cases - Send Copy of an Activity','{if $idHash}[case #{$idHash}]{/if} {$activitySubject}\n','===========================================================\n{ts}Activity Summary{/ts} - {$activityTypeName}\n===========================================================\n{if $isCaseActivity}\n{ts}Your Case Role(s){/ts} : {$contact.role}\n{if $manageCaseURL}\n{ts}Manage Case{/ts} : {$manageCaseURL}\n{/if}\n{/if}\n\n{if $editActURL}\n{ts}Edit this Activity{/ts} : {$editActURL}\n{/if}\n{if $viewActURL}\n{ts}View this Activity{/ts} : {$viewActURL}\n{/if}\n\n{foreach from=$activity.fields item=field}\n{if $field.type eq \'Date\'}\n{$field.label}{if $field.category}({$field.category}){/if} : {$field.value|crmDate:$config->dateformatDatetime}\n{else}\n{$field.label}{if $field.category}({$field.category}){/if} : {$field.value}\n{/if}\n{/foreach}\n\n{foreach from=$activity.customGroups key=customGroupName item=customGroup}\n==========================================================\n{$customGroupName}\n==========================================================\n{foreach from=$customGroup item=field}\n{if $field.type eq \'Date\'}\n{$field.label} : {$field.value|crmDate:$config->dateformatDatetime}\n{else}\n{$field.label} : {$field.value}\n{/if}\n{/foreach}\n\n{/foreach}\n','<!DOCTYPE html PUBLIC \"-//W3C//DTD XHTML 1.0 Transitional//EN\" \"http://www.w3.org/TR/xhtml1/DTD/xhtml1-transitional.dtd\">\n<html xmlns=\"http://www.w3.org/1999/xhtml\">\n<head>\n <meta http-equiv=\"Content-Type\" content=\"text/html; charset=UTF-8\" />\n <title></title>\n</head>\n<body>\n\n{capture assign=headerStyle}colspan=\"2\" style=\"text-align: left; padding: 4px; border-bottom: 1px solid #999; background-color: #eee;\"{/capture}\n{capture assign=labelStyle }style=\"padding: 4px; border-bottom: 1px solid #999; background-color: #f7f7f7;\"{/capture}\n{capture assign=valueStyle }style=\"padding: 4px; border-bottom: 1px solid #999;\"{/capture}\n\n<center>\n <table width=\"620\" border=\"0\" cellpadding=\"0\" cellspacing=\"0\" id=\"crm-event_receipt\" style=\"font-family: Arial, Verdana, sans-serif; text-align: left;\">\n\n  <!-- BEGIN HEADER -->\n  <!-- You can add table row(s) here with logo or other header elements -->\n  <!-- END HEADER -->\n\n  <!-- BEGIN CONTENT -->\n\n  <tr>\n   <td>\n    <table style=\"border: 1px solid #999; margin: 1em 0em 1em; border-collapse: collapse; width:100%;\">\n     <tr>\n      <th {$headerStyle}>\n       {ts}Activity Summary{/ts} - {$activityTypeName}\n      </th>\n     </tr>\n     {if $isCaseActivity}\n      <tr>\n       <td {$labelStyle}>\n        {ts}Your Case Role(s){/ts}\n       </td>\n       <td {$valueStyle}>\n        {$contact.role}\n       </td>\n      </tr>\n      {if $manageCaseURL}\n       <tr>\n       <td colspan=\"2\" {$valueStyle}>\n	   <a href=\"{$manageCaseURL}\" title=\"{ts}Manage Case{/ts}\">{ts}Manage Case{/ts}</a>\n       </td>\n       </tr>\n      {/if}\n     {/if}\n     {if $editActURL} \n     <tr>\n       <td colspan=\"2\" {$valueStyle}>\n	 <a href=\"{$editActURL}\" title=\"{ts}Edit this activity{/ts}\">{ts}Edit this activity{/ts}</a>\n       </td>\n     </tr>\n     {/if}\n     {if $viewActURL}\n     <tr>\n       <td colspan=\"2\" {$valueStyle}>\n	 <a href=\"{$viewActURL}\" title=\"{ts}View this activity{/ts}\">{ts}View this activity{/ts}</a>\n       </td>\n     </tr>	\n     {/if} \n     {foreach from=$activity.fields item=field}\n      <tr>\n       <td {$labelStyle}>\n        {$field.label}{if $field.category}({$field.category}){/if}\n       </td>\n       <td {$valueStyle}>\n        {if $field.type eq \'Date\'}\n         {$field.value|crmDate:$config->dateformatDatetime}\n        {else}\n         {$field.value}\n        {/if}\n       </td>\n      </tr>\n     {/foreach}\n\n     {foreach from=$activity.customGroups key=customGroupName item=customGroup}\n      <tr>\n       <th {$headerStyle}>\n        {$customGroupName}\n       </th>\n      </tr>\n      {foreach from=$customGroup item=field}\n       <tr>\n        <td {$labelStyle}>\n         {$field.label}\n        </td>\n        <td {$valueStyle}>\n         {if $field.type eq \'Date\'}\n          {$field.value|crmDate:$config->dateformatDatetime}\n         {else}\n          {$field.value}\n         {/if}\n        </td>\n       </tr>\n      {/foreach}\n     {/foreach}\n    </table>\n   </td>\n  </tr>\n </table>\n</center>\n\n</body>\n</html>\n',1,686,1,0,NULL),(2,'Cases - Send Copy of an Activity','{if $idHash}[case #{$idHash}]{/if} {$activitySubject}\n','===========================================================\n{ts}Activity Summary{/ts} - {$activityTypeName}\n===========================================================\n{if $isCaseActivity}\n{ts}Your Case Role(s){/ts} : {$contact.role}\n{if $manageCaseURL}\n{ts}Manage Case{/ts} : {$manageCaseURL}\n{/if}\n{/if}\n\n{if $editActURL}\n{ts}Edit this Activity{/ts} : {$editActURL}\n{/if}\n{if $viewActURL}\n{ts}View this Activity{/ts} : {$viewActURL}\n{/if}\n\n{foreach from=$activity.fields item=field}\n{if $field.type eq \'Date\'}\n{$field.label}{if $field.category}({$field.category}){/if} : {$field.value|crmDate:$config->dateformatDatetime}\n{else}\n{$field.label}{if $field.category}({$field.category}){/if} : {$field.value}\n{/if}\n{/foreach}\n\n{foreach from=$activity.customGroups key=customGroupName item=customGroup}\n==========================================================\n{$customGroupName}\n==========================================================\n{foreach from=$customGroup item=field}\n{if $field.type eq \'Date\'}\n{$field.label} : {$field.value|crmDate:$config->dateformatDatetime}\n{else}\n{$field.label} : {$field.value}\n{/if}\n{/foreach}\n\n{/foreach}\n','<!DOCTYPE html PUBLIC \"-//W3C//DTD XHTML 1.0 Transitional//EN\" \"http://www.w3.org/TR/xhtml1/DTD/xhtml1-transitional.dtd\">\n<html xmlns=\"http://www.w3.org/1999/xhtml\">\n<head>\n <meta http-equiv=\"Content-Type\" content=\"text/html; charset=UTF-8\" />\n <title></title>\n</head>\n<body>\n\n{capture assign=headerStyle}colspan=\"2\" style=\"text-align: left; padding: 4px; border-bottom: 1px solid #999; background-color: #eee;\"{/capture}\n{capture assign=labelStyle }style=\"padding: 4px; border-bottom: 1px solid #999; background-color: #f7f7f7;\"{/capture}\n{capture assign=valueStyle }style=\"padding: 4px; border-bottom: 1px solid #999;\"{/capture}\n\n<center>\n <table width=\"620\" border=\"0\" cellpadding=\"0\" cellspacing=\"0\" id=\"crm-event_receipt\" style=\"font-family: Arial, Verdana, sans-serif; text-align: left;\">\n\n  <!-- BEGIN HEADER -->\n  <!-- You can add table row(s) here with logo or other header elements -->\n  <!-- END HEADER -->\n\n  <!-- BEGIN CONTENT -->\n\n  <tr>\n   <td>\n    <table style=\"border: 1px solid #999; margin: 1em 0em 1em; border-collapse: collapse; width:100%;\">\n     <tr>\n      <th {$headerStyle}>\n       {ts}Activity Summary{/ts} - {$activityTypeName}\n      </th>\n     </tr>\n     {if $isCaseActivity}\n      <tr>\n       <td {$labelStyle}>\n        {ts}Your Case Role(s){/ts}\n       </td>\n       <td {$valueStyle}>\n        {$contact.role}\n       </td>\n      </tr>\n      {if $manageCaseURL}\n       <tr>\n       <td colspan=\"2\" {$valueStyle}>\n	   <a href=\"{$manageCaseURL}\" title=\"{ts}Manage Case{/ts}\">{ts}Manage Case{/ts}</a>\n       </td>\n       </tr>\n      {/if}\n     {/if}\n     {if $editActURL} \n     <tr>\n       <td colspan=\"2\" {$valueStyle}>\n	 <a href=\"{$editActURL}\" title=\"{ts}Edit this activity{/ts}\">{ts}Edit this activity{/ts}</a>\n       </td>\n     </tr>\n     {/if}\n     {if $viewActURL}\n     <tr>\n       <td colspan=\"2\" {$valueStyle}>\n	 <a href=\"{$viewActURL}\" title=\"{ts}View this activity{/ts}\">{ts}View this activity{/ts}</a>\n       </td>\n     </tr>	\n     {/if} \n     {foreach from=$activity.fields item=field}\n      <tr>\n       <td {$labelStyle}>\n        {$field.label}{if $field.category}({$field.category}){/if}\n       </td>\n       <td {$valueStyle}>\n        {if $field.type eq \'Date\'}\n         {$field.value|crmDate:$config->dateformatDatetime}\n        {else}\n         {$field.value}\n        {/if}\n       </td>\n      </tr>\n     {/foreach}\n\n     {foreach from=$activity.customGroups key=customGroupName item=customGroup}\n      <tr>\n       <th {$headerStyle}>\n        {$customGroupName}\n       </th>\n      </tr>\n      {foreach from=$customGroup item=field}\n       <tr>\n        <td {$labelStyle}>\n         {$field.label}\n        </td>\n        <td {$valueStyle}>\n         {if $field.type eq \'Date\'}\n          {$field.value|crmDate:$config->dateformatDatetime}\n         {else}\n          {$field.value}\n         {/if}\n        </td>\n       </tr>\n      {/foreach}\n     {/foreach}\n    </table>\n   </td>\n  </tr>\n </table>\n</center>\n\n</body>\n</html>\n',1,686,0,1,NULL),(3,'Contributions - Duplicate Organization Alert','{ts}CiviContribute Alert: Possible Duplicate Contact Record{/ts}\n','{ts}A contribution / membership signup was made on behalf of the organization listed below.{/ts}\n{ts}The information provided matched multiple existing database records based on the configured\nDuplicate Matching Rules for your site.{/ts}\n\n{ts}Organization Name{/ts}: {$onBehalfName}\n{ts}Organization Email{/ts}: {$onBehalfEmail}\n{ts}Organization Contact Id{/ts}: {$onBehalfID}\n\n{ts}If you think this may be a duplicate contact which should be merged with an existing record -\nGo to \"CiviCRM >> Administer CiviCRM >> Find and Merge Duplicate Contacts\". Use the strict\nrule for Organizations to find the potential duplicates and merge them if appropriate.{/ts}\n\n{if $receiptMessage}\n###########################################################\n{ts}Copy of Contribution Receipt{/ts}\n\n###########################################################\n{$receiptMessage}\n\n{/if}\n','<!DOCTYPE html PUBLIC \"-//W3C//DTD XHTML 1.0 Transitional//EN\" \"http://www.w3.org/TR/xhtml1/DTD/xhtml1-transitional.dtd\">\n<html xmlns=\"http://www.w3.org/1999/xhtml\">\n<head>\n <meta http-equiv=\"Content-Type\" content=\"text/html; charset=UTF-8\" />\n <title></title>\n</head>\n<body>\n\n{capture assign=headerStyle}colspan=\"2\" style=\"text-align: left; padding: 4px; border-bottom: 1px solid #999; background-color: #eee;\"{/capture}\n{capture assign=labelStyle }style=\"padding: 4px; border-bottom: 1px solid #999; background-color: #f7f7f7;\"{/capture}\n{capture assign=valueStyle }style=\"padding: 4px; border-bottom: 1px solid #999;\"{/capture}\n\n<center>\n <table width=\"620\" border=\"0\" cellpadding=\"0\" cellspacing=\"0\" id=\"crm-event_receipt\" style=\"font-family: Arial, Verdana, sans-serif; text-align: left;\">\n\n  <!-- BEGIN HEADER -->\n  <!-- You can add table row(s) here with logo or other header elements -->\n  <!-- END HEADER -->\n\n  <!-- BEGIN CONTENT -->\n\n  <tr>\n   <td>\n    <p>{ts}A contribution / membership signup was made on behalf of the organization listed below.{/ts}</p>\n    <p>{ts}The information provided matched multiple existing database records based on the configured\nDuplicate Matching Rules for your site.{/ts}</p>\n   </td>\n  </tr>\n  <tr>\n   <td>\n    <table style=\"border: 1px solid #999; margin: 1em 0em 1em; border-collapse: collapse; width:100%;\">\n     <tr>\n      <td {$labelStyle}>\n       {ts}Organization Name{/ts}\n      </td>\n      <td {$valueStyle}>\n       {$onBehalfName}\n      </td>\n     </tr>\n     <tr>\n      <td {$labelStyle}>\n       {ts}Organization Email{/ts}\n      </td>\n      <td {$valueStyle}>\n       {$onBehalfEmail}\n      </td>\n     </tr>\n     <tr>\n      <td {$labelStyle}>\n       {ts}Organization Contact Id{/ts}\n      </td>\n      <td {$valueStyle}>\n       {$onBehalfID}\n      </td>\n     </tr>\n    </table>\n   </td>\n  </tr>\n  <tr>\n   <td>\n    <p>{ts}If you think this may be a duplicate contact which should be merged with an existing record -\nGo to \"CiviCRM >> Administer CiviCRM >> Find and Merge Duplicate Contacts\". Use the strict\nrule for Organizations to find the potential duplicates and merge them if appropriate.{/ts}</p>\n   </td>\n  </tr>\n  {if $receiptMessage}\n   <tr>\n    <td>\n     <table style=\"border: 1px solid #999; margin: 1em 0em 1em; border-collapse: collapse; width:100%;\">\n      <tr>\n       <th {$headerStyle}>\n        {ts}Copy of Contribution Receipt{/ts}\n       </th>\n      </tr>\n      <tr>\n       <td colspan=\"2\" {$valueStyle}>\n        {* FIXME: the below is most probably not HTML-ised *}\n        {$receiptMessage}\n       </td>\n      </tr>\n     </table>\n    </td>\n   </tr>\n  {/if}\n </table>\n</center>\n\n</body>\n</html>\n',1,687,1,0,NULL),(4,'Contributions - Duplicate Organization Alert','{ts}CiviContribute Alert: Possible Duplicate Contact Record{/ts}\n','{ts}A contribution / membership signup was made on behalf of the organization listed below.{/ts}\n{ts}The information provided matched multiple existing database records based on the configured\nDuplicate Matching Rules for your site.{/ts}\n\n{ts}Organization Name{/ts}: {$onBehalfName}\n{ts}Organization Email{/ts}: {$onBehalfEmail}\n{ts}Organization Contact Id{/ts}: {$onBehalfID}\n\n{ts}If you think this may be a duplicate contact which should be merged with an existing record -\nGo to \"CiviCRM >> Administer CiviCRM >> Find and Merge Duplicate Contacts\". Use the strict\nrule for Organizations to find the potential duplicates and merge them if appropriate.{/ts}\n\n{if $receiptMessage}\n###########################################################\n{ts}Copy of Contribution Receipt{/ts}\n\n###########################################################\n{$receiptMessage}\n\n{/if}\n','<!DOCTYPE html PUBLIC \"-//W3C//DTD XHTML 1.0 Transitional//EN\" \"http://www.w3.org/TR/xhtml1/DTD/xhtml1-transitional.dtd\">\n<html xmlns=\"http://www.w3.org/1999/xhtml\">\n<head>\n <meta http-equiv=\"Content-Type\" content=\"text/html; charset=UTF-8\" />\n <title></title>\n</head>\n<body>\n\n{capture assign=headerStyle}colspan=\"2\" style=\"text-align: left; padding: 4px; border-bottom: 1px solid #999; background-color: #eee;\"{/capture}\n{capture assign=labelStyle }style=\"padding: 4px; border-bottom: 1px solid #999; background-color: #f7f7f7;\"{/capture}\n{capture assign=valueStyle }style=\"padding: 4px; border-bottom: 1px solid #999;\"{/capture}\n\n<center>\n <table width=\"620\" border=\"0\" cellpadding=\"0\" cellspacing=\"0\" id=\"crm-event_receipt\" style=\"font-family: Arial, Verdana, sans-serif; text-align: left;\">\n\n  <!-- BEGIN HEADER -->\n  <!-- You can add table row(s) here with logo or other header elements -->\n  <!-- END HEADER -->\n\n  <!-- BEGIN CONTENT -->\n\n  <tr>\n   <td>\n    <p>{ts}A contribution / membership signup was made on behalf of the organization listed below.{/ts}</p>\n    <p>{ts}The information provided matched multiple existing database records based on the configured\nDuplicate Matching Rules for your site.{/ts}</p>\n   </td>\n  </tr>\n  <tr>\n   <td>\n    <table style=\"border: 1px solid #999; margin: 1em 0em 1em; border-collapse: collapse; width:100%;\">\n     <tr>\n      <td {$labelStyle}>\n       {ts}Organization Name{/ts}\n      </td>\n      <td {$valueStyle}>\n       {$onBehalfName}\n      </td>\n     </tr>\n     <tr>\n      <td {$labelStyle}>\n       {ts}Organization Email{/ts}\n      </td>\n      <td {$valueStyle}>\n       {$onBehalfEmail}\n      </td>\n     </tr>\n     <tr>\n      <td {$labelStyle}>\n       {ts}Organization Contact Id{/ts}\n      </td>\n      <td {$valueStyle}>\n       {$onBehalfID}\n      </td>\n     </tr>\n    </table>\n   </td>\n  </tr>\n  <tr>\n   <td>\n    <p>{ts}If you think this may be a duplicate contact which should be merged with an existing record -\nGo to \"CiviCRM >> Administer CiviCRM >> Find and Merge Duplicate Contacts\". Use the strict\nrule for Organizations to find the potential duplicates and merge them if appropriate.{/ts}</p>\n   </td>\n  </tr>\n  {if $receiptMessage}\n   <tr>\n    <td>\n     <table style=\"border: 1px solid #999; margin: 1em 0em 1em; border-collapse: collapse; width:100%;\">\n      <tr>\n       <th {$headerStyle}>\n        {ts}Copy of Contribution Receipt{/ts}\n       </th>\n      </tr>\n      <tr>\n       <td colspan=\"2\" {$valueStyle}>\n        {* FIXME: the below is most probably not HTML-ised *}\n        {$receiptMessage}\n       </td>\n      </tr>\n     </table>\n    </td>\n   </tr>\n  {/if}\n </table>\n</center>\n\n</body>\n</html>\n',1,687,0,1,NULL),(5,'Contributions - Receipt (off-line)','{ts}Contribution Receipt{/ts}\n','{if $formValues.receipt_text}\n{$formValues.receipt_text}\n{else}{ts}Thanks for your support.{/ts}{/if}\n\n{ts}Please print this receipt for your records.{/ts}\n\n\n===========================================================\n{ts}Contribution Information{/ts}\n\n===========================================================\n{ts}Financial Type{/ts}: {$formValues.contributionType_name}\n{if $lineItem}\n{foreach from=$lineItem item=value key=priceset}\n---------------------------------------------------------\n{capture assign=ts_item}{ts}Item{/ts}{/capture}\n{capture assign=ts_qty}{ts}Qty{/ts}{/capture}\n{capture assign=ts_each}{ts}Each{/ts}{/capture}\n{capture assign=ts_total}{ts}Total{/ts}{/capture}\n{$ts_item|string_format:\"%-30s\"} {$ts_qty|string_format:\"%5s\"} {$ts_each|string_format:\"%10s\"} {$ts_total|string_format:\"%10s\"}\n----------------------------------------------------------\n{foreach from=$value item=line}\n{capture assign=ts_item}{if $line.html_type eq \'Text\'}{$line.label}{else}{$line.field_title} - {$line.label}{/if} {if $line.description} {$line.description}{/if}{/capture}{$ts_item|truncate:30:\"...\"|string_format:\"%-30s\"} {$line.qty|string_format:\"%5s\"} {$line.unit_price|crmMoney:$currency|string_format:\"%10s\"} {$line.line_total|crmMoney:$currency|string_format:\"%10s\"}\n{/foreach}\n{/foreach}\n{/if}\n\n{ts}Total Amount{/ts}: {$formValues.total_amount|crmMoney:$currency}\n{if $receive_date}\n{ts}Received Date{/ts}: {$receive_date|truncate:10:\'\'|crmDate}\n{/if}\n{if $receipt_date}\n{ts}Receipt Date{/ts}: {$receipt_date|truncate:10:\'\'|crmDate}\n{/if}\n{if $formValues.paidBy and !$formValues.hidden_CreditCard}\n{ts}Paid By{/ts}: {$formValues.paidBy}\n{if $formValues.check_number}\n{ts}Check Number{/ts}: {$formValues.check_number}\n{/if}\n{/if}\n{if $formValues.trxn_id}\n{ts}Transaction ID{/ts}: {$formValues.trxn_id}\n{/if}\n\n{if $ccContribution}\n===========================================================\n{ts}Billing Name and Address{/ts}\n\n===========================================================\n{$billingName}\n{$address}\n\n===========================================================\n{ts}Credit Card Information{/ts}\n\n===========================================================\n{$credit_card_type}\n{$credit_card_number}\n{ts}Expires{/ts}: {$credit_card_exp_date|truncate:7:\'\'|crmDate}\n{/if}\n{if $customGroup}\n{foreach from=$customGroup item=value key=customName}\n===========================================================\n{$customName}\n===========================================================\n{foreach from=$value item=v key=n}\n{$n}: {$v}\n{/foreach}\n{/foreach}\n{/if}\n{if $formValues.honor_first_name}\n\n===========================================================\n{$formValues.honor_type}\n===========================================================\n{$formValues.honor_prefix} {$formValues.honor_first_name} {$formValues.honor_last_name}\n{if $formValues.honor_email}\n{ts}Honoree Email{/ts}: {$formValues.honor_email}\n{/if}\n{/if}\n\n{if $formValues.product_name}\n===========================================================\n{ts}Premium Information{/ts}\n\n===========================================================\n{$formValues.product_name}\n{if $formValues.product_option}\n{ts}Option{/ts}: {$formValues.product_option}\n{/if}\n{if $formValues.product_sku}\n{ts}SKU{/ts}: {$formValues.product_sku}\n{/if}\n{if $fulfilled_date}\n{ts}Sent{/ts}: {$fulfilled_date|crmDate}\n{/if}\n{/if}\n','<!DOCTYPE html PUBLIC \"-//W3C//DTD XHTML 1.0 Transitional//EN\" \"http://www.w3.org/TR/xhtml1/DTD/xhtml1-transitional.dtd\">\n<html xmlns=\"http://www.w3.org/1999/xhtml\">\n<head>\n <meta http-equiv=\"Content-Type\" content=\"text/html; charset=UTF-8\" />\n <title></title>\n</head>\n<body>\n\n{capture assign=headerStyle}colspan=\"2\" style=\"text-align: left; padding: 4px; border-bottom: 1px solid #999; background-color: #eee;\"{/capture}\n{capture assign=labelStyle }style=\"padding: 4px; border-bottom: 1px solid #999; background-color: #f7f7f7;\"{/capture}\n{capture assign=valueStyle }style=\"padding: 4px; border-bottom: 1px solid #999;\"{/capture}\n\n<center>\n <table width=\"620\" border=\"0\" cellpadding=\"0\" cellspacing=\"0\" id=\"crm-event_receipt\" style=\"font-family: Arial, Verdana, sans-serif; text-align: left;\">\n\n  <!-- BEGIN HEADER -->\n  <!-- You can add table row(s) here with logo or other header elements -->\n  <!-- END HEADER -->\n\n  <!-- BEGIN CONTENT -->\n\n  <tr>\n   <td>\n\n    {if $formValues.receipt_text}\n     <p>{$formValues.receipt_text|htmlize}</p>\n    {else}\n     <p>{ts}Thanks for your support.{/ts}</p>\n    {/if}\n\n    <p>{ts}Please print this receipt for your records.{/ts}</p>\n\n   </td>\n  </tr>\n  <tr>\n   <td>\n    <table style=\"border: 1px solid #999; margin: 1em 0em 1em; border-collapse: collapse; width:100%;\">\n     <tr>\n      <th {$headerStyle}>\n       {ts}Contribution Information{/ts}\n      </th>\n     </tr>\n     <tr>\n      <td {$labelStyle}>\n       {ts}Financial Type{/ts}\n      </td>\n      <td {$valueStyle}>\n       {$formValues.contributionType_name}\n      </td>\n     </tr>\n\n     {if $lineItem and !$is_quick_config}\n      {foreach from=$lineItem item=value key=priceset}\n       <tr>\n        <td colspan=\"2\" {$valueStyle}>\n         <table> {* FIXME: style this table so that it looks like the text version (justification, etc.) *}\n          <tr>\n           <th>{ts}Item{/ts}</th>\n           <th>{ts}Qty{/ts}</th>\n           <th>{ts}Each{/ts}</th>\n           <th>{ts}Total{/ts}</th>\n          </tr>\n          {foreach from=$value item=line}\n           <tr>\n            <td>\n            {if $line.html_type eq \'Text\'}{$line.label}{else}{$line.field_title} - {$line.label}{/if} {if $line.description}<div>{$line.description|truncate:30:\"...\"}</div>{/if}\n            </td>\n            <td>\n             {$line.qty}\n            </td>\n            <td>\n             {$line.unit_price|crmMoney:$currency}\n            </td>\n            <td>\n             {$line.line_total|crmMoney:$currency}\n            </td>\n           </tr>\n          {/foreach}\n         </table>\n        </td>\n       </tr>\n      {/foreach}\n     {/if}\n\n     <tr>\n      <td {$labelStyle}>\n       {ts}Total Amount{/ts}\n      </td>\n      <td {$valueStyle}>\n       {$formValues.total_amount|crmMoney:$currency}\n      </td>\n     </tr>\n\n     {if $receive_date}\n      <tr>\n       <td {$labelStyle}>\n        {ts}Received Date{/ts}\n       </td>\n       <td {$valueStyle}>\n        {$receive_date|truncate:10:\'\'|crmDate}\n       </td>\n      </tr>\n     {/if}\n\n      {if $receipt_date}\n      <tr>\n       <td {$labelStyle}>\n        {ts}Receipt Date{/ts}\n       </td>\n       <td {$valueStyle}>\n        {$receipt_date|truncate:10:\'\'|crmDate}\n       </td>\n      </tr>\n     {/if}\n\n     {if $formValues.paidBy and !$formValues.hidden_CreditCard}\n      <tr>\n       <td {$labelStyle}>\n        {ts}Paid By{/ts}\n       </td>\n       <td {$valueStyle}>\n        {$formValues.paidBy}\n       </td>\n      </tr>\n      {if $formValues.check_number}\n       <tr>\n        <td {$labelStyle}>\n         {ts}Check Number{/ts}\n        </td>\n        <td {$valueStyle}>\n         {$formValues.check_number}\n        </td>\n       </tr>\n      {/if}\n     {/if}\n\n     {if $formValues.trxn_id}\n      <tr>\n       <td {$labelStyle}>\n        {ts}Transaction ID{/ts}\n       </td>\n       <td {$valueStyle}>\n        {$formValues.trxn_id}\n       </td>\n      </tr>\n     {/if}\n\n     {if $ccContribution}\n      <tr>\n       <th {$headerStyle}>\n        {ts}Billing Name and Address{/ts}\n       </th>\n      </tr>\n      <tr>\n       <td colspan=\"2\" {$valueStyle}>\n        {$billingName}<br />\n        {$address|nl2br}\n       </td>\n      </tr>\n      <tr>\n       <th {$headerStyle}>\n        {ts}Credit Card Information{/ts}\n       </th>\n      </tr>\n      <tr>\n       <td colspan=\"2\" {$valueStyle}>\n        {$credit_card_type}<br />\n        {$credit_card_number}<br />\n        {ts}Expires{/ts}: {$credit_card_exp_date|truncate:7:\'\'|crmDate}\n       </td>\n      </tr>\n     {/if}\n\n     {if $customGroup}\n      {foreach from=$customGroup item=value key=customName}\n       <tr>\n        <th {$headerStyle}>\n         {$customName}\n        </th>\n       </tr>\n       {foreach from=$value item=v key=n}\n        <tr>\n         <td {$labelStyle}>\n          {$n}\n         </td>\n         <td {$valueStyle}>\n          {$v}\n         </td>\n        </tr>\n       {/foreach}\n      {/foreach}\n     {/if}\n\n     {if $formValues.honor_first_name}\n      <tr>\n       <th {$headerStyle}>\n        {$formValues.honor_type}\n       </th>\n      </tr>\n      <tr>\n       <td colspan=\"2\" {$valueStyle}>\n        {$formValues.honor_prefix} {$formValues.honor_first_name} {$formValues.honor_last_name}<br />\n        {if $formValues.honor_email}\n         {ts}Honoree Email{/ts}: {$formValues.honor_email}\n        {/if}\n       </td>\n      </tr>\n     {/if}\n\n     {if $formValues.product_name}\n      <tr>\n       <th {$headerStyle}>\n        {ts}Premium Information{/ts}\n       </th>\n      </tr>\n      <tr>\n       <td colspan=\"2\" {$labelStyle}>\n        {$formValues.product_name}\n       </td>\n      </tr>\n      {if $formValues.product_option}\n       <tr>\n        <td {$labelStyle}>\n         {ts}Option{/ts}\n        </td>\n        <td {$valueStyle}>\n         {$formValues.product_option}\n        </td>\n       </tr>\n      {/if}\n      {if $formValues.product_sku}\n       <tr>\n        <td {$labelStyle}>\n         {ts}SKU{/ts}\n        </td>\n        <td {$valueStyle}>\n         {$formValues.product_sku}\n        </td>\n       </tr>\n      {/if}\n      {if $fulfilled_date}\n       <tr>\n        <td {$labelStyle}>\n         {ts}Sent{/ts}\n        </td>\n        <td {$valueStyle}>\n         {$fulfilled_date|truncate:10:\'\'|crmDate}\n        </td>\n       </tr>\n      {/if}\n     {/if}\n\n    </table>\n   </td>\n  </tr>\n\n </table>\n</center>\n\n</body>\n</html>\n',1,688,1,0,NULL),(6,'Contributions - Receipt (off-line)','{ts}Contribution Receipt{/ts}\n','{if $formValues.receipt_text}\n{$formValues.receipt_text}\n{else}{ts}Thanks for your support.{/ts}{/if}\n\n{ts}Please print this receipt for your records.{/ts}\n\n\n===========================================================\n{ts}Contribution Information{/ts}\n\n===========================================================\n{ts}Financial Type{/ts}: {$formValues.contributionType_name}\n{if $lineItem}\n{foreach from=$lineItem item=value key=priceset}\n---------------------------------------------------------\n{capture assign=ts_item}{ts}Item{/ts}{/capture}\n{capture assign=ts_qty}{ts}Qty{/ts}{/capture}\n{capture assign=ts_each}{ts}Each{/ts}{/capture}\n{capture assign=ts_total}{ts}Total{/ts}{/capture}\n{$ts_item|string_format:\"%-30s\"} {$ts_qty|string_format:\"%5s\"} {$ts_each|string_format:\"%10s\"} {$ts_total|string_format:\"%10s\"}\n----------------------------------------------------------\n{foreach from=$value item=line}\n{capture assign=ts_item}{if $line.html_type eq \'Text\'}{$line.label}{else}{$line.field_title} - {$line.label}{/if} {if $line.description} {$line.description}{/if}{/capture}{$ts_item|truncate:30:\"...\"|string_format:\"%-30s\"} {$line.qty|string_format:\"%5s\"} {$line.unit_price|crmMoney:$currency|string_format:\"%10s\"} {$line.line_total|crmMoney:$currency|string_format:\"%10s\"}\n{/foreach}\n{/foreach}\n{/if}\n\n{ts}Total Amount{/ts}: {$formValues.total_amount|crmMoney:$currency}\n{if $receive_date}\n{ts}Received Date{/ts}: {$receive_date|truncate:10:\'\'|crmDate}\n{/if}\n{if $receipt_date}\n{ts}Receipt Date{/ts}: {$receipt_date|truncate:10:\'\'|crmDate}\n{/if}\n{if $formValues.paidBy and !$formValues.hidden_CreditCard}\n{ts}Paid By{/ts}: {$formValues.paidBy}\n{if $formValues.check_number}\n{ts}Check Number{/ts}: {$formValues.check_number}\n{/if}\n{/if}\n{if $formValues.trxn_id}\n{ts}Transaction ID{/ts}: {$formValues.trxn_id}\n{/if}\n\n{if $ccContribution}\n===========================================================\n{ts}Billing Name and Address{/ts}\n\n===========================================================\n{$billingName}\n{$address}\n\n===========================================================\n{ts}Credit Card Information{/ts}\n\n===========================================================\n{$credit_card_type}\n{$credit_card_number}\n{ts}Expires{/ts}: {$credit_card_exp_date|truncate:7:\'\'|crmDate}\n{/if}\n{if $customGroup}\n{foreach from=$customGroup item=value key=customName}\n===========================================================\n{$customName}\n===========================================================\n{foreach from=$value item=v key=n}\n{$n}: {$v}\n{/foreach}\n{/foreach}\n{/if}\n{if $formValues.honor_first_name}\n\n===========================================================\n{$formValues.honor_type}\n===========================================================\n{$formValues.honor_prefix} {$formValues.honor_first_name} {$formValues.honor_last_name}\n{if $formValues.honor_email}\n{ts}Honoree Email{/ts}: {$formValues.honor_email}\n{/if}\n{/if}\n\n{if $formValues.product_name}\n===========================================================\n{ts}Premium Information{/ts}\n\n===========================================================\n{$formValues.product_name}\n{if $formValues.product_option}\n{ts}Option{/ts}: {$formValues.product_option}\n{/if}\n{if $formValues.product_sku}\n{ts}SKU{/ts}: {$formValues.product_sku}\n{/if}\n{if $fulfilled_date}\n{ts}Sent{/ts}: {$fulfilled_date|crmDate}\n{/if}\n{/if}\n','<!DOCTYPE html PUBLIC \"-//W3C//DTD XHTML 1.0 Transitional//EN\" \"http://www.w3.org/TR/xhtml1/DTD/xhtml1-transitional.dtd\">\n<html xmlns=\"http://www.w3.org/1999/xhtml\">\n<head>\n <meta http-equiv=\"Content-Type\" content=\"text/html; charset=UTF-8\" />\n <title></title>\n</head>\n<body>\n\n{capture assign=headerStyle}colspan=\"2\" style=\"text-align: left; padding: 4px; border-bottom: 1px solid #999; background-color: #eee;\"{/capture}\n{capture assign=labelStyle }style=\"padding: 4px; border-bottom: 1px solid #999; background-color: #f7f7f7;\"{/capture}\n{capture assign=valueStyle }style=\"padding: 4px; border-bottom: 1px solid #999;\"{/capture}\n\n<center>\n <table width=\"620\" border=\"0\" cellpadding=\"0\" cellspacing=\"0\" id=\"crm-event_receipt\" style=\"font-family: Arial, Verdana, sans-serif; text-align: left;\">\n\n  <!-- BEGIN HEADER -->\n  <!-- You can add table row(s) here with logo or other header elements -->\n  <!-- END HEADER -->\n\n  <!-- BEGIN CONTENT -->\n\n  <tr>\n   <td>\n\n    {if $formValues.receipt_text}\n     <p>{$formValues.receipt_text|htmlize}</p>\n    {else}\n     <p>{ts}Thanks for your support.{/ts}</p>\n    {/if}\n\n    <p>{ts}Please print this receipt for your records.{/ts}</p>\n\n   </td>\n  </tr>\n  <tr>\n   <td>\n    <table style=\"border: 1px solid #999; margin: 1em 0em 1em; border-collapse: collapse; width:100%;\">\n     <tr>\n      <th {$headerStyle}>\n       {ts}Contribution Information{/ts}\n      </th>\n     </tr>\n     <tr>\n      <td {$labelStyle}>\n       {ts}Financial Type{/ts}\n      </td>\n      <td {$valueStyle}>\n       {$formValues.contributionType_name}\n      </td>\n     </tr>\n\n     {if $lineItem and !$is_quick_config}\n      {foreach from=$lineItem item=value key=priceset}\n       <tr>\n        <td colspan=\"2\" {$valueStyle}>\n         <table> {* FIXME: style this table so that it looks like the text version (justification, etc.) *}\n          <tr>\n           <th>{ts}Item{/ts}</th>\n           <th>{ts}Qty{/ts}</th>\n           <th>{ts}Each{/ts}</th>\n           <th>{ts}Total{/ts}</th>\n          </tr>\n          {foreach from=$value item=line}\n           <tr>\n            <td>\n            {if $line.html_type eq \'Text\'}{$line.label}{else}{$line.field_title} - {$line.label}{/if} {if $line.description}<div>{$line.description|truncate:30:\"...\"}</div>{/if}\n            </td>\n            <td>\n             {$line.qty}\n            </td>\n            <td>\n             {$line.unit_price|crmMoney:$currency}\n            </td>\n            <td>\n             {$line.line_total|crmMoney:$currency}\n            </td>\n           </tr>\n          {/foreach}\n         </table>\n        </td>\n       </tr>\n      {/foreach}\n     {/if}\n\n     <tr>\n      <td {$labelStyle}>\n       {ts}Total Amount{/ts}\n      </td>\n      <td {$valueStyle}>\n       {$formValues.total_amount|crmMoney:$currency}\n      </td>\n     </tr>\n\n     {if $receive_date}\n      <tr>\n       <td {$labelStyle}>\n        {ts}Received Date{/ts}\n       </td>\n       <td {$valueStyle}>\n        {$receive_date|truncate:10:\'\'|crmDate}\n       </td>\n      </tr>\n     {/if}\n\n      {if $receipt_date}\n      <tr>\n       <td {$labelStyle}>\n        {ts}Receipt Date{/ts}\n       </td>\n       <td {$valueStyle}>\n        {$receipt_date|truncate:10:\'\'|crmDate}\n       </td>\n      </tr>\n     {/if}\n\n     {if $formValues.paidBy and !$formValues.hidden_CreditCard}\n      <tr>\n       <td {$labelStyle}>\n        {ts}Paid By{/ts}\n       </td>\n       <td {$valueStyle}>\n        {$formValues.paidBy}\n       </td>\n      </tr>\n      {if $formValues.check_number}\n       <tr>\n        <td {$labelStyle}>\n         {ts}Check Number{/ts}\n        </td>\n        <td {$valueStyle}>\n         {$formValues.check_number}\n        </td>\n       </tr>\n      {/if}\n     {/if}\n\n     {if $formValues.trxn_id}\n      <tr>\n       <td {$labelStyle}>\n        {ts}Transaction ID{/ts}\n       </td>\n       <td {$valueStyle}>\n        {$formValues.trxn_id}\n       </td>\n      </tr>\n     {/if}\n\n     {if $ccContribution}\n      <tr>\n       <th {$headerStyle}>\n        {ts}Billing Name and Address{/ts}\n       </th>\n      </tr>\n      <tr>\n       <td colspan=\"2\" {$valueStyle}>\n        {$billingName}<br />\n        {$address|nl2br}\n       </td>\n      </tr>\n      <tr>\n       <th {$headerStyle}>\n        {ts}Credit Card Information{/ts}\n       </th>\n      </tr>\n      <tr>\n       <td colspan=\"2\" {$valueStyle}>\n        {$credit_card_type}<br />\n        {$credit_card_number}<br />\n        {ts}Expires{/ts}: {$credit_card_exp_date|truncate:7:\'\'|crmDate}\n       </td>\n      </tr>\n     {/if}\n\n     {if $customGroup}\n      {foreach from=$customGroup item=value key=customName}\n       <tr>\n        <th {$headerStyle}>\n         {$customName}\n        </th>\n       </tr>\n       {foreach from=$value item=v key=n}\n        <tr>\n         <td {$labelStyle}>\n          {$n}\n         </td>\n         <td {$valueStyle}>\n          {$v}\n         </td>\n        </tr>\n       {/foreach}\n      {/foreach}\n     {/if}\n\n     {if $formValues.honor_first_name}\n      <tr>\n       <th {$headerStyle}>\n        {$formValues.honor_type}\n       </th>\n      </tr>\n      <tr>\n       <td colspan=\"2\" {$valueStyle}>\n        {$formValues.honor_prefix} {$formValues.honor_first_name} {$formValues.honor_last_name}<br />\n        {if $formValues.honor_email}\n         {ts}Honoree Email{/ts}: {$formValues.honor_email}\n        {/if}\n       </td>\n      </tr>\n     {/if}\n\n     {if $formValues.product_name}\n      <tr>\n       <th {$headerStyle}>\n        {ts}Premium Information{/ts}\n       </th>\n      </tr>\n      <tr>\n       <td colspan=\"2\" {$labelStyle}>\n        {$formValues.product_name}\n       </td>\n      </tr>\n      {if $formValues.product_option}\n       <tr>\n        <td {$labelStyle}>\n         {ts}Option{/ts}\n        </td>\n        <td {$valueStyle}>\n         {$formValues.product_option}\n        </td>\n       </tr>\n      {/if}\n      {if $formValues.product_sku}\n       <tr>\n        <td {$labelStyle}>\n         {ts}SKU{/ts}\n        </td>\n        <td {$valueStyle}>\n         {$formValues.product_sku}\n        </td>\n       </tr>\n      {/if}\n      {if $fulfilled_date}\n       <tr>\n        <td {$labelStyle}>\n         {ts}Sent{/ts}\n        </td>\n        <td {$valueStyle}>\n         {$fulfilled_date|truncate:10:\'\'|crmDate}\n        </td>\n       </tr>\n      {/if}\n     {/if}\n\n    </table>\n   </td>\n  </tr>\n\n </table>\n</center>\n\n</body>\n</html>\n',1,688,0,1,NULL),(7,'Contributions - Receipt (on-line)','{if $is_pay_later}{ts}Invoice{/ts}{else}{ts}Receipt{/ts}{/if} - {$title}\n','{if $receipt_text}\n{$receipt_text}\n{/if}\n{if $is_pay_later}\n\n===========================================================\n{$pay_later_receipt}\n===========================================================\n{else}\n\n{ts}Please print this receipt for your records.{/ts}\n{/if}\n\n{if $amount}\n===========================================================\n{ts}Contribution Information{/ts}\n\n===========================================================\n{if $lineItem and $priceSetID and !$is_quick_config}\n{foreach from=$lineItem item=value key=priceset}\n---------------------------------------------------------\n{capture assign=ts_item}{ts}Item{/ts}{/capture}\n{capture assign=ts_qty}{ts}Qty{/ts}{/capture}\n{capture assign=ts_each}{ts}Each{/ts}{/capture}\n{capture assign=ts_total}{ts}Total{/ts}{/capture}\n{$ts_item|string_format:\"%-30s\"} {$ts_qty|string_format:\"%5s\"} {$ts_each|string_format:\"%10s\"} {$ts_total|string_format:\"%10s\"}\n----------------------------------------------------------\n{foreach from=$value item=line}\n{capture assign=ts_item}{if $line.html_type eq \'Text\'}{$line.label}{else}{$line.field_title} - {$line.label}{/if} {if $line.description} {$line.description}{/if}{/capture}{$ts_item|truncate:30:\"...\"|string_format:\"%-30s\"} {$line.qty|string_format:\"%5s\"} {$line.unit_price|crmMoney:$currency|string_format:\"%10s\"} {$line.line_total|crmMoney:$currency|string_format:\"%10s\"}\n{/foreach}\n{/foreach}\n\n{ts}Total Amount{/ts}: {$amount|crmMoney:$currency}\n{else}\n{ts}Amount{/ts}: {$amount|crmMoney:$currency} {if $amount_level } - {$amount_level} {/if}\n{/if}\n{/if}\n{if $receive_date}\n\n{ts}Date{/ts}: {$receive_date|crmDate}\n{/if}\n{if $is_monetary and $trxn_id}\n{ts}Transaction #{/ts}: {$trxn_id}\n{/if}\n\n{if $is_recur and ($contributeMode eq \'notify\' or $contributeMode eq \'directIPN\')}\n{ts}This is a recurring contribution. You can cancel future contributions at:{/ts}\n\n{$cancelSubscriptionUrl}\n\n{ts}You can update billing details for this recurring contribution at:{/ts}\n\n{$updateSubscriptionBillingUrl}\n\n{ts}You can update recurring contribution amount or change the number of installments for this recurring contribution at:{/ts}\n\n{$updateSubscriptionUrl}\n\n{/if}\n\n{if $honor_block_is_active }\n===========================================================\n{$honor_type}\n===========================================================\n{$honor_prefix} {$honor_first_name} {$honor_last_name}\n{if $honor_email}\n{ts}Honoree Email{/ts}: {$honor_email}\n{/if}\n\n{/if}\n{if $pcpBlock}\n===========================================================\n{ts}Personal Campaign Page{/ts}\n\n===========================================================\n{ts}Display In Honor Roll{/ts}: {if $pcp_display_in_roll}{ts}Yes{/ts}{else}{ts}No{/ts}{/if}\n\n{if $pcp_roll_nickname}{ts}Nick Name{/ts}: {$pcp_roll_nickname}{/if}\n\n{if $pcp_personal_note}{ts}Personal Note{/ts}: {$pcp_personal_note}{/if}\n\n{/if}\n{if $onBehalfProfile}\n===========================================================\n{ts}On Behalf Of{/ts}\n\n===========================================================\n{foreach from=$onBehalfProfile item=onBehalfValue key=onBehalfName}\n{$onBehalfName}: {$onBehalfValue}\n{/foreach}\n{/if}\n\n{if !( $contributeMode eq \'notify\' OR $contributeMode eq \'directIPN\' ) and $is_monetary}\n{if $is_pay_later}\n===========================================================\n{ts}Registered Email{/ts}\n\n===========================================================\n{$email}\n{elseif $amount GT 0}\n===========================================================\n{ts}Billing Name and Address{/ts}\n\n===========================================================\n{$billingName}\n{$address}\n\n{$email}\n{/if} {* End ! is_pay_later condition. *}\n{/if}\n{if $contributeMode eq \'direct\' AND !$is_pay_later AND $amount GT 0}\n\n===========================================================\n{ts}Credit Card Information{/ts}\n\n===========================================================\n{$credit_card_type}\n{$credit_card_number}\n{ts}Expires{/ts}: {$credit_card_exp_date|truncate:7:\'\'|crmDate}\n{/if}\n\n{if $selectPremium }\n===========================================================\n{ts}Premium Information{/ts}\n\n===========================================================\n{$product_name}\n{if $option}\n{ts}Option{/ts}: {$option}\n{/if}\n{if $sku}\n{ts}SKU{/ts}: {$sku}\n{/if}\n{if $start_date}\n{ts}Start Date{/ts}: {$start_date|crmDate}\n{/if}\n{if $end_date}\n{ts}End Date{/ts}: {$end_date|crmDate}\n{/if}\n{if $contact_email OR $contact_phone}\n\n{ts}For information about this premium, contact:{/ts}\n\n{if $contact_email}\n  {$contact_email}\n{/if}\n{if $contact_phone}\n  {$contact_phone}\n{/if}\n{/if}\n{if $is_deductible AND $price}\n\n{ts 1=$price|crmMoney:$currency}The value of this premium is %1. This may affect the amount of the tax deduction you can claim. Consult your tax advisor for more information.{/ts}{/if}\n{/if}\n\n{if $customPre}\n===========================================================\n{$customPre_grouptitle}\n\n===========================================================\n{foreach from=$customPre item=customValue key=customName}\n{if ( $trackingFields and ! in_array( $customName, $trackingFields ) ) or ! $trackingFields}\n {$customName}: {$customValue}\n{/if}\n{/foreach}\n{/if}\n\n\n{if $customPost}\n===========================================================\n{$customPost_grouptitle}\n\n===========================================================\n{foreach from=$customPost item=customValue key=customName}\n{if ( $trackingFields and ! in_array( $customName, $trackingFields ) ) or ! $trackingFields}\n {$customName}: {$customValue}\n{/if}\n{/foreach}\n{/if}\n','<!DOCTYPE html PUBLIC \"-//W3C//DTD XHTML 1.0 Transitional//EN\" \"http://www.w3.org/TR/xhtml1/DTD/xhtml1-transitional.dtd\">\n<html xmlns=\"http://www.w3.org/1999/xhtml\">\n<head>\n <meta http-equiv=\"Content-Type\" content=\"text/html; charset=UTF-8\" />\n <title></title>\n</head>\n<body>\n\n{capture assign=headerStyle}colspan=\"2\" style=\"text-align: left; padding: 4px; border-bottom: 1px solid #999; background-color: #eee;\"{/capture}\n{capture assign=labelStyle }style=\"padding: 4px; border-bottom: 1px solid #999; background-color: #f7f7f7;\"{/capture}\n{capture assign=valueStyle }style=\"padding: 4px; border-bottom: 1px solid #999;\"{/capture}\n\n<center>\n <table width=\"500\" border=\"0\" cellpadding=\"0\" cellspacing=\"0\" id=\"crm-event_receipt\" style=\"font-family: Arial, Verdana, sans-serif; text-align: left;\">\n\n  <!-- BEGIN HEADER -->\n  <!-- You can add table row(s) here with logo or other header elements -->\n  <!-- END HEADER -->\n\n  <!-- BEGIN CONTENT -->\n\n  <tr>\n   <td>\n\n    {if $receipt_text}\n     <p>{$receipt_text|htmlize}</p>\n    {/if}\n\n    {if $is_pay_later}\n     <p>{$pay_later_receipt}</p> {* FIXME: this might be text rather than HTML *}\n    {else}\n     <p>{ts}Please print this confirmation for your records.{/ts}</p>\n    {/if}\n\n   </td>\n  </tr>\n  </table>\n  <table width=\"500\" style=\"border: 1px solid #999; margin: 1em 0em 1em; border-collapse: collapse;\">\n\n     {if $amount}\n\n\n      <tr>\n       <th {$headerStyle}>\n        {ts}Contribution Information{/ts}\n       </th>\n      </tr>\n\n      {if $lineItem and $priceSetID and !$is_quick_config}\n\n       {foreach from=$lineItem item=value key=priceset}\n        <tr>\n         <td colspan=\"2\" {$valueStyle}>\n          <table> {* FIXME: style this table so that it looks like the text version (justification, etc.) *}\n           <tr>\n            <th>{ts}Item{/ts}</th>\n            <th>{ts}Qty{/ts}</th>\n            <th>{ts}Each{/ts}</th>\n            <th>{ts}Total{/ts}</th>\n           </tr>\n           {foreach from=$value item=line}\n            <tr>\n             <td>\n             {if $line.html_type eq \'Text\'}{$line.label}{else}{$line.field_title} - {$line.label}{/if} {if $line.description}<div>{$line.description|truncate:30:\"...\"}</div>{/if}\n             </td>\n             <td>\n              {$line.qty}\n             </td>\n             <td>\n              {$line.unit_price|crmMoney:$currency}\n             </td>\n             <td>\n              {$line.line_total|crmMoney:$currency}\n             </td>\n            </tr>\n           {/foreach}\n          </table>\n         </td>\n        </tr>\n       {/foreach}\n       <tr>\n        <td {$labelStyle}>\n         {ts}Total Amount{/ts}\n        </td>\n        <td {$valueStyle}>\n         {$amount|crmMoney:$currency}\n        </td>\n       </tr>\n\n      {else}\n\n       <tr>\n        <td {$labelStyle}>\n         {ts}Amount{/ts}\n        </td>\n        <td {$valueStyle}>\n         {$amount|crmMoney:$currency} {if $amount_level} - {$amount_level}{/if}\n        </td>\n       </tr>\n\n      {/if}\n\n\n     {/if}\n\n\n     {if $receive_date}\n      <tr>\n       <td {$labelStyle}>\n        {ts}Date{/ts}\n       </td>\n       <td {$valueStyle}>\n        {$receive_date|crmDate}\n       </td>\n      </tr>\n     {/if}\n\n     {if $is_monetary and $trxn_id}\n      <tr>\n       <td {$labelStyle}>\n        {ts}Transaction #{/ts}\n       </td>\n       <td {$valueStyle}>\n        {$trxn_id}\n       </td>\n      </tr>\n     {/if}\n\n     {if $is_recur}\n      {if $contributeMode eq \'notify\' or $contributeMode eq \'directIPN\'}\n       <tr>\n        <td  colspan=\"2\" {$labelStyle}>\n         {ts 1=$cancelSubscriptionUrl}This is a recurring contribution. You can cancel future contributions by <a href=\"%1\">visiting this web page</a>.{/ts}\n        </td>\n       <tr>\n       </tr>\n        <td colspan=\"2\" {$labelStyle}>\n         {ts 1=$updateSubscriptionBillingUrl}You can update billing details for this recurring contribution by <a href=\"%1\">visiting this web page</a>.{/ts}\n        </td>\n       <tr>\n       </tr>\n        <td colspan=\"2\" {$labelStyle}>\n         {ts 1=$updateSubscriptionUrl}You can update recurring contribution amount or change the number of installments for this recurring contribution by <a href=\"%1\">visiting this web page</a>.{/ts}\n        </td>\n       </tr>\n      {/if}\n     {/if}\n\n     {if $honor_block_is_active}\n      <tr>\n       <th {$headerStyle}>\n        {$honor_type}\n       </th>\n      </tr>\n      <tr>\n       <td colspan=\"2\" {$labelStyle}>\n        {$honor_prefix} {$honor_first_name} {$honor_last_name}\n       </td>\n      </tr>\n      {if $honor_email}\n       <tr>\n        <td {$labelStyle}>\n         {ts}Honoree Email{/ts}\n        </td>\n        <td {$valueStyle}>\n         {$honor_email}\n        </td>\n       </tr>\n      {/if}\n     {/if}\n\n     {if $pcpBlock}\n      <tr>\n       <th {$headerStyle}>\n        {ts}Personal Campaign Page{/ts}\n       </th>\n      </tr>\n      <tr>\n       <td {$labelStyle}>\n        {ts}Display In Honor Roll{/ts}\n       </td>\n       <td {$valueStyle}>\n        {if $pcp_display_in_roll}{ts}Yes{/ts}{else}{ts}No{/ts}{/if}\n       </td>\n      </tr>\n      {if $pcp_roll_nickname}\n       <tr>\n        <td {$labelStyle}>\n         {ts}Nick Name{/ts}\n        </td>\n        <td {$valueStyle}>\n         {$pcp_roll_nickname}\n        </td>\n       </tr>\n      {/if}\n      {if $pcp_personal_note}\n       <tr>\n        <td {$labelStyle}>\n         {ts}Personal Note{/ts}\n        </td>\n        <td {$valueStyle}>\n         {$pcp_personal_note}\n        </td>\n       </tr>\n      {/if}\n     {/if}\n\n     {if $onBehalfProfile}\n      <tr>\n       <th {$headerStyle}>\n        {$onBehalfProfile_grouptitle}\n       </th>\n      </tr>\n      {foreach from=$onBehalfProfile item=onBehalfValue key=onBehalfName}\n        <tr>\n         <td {$labelStyle}>\n          {$onBehalfName}\n         </td>\n         <td {$valueStyle}>\n          {$onBehalfValue}\n         </td>\n        </tr>\n      {/foreach}\n     {/if}\n\n     {if $isShare}\n      <tr>\n        <td colspan=\"2\" {$valueStyle}>\n            {capture assign=contributionUrl}{crmURL p=\'civicrm/contribute/transact\' q=\"reset=1&id=`$contributionPageId`\" a=true fe=1 h=1}{/capture}\n            {include file=\"CRM/common/SocialNetwork.tpl\" emailMode=true url=$contributionUrl title=$title pageURL=$contributionUrl}\n        </td>\n      </tr>\n     {/if}\n\n     {if ! ($contributeMode eq \'notify\' OR $contributeMode eq \'directIPN\') and $is_monetary}\n      {if $is_pay_later}\n       <tr>\n        <th {$headerStyle}>\n         {ts}Registered Email{/ts}\n        </th>\n       </tr>\n       <tr>\n        <td colspan=\"2\" {$valueStyle}>\n         {$email}\n        </td>\n       </tr>\n      {elseif $amount GT 0}\n       <tr>\n        <th {$headerStyle}>\n         {ts}Billing Name and Address{/ts}\n        </th>\n       </tr>\n       <tr>\n        <td colspan=\"2\" {$valueStyle}>\n         {$billingName}<br />\n         {$address|nl2br}<br />\n         {$email}\n        </td>\n       </tr>\n      {/if}\n     {/if}\n\n     {if $contributeMode eq \'direct\' AND !$is_pay_later AND $amount GT 0}\n      <tr>\n       <th {$headerStyle}>\n        {ts}Credit Card Information{/ts}\n       </th>\n      </tr>\n      <tr>\n       <td colspan=\"2\" {$valueStyle}>\n        {$credit_card_type}<br />\n        {$credit_card_number}<br />\n        {ts}Expires{/ts}: {$credit_card_exp_date|truncate:7:\'\'|crmDate}<br />\n       </td>\n      </tr>\n     {/if}\n\n     {if $selectPremium}\n      <tr>\n       <th {$headerStyle}>\n        {ts}Premium Information{/ts}\n       </th>\n      </tr>\n      <tr>\n       <td colspan=\"2\" {$labelStyle}>\n        {$product_name}\n       </td>\n      </tr>\n      {if $option}\n       <tr>\n        <td {$labelStyle}>\n         {ts}Option{/ts}\n        </td>\n        <td {$valueStyle}>\n         {$option}\n        </td>\n       </tr>\n      {/if}\n      {if $sku}\n       <tr>\n        <td {$labelStyle}>\n         {ts}SKU{/ts}\n        </td>\n        <td {$valueStyle}>\n         {$sku}\n        </td>\n       </tr>\n      {/if}\n      {if $start_date}\n       <tr>\n        <td {$labelStyle}>\n         {ts}Start Date{/ts}\n        </td>\n        <td {$valueStyle}>\n         {$start_date|crmDate}\n        </td>\n       </tr>\n      {/if}\n      {if $end_date}\n       <tr>\n        <td {$labelStyle}>\n         {ts}End Date{/ts}\n        </td>\n        <td {$valueStyle}>\n         {$end_date|crmDate}\n        </td>\n       </tr>\n      {/if}\n      {if $contact_email OR $contact_phone}\n       <tr>\n        <td colspan=\"2\" {$valueStyle}>\n         <p>{ts}For information about this premium, contact:{/ts}</p>\n         {if $contact_email}\n          <p>{$contact_email}</p>\n         {/if}\n         {if $contact_phone}\n          <p>{$contact_phone}</p>\n         {/if}\n        </td>\n       </tr>\n      {/if}\n      {if $is_deductible AND $price}\n        <tr>\n         <td colspan=\"2\" {$valueStyle}>\n          <p>{ts 1=$price|crmMoney:$currency}The value of this premium is %1. This may affect the amount of the tax deduction you can claim. Consult your tax advisor for more information.{/ts}</p>\n         </td>\n        </tr>\n      {/if}\n     {/if}\n\n     {if $customPre}\n      <tr>\n       <th {$headerStyle}>\n        {$customPre_grouptitle}\n       </th>\n      </tr>\n      {foreach from=$customPre item=customValue key=customName}\n       {if ($trackingFields and ! in_array($customName, $trackingFields)) or ! $trackingFields}\n        <tr>\n         <td {$labelStyle}>\n          {$customName}\n         </td>\n         <td {$valueStyle}>\n          {$customValue}\n         </td>\n        </tr>\n       {/if}\n      {/foreach}\n     {/if}\n\n     {if $customPost}\n      <tr>\n       <th {$headerStyle}>\n        {$customPost_grouptitle}\n       </th>\n      </tr>\n      {foreach from=$customPost item=customValue key=customName}\n       {if ($trackingFields and ! in_array($customName, $trackingFields)) or ! $trackingFields}\n        <tr>\n         <td {$labelStyle}>\n          {$customName}\n         </td>\n         <td {$valueStyle}>\n          {$customValue}\n         </td>\n        </tr>\n       {/if}\n      {/foreach}\n     {/if}\n\n  </table>\n</center>\n\n</body>\n</html>\n',1,689,1,0,NULL),(8,'Contributions - Receipt (on-line)','{if $is_pay_later}{ts}Invoice{/ts}{else}{ts}Receipt{/ts}{/if} - {$title}\n','{if $receipt_text}\n{$receipt_text}\n{/if}\n{if $is_pay_later}\n\n===========================================================\n{$pay_later_receipt}\n===========================================================\n{else}\n\n{ts}Please print this receipt for your records.{/ts}\n{/if}\n\n{if $amount}\n===========================================================\n{ts}Contribution Information{/ts}\n\n===========================================================\n{if $lineItem and $priceSetID and !$is_quick_config}\n{foreach from=$lineItem item=value key=priceset}\n---------------------------------------------------------\n{capture assign=ts_item}{ts}Item{/ts}{/capture}\n{capture assign=ts_qty}{ts}Qty{/ts}{/capture}\n{capture assign=ts_each}{ts}Each{/ts}{/capture}\n{capture assign=ts_total}{ts}Total{/ts}{/capture}\n{$ts_item|string_format:\"%-30s\"} {$ts_qty|string_format:\"%5s\"} {$ts_each|string_format:\"%10s\"} {$ts_total|string_format:\"%10s\"}\n----------------------------------------------------------\n{foreach from=$value item=line}\n{capture assign=ts_item}{if $line.html_type eq \'Text\'}{$line.label}{else}{$line.field_title} - {$line.label}{/if} {if $line.description} {$line.description}{/if}{/capture}{$ts_item|truncate:30:\"...\"|string_format:\"%-30s\"} {$line.qty|string_format:\"%5s\"} {$line.unit_price|crmMoney:$currency|string_format:\"%10s\"} {$line.line_total|crmMoney:$currency|string_format:\"%10s\"}\n{/foreach}\n{/foreach}\n\n{ts}Total Amount{/ts}: {$amount|crmMoney:$currency}\n{else}\n{ts}Amount{/ts}: {$amount|crmMoney:$currency} {if $amount_level } - {$amount_level} {/if}\n{/if}\n{/if}\n{if $receive_date}\n\n{ts}Date{/ts}: {$receive_date|crmDate}\n{/if}\n{if $is_monetary and $trxn_id}\n{ts}Transaction #{/ts}: {$trxn_id}\n{/if}\n\n{if $is_recur and ($contributeMode eq \'notify\' or $contributeMode eq \'directIPN\')}\n{ts}This is a recurring contribution. You can cancel future contributions at:{/ts}\n\n{$cancelSubscriptionUrl}\n\n{ts}You can update billing details for this recurring contribution at:{/ts}\n\n{$updateSubscriptionBillingUrl}\n\n{ts}You can update recurring contribution amount or change the number of installments for this recurring contribution at:{/ts}\n\n{$updateSubscriptionUrl}\n\n{/if}\n\n{if $honor_block_is_active }\n===========================================================\n{$honor_type}\n===========================================================\n{$honor_prefix} {$honor_first_name} {$honor_last_name}\n{if $honor_email}\n{ts}Honoree Email{/ts}: {$honor_email}\n{/if}\n\n{/if}\n{if $pcpBlock}\n===========================================================\n{ts}Personal Campaign Page{/ts}\n\n===========================================================\n{ts}Display In Honor Roll{/ts}: {if $pcp_display_in_roll}{ts}Yes{/ts}{else}{ts}No{/ts}{/if}\n\n{if $pcp_roll_nickname}{ts}Nick Name{/ts}: {$pcp_roll_nickname}{/if}\n\n{if $pcp_personal_note}{ts}Personal Note{/ts}: {$pcp_personal_note}{/if}\n\n{/if}\n{if $onBehalfProfile}\n===========================================================\n{ts}On Behalf Of{/ts}\n\n===========================================================\n{foreach from=$onBehalfProfile item=onBehalfValue key=onBehalfName}\n{$onBehalfName}: {$onBehalfValue}\n{/foreach}\n{/if}\n\n{if !( $contributeMode eq \'notify\' OR $contributeMode eq \'directIPN\' ) and $is_monetary}\n{if $is_pay_later}\n===========================================================\n{ts}Registered Email{/ts}\n\n===========================================================\n{$email}\n{elseif $amount GT 0}\n===========================================================\n{ts}Billing Name and Address{/ts}\n\n===========================================================\n{$billingName}\n{$address}\n\n{$email}\n{/if} {* End ! is_pay_later condition. *}\n{/if}\n{if $contributeMode eq \'direct\' AND !$is_pay_later AND $amount GT 0}\n\n===========================================================\n{ts}Credit Card Information{/ts}\n\n===========================================================\n{$credit_card_type}\n{$credit_card_number}\n{ts}Expires{/ts}: {$credit_card_exp_date|truncate:7:\'\'|crmDate}\n{/if}\n\n{if $selectPremium }\n===========================================================\n{ts}Premium Information{/ts}\n\n===========================================================\n{$product_name}\n{if $option}\n{ts}Option{/ts}: {$option}\n{/if}\n{if $sku}\n{ts}SKU{/ts}: {$sku}\n{/if}\n{if $start_date}\n{ts}Start Date{/ts}: {$start_date|crmDate}\n{/if}\n{if $end_date}\n{ts}End Date{/ts}: {$end_date|crmDate}\n{/if}\n{if $contact_email OR $contact_phone}\n\n{ts}For information about this premium, contact:{/ts}\n\n{if $contact_email}\n  {$contact_email}\n{/if}\n{if $contact_phone}\n  {$contact_phone}\n{/if}\n{/if}\n{if $is_deductible AND $price}\n\n{ts 1=$price|crmMoney:$currency}The value of this premium is %1. This may affect the amount of the tax deduction you can claim. Consult your tax advisor for more information.{/ts}{/if}\n{/if}\n\n{if $customPre}\n===========================================================\n{$customPre_grouptitle}\n\n===========================================================\n{foreach from=$customPre item=customValue key=customName}\n{if ( $trackingFields and ! in_array( $customName, $trackingFields ) ) or ! $trackingFields}\n {$customName}: {$customValue}\n{/if}\n{/foreach}\n{/if}\n\n\n{if $customPost}\n===========================================================\n{$customPost_grouptitle}\n\n===========================================================\n{foreach from=$customPost item=customValue key=customName}\n{if ( $trackingFields and ! in_array( $customName, $trackingFields ) ) or ! $trackingFields}\n {$customName}: {$customValue}\n{/if}\n{/foreach}\n{/if}\n','<!DOCTYPE html PUBLIC \"-//W3C//DTD XHTML 1.0 Transitional//EN\" \"http://www.w3.org/TR/xhtml1/DTD/xhtml1-transitional.dtd\">\n<html xmlns=\"http://www.w3.org/1999/xhtml\">\n<head>\n <meta http-equiv=\"Content-Type\" content=\"text/html; charset=UTF-8\" />\n <title></title>\n</head>\n<body>\n\n{capture assign=headerStyle}colspan=\"2\" style=\"text-align: left; padding: 4px; border-bottom: 1px solid #999; background-color: #eee;\"{/capture}\n{capture assign=labelStyle }style=\"padding: 4px; border-bottom: 1px solid #999; background-color: #f7f7f7;\"{/capture}\n{capture assign=valueStyle }style=\"padding: 4px; border-bottom: 1px solid #999;\"{/capture}\n\n<center>\n <table width=\"500\" border=\"0\" cellpadding=\"0\" cellspacing=\"0\" id=\"crm-event_receipt\" style=\"font-family: Arial, Verdana, sans-serif; text-align: left;\">\n\n  <!-- BEGIN HEADER -->\n  <!-- You can add table row(s) here with logo or other header elements -->\n  <!-- END HEADER -->\n\n  <!-- BEGIN CONTENT -->\n\n  <tr>\n   <td>\n\n    {if $receipt_text}\n     <p>{$receipt_text|htmlize}</p>\n    {/if}\n\n    {if $is_pay_later}\n     <p>{$pay_later_receipt}</p> {* FIXME: this might be text rather than HTML *}\n    {else}\n     <p>{ts}Please print this confirmation for your records.{/ts}</p>\n    {/if}\n\n   </td>\n  </tr>\n  </table>\n  <table width=\"500\" style=\"border: 1px solid #999; margin: 1em 0em 1em; border-collapse: collapse;\">\n\n     {if $amount}\n\n\n      <tr>\n       <th {$headerStyle}>\n        {ts}Contribution Information{/ts}\n       </th>\n      </tr>\n\n      {if $lineItem and $priceSetID and !$is_quick_config}\n\n       {foreach from=$lineItem item=value key=priceset}\n        <tr>\n         <td colspan=\"2\" {$valueStyle}>\n          <table> {* FIXME: style this table so that it looks like the text version (justification, etc.) *}\n           <tr>\n            <th>{ts}Item{/ts}</th>\n            <th>{ts}Qty{/ts}</th>\n            <th>{ts}Each{/ts}</th>\n            <th>{ts}Total{/ts}</th>\n           </tr>\n           {foreach from=$value item=line}\n            <tr>\n             <td>\n             {if $line.html_type eq \'Text\'}{$line.label}{else}{$line.field_title} - {$line.label}{/if} {if $line.description}<div>{$line.description|truncate:30:\"...\"}</div>{/if}\n             </td>\n             <td>\n              {$line.qty}\n             </td>\n             <td>\n              {$line.unit_price|crmMoney:$currency}\n             </td>\n             <td>\n              {$line.line_total|crmMoney:$currency}\n             </td>\n            </tr>\n           {/foreach}\n          </table>\n         </td>\n        </tr>\n       {/foreach}\n       <tr>\n        <td {$labelStyle}>\n         {ts}Total Amount{/ts}\n        </td>\n        <td {$valueStyle}>\n         {$amount|crmMoney:$currency}\n        </td>\n       </tr>\n\n      {else}\n\n       <tr>\n        <td {$labelStyle}>\n         {ts}Amount{/ts}\n        </td>\n        <td {$valueStyle}>\n         {$amount|crmMoney:$currency} {if $amount_level} - {$amount_level}{/if}\n        </td>\n       </tr>\n\n      {/if}\n\n\n     {/if}\n\n\n     {if $receive_date}\n      <tr>\n       <td {$labelStyle}>\n        {ts}Date{/ts}\n       </td>\n       <td {$valueStyle}>\n        {$receive_date|crmDate}\n       </td>\n      </tr>\n     {/if}\n\n     {if $is_monetary and $trxn_id}\n      <tr>\n       <td {$labelStyle}>\n        {ts}Transaction #{/ts}\n       </td>\n       <td {$valueStyle}>\n        {$trxn_id}\n       </td>\n      </tr>\n     {/if}\n\n     {if $is_recur}\n      {if $contributeMode eq \'notify\' or $contributeMode eq \'directIPN\'}\n       <tr>\n        <td  colspan=\"2\" {$labelStyle}>\n         {ts 1=$cancelSubscriptionUrl}This is a recurring contribution. You can cancel future contributions by <a href=\"%1\">visiting this web page</a>.{/ts}\n        </td>\n       <tr>\n       </tr>\n        <td colspan=\"2\" {$labelStyle}>\n         {ts 1=$updateSubscriptionBillingUrl}You can update billing details for this recurring contribution by <a href=\"%1\">visiting this web page</a>.{/ts}\n        </td>\n       <tr>\n       </tr>\n        <td colspan=\"2\" {$labelStyle}>\n         {ts 1=$updateSubscriptionUrl}You can update recurring contribution amount or change the number of installments for this recurring contribution by <a href=\"%1\">visiting this web page</a>.{/ts}\n        </td>\n       </tr>\n      {/if}\n     {/if}\n\n     {if $honor_block_is_active}\n      <tr>\n       <th {$headerStyle}>\n        {$honor_type}\n       </th>\n      </tr>\n      <tr>\n       <td colspan=\"2\" {$labelStyle}>\n        {$honor_prefix} {$honor_first_name} {$honor_last_name}\n       </td>\n      </tr>\n      {if $honor_email}\n       <tr>\n        <td {$labelStyle}>\n         {ts}Honoree Email{/ts}\n        </td>\n        <td {$valueStyle}>\n         {$honor_email}\n        </td>\n       </tr>\n      {/if}\n     {/if}\n\n     {if $pcpBlock}\n      <tr>\n       <th {$headerStyle}>\n        {ts}Personal Campaign Page{/ts}\n       </th>\n      </tr>\n      <tr>\n       <td {$labelStyle}>\n        {ts}Display In Honor Roll{/ts}\n       </td>\n       <td {$valueStyle}>\n        {if $pcp_display_in_roll}{ts}Yes{/ts}{else}{ts}No{/ts}{/if}\n       </td>\n      </tr>\n      {if $pcp_roll_nickname}\n       <tr>\n        <td {$labelStyle}>\n         {ts}Nick Name{/ts}\n        </td>\n        <td {$valueStyle}>\n         {$pcp_roll_nickname}\n        </td>\n       </tr>\n      {/if}\n      {if $pcp_personal_note}\n       <tr>\n        <td {$labelStyle}>\n         {ts}Personal Note{/ts}\n        </td>\n        <td {$valueStyle}>\n         {$pcp_personal_note}\n        </td>\n       </tr>\n      {/if}\n     {/if}\n\n     {if $onBehalfProfile}\n      <tr>\n       <th {$headerStyle}>\n        {$onBehalfProfile_grouptitle}\n       </th>\n      </tr>\n      {foreach from=$onBehalfProfile item=onBehalfValue key=onBehalfName}\n        <tr>\n         <td {$labelStyle}>\n          {$onBehalfName}\n         </td>\n         <td {$valueStyle}>\n          {$onBehalfValue}\n         </td>\n        </tr>\n      {/foreach}\n     {/if}\n\n     {if $isShare}\n      <tr>\n        <td colspan=\"2\" {$valueStyle}>\n            {capture assign=contributionUrl}{crmURL p=\'civicrm/contribute/transact\' q=\"reset=1&id=`$contributionPageId`\" a=true fe=1 h=1}{/capture}\n            {include file=\"CRM/common/SocialNetwork.tpl\" emailMode=true url=$contributionUrl title=$title pageURL=$contributionUrl}\n        </td>\n      </tr>\n     {/if}\n\n     {if ! ($contributeMode eq \'notify\' OR $contributeMode eq \'directIPN\') and $is_monetary}\n      {if $is_pay_later}\n       <tr>\n        <th {$headerStyle}>\n         {ts}Registered Email{/ts}\n        </th>\n       </tr>\n       <tr>\n        <td colspan=\"2\" {$valueStyle}>\n         {$email}\n        </td>\n       </tr>\n      {elseif $amount GT 0}\n       <tr>\n        <th {$headerStyle}>\n         {ts}Billing Name and Address{/ts}\n        </th>\n       </tr>\n       <tr>\n        <td colspan=\"2\" {$valueStyle}>\n         {$billingName}<br />\n         {$address|nl2br}<br />\n         {$email}\n        </td>\n       </tr>\n      {/if}\n     {/if}\n\n     {if $contributeMode eq \'direct\' AND !$is_pay_later AND $amount GT 0}\n      <tr>\n       <th {$headerStyle}>\n        {ts}Credit Card Information{/ts}\n       </th>\n      </tr>\n      <tr>\n       <td colspan=\"2\" {$valueStyle}>\n        {$credit_card_type}<br />\n        {$credit_card_number}<br />\n        {ts}Expires{/ts}: {$credit_card_exp_date|truncate:7:\'\'|crmDate}<br />\n       </td>\n      </tr>\n     {/if}\n\n     {if $selectPremium}\n      <tr>\n       <th {$headerStyle}>\n        {ts}Premium Information{/ts}\n       </th>\n      </tr>\n      <tr>\n       <td colspan=\"2\" {$labelStyle}>\n        {$product_name}\n       </td>\n      </tr>\n      {if $option}\n       <tr>\n        <td {$labelStyle}>\n         {ts}Option{/ts}\n        </td>\n        <td {$valueStyle}>\n         {$option}\n        </td>\n       </tr>\n      {/if}\n      {if $sku}\n       <tr>\n        <td {$labelStyle}>\n         {ts}SKU{/ts}\n        </td>\n        <td {$valueStyle}>\n         {$sku}\n        </td>\n       </tr>\n      {/if}\n      {if $start_date}\n       <tr>\n        <td {$labelStyle}>\n         {ts}Start Date{/ts}\n        </td>\n        <td {$valueStyle}>\n         {$start_date|crmDate}\n        </td>\n       </tr>\n      {/if}\n      {if $end_date}\n       <tr>\n        <td {$labelStyle}>\n         {ts}End Date{/ts}\n        </td>\n        <td {$valueStyle}>\n         {$end_date|crmDate}\n        </td>\n       </tr>\n      {/if}\n      {if $contact_email OR $contact_phone}\n       <tr>\n        <td colspan=\"2\" {$valueStyle}>\n         <p>{ts}For information about this premium, contact:{/ts}</p>\n         {if $contact_email}\n          <p>{$contact_email}</p>\n         {/if}\n         {if $contact_phone}\n          <p>{$contact_phone}</p>\n         {/if}\n        </td>\n       </tr>\n      {/if}\n      {if $is_deductible AND $price}\n        <tr>\n         <td colspan=\"2\" {$valueStyle}>\n          <p>{ts 1=$price|crmMoney:$currency}The value of this premium is %1. This may affect the amount of the tax deduction you can claim. Consult your tax advisor for more information.{/ts}</p>\n         </td>\n        </tr>\n      {/if}\n     {/if}\n\n     {if $customPre}\n      <tr>\n       <th {$headerStyle}>\n        {$customPre_grouptitle}\n       </th>\n      </tr>\n      {foreach from=$customPre item=customValue key=customName}\n       {if ($trackingFields and ! in_array($customName, $trackingFields)) or ! $trackingFields}\n        <tr>\n         <td {$labelStyle}>\n          {$customName}\n         </td>\n         <td {$valueStyle}>\n          {$customValue}\n         </td>\n        </tr>\n       {/if}\n      {/foreach}\n     {/if}\n\n     {if $customPost}\n      <tr>\n       <th {$headerStyle}>\n        {$customPost_grouptitle}\n       </th>\n      </tr>\n      {foreach from=$customPost item=customValue key=customName}\n       {if ($trackingFields and ! in_array($customName, $trackingFields)) or ! $trackingFields}\n        <tr>\n         <td {$labelStyle}>\n          {$customName}\n         </td>\n         <td {$valueStyle}>\n          {$customValue}\n         </td>\n        </tr>\n       {/if}\n      {/foreach}\n     {/if}\n\n  </table>\n</center>\n\n</body>\n</html>\n',1,689,0,1,NULL),(9,'Contributions - Recurring Start and End Notification','{ts}Recurring Contribution Notification{/ts}\n','{ts 1=$displayName}Dear %1{/ts},\n\n{if $recur_txnType eq \'START\'}\n{if $auto_renew_membership}\n{ts}Thanks for your auto renew membership sign-up.{/ts}\n\n\n{ts 1=$recur_frequency_interval 2=$recur_frequency_unit}This membership will be automatically renewed every %1 %2(s).{/ts}\n\n{ts 1=$cancelSubscriptionUrl}This membership will be renewed automatically. You can cancel the auto-renewal option by <a href=\"%1\">visiting this web page</a>.{/ts}\n\n{ts 1=$updateSubscriptionBillingUrl}You can update billing details for this automatically renewed membership by <a href=\"%1\">visiting this web page</a>.{/ts}\n        \n{else}\n{ts}Thanks for your recurring contribution sign-up.{/ts}\n\n\n{ts 1=$recur_frequency_interval 2=$recur_frequency_unit 3=$recur_installments}This recurring contribution will be automatically processed every %1 %2(s) for a total of %3 installment(s).{/ts}\n\n{ts}Start Date{/ts}:  {$recur_start_date|crmDate}\n\n{ts 1=$cancelSubscriptionUrl}You can cancel the recurring contribution option by <a href=\"%1\">visiting this web page</a>.{/ts}\n\n{ts 1=$updateSubscriptionBillingUrl}You can update billing details for this recurring contribution by <a href=\"%1\">visiting this web page</a>.{/ts}\n\n{ts 1=$updateSubscriptionUrl}You can update recurring contribution amount or change the number of installments for this recurring contribution by <a href=\"%1\">visiting this web page</a>.{/ts}\n{/if}\n\n{elseif $recur_txnType eq \'END\'}\n{if $auto_renew_membership}\n{ts}Your auto renew membership sign-up has ended and your membership will not be automatically renewed.{/ts}\n\n\n{else}\n{ts}Your recurring contribution term has ended.{/ts}\n\n\n{ts 1=$recur_installments}You have successfully completed %1 recurring contributions. Thank you for your support.{/ts}\n\n\n==================================================\n{ts 1=$recur_installments}Interval of Subscription for %1 installment(s){/ts}\n\n==================================================\n{ts}Start Date{/ts}: {$recur_start_date|crmDate}\n\n{ts}End Date{/ts}: {$recur_end_date|crmDate}\n\n{/if}\n{/if}\n','<!DOCTYPE html PUBLIC \"-//W3C//DTD XHTML 1.0 Transitional//EN\" \"http://www.w3.org/TR/xhtml1/DTD/xhtml1-transitional.dtd\">\n<html xmlns=\"http://www.w3.org/1999/xhtml\">\n<head>\n <meta http-equiv=\"Content-Type\" content=\"text/html; charset=UTF-8\" />\n <title></title>\n</head>\n<body>\n\n{capture assign=headerStyle}colspan=\"2\" style=\"text-align: left; padding: 4px; border-bottom: 1px solid #999; background-color: #eee;\"{/capture}\n{capture assign=labelStyle }style=\"padding: 4px; border-bottom: 1px solid #999; background-color: #f7f7f7;\"{/capture}\n{capture assign=valueStyle }style=\"padding: 4px; border-bottom: 1px solid #999;\"{/capture}\n\n<center>\n <table width=\"620\" border=\"0\" cellpadding=\"0\" cellspacing=\"0\" id=\"crm-event_receipt\" style=\"font-family: Arial, Verdana, sans-serif; text-align: left;\">\n\n  <!-- BEGIN HEADER -->\n  <!-- You can add table row(s) here with logo or other header elements -->\n  <!-- END HEADER -->\n\n  <!-- BEGIN CONTENT -->\n\n  <tr>\n   <td>\n    <p>{ts 1=$displayName}Dear %1{/ts},</p>\n   </td>\n  </tr>\n\n  <tr>\n   <td>&nbsp;</td>\n  </tr>\n\n    {if $recur_txnType eq \'START\'}\n     {if $auto_renew_membership}\n       <tr>\n        <td>\n         <p>{ts}Thanks for your auto renew membership sign-up.{/ts}</p>\n         <p>{ts 1=$recur_frequency_interval 2=$recur_frequency_unit}This membership will be automatically renewed every %1 %2(s). {/ts}</p>\n        </td>\n       </tr>\n       <tr>\n        <td {$labelStyle}>\n         {ts 1=$cancelSubscriptionUrl}This membership will be renewed automatically. You can cancel the auto-renewal option by <a href=\"%1\">visiting this web page</a>.{/ts}\n        </td>\n       </tr>\n       <tr>\n        <td {$labelStyle}>\n         {ts 1=$updateSubscriptionBillingUrl}You can update billing details for this automatically renewed membership by <a href=\"%1\">visiting this web page</a>.{/ts}\n        </td>\n       </tr>\n     {else}\n      <tr>\n       <td>\n        <p>{ts}Thanks for your recurring contribution sign-up.{/ts}</p>\n        <p>{ts 1=$recur_frequency_interval 2=$recur_frequency_unit 3=$recur_installments}This recurring contribution will be automatically processed every %1 %2(s) for a total of %3 installment(s).{/ts}</p>\n        <p>{ts}Start Date{/ts}: {$recur_start_date|crmDate}</p>\n       </td>\n      </tr>\n      <tr>\n        <td {$labelStyle}>\n         {ts 1=$cancelSubscriptionUrl} You can cancel the recurring contribution option by <a href=\"%1\">visiting this web page</a>.{/ts}\n        </td>\n      </tr>\n      <tr>\n        <td {$labelStyle}>\n         {ts 1=$updateSubscriptionBillingUrl}You can update billing details for this recurring contribution by <a href=\"%1\">visiting this web page</a>.{/ts}\n        </td>\n       </tr>\n       <tr>\n        <td {$labelStyle}>\n	 {ts 1=$updateSubscriptionUrl}You can update recurring contribution amount or change the number of installments details for this recurring contribution by <a href=\"%1\">visiting this web page</a>.{/ts}\n        </td>\n       </tr>\n     {/if}\n\n    {elseif $recur_txnType eq \'END\'}\n\n     {if $auto_renew_membership}\n      <tr>\n       <td>\n        <p>{ts}Your auto renew membership sign-up has ended and your membership will not be automatically renewed.{/ts}</p>   \n       </td>\n      </tr>\n     {else}\n      <tr>\n       <td>\n        <p>{ts}Your recurring contribution term has ended.{/ts}</p>\n        <p>{ts 1=$recur_installments}You have successfully completed %1 recurring contributions. Thank you for your support.{/ts}</p>\n       </td>\n      </tr>\n      <tr>\n       <td>\n     <table style=\"border: 1px solid #999; margin: 1em 0em 1em; border-collapse: collapse; width:100%;\">\n      <tr>\n       <th {$headerStyle}>\n        {ts 1=$recur_installments}Interval of Subscription for %1 installment(s){/ts}\n       </th>\n      </tr>\n      <tr>\n       <td {$labelStyle}>\n        {ts}Start Date{/ts}\n       </td>\n       <td {$valueStyle}>\n        {$recur_start_date|crmDate}\n       </td>\n      </tr>\n      <tr>\n       <td {$labelStyle}>\n        {ts}End Date{/ts}\n       </td>\n       <td {$valueStyle}>\n        {$recur_end_date|crmDate}\n       </td>\n      </tr>\n     </table>\n       </td>\n      </tr>\n\n     {/if}\n    {/if}\n\n </table>\n</center>\n\n</body>\n</html>\n',1,690,1,0,NULL),(10,'Contributions - Recurring Start and End Notification','{ts}Recurring Contribution Notification{/ts}\n','{ts 1=$displayName}Dear %1{/ts},\n\n{if $recur_txnType eq \'START\'}\n{if $auto_renew_membership}\n{ts}Thanks for your auto renew membership sign-up.{/ts}\n\n\n{ts 1=$recur_frequency_interval 2=$recur_frequency_unit}This membership will be automatically renewed every %1 %2(s).{/ts}\n\n{ts 1=$cancelSubscriptionUrl}This membership will be renewed automatically. You can cancel the auto-renewal option by <a href=\"%1\">visiting this web page</a>.{/ts}\n\n{ts 1=$updateSubscriptionBillingUrl}You can update billing details for this automatically renewed membership by <a href=\"%1\">visiting this web page</a>.{/ts}\n        \n{else}\n{ts}Thanks for your recurring contribution sign-up.{/ts}\n\n\n{ts 1=$recur_frequency_interval 2=$recur_frequency_unit 3=$recur_installments}This recurring contribution will be automatically processed every %1 %2(s) for a total of %3 installment(s).{/ts}\n\n{ts}Start Date{/ts}:  {$recur_start_date|crmDate}\n\n{ts 1=$cancelSubscriptionUrl}You can cancel the recurring contribution option by <a href=\"%1\">visiting this web page</a>.{/ts}\n\n{ts 1=$updateSubscriptionBillingUrl}You can update billing details for this recurring contribution by <a href=\"%1\">visiting this web page</a>.{/ts}\n\n{ts 1=$updateSubscriptionUrl}You can update recurring contribution amount or change the number of installments for this recurring contribution by <a href=\"%1\">visiting this web page</a>.{/ts}\n{/if}\n\n{elseif $recur_txnType eq \'END\'}\n{if $auto_renew_membership}\n{ts}Your auto renew membership sign-up has ended and your membership will not be automatically renewed.{/ts}\n\n\n{else}\n{ts}Your recurring contribution term has ended.{/ts}\n\n\n{ts 1=$recur_installments}You have successfully completed %1 recurring contributions. Thank you for your support.{/ts}\n\n\n==================================================\n{ts 1=$recur_installments}Interval of Subscription for %1 installment(s){/ts}\n\n==================================================\n{ts}Start Date{/ts}: {$recur_start_date|crmDate}\n\n{ts}End Date{/ts}: {$recur_end_date|crmDate}\n\n{/if}\n{/if}\n','<!DOCTYPE html PUBLIC \"-//W3C//DTD XHTML 1.0 Transitional//EN\" \"http://www.w3.org/TR/xhtml1/DTD/xhtml1-transitional.dtd\">\n<html xmlns=\"http://www.w3.org/1999/xhtml\">\n<head>\n <meta http-equiv=\"Content-Type\" content=\"text/html; charset=UTF-8\" />\n <title></title>\n</head>\n<body>\n\n{capture assign=headerStyle}colspan=\"2\" style=\"text-align: left; padding: 4px; border-bottom: 1px solid #999; background-color: #eee;\"{/capture}\n{capture assign=labelStyle }style=\"padding: 4px; border-bottom: 1px solid #999; background-color: #f7f7f7;\"{/capture}\n{capture assign=valueStyle }style=\"padding: 4px; border-bottom: 1px solid #999;\"{/capture}\n\n<center>\n <table width=\"620\" border=\"0\" cellpadding=\"0\" cellspacing=\"0\" id=\"crm-event_receipt\" style=\"font-family: Arial, Verdana, sans-serif; text-align: left;\">\n\n  <!-- BEGIN HEADER -->\n  <!-- You can add table row(s) here with logo or other header elements -->\n  <!-- END HEADER -->\n\n  <!-- BEGIN CONTENT -->\n\n  <tr>\n   <td>\n    <p>{ts 1=$displayName}Dear %1{/ts},</p>\n   </td>\n  </tr>\n\n  <tr>\n   <td>&nbsp;</td>\n  </tr>\n\n    {if $recur_txnType eq \'START\'}\n     {if $auto_renew_membership}\n       <tr>\n        <td>\n         <p>{ts}Thanks for your auto renew membership sign-up.{/ts}</p>\n         <p>{ts 1=$recur_frequency_interval 2=$recur_frequency_unit}This membership will be automatically renewed every %1 %2(s). {/ts}</p>\n        </td>\n       </tr>\n       <tr>\n        <td {$labelStyle}>\n         {ts 1=$cancelSubscriptionUrl}This membership will be renewed automatically. You can cancel the auto-renewal option by <a href=\"%1\">visiting this web page</a>.{/ts}\n        </td>\n       </tr>\n       <tr>\n        <td {$labelStyle}>\n         {ts 1=$updateSubscriptionBillingUrl}You can update billing details for this automatically renewed membership by <a href=\"%1\">visiting this web page</a>.{/ts}\n        </td>\n       </tr>\n     {else}\n      <tr>\n       <td>\n        <p>{ts}Thanks for your recurring contribution sign-up.{/ts}</p>\n        <p>{ts 1=$recur_frequency_interval 2=$recur_frequency_unit 3=$recur_installments}This recurring contribution will be automatically processed every %1 %2(s) for a total of %3 installment(s).{/ts}</p>\n        <p>{ts}Start Date{/ts}: {$recur_start_date|crmDate}</p>\n       </td>\n      </tr>\n      <tr>\n        <td {$labelStyle}>\n         {ts 1=$cancelSubscriptionUrl} You can cancel the recurring contribution option by <a href=\"%1\">visiting this web page</a>.{/ts}\n        </td>\n      </tr>\n      <tr>\n        <td {$labelStyle}>\n         {ts 1=$updateSubscriptionBillingUrl}You can update billing details for this recurring contribution by <a href=\"%1\">visiting this web page</a>.{/ts}\n        </td>\n       </tr>\n       <tr>\n        <td {$labelStyle}>\n	 {ts 1=$updateSubscriptionUrl}You can update recurring contribution amount or change the number of installments details for this recurring contribution by <a href=\"%1\">visiting this web page</a>.{/ts}\n        </td>\n       </tr>\n     {/if}\n\n    {elseif $recur_txnType eq \'END\'}\n\n     {if $auto_renew_membership}\n      <tr>\n       <td>\n        <p>{ts}Your auto renew membership sign-up has ended and your membership will not be automatically renewed.{/ts}</p>   \n       </td>\n      </tr>\n     {else}\n      <tr>\n       <td>\n        <p>{ts}Your recurring contribution term has ended.{/ts}</p>\n        <p>{ts 1=$recur_installments}You have successfully completed %1 recurring contributions. Thank you for your support.{/ts}</p>\n       </td>\n      </tr>\n      <tr>\n       <td>\n     <table style=\"border: 1px solid #999; margin: 1em 0em 1em; border-collapse: collapse; width:100%;\">\n      <tr>\n       <th {$headerStyle}>\n        {ts 1=$recur_installments}Interval of Subscription for %1 installment(s){/ts}\n       </th>\n      </tr>\n      <tr>\n       <td {$labelStyle}>\n        {ts}Start Date{/ts}\n       </td>\n       <td {$valueStyle}>\n        {$recur_start_date|crmDate}\n       </td>\n      </tr>\n      <tr>\n       <td {$labelStyle}>\n        {ts}End Date{/ts}\n       </td>\n       <td {$valueStyle}>\n        {$recur_end_date|crmDate}\n       </td>\n      </tr>\n     </table>\n       </td>\n      </tr>\n\n     {/if}\n    {/if}\n\n </table>\n</center>\n\n</body>\n</html>\n',1,690,0,1,NULL),(11,'Contributions - Recurring Cancellation Notification','{ts}Recurring Contribution Cancellation Notification{/ts}\n','{ts 1=$contact.display_name}Dear %1{/ts},\n\n{ts 1=$amount 2=$recur_frequency_interval 3=$recur_frequency_unit}Your recurring contribution of %1, every %2 %3 has been cancelled as requested.{/ts}\n','<!DOCTYPE html PUBLIC \"-//W3C//DTD XHTML 1.0 Transitional//EN\" \"http://www.w3.org/TR/xhtml1/DTD/xhtml1-transitional.dtd\">\n<html xmlns=\"http://www.w3.org/1999/xhtml\">\n<head>\n <meta http-equiv=\"Content-Type\" content=\"text/html; charset=UTF-8\" />\n <title></title>\n</head>\n<body>\n\n{capture assign=headerStyle}colspan=\"2\" style=\"text-align: left; padding: 4px; border-bottom: 1px solid #999; background-color: #eee;\"{/capture}\n{capture assign=labelStyle }style=\"padding: 4px; border-bottom: 1px solid #999; background-color: #f7f7f7;\"{/capture}\n{capture assign=valueStyle }style=\"padding: 4px; border-bottom: 1px solid #999;\"{/capture}\n\n<center>\n <table width=\"620\" border=\"0\" cellpadding=\"0\" cellspacing=\"0\" id=\"crm-event_receipt\" style=\"font-family: Arial, Verdana, sans-serif; text-align: left;\">\n\n  <!-- BEGIN HEADER -->\n  <!-- You can add table row(s) here with logo or other header elements -->\n  <!-- END HEADER -->\n\n  <!-- BEGIN CONTENT -->\n\n  <tr>\n   <td>\n    <p>{ts 1=$contact.display_name}Dear %1{/ts},</p>\n    <p>{ts 1=$amount 2=$recur_frequency_interval 3=$recur_frequency_unit}Your recurring contribution of %1, every %2 %3 has been cancelled as requested.{/ts}</p>\n   </td>\n  </tr>\n  <tr>\n </table>\n</center>\n\n</body>\n</html>\n',1,691,1,0,NULL),(12,'Contributions - Recurring Cancellation Notification','{ts}Recurring Contribution Cancellation Notification{/ts}\n','{ts 1=$contact.display_name}Dear %1{/ts},\n\n{ts 1=$amount 2=$recur_frequency_interval 3=$recur_frequency_unit}Your recurring contribution of %1, every %2 %3 has been cancelled as requested.{/ts}\n','<!DOCTYPE html PUBLIC \"-//W3C//DTD XHTML 1.0 Transitional//EN\" \"http://www.w3.org/TR/xhtml1/DTD/xhtml1-transitional.dtd\">\n<html xmlns=\"http://www.w3.org/1999/xhtml\">\n<head>\n <meta http-equiv=\"Content-Type\" content=\"text/html; charset=UTF-8\" />\n <title></title>\n</head>\n<body>\n\n{capture assign=headerStyle}colspan=\"2\" style=\"text-align: left; padding: 4px; border-bottom: 1px solid #999; background-color: #eee;\"{/capture}\n{capture assign=labelStyle }style=\"padding: 4px; border-bottom: 1px solid #999; background-color: #f7f7f7;\"{/capture}\n{capture assign=valueStyle }style=\"padding: 4px; border-bottom: 1px solid #999;\"{/capture}\n\n<center>\n <table width=\"620\" border=\"0\" cellpadding=\"0\" cellspacing=\"0\" id=\"crm-event_receipt\" style=\"font-family: Arial, Verdana, sans-serif; text-align: left;\">\n\n  <!-- BEGIN HEADER -->\n  <!-- You can add table row(s) here with logo or other header elements -->\n  <!-- END HEADER -->\n\n  <!-- BEGIN CONTENT -->\n\n  <tr>\n   <td>\n    <p>{ts 1=$contact.display_name}Dear %1{/ts},</p>\n    <p>{ts 1=$amount 2=$recur_frequency_interval 3=$recur_frequency_unit}Your recurring contribution of %1, every %2 %3 has been cancelled as requested.{/ts}</p>\n   </td>\n  </tr>\n  <tr>\n </table>\n</center>\n\n</body>\n</html>\n',1,691,0,1,NULL),(13,'Contributions - Recurring Billing Updates','{ts}Recurring Contribution Billing Updates{/ts}','{ts 1=$contact.display_name}Dear %1{/ts},\n\n{ts 1=$amount 2=$recur_frequency_interval 3=$recur_frequency_unit}Billing details for your recurring contribution of %1, every %2 %3 have been updated.{/ts}\n\n===========================================================\n{ts}Billing Name and Address{/ts}\n\n===========================================================\n{$billingName}\n{$address}\n\n{$email}\n\n===========================================================\n{ts}Credit Card Information{/ts}\n\n===========================================================\n{$credit_card_type}\n{$credit_card_number}\n{ts}Expires{/ts}: {$credit_card_exp_date|truncate:7:\'\'|crmDate}\n\n\n{ts 1=$receipt_from_email}If you have questions please contact us at %1{/ts}','<!DOCTYPE html PUBLIC \"-//W3C//DTD XHTML 1.0 Transitional//EN\" \"http://www.w3.org/TR/xhtml1/DTD/xhtml1-transitional.dtd\">\n<html xmlns=\"http://www.w3.org/1999/xhtml\">\n<head>\n <meta http-equiv=\"Content-Type\" content=\"text/html; charset=UTF-8\" />\n <title></title>\n</head>\n<body>\n\n{capture assign=headerStyle}colspan=\"2\" style=\"text-align: left; padding: 4px; border-bottom: 1px solid #999; background-color: #eee;\"{/capture}\n{capture assign=labelStyle }style=\"padding: 4px; border-bottom: 1px solid #999; background-color: #f7f7f7;\"{/capture}\n{capture assign=valueStyle }style=\"padding: 4px; border-bottom: 1px solid #999;\"{/capture}\n\n<center>\n <table width=\"620\" border=\"0\" cellpadding=\"0\" cellspacing=\"0\" id=\"crm-event_receipt\" style=\"font-family: Arial, Verdana, sans-serif; text-align: left;\">\n\n  <!-- BEGIN HEADER -->\n  <!-- You can add table row(s) here with logo or other header elements -->\n  <!-- END HEADER -->\n\n  <!-- BEGIN CONTENT -->\n\n  <tr>\n   <td>\n    <p>{ts 1=$contact.display_name}Dear %1{/ts},</p>\n    <p>{ts 1=$amount 2=$recur_frequency_interval 3=$recur_frequency_unit}Billing details for your recurring contribution of %1, every %2 %3 have been updated.{/ts}</p>\n   </td>\n  </tr>\n  <tr>\n </table>\n\n  <table width=\"500\" style=\"border: 1px solid #999; margin: 1em 0em 1em; border-collapse: collapse;\">\n<tr>\n        <th {$headerStyle}>\n         {ts}Billing Name and Address{/ts}\n        </th>\n       </tr>\n       <tr>\n        <td colspan=\"2\" {$valueStyle}>\n         {$billingName}<br />\n         {$address|nl2br}<br />\n         {$email}\n        </td>\n       </tr>\n        <tr>\n       <th {$headerStyle}>\n        {ts}Credit Card Information{/ts}\n       </th>\n      </tr>\n      <tr>\n       <td colspan=\"2\" {$valueStyle}>\n        {$credit_card_type}<br />\n        {$credit_card_number}<br />\n        {ts}Expires{/ts}: {$credit_card_exp_date|truncate:7:\'\'|crmDate}<br />\n       </td>\n      </tr>\n      <tr>\n        <td {$labelStyle}>\n            {ts 1=$receipt_from_email}If you have questions please contact us at %1{/ts}\n        </td>\n       </tr>\n  </table> \n</center>\n\n</body>\n</html>',1,692,1,0,NULL),(14,'Contributions - Recurring Billing Updates','{ts}Recurring Contribution Billing Updates{/ts}','{ts 1=$contact.display_name}Dear %1{/ts},\n\n{ts 1=$amount 2=$recur_frequency_interval 3=$recur_frequency_unit}Billing details for your recurring contribution of %1, every %2 %3 have been updated.{/ts}\n\n===========================================================\n{ts}Billing Name and Address{/ts}\n\n===========================================================\n{$billingName}\n{$address}\n\n{$email}\n\n===========================================================\n{ts}Credit Card Information{/ts}\n\n===========================================================\n{$credit_card_type}\n{$credit_card_number}\n{ts}Expires{/ts}: {$credit_card_exp_date|truncate:7:\'\'|crmDate}\n\n\n{ts 1=$receipt_from_email}If you have questions please contact us at %1{/ts}','<!DOCTYPE html PUBLIC \"-//W3C//DTD XHTML 1.0 Transitional//EN\" \"http://www.w3.org/TR/xhtml1/DTD/xhtml1-transitional.dtd\">\n<html xmlns=\"http://www.w3.org/1999/xhtml\">\n<head>\n <meta http-equiv=\"Content-Type\" content=\"text/html; charset=UTF-8\" />\n <title></title>\n</head>\n<body>\n\n{capture assign=headerStyle}colspan=\"2\" style=\"text-align: left; padding: 4px; border-bottom: 1px solid #999; background-color: #eee;\"{/capture}\n{capture assign=labelStyle }style=\"padding: 4px; border-bottom: 1px solid #999; background-color: #f7f7f7;\"{/capture}\n{capture assign=valueStyle }style=\"padding: 4px; border-bottom: 1px solid #999;\"{/capture}\n\n<center>\n <table width=\"620\" border=\"0\" cellpadding=\"0\" cellspacing=\"0\" id=\"crm-event_receipt\" style=\"font-family: Arial, Verdana, sans-serif; text-align: left;\">\n\n  <!-- BEGIN HEADER -->\n  <!-- You can add table row(s) here with logo or other header elements -->\n  <!-- END HEADER -->\n\n  <!-- BEGIN CONTENT -->\n\n  <tr>\n   <td>\n    <p>{ts 1=$contact.display_name}Dear %1{/ts},</p>\n    <p>{ts 1=$amount 2=$recur_frequency_interval 3=$recur_frequency_unit}Billing details for your recurring contribution of %1, every %2 %3 have been updated.{/ts}</p>\n   </td>\n  </tr>\n  <tr>\n </table>\n\n  <table width=\"500\" style=\"border: 1px solid #999; margin: 1em 0em 1em; border-collapse: collapse;\">\n<tr>\n        <th {$headerStyle}>\n         {ts}Billing Name and Address{/ts}\n        </th>\n       </tr>\n       <tr>\n        <td colspan=\"2\" {$valueStyle}>\n         {$billingName}<br />\n         {$address|nl2br}<br />\n         {$email}\n        </td>\n       </tr>\n        <tr>\n       <th {$headerStyle}>\n        {ts}Credit Card Information{/ts}\n       </th>\n      </tr>\n      <tr>\n       <td colspan=\"2\" {$valueStyle}>\n        {$credit_card_type}<br />\n        {$credit_card_number}<br />\n        {ts}Expires{/ts}: {$credit_card_exp_date|truncate:7:\'\'|crmDate}<br />\n       </td>\n      </tr>\n      <tr>\n        <td {$labelStyle}>\n            {ts 1=$receipt_from_email}If you have questions please contact us at %1{/ts}\n        </td>\n       </tr>\n  </table> \n</center>\n\n</body>\n</html>',1,692,0,1,NULL),(15,'Contributions - Recurring Updates','{ts}Recurring Contribution Update Notification{/ts}','{ts 1=$contact.display_name}Dear %1{/ts}, \n\n{ts}Your recurring contribution has been updated as requested:{/ts} \n\n{ts 1=$amount 2=$recur_frequency_interval 3=$recur_frequency_unit}Recurring contribution is for %1, every %2(s) %3{/ts}\n{if $installments}{ts 1=$installments} for %1 installments.{/ts}{/if} \n\n{ts 1=$receipt_from_email}If you have questions please contact us at %1.{/ts}','<!DOCTYPE html PUBLIC \"-//W3C//DTD XHTML 1.0 Transitional//EN\" \"http://www.w3.org/TR/xhtml1/DTD/xhtml1-transitional.dtd\">\n<html xmlns=\"http://www.w3.org/1999/xhtml\">\n<head>\n <meta http-equiv=\"Content-Type\" content=\"text/html; charset=UTF-8\" />\n <title></title>\n</head>\n<body>\n\n{capture assign=headerStyle}colspan=\"2\" style=\"text-align: left; padding: 4px; border-bottom: 1px solid #999; background-color: #eee;\"{/capture}\n{capture assign=labelStyle }style=\"padding: 4px; border-bottom: 1px solid #999; background-color: #f7f7f7;\"{/capture}\n{capture assign=valueStyle }style=\"padding: 4px; border-bottom: 1px solid #999;\"{/capture}\n\n<center>\n <table width=\"620\" border=\"0\" cellpadding=\"0\" cellspacing=\"0\" id=\"crm-event_receipt\" style=\"font-family: Arial, Verdana, sans-serif; text-align: left;\">\n\n  <!-- BEGIN HEADER -->\n  <!-- You can add table row(s) here with logo or other header elements -->\n  <!-- END HEADER -->\n\n  <!-- BEGIN CONTENT -->\n\n  <tr>\n   <td>\n    <p>{ts 1=$contact.display_name}Dear %1{/ts},</p>\n    <p>{ts 1=$amount 2=$recur_frequency_interval 3=$recur_frequency_unit}Recurring contribution is for %1, every %2(s) %3{/ts}</p>\n    <p>{if $installments}{ts 1=$installments} for %1 installments.{/ts}{/if}</p>\n\n    <p>{ts 1=$receipt_from_email}If you have questions please contact us at %1.{/ts}</p>\n   </td>\n  </tr>\n  <tr>\n </table>\n</center>\n\n</body>\n</html>\n',1,693,1,0,NULL),(16,'Contributions - Recurring Updates','{ts}Recurring Contribution Update Notification{/ts}','{ts 1=$contact.display_name}Dear %1{/ts}, \n\n{ts}Your recurring contribution has been updated as requested:{/ts} \n\n{ts 1=$amount 2=$recur_frequency_interval 3=$recur_frequency_unit}Recurring contribution is for %1, every %2(s) %3{/ts}\n{if $installments}{ts 1=$installments} for %1 installments.{/ts}{/if} \n\n{ts 1=$receipt_from_email}If you have questions please contact us at %1.{/ts}','<!DOCTYPE html PUBLIC \"-//W3C//DTD XHTML 1.0 Transitional//EN\" \"http://www.w3.org/TR/xhtml1/DTD/xhtml1-transitional.dtd\">\n<html xmlns=\"http://www.w3.org/1999/xhtml\">\n<head>\n <meta http-equiv=\"Content-Type\" content=\"text/html; charset=UTF-8\" />\n <title></title>\n</head>\n<body>\n\n{capture assign=headerStyle}colspan=\"2\" style=\"text-align: left; padding: 4px; border-bottom: 1px solid #999; background-color: #eee;\"{/capture}\n{capture assign=labelStyle }style=\"padding: 4px; border-bottom: 1px solid #999; background-color: #f7f7f7;\"{/capture}\n{capture assign=valueStyle }style=\"padding: 4px; border-bottom: 1px solid #999;\"{/capture}\n\n<center>\n <table width=\"620\" border=\"0\" cellpadding=\"0\" cellspacing=\"0\" id=\"crm-event_receipt\" style=\"font-family: Arial, Verdana, sans-serif; text-align: left;\">\n\n  <!-- BEGIN HEADER -->\n  <!-- You can add table row(s) here with logo or other header elements -->\n  <!-- END HEADER -->\n\n  <!-- BEGIN CONTENT -->\n\n  <tr>\n   <td>\n    <p>{ts 1=$contact.display_name}Dear %1{/ts},</p>\n    <p>{ts 1=$amount 2=$recur_frequency_interval 3=$recur_frequency_unit}Recurring contribution is for %1, every %2(s) %3{/ts}</p>\n    <p>{if $installments}{ts 1=$installments} for %1 installments.{/ts}{/if}</p>\n\n    <p>{ts 1=$receipt_from_email}If you have questions please contact us at %1.{/ts}</p>\n   </td>\n  </tr>\n  <tr>\n </table>\n</center>\n\n</body>\n</html>\n',1,693,0,1,NULL),(17,'Personal Campaign Pages - Admin Notification','{ts}Personal Campaign Page Notification{/ts}\n','===========================================================\n{ts}Personal Campaign Page Notification{/ts}\n\n===========================================================\n{ts}Action{/ts}: {if $mode EQ \'Update\'}{ts}Updated personal campaign page{/ts}{else}{ts}New personal campaign page{/ts}{/if}\n{ts}Personal Campaign Page Title{/ts}: {$pcpTitle}\n{ts}Current Status{/ts}: {$pcpStatus}\n{capture assign=pcpURL}{crmURL p=\"civicrm/contribute/pcp/info\" q=\"reset=1&id=`$pcpId`\" h=0 a=1}{/capture}\n{ts}View Page{/ts}:\n>> {$pcpURL}\n\n{ts}Supporter{/ts}: {$supporterName}\n>> {$supporterUrl}\n\n{ts}Linked to Contribution Page{/ts}: {$contribPageTitle}\n>> {$contribPageUrl}\n\n{ts}Manage Personal Campaign Pages{/ts}:\n>> {$managePCPUrl}\n\n','<!DOCTYPE html PUBLIC \"-//W3C//DTD XHTML 1.0 Transitional//EN\" \"http://www.w3.org/TR/xhtml1/DTD/xhtml1-transitional.dtd\">\n<html xmlns=\"http://www.w3.org/1999/xhtml\">\n<head>\n <meta http-equiv=\"Content-Type\" content=\"text/html; charset=UTF-8\" />\n <title></title>\n</head>\n<body>\n\n{capture assign=headerStyle}colspan=\"2\" style=\"text-align: left; padding: 4px; border-bottom: 1px solid #999; background-color: #eee;\"{/capture}\n{capture assign=labelStyle }style=\"padding: 4px; border-bottom: 1px solid #999; background-color: #f7f7f7;\"{/capture}\n{capture assign=valueStyle }style=\"padding: 4px; border-bottom: 1px solid #999;\"{/capture}\n{capture assign=pcpURL     }{crmURL p=\"civicrm/contribute/pcp/info\" q=\"reset=1&id=`$pcpId`\" h=0 a=1}{/capture}\n\n<center>\n <table width=\"620\" border=\"0\" cellpadding=\"0\" cellspacing=\"0\" id=\"crm-event_receipt\" style=\"font-family: Arial, Verdana, sans-serif; text-align: left;\">\n\n  <!-- BEGIN HEADER -->\n  <!-- You can add table row(s) here with logo or other header elements -->\n  <!-- END HEADER -->\n\n  <!-- BEGIN CONTENT -->\n\n  <tr>\n   <td>\n    <table style=\"border: 1px solid #999; margin: 1em 0em 1em; border-collapse: collapse; width:100%;\">\n     <tr>\n      <th {$headerStyle}>\n       {ts}Personal Campaign Page Notification{/ts}\n      </th>\n     </tr>\n     <tr>\n      <td {$labelStyle}>\n       {ts}Action{/ts}:\n      </td>\n      <td {$valueStyle}>\n       {if $mode EQ \'Update\'}\n        {ts}Updated personal campaign page{/ts}\n       {else}\n        {ts}New personal campaign page{/ts}\n       {/if}\n      </td>\n     </tr>\n     <tr>\n      <td {$labelStyle}>\n       {ts}Personal Campaign Page Title{/ts}\n      </td>\n      <td {$valueStyle}>\n       {$pcpTitle}\n      </td>\n     </tr>\n     <tr>\n      <td {$labelStyle}>\n       {ts}Current Status{/ts}\n      </td>\n      <td {$valueStyle}>\n       {$pcpStatus}\n      </td>\n     </tr>\n\n     <tr>\n      <td rowspan=\"2\" {$labelStyle}>\n       <a href=\"{$pcpURL}\">{ts}View Page{/ts}</a>\n      </td>\n     </tr>\n     <tr>\n      <td {$labelStyle}>\n       {ts}Supporter{/ts}\n      </td>\n      <td {$valueStyle}>\n       <a href=\"{$supporterUrl}\">{$supporterName}</a>\n      </td>\n     </tr>\n     <tr>\n      <td {$labelStyle}>\n       {ts}Linked to Contribution Page{/ts}\n      </td>\n      <td {$valueStyle}>\n       <a href=\"{$contribPageUrl}\">{$contribPageTitle}</a>\n      </td>\n     </tr>\n     <tr>\n      <td rowspan=\"2\" {$labelStyle}>\n       <a href=\"{$managePCPUrl}\">{ts}Manage Personal Campaign Pages{/ts}</a>\n      </td>\n     </tr>\n\n    </table>\n   </td>\n  </tr>\n </table>\n</center>\n\n</body>\n</html>\n',1,694,1,0,NULL),(18,'Personal Campaign Pages - Admin Notification','{ts}Personal Campaign Page Notification{/ts}\n','===========================================================\n{ts}Personal Campaign Page Notification{/ts}\n\n===========================================================\n{ts}Action{/ts}: {if $mode EQ \'Update\'}{ts}Updated personal campaign page{/ts}{else}{ts}New personal campaign page{/ts}{/if}\n{ts}Personal Campaign Page Title{/ts}: {$pcpTitle}\n{ts}Current Status{/ts}: {$pcpStatus}\n{capture assign=pcpURL}{crmURL p=\"civicrm/contribute/pcp/info\" q=\"reset=1&id=`$pcpId`\" h=0 a=1}{/capture}\n{ts}View Page{/ts}:\n>> {$pcpURL}\n\n{ts}Supporter{/ts}: {$supporterName}\n>> {$supporterUrl}\n\n{ts}Linked to Contribution Page{/ts}: {$contribPageTitle}\n>> {$contribPageUrl}\n\n{ts}Manage Personal Campaign Pages{/ts}:\n>> {$managePCPUrl}\n\n','<!DOCTYPE html PUBLIC \"-//W3C//DTD XHTML 1.0 Transitional//EN\" \"http://www.w3.org/TR/xhtml1/DTD/xhtml1-transitional.dtd\">\n<html xmlns=\"http://www.w3.org/1999/xhtml\">\n<head>\n <meta http-equiv=\"Content-Type\" content=\"text/html; charset=UTF-8\" />\n <title></title>\n</head>\n<body>\n\n{capture assign=headerStyle}colspan=\"2\" style=\"text-align: left; padding: 4px; border-bottom: 1px solid #999; background-color: #eee;\"{/capture}\n{capture assign=labelStyle }style=\"padding: 4px; border-bottom: 1px solid #999; background-color: #f7f7f7;\"{/capture}\n{capture assign=valueStyle }style=\"padding: 4px; border-bottom: 1px solid #999;\"{/capture}\n{capture assign=pcpURL     }{crmURL p=\"civicrm/contribute/pcp/info\" q=\"reset=1&id=`$pcpId`\" h=0 a=1}{/capture}\n\n<center>\n <table width=\"620\" border=\"0\" cellpadding=\"0\" cellspacing=\"0\" id=\"crm-event_receipt\" style=\"font-family: Arial, Verdana, sans-serif; text-align: left;\">\n\n  <!-- BEGIN HEADER -->\n  <!-- You can add table row(s) here with logo or other header elements -->\n  <!-- END HEADER -->\n\n  <!-- BEGIN CONTENT -->\n\n  <tr>\n   <td>\n    <table style=\"border: 1px solid #999; margin: 1em 0em 1em; border-collapse: collapse; width:100%;\">\n     <tr>\n      <th {$headerStyle}>\n       {ts}Personal Campaign Page Notification{/ts}\n      </th>\n     </tr>\n     <tr>\n      <td {$labelStyle}>\n       {ts}Action{/ts}:\n      </td>\n      <td {$valueStyle}>\n       {if $mode EQ \'Update\'}\n        {ts}Updated personal campaign page{/ts}\n       {else}\n        {ts}New personal campaign page{/ts}\n       {/if}\n      </td>\n     </tr>\n     <tr>\n      <td {$labelStyle}>\n       {ts}Personal Campaign Page Title{/ts}\n      </td>\n      <td {$valueStyle}>\n       {$pcpTitle}\n      </td>\n     </tr>\n     <tr>\n      <td {$labelStyle}>\n       {ts}Current Status{/ts}\n      </td>\n      <td {$valueStyle}>\n       {$pcpStatus}\n      </td>\n     </tr>\n\n     <tr>\n      <td rowspan=\"2\" {$labelStyle}>\n       <a href=\"{$pcpURL}\">{ts}View Page{/ts}</a>\n      </td>\n     </tr>\n     <tr>\n      <td {$labelStyle}>\n       {ts}Supporter{/ts}\n      </td>\n      <td {$valueStyle}>\n       <a href=\"{$supporterUrl}\">{$supporterName}</a>\n      </td>\n     </tr>\n     <tr>\n      <td {$labelStyle}>\n       {ts}Linked to Contribution Page{/ts}\n      </td>\n      <td {$valueStyle}>\n       <a href=\"{$contribPageUrl}\">{$contribPageTitle}</a>\n      </td>\n     </tr>\n     <tr>\n      <td rowspan=\"2\" {$labelStyle}>\n       <a href=\"{$managePCPUrl}\">{ts}Manage Personal Campaign Pages{/ts}</a>\n      </td>\n     </tr>\n\n    </table>\n   </td>\n  </tr>\n </table>\n</center>\n\n</body>\n</html>\n',1,694,0,1,NULL),(19,'Personal Campaign Pages - Supporter Status Change Notification','{ts 1=$contribPageTitle}Your Personal Campaign Page for %1{/ts}\n','{if $pcpStatus eq \'Approved\'}\n============================\n{ts}Your Personal Campaign Page{/ts}\n\n============================\n\n{ts}Your personal campaign page has been approved and is now live.{/ts}\n\n{ts}Whenever you want to preview, update or promote your page{/ts}:\n1. {ts}Login to your account at{/ts}:\n{$loginUrl}\n\n2. {ts}Click or paste this link into your browser to go to your page{/ts}:\n{$pcpInfoURL}\n\n{ts}When you view your campaign page WHILE LOGGED IN, the page includes links to edit\nyour page, tell friends, and update your contact info.{/ts}\n\n{if $isTellFriendEnabled}\n\n{ts}After logging in, you can use this form to promote your fundraising page{/ts}:\n{$pcpTellFriendURL}\n\n{/if}\n\n{if $pcpNotifyEmailAddress}\n{ts}Questions? Send email to{/ts}:\n{$pcpNotifyEmailAddress}\n{/if}\n\n{* Rejected message *}\n{elseif $pcpStatus eq \'Not Approved\'}\n============================\n{ts}Your Personal Campaign Page{/ts}\n\n============================\n\n{ts}Your personal campaign page has been reviewed. There were some issues with the content\nwhich prevented us from approving the page. We are sorry for any inconvenience.{/ts}\n\n{if $pcpNotifyEmailAddress}\n\n{ts}Please contact our site administrator for more information{/ts}:\n{$pcpNotifyEmailAddress}\n{/if}\n\n{/if}\n','<!DOCTYPE html PUBLIC \"-//W3C//DTD XHTML 1.0 Transitional//EN\" \"http://www.w3.org/TR/xhtml1/DTD/xhtml1-transitional.dtd\">\n<html xmlns=\"http://www.w3.org/1999/xhtml\">\n<head>\n <meta http-equiv=\"Content-Type\" content=\"text/html; charset=UTF-8\" />\n <title></title>\n</head>\n<body>\n\n<center>\n <table width=\"620\" border=\"0\" cellpadding=\"0\" cellspacing=\"0\" id=\"crm-event_receipt\" style=\"font-family: Arial, Verdana, sans-serif; text-align: left;\">\n\n  <!-- BEGIN HEADER -->\n  <!-- You can add table row(s) here with logo or other header elements -->\n  <!-- END HEADER -->\n\n  <!-- BEGIN CONTENT -->\n\n  <tr>\n   <td>\n\n    <h1>{ts}Your Personal Campaign Page{/ts}</h1>\n\n    {if $pcpStatus eq \'Approved\'}\n\n     <p>{ts}Your personal campaign page has been approved and is now live.{/ts}</p>\n     <p>{ts}Whenever you want to preview, update or promote your page{/ts}:</p>\n     <ol>\n      <li><a href=\"{$loginUrl}\">{ts}Login to your account{/ts}</a></li>\n      <li><a href=\"{$pcpInfoURL}\">{ts}Go to your page{/ts}</a></li>\n     </ol>\n     <p>{ts}When you view your campaign page WHILE LOGGED IN, the page includes links to edit\nyour page, tell friends, and update your contact info.{/ts}</p>\n\n     {if $isTellFriendEnabled}\n      <p><a href=\"{$pcpTellFriendURL}\">{ts}After logging in, you can use this form to promote your fundraising page{/ts}</a></p>\n     {/if}\n\n     {if $pcpNotifyEmailAddress}\n      <p>{ts}Questions? Send email to{/ts}: {$pcpNotifyEmailAddress}</p>\n     {/if}\n\n    {elseif $pcpStatus eq \'Not Approved\'}\n\n     <p>{ts}Your personal campaign page has been reviewed. There were some issues with the content\nwhich prevented us from approving the page. We are sorry for any inconvenience.{/ts}</p>\n     {if $pcpNotifyEmailAddress}\n      <p>{ts}Please contact our site administrator for more information{/ts}: {$pcpNotifyEmailAddress}</p>\n     {/if}\n\n    {/if}\n\n   </td>\n  </tr>\n\n </table>\n</center>\n\n</body>\n</html>\n',1,695,1,0,NULL),(20,'Personal Campaign Pages - Supporter Status Change Notification','{ts 1=$contribPageTitle}Your Personal Campaign Page for %1{/ts}\n','{if $pcpStatus eq \'Approved\'}\n============================\n{ts}Your Personal Campaign Page{/ts}\n\n============================\n\n{ts}Your personal campaign page has been approved and is now live.{/ts}\n\n{ts}Whenever you want to preview, update or promote your page{/ts}:\n1. {ts}Login to your account at{/ts}:\n{$loginUrl}\n\n2. {ts}Click or paste this link into your browser to go to your page{/ts}:\n{$pcpInfoURL}\n\n{ts}When you view your campaign page WHILE LOGGED IN, the page includes links to edit\nyour page, tell friends, and update your contact info.{/ts}\n\n{if $isTellFriendEnabled}\n\n{ts}After logging in, you can use this form to promote your fundraising page{/ts}:\n{$pcpTellFriendURL}\n\n{/if}\n\n{if $pcpNotifyEmailAddress}\n{ts}Questions? Send email to{/ts}:\n{$pcpNotifyEmailAddress}\n{/if}\n\n{* Rejected message *}\n{elseif $pcpStatus eq \'Not Approved\'}\n============================\n{ts}Your Personal Campaign Page{/ts}\n\n============================\n\n{ts}Your personal campaign page has been reviewed. There were some issues with the content\nwhich prevented us from approving the page. We are sorry for any inconvenience.{/ts}\n\n{if $pcpNotifyEmailAddress}\n\n{ts}Please contact our site administrator for more information{/ts}:\n{$pcpNotifyEmailAddress}\n{/if}\n\n{/if}\n','<!DOCTYPE html PUBLIC \"-//W3C//DTD XHTML 1.0 Transitional//EN\" \"http://www.w3.org/TR/xhtml1/DTD/xhtml1-transitional.dtd\">\n<html xmlns=\"http://www.w3.org/1999/xhtml\">\n<head>\n <meta http-equiv=\"Content-Type\" content=\"text/html; charset=UTF-8\" />\n <title></title>\n</head>\n<body>\n\n<center>\n <table width=\"620\" border=\"0\" cellpadding=\"0\" cellspacing=\"0\" id=\"crm-event_receipt\" style=\"font-family: Arial, Verdana, sans-serif; text-align: left;\">\n\n  <!-- BEGIN HEADER -->\n  <!-- You can add table row(s) here with logo or other header elements -->\n  <!-- END HEADER -->\n\n  <!-- BEGIN CONTENT -->\n\n  <tr>\n   <td>\n\n    <h1>{ts}Your Personal Campaign Page{/ts}</h1>\n\n    {if $pcpStatus eq \'Approved\'}\n\n     <p>{ts}Your personal campaign page has been approved and is now live.{/ts}</p>\n     <p>{ts}Whenever you want to preview, update or promote your page{/ts}:</p>\n     <ol>\n      <li><a href=\"{$loginUrl}\">{ts}Login to your account{/ts}</a></li>\n      <li><a href=\"{$pcpInfoURL}\">{ts}Go to your page{/ts}</a></li>\n     </ol>\n     <p>{ts}When you view your campaign page WHILE LOGGED IN, the page includes links to edit\nyour page, tell friends, and update your contact info.{/ts}</p>\n\n     {if $isTellFriendEnabled}\n      <p><a href=\"{$pcpTellFriendURL}\">{ts}After logging in, you can use this form to promote your fundraising page{/ts}</a></p>\n     {/if}\n\n     {if $pcpNotifyEmailAddress}\n      <p>{ts}Questions? Send email to{/ts}: {$pcpNotifyEmailAddress}</p>\n     {/if}\n\n    {elseif $pcpStatus eq \'Not Approved\'}\n\n     <p>{ts}Your personal campaign page has been reviewed. There were some issues with the content\nwhich prevented us from approving the page. We are sorry for any inconvenience.{/ts}</p>\n     {if $pcpNotifyEmailAddress}\n      <p>{ts}Please contact our site administrator for more information{/ts}: {$pcpNotifyEmailAddress}</p>\n     {/if}\n\n    {/if}\n\n   </td>\n  </tr>\n\n </table>\n</center>\n\n</body>\n</html>\n',1,695,0,1,NULL),(21,'Personal Campaign Pages - Supporter Welcome','{ts 1=$contribPageTitle}Your Personal Campaign Page for %1{/ts}\n','{ts}Dear supporter{/ts},\n{ts 1=\"$contribPageTitle\"}Thanks for creating a personal campaign page in support of %1.{/ts}\n\n{if $pcpStatus eq \'Approved\'}\n====================\n{ts}Promoting Your Page{/ts}\n\n====================\n{if $isTellFriendEnabled}\n\n{ts}You can begin your fundraising efforts using our \"Tell a Friend\" form{/ts}:\n\n1. {ts}Login to your account at{/ts}:\n{$loginUrl}\n\n2. {ts}Click or paste this link into your browser and follow the prompts{/ts}:\n{$pcpTellFriendURL}\n{else}\n\n{ts}Send email to family, friends and colleagues with a personal message about this campaign.{/ts}\n{ts}Include this link to your fundraising page in your emails{/ts}:\n{$pcpInfoURL}\n{/if}\n\n===================\n{ts}Managing Your Page{/ts}\n\n===================\n{ts}Whenever you want to preview, update or promote your page{/ts}:\n1. {ts}Login to your account at{/ts}:\n{$loginUrl}\n\n2. {ts}Click or paste this link into your browser to go to your page{/ts}:\n{$pcpInfoURL}\n\n{ts}When you view your campaign page WHILE LOGGED IN, the page includes links to edit\nyour page, tell friends, and update your contact info.{/ts}\n\n\n{elseif $pcpStatus EQ \'Waiting Review\'}\n{ts}Your page requires administrator review before you can begin your fundraising efforts.{/ts}\n\n\n{ts}A notification email has been sent to the site administrator, and you will receive another notification from them as soon as the review process is complete.{/ts}\n\n\n{ts}You can still preview your page prior to approval{/ts}:\n1. {ts}Login to your account at{/ts}:\n{$loginUrl}\n\n2. {ts}Click or paste this link into your browser{/ts}:\n{$pcpInfoURL}\n\n{/if}\n{if $pcpNotifyEmailAddress}\n{ts}Questions? Send email to{/ts}:\n{$pcpNotifyEmailAddress}\n{/if}\n','<!DOCTYPE html PUBLIC \"-//W3C//DTD XHTML 1.0 Transitional//EN\" \"http://www.w3.org/TR/xhtml1/DTD/xhtml1-transitional.dtd\">\n<html xmlns=\"http://www.w3.org/1999/xhtml\">\n<head>\n <meta http-equiv=\"Content-Type\" content=\"text/html; charset=UTF-8\" />\n <title></title>\n</head>\n<body>\n\n{capture assign=headerStyle}colspan=\"2\" style=\"text-align: left; padding: 4px; border-bottom: 1px solid #999; background-color: #eee;\"{/capture}\n{capture assign=labelStyle }style=\"padding: 4px; border-bottom: 1px solid #999; background-color: #f7f7f7;\"{/capture}\n{capture assign=valueStyle }style=\"padding: 4px; border-bottom: 1px solid #999;\"{/capture}\n\n<center>\n <table width=\"620\" border=\"0\" cellpadding=\"0\" cellspacing=\"0\" id=\"crm-event_receipt\" style=\"font-family: Arial, Verdana, sans-serif; text-align: left;\">\n\n  <!-- BEGIN HEADER -->\n  <!-- You can add table row(s) here with logo or other header elements -->\n  <!-- END HEADER -->\n\n  <!-- BEGIN CONTENT -->\n\n  <tr>\n   <td>\n    <p>{ts}Dear supporter{/ts},</p>\n    <p>{ts 1=\"$contribPageTitle\"}Thanks for creating a personal campaign page in support of %1.{/ts}</p>\n   </td>\n  </tr>\n\n  {if $pcpStatus eq \'Approved\'}\n\n    <tr>\n     <td>\n      <table style=\"border: 1px solid #999; margin: 1em 0em 1em; border-collapse: collapse; width:100%;\">\n       <tr>\n        <th {$headerStyle}>\n         {ts}Promoting Your Page{/ts}\n        </th>\n       </tr>\n       <tr>\n        <td colspan=\"2\" {$valueStyle}>\n         {if $isTellFriendEnabled}\n          <p>{ts}You can begin your fundraising efforts using our \"Tell a Friend\" form{/ts}:</p>\n          <ol>\n           <li><a href=\"{$loginUrl}\">{ts}Login to your account{/ts}</a></li>\n           <li><a href=\"{$pcpTellFriendURL}\">{ts}Click this link and follow the prompts{/ts}</a></li>\n          </ol>\n         {else}\n          <p>{ts}Send email to family, friends and colleagues with a personal message about this campaign.{/ts} {ts}Include this link to your fundraising page in your emails{/ts}: {$pcpInfoURL}</p>\n         {/if}\n        </td>\n       </tr>\n       <tr>\n        <th {$headerStyle}>\n         {ts}Managing Your Page{/ts}\n        </th>\n       <tr>\n        <td colspan=\"2\" {$valueStyle}>\n         <p>{ts}Whenever you want to preview, update or promote your page{/ts}:</p>\n         <ol>\n          <li><a href=\"{$loginUrl}\">{ts}Login to your account{/ts}</a></li>\n          <li><a href=\"{$pcpInfoURL}\">{ts}Go to your page{/ts}</a></li>\n         </ol>\n         <p>{ts}When you view your campaign page WHILE LOGGED IN, the page includes links to edit\nyour page, tell friends, and update your contact info.{/ts}</p>\n        </td>\n       </tr>\n       </tr>\n      </table>\n     </td>\n    </tr>\n\n   {elseif $pcpStatus EQ \'Waiting Review\'}\n\n    <tr>\n     <td>\n      <p>{ts}Your page requires administrator review before you can begin your fundraising efforts.{/ts}</p>\n      <p>{ts}A notification email has been sent to the site administrator, and you will receive another notification from them as soon as the review process is complete.{/ts}</p>\n      <p>{ts}You can still preview your page prior to approval{/ts}:</p>\n      <ol>\n       <li><a href=\"{$loginUrl}\">{ts}Login to your account{/ts}</a></li>\n       <li><a href=\"{$pcpInfoURL}\">{ts}Click this link{/ts}</a></li>\n      </ol>\n     </td>\n    </tr>\n\n   {/if}\n\n   {if $pcpNotifyEmailAddress}\n    <tr>\n     <td>\n      <p>{ts}Questions? Send email to{/ts}: {$pcpNotifyEmailAddress}</p>\n     </td>\n    </tr>\n   {/if}\n\n </table>\n</center>\n\n</body>\n</html>\n',1,696,1,0,NULL),(22,'Personal Campaign Pages - Supporter Welcome','{ts 1=$contribPageTitle}Your Personal Campaign Page for %1{/ts}\n','{ts}Dear supporter{/ts},\n{ts 1=\"$contribPageTitle\"}Thanks for creating a personal campaign page in support of %1.{/ts}\n\n{if $pcpStatus eq \'Approved\'}\n====================\n{ts}Promoting Your Page{/ts}\n\n====================\n{if $isTellFriendEnabled}\n\n{ts}You can begin your fundraising efforts using our \"Tell a Friend\" form{/ts}:\n\n1. {ts}Login to your account at{/ts}:\n{$loginUrl}\n\n2. {ts}Click or paste this link into your browser and follow the prompts{/ts}:\n{$pcpTellFriendURL}\n{else}\n\n{ts}Send email to family, friends and colleagues with a personal message about this campaign.{/ts}\n{ts}Include this link to your fundraising page in your emails{/ts}:\n{$pcpInfoURL}\n{/if}\n\n===================\n{ts}Managing Your Page{/ts}\n\n===================\n{ts}Whenever you want to preview, update or promote your page{/ts}:\n1. {ts}Login to your account at{/ts}:\n{$loginUrl}\n\n2. {ts}Click or paste this link into your browser to go to your page{/ts}:\n{$pcpInfoURL}\n\n{ts}When you view your campaign page WHILE LOGGED IN, the page includes links to edit\nyour page, tell friends, and update your contact info.{/ts}\n\n\n{elseif $pcpStatus EQ \'Waiting Review\'}\n{ts}Your page requires administrator review before you can begin your fundraising efforts.{/ts}\n\n\n{ts}A notification email has been sent to the site administrator, and you will receive another notification from them as soon as the review process is complete.{/ts}\n\n\n{ts}You can still preview your page prior to approval{/ts}:\n1. {ts}Login to your account at{/ts}:\n{$loginUrl}\n\n2. {ts}Click or paste this link into your browser{/ts}:\n{$pcpInfoURL}\n\n{/if}\n{if $pcpNotifyEmailAddress}\n{ts}Questions? Send email to{/ts}:\n{$pcpNotifyEmailAddress}\n{/if}\n','<!DOCTYPE html PUBLIC \"-//W3C//DTD XHTML 1.0 Transitional//EN\" \"http://www.w3.org/TR/xhtml1/DTD/xhtml1-transitional.dtd\">\n<html xmlns=\"http://www.w3.org/1999/xhtml\">\n<head>\n <meta http-equiv=\"Content-Type\" content=\"text/html; charset=UTF-8\" />\n <title></title>\n</head>\n<body>\n\n{capture assign=headerStyle}colspan=\"2\" style=\"text-align: left; padding: 4px; border-bottom: 1px solid #999; background-color: #eee;\"{/capture}\n{capture assign=labelStyle }style=\"padding: 4px; border-bottom: 1px solid #999; background-color: #f7f7f7;\"{/capture}\n{capture assign=valueStyle }style=\"padding: 4px; border-bottom: 1px solid #999;\"{/capture}\n\n<center>\n <table width=\"620\" border=\"0\" cellpadding=\"0\" cellspacing=\"0\" id=\"crm-event_receipt\" style=\"font-family: Arial, Verdana, sans-serif; text-align: left;\">\n\n  <!-- BEGIN HEADER -->\n  <!-- You can add table row(s) here with logo or other header elements -->\n  <!-- END HEADER -->\n\n  <!-- BEGIN CONTENT -->\n\n  <tr>\n   <td>\n    <p>{ts}Dear supporter{/ts},</p>\n    <p>{ts 1=\"$contribPageTitle\"}Thanks for creating a personal campaign page in support of %1.{/ts}</p>\n   </td>\n  </tr>\n\n  {if $pcpStatus eq \'Approved\'}\n\n    <tr>\n     <td>\n      <table style=\"border: 1px solid #999; margin: 1em 0em 1em; border-collapse: collapse; width:100%;\">\n       <tr>\n        <th {$headerStyle}>\n         {ts}Promoting Your Page{/ts}\n        </th>\n       </tr>\n       <tr>\n        <td colspan=\"2\" {$valueStyle}>\n         {if $isTellFriendEnabled}\n          <p>{ts}You can begin your fundraising efforts using our \"Tell a Friend\" form{/ts}:</p>\n          <ol>\n           <li><a href=\"{$loginUrl}\">{ts}Login to your account{/ts}</a></li>\n           <li><a href=\"{$pcpTellFriendURL}\">{ts}Click this link and follow the prompts{/ts}</a></li>\n          </ol>\n         {else}\n          <p>{ts}Send email to family, friends and colleagues with a personal message about this campaign.{/ts} {ts}Include this link to your fundraising page in your emails{/ts}: {$pcpInfoURL}</p>\n         {/if}\n        </td>\n       </tr>\n       <tr>\n        <th {$headerStyle}>\n         {ts}Managing Your Page{/ts}\n        </th>\n       <tr>\n        <td colspan=\"2\" {$valueStyle}>\n         <p>{ts}Whenever you want to preview, update or promote your page{/ts}:</p>\n         <ol>\n          <li><a href=\"{$loginUrl}\">{ts}Login to your account{/ts}</a></li>\n          <li><a href=\"{$pcpInfoURL}\">{ts}Go to your page{/ts}</a></li>\n         </ol>\n         <p>{ts}When you view your campaign page WHILE LOGGED IN, the page includes links to edit\nyour page, tell friends, and update your contact info.{/ts}</p>\n        </td>\n       </tr>\n       </tr>\n      </table>\n     </td>\n    </tr>\n\n   {elseif $pcpStatus EQ \'Waiting Review\'}\n\n    <tr>\n     <td>\n      <p>{ts}Your page requires administrator review before you can begin your fundraising efforts.{/ts}</p>\n      <p>{ts}A notification email has been sent to the site administrator, and you will receive another notification from them as soon as the review process is complete.{/ts}</p>\n      <p>{ts}You can still preview your page prior to approval{/ts}:</p>\n      <ol>\n       <li><a href=\"{$loginUrl}\">{ts}Login to your account{/ts}</a></li>\n       <li><a href=\"{$pcpInfoURL}\">{ts}Click this link{/ts}</a></li>\n      </ol>\n     </td>\n    </tr>\n\n   {/if}\n\n   {if $pcpNotifyEmailAddress}\n    <tr>\n     <td>\n      <p>{ts}Questions? Send email to{/ts}: {$pcpNotifyEmailAddress}</p>\n     </td>\n    </tr>\n   {/if}\n\n </table>\n</center>\n\n</body>\n</html>\n',1,696,0,1,NULL),(23,'Events - Registration Confirmation and Receipt (off-line)','{ts}Event Confirmation{/ts} - {$event.title}\n','{if $event.confirm_email_text AND (not $isOnWaitlist AND not $isRequireApproval)}\n{$event.confirm_email_text}\n{/if}\n\n{if $isOnWaitlist}\n==========================================================={if $pricesetFieldsCount }===================={/if}\n\n{ts}You have been added to the WAIT LIST for this event.{/ts}\n\n{if $isPrimary}\n{ts}If space becomes available you will receive an email with\na link to a web page where you can complete your registration.{/ts}\n\n{/if}\n==========================================================={if $pricesetFieldsCount }===================={/if}\n\n{elseif $isRequireApproval}\n==========================================================={if $pricesetFieldsCount }===================={/if}\n\n{ts}Your registration has been submitted.{/ts}\n\n{if $isPrimary}\n{ts}Once your registration has been reviewed, you will receive\nan email with a link to a web page where you can complete the\nregistration process.{/ts}\n\n{/if}\n==========================================================={if $pricesetFieldsCount }===================={/if}\n\n{elseif $is_pay_later}\n\n==========================================================={if $pricesetFieldsCount }===================={/if}\n\n{$pay_later_receipt}\n==========================================================={if $pricesetFieldsCount }===================={/if}\n\n{else}\n\n{ts}Please print this confirmation for your records.{/ts}\n{/if}\n\n\n==========================================================={if $pricesetFieldsCount }===================={/if}\n\n{ts}Event Information and Location{/ts}\n\n==========================================================={if $pricesetFieldsCount }===================={/if}\n\n{$event.event_title}\n{$event.event_start_date|crmDate}{if $event.event_end_date}-{if $event.event_end_date|date_format:\"%Y%m%d\" == $event.event_start_date|date_format:\"%Y%m%d\"}{$event.event_end_date|crmDate:0:1}{else}{$event.event_end_date|crmDate}{/if}{/if}\n\n{if $event.participant_role neq \'Attendee\' and $defaultRole}\n{ts}Participant Role{/ts}: {$event.participant_role}\n{/if}\n\n{if $isShowLocation}\n{if $location.address.1.name}\n\n{$location.address.1.name}\n{/if}\n{if $location.address.1.street_address}{$location.address.1.street_address}\n{/if}\n{if $location.address.1.supplemental_address_1}{$location.address.1.supplemental_address_1}\n{/if}\n{if $location.address.1.supplemental_address_2}{$location.address.1.supplemental_address_2}\n{/if}\n{if $location.address.1.city}{$location.address.1.city} {$location.address.1.postal_code}{if $location.address.1.postal_code_suffix} - {$location.address.1.postal_code_suffix}{/if}\n{/if}\n\n{/if}{*End of isShowLocation condition*}\n\n{if $location.phone.1.phone || $location.email.1.email}\n\n{ts}Event Contacts:{/ts}\n{foreach from=$location.phone item=phone}\n{if $phone.phone}\n\n{if $phone.phone_type}{$phone.phone_type_display}{else}{ts}Phone{/ts}{/if}: {$phone.phone}{/if}\n{/foreach}\n{foreach from=$location.email item=eventEmail}\n{if $eventEmail.email}\n\n{ts}Email{/ts}: {$eventEmail.email}{/if}{/foreach}\n{/if}\n\n{capture assign=icalFeed}{crmURL p=\'civicrm/event/ical\' q=\"reset=1&id=`$event.id`\" h=0 a=1 fe=1}{/capture}\n{ts}Download iCalendar File:{/ts} {$icalFeed}\n{if $email}\n\n==========================================================={if $pricesetFieldsCount }===================={/if}\n\n{ts}Registered Email{/ts}\n\n==========================================================={if $pricesetFieldsCount }===================={/if}\n\n{$email}\n{/if}\n{if $event.is_monetary} {* This section for Paid events only.*}\n\n==========================================================={if $pricesetFieldsCount }===================={/if}\n\n{$event.fee_label}\n==========================================================={if $pricesetFieldsCount }===================={/if}\n\n{if $lineItem}{foreach from=$lineItem item=value key=priceset}\n\n{if $value neq \'skip\'}\n{if $isPrimary}\n{if $lineItem|@count GT 1} {* Header for multi participant registration cases. *}\n{ts 1=$priceset+1}Participant %1{/ts}\n{/if}\n{/if}\n---------------------------------------------------------{if $pricesetFieldsCount }--------------------{/if}\n\n{capture assign=ts_item}{ts}Item{/ts}{/capture}\n{capture assign=ts_qty}{ts}Qty{/ts}{/capture}\n{capture assign=ts_each}{ts}Each{/ts}{/capture}\n{capture assign=ts_total}{ts}Total{/ts}{/capture}\n{capture assign=ts_participant_total}{if $pricesetFieldsCount }{ts}Total Participants{/ts}{/if}{/capture}\n{$ts_item|string_format:\"%-30s\"} {$ts_qty|string_format:\"%5s\"} {$ts_each|string_format:\"%10s\"} {$ts_total|string_format:\"%10s\"} {$ts_participant_total|string_format:\"%10s\"}\n----------------------------------------------------------{if $pricesetFieldsCount }--------------------{/if}\n\n{foreach from=$value item=line}\n{if $pricesetFieldsCount }{capture assign=ts_participant_count}{$line.participant_count}{/capture}{/if}\n{capture assign=ts_item}{if $line.html_type eq \'Text\'}{$line.label}{else}{$line.field_title} - {$line.label}{/if} {if $line.description} {$line.description}{/if}{/capture}{$ts_item|truncate:30:\"...\"|string_format:\"%-30s\"} {$line.qty|string_format:\"%5s\"} {$line.unit_price|crmMoney|string_format:\"%10s\"} {$line.line_total|crmMoney|string_format:\"%10s\"} {$ts_participant_count|string_format:\"%10s\"}\n{/foreach}\n{/if}\n{/foreach}\n{/if}\n{if $amount && !$lineItem}\n{foreach from=$amount item=amnt key=level}{$amnt.amount|crmMoney} {$amnt.label}\n{/foreach}\n{/if}\n{if $isPrimary }\n\n{ts}Total Amount{/ts}: {$totalAmount|crmMoney} {if $hookDiscount.message}({$hookDiscount.message}){/if}\n\n{if $pricesetFieldsCount }\n      {assign var=\"count\" value= 0}\n      {foreach from=$lineItem item=pcount}\n      {assign var=\"lineItemCount\" value=0}\n      {if $pcount neq \'skip\'}\n        {foreach from=$pcount item=p_count}\n        {assign var=\"lineItemCount\" value=$lineItemCount+$p_count.participant_count}\n        {/foreach}\n        {if $lineItemCount < 1 }\n        {assign var=\"lineItemCount\" value=1}\n        {/if}	\n      {assign var=\"count\" value=$count+$lineItemCount}\n      {/if}\n      {/foreach}\n\n{ts}Total Participants{/ts}: {$count}\n{/if}\n   \n{if $is_pay_later }\n\n==========================================================={if $pricesetFieldsCount }===================={/if}\n\n{$pay_later_receipt}\n==========================================================={if $pricesetFieldsCount }===================={/if}\n\n{/if}\n\n{if $register_date}\n{ts}Registration Date{/ts}: {$register_date|crmDate}\n{/if}\n{if $receive_date}\n{ts}Transaction Date{/ts}: {$receive_date|crmDate}\n{/if}\n{if $contributionTypeName}\n{ts}Financial Type{/ts}: {$contributionTypeName}\n{/if}\n{if $trxn_id}\n{ts}Transaction #{/ts}: {$trxn_id}\n{/if}\n{if $paidBy}\n{ts}Paid By{/ts}: {$paidBy}\n{/if}\n{if $checkNumber}\n{ts}Check Number{/ts}: {$checkNumber}\n{/if}\n{if $contributeMode ne \'notify\' and !$isAmountzero and !$is_pay_later and !$isOnWaitlist and !$isRequireApproval}\n\n==========================================================={if $pricesetFieldsCount }===================={/if}\n\n{ts}Billing Name and Address{/ts}\n\n==========================================================={if $pricesetFieldsCount }===================={/if}\n\n{$billingName}\n{$address}\n{/if}\n\n{if $contributeMode eq \'direct\' and !$isAmountzero and !$is_pay_later and !$isOnWaitlist and !$isRequireApproval}\n===========================================================\n{ts}Credit Card Information{/ts}\n\n==========================================================={if $pricesetFieldsCount }===================={/if}\n\n{$credit_card_type}\n{$credit_card_number}\n{ts}Expires{/ts}: {$credit_card_exp_date|truncate:7:\'\'|crmDate}\n{/if}\n{/if}\n{/if} {* End of conditional section for Paid events *}\n\n{if $customPre}\n==========================================================={if $pricesetFieldsCount }===================={/if}\n\n{$customPre_grouptitle}\n==========================================================={if $pricesetFieldsCount }===================={/if}\n\n{foreach from=$customPre item=value key=customName}\n{if ( $trackingFields and ! in_array( $customName, $trackingFields ) ) or ! $trackingFields}\n{$customName}: {$value}\n{/if}\n{/foreach}\n{/if}\n\n{if $customPost}\n==========================================================={if $pricesetFieldsCount }===================={/if}\n\n{$customPost_grouptitle}\n==========================================================={if $pricesetFieldsCount }===================={/if}\n\n{foreach from=$customPost item=value key=customName}\n{if ( $trackingFields and ! in_array( $customName, $trackingFields ) ) or ! $trackingFields}\n{$customName}: {$value}\n{/if}\n{/foreach}\n{/if}\n{if $customProfile}\n\n{foreach from=$customProfile item=value key=customName}\n==========================================================={if $pricesetFieldsCount }===================={/if}\n\n{ts 1=$customName+1}Participant Information - Participant %1{/ts}\n\n==========================================================={if $pricesetFieldsCount }===================={/if}\n\n{foreach from=$value item=val key=field}\n{if $field eq \'additionalCustomPre\' or $field eq \'additionalCustomPost\' }\n{if $field eq \'additionalCustomPre\' }\n----------------------------------------------------------{if $pricesetFieldsCount }--------------------{/if}\n\n{$additionalCustomPre_grouptitle}\n----------------------------------------------------------{if $pricesetFieldsCount }--------------------{/if}\n\n{else}\n----------------------------------------------------------{if $pricesetFieldsCount }--------------------{/if}\n\n{$additionalCustomPost_grouptitle}\n----------------------------------------------------------{if $pricesetFieldsCount }--------------------{/if}\n\n{/if}\n{foreach from=$val item=v key=f}\n{$f}: {$v}\n{/foreach}\n{/if}\n{/foreach}\n{/foreach}\n{/if}\n{if $customGroup}\n{foreach from=$customGroup item=value key=customName}\n=========================================================={if $pricesetFieldsCount }===================={/if}\n\n{$customName}\n=========================================================={if $pricesetFieldsCount }===================={/if}\n\n{foreach from=$value item=v key=n}\n{$n}: {$v}\n{/foreach}\n{/foreach}\n{/if}\n\n\n','<!DOCTYPE html PUBLIC \"-//W3C//DTD XHTML 1.0 Transitional//EN\" \"http://www.w3.org/TR/xhtml1/DTD/xhtml1-transitional.dtd\">\n<html xmlns=\"http://www.w3.org/1999/xhtml\">\n<head>\n <meta http-equiv=\"Content-Type\" content=\"text/html; charset=UTF-8\" />\n <title></title>\n</head>\n<body>\n\n{capture assign=headerStyle}colspan=\"2\" style=\"text-align: left; padding: 4px; border-bottom: 1px solid #999; background-color: #eee;\"{/capture}\n{capture assign=labelStyle }style=\"padding: 4px; border-bottom: 1px solid #999; background-color: #f7f7f7;\"{/capture}\n{capture assign=valueStyle }style=\"padding: 4px; border-bottom: 1px solid #999;\"{/capture}\n\n<center>\n <table width=\"620\" border=\"0\" cellpadding=\"0\" cellspacing=\"0\" id=\"crm-event_receipt\" style=\"font-family: Arial, Verdana, sans-serif; text-align: left;\">\n\n  <!-- BEGIN HEADER -->\n  <!-- You can add table row(s) here with logo or other header elements -->\n  <!-- END HEADER -->\n\n  <!-- BEGIN CONTENT -->\n\n  <tr>\n   <td>\n\n    {if $event.confirm_email_text AND (not $isOnWaitlist AND not $isRequireApproval)}\n     <p>{$event.confirm_email_text|htmlize}</p>\n    {/if}\n\n    {if $isOnWaitlist}\n     <p>{ts}You have been added to the WAIT LIST for this event.{/ts}</p>\n     {if $isPrimary}\n       <p>{ts}If space becomes available you will receive an email with\na link to a web page where you can complete your registration.{/ts}</p>\n     {/if}\n    {elseif $isRequireApproval}\n     <p>{ts}Your registration has been submitted.{/ts}</p>\n     {if $isPrimary}\n      <p>{ts}Once your registration has been reviewed, you will receive\nan email with a link to a web page where you can complete the\nregistration process.{/ts}</p>\n     {/if}\n    {elseif $is_pay_later}\n     <p>{$pay_later_receipt}</p> {* FIXME: this might be text rather than HTML *}\n    {else}\n     <p>{ts}Please print this confirmation for your records.{/ts}</p>\n    {/if}\n\n   </td>\n  </tr>\n  <tr>\n   <td>\n    <table style=\"border: 1px solid #999; margin: 1em 0em 1em; border-collapse: collapse; width:100%;\">\n     <tr>\n      <th {$headerStyle}>\n       {ts}Event Information and Location{/ts}\n      </th>\n     </tr>\n     <tr>\n      <td colspan=\"2\" {$valueStyle}>\n       {$event.event_title}<br />\n       {$event.event_start_date|crmDate}{if $event.event_end_date}-{if $event.event_end_date|date_format:\"%Y%m%d\" == $event.event_start_date|date_format:\"%Y%m%d\"}{$event.event_end_date|crmDate:0:1}{else}{$event.event_end_date|crmDate}{/if}{/if}\n      </td>\n     </tr>\n\n     {if $event.participant_role neq \'Attendee\' and $defaultRole}\n      <tr>\n       <td {$labelStyle}>\n        {ts}Participant Role{/ts}\n       </td>\n       <td {$valueStyle}>\n        {$event.participant_role}\n       </td>\n      </tr>\n     {/if}\n\n     {if $isShowLocation}\n      <tr>\n       <td colspan=\"2\" {$valueStyle}>\n        {if $location.address.1.name}\n         {$location.address.1.name}<br />\n        {/if}\n        {if $location.address.1.street_address}\n         {$location.address.1.street_address}<br />\n        {/if}\n        {if $location.address.1.supplemental_address_1}\n         {$location.address.1.supplemental_address_1}<br />\n        {/if}\n        {if $location.address.1.supplemental_address_2}\n         {$location.address.1.supplemental_address_2}<br />\n        {/if}\n        {if $location.address.1.city}\n         {$location.address.1.city} {$location.address.1.postal_code}{if $location.address.1.postal_code_suffix} - {$location.address.1.postal_code_suffix}{/if}<br />\n        {/if}\n       </td>\n      </tr>\n     {/if}\n\n     {if $location.phone.1.phone || $location.email.1.email}\n      <tr>\n       <td colspan=\"2\" {$labelStyle}>\n        {ts}Event Contacts:{/ts}\n       </td>\n      </tr>\n      {foreach from=$location.phone item=phone}\n       {if $phone.phone}\n        <tr>\n         <td {$labelStyle}>\n          {if $phone.phone_type}\n           {$phone.phone_type_display}\n          {else}\n           {ts}Phone{/ts}\n          {/if}\n         </td>\n         <td {$valueStyle}>\n          {$phone.phone}\n         </td>\n        </tr>\n       {/if}\n      {/foreach}\n      {foreach from=$location.email item=eventEmail}\n       {if $eventEmail.email}\n        <tr>\n         <td {$labelStyle}>\n          {ts}Email{/ts}\n         </td>\n         <td {$valueStyle}>\n          {$eventEmail.email}\n         </td>\n        </tr>\n       {/if}\n      {/foreach}\n     {/if}\n     <tr>\n      <td colspan=\"2\" {$valueStyle}>\n       {capture assign=icalFeed}{crmURL p=\'civicrm/event/ical\' q=\"reset=1&id=`$event.id`\" h=0 a=1 fe=1}{/capture}\n       <a href=\"{$icalFeed}\">{ts}Download iCalendar File{/ts}</a>\n      </td>\n     </tr>\n     {if $email}\n      <tr>\n       <th {$headerStyle}>\n        {ts}Registered Email{/ts}\n       </th>\n      </tr>\n      <tr>\n       <td colspan=\"2\" {$valueStyle}>\n        {$email}\n       </td>\n      </tr>\n     {/if}\n\n\n     {if $event.is_monetary}\n\n      <tr>\n       <th {$headerStyle}>\n        {$event.fee_label}\n       </th>\n      </tr>\n\n      {if $lineItem}\n       {foreach from=$lineItem item=value key=priceset}\n        {if $value neq \'skip\'}\n         {if $isPrimary}\n          {if $lineItem|@count GT 1} {* Header for multi participant registration cases. *}\n           <tr>\n            <td colspan=\"2\" {$labelStyle}>\n             {ts 1=$priceset+1}Participant %1{/ts}\n            </td>\n           </tr>\n          {/if}\n         {/if}\n         <tr>\n          <td colspan=\"2\" {$valueStyle}>\n           <table> {* FIXME: style this table so that it looks like the text version (justification, etc.) *}\n            <tr>\n             <th>{ts}Item{/ts}</th>\n             <th>{ts}Qty{/ts}</th>\n             <th>{ts}Each{/ts}</th>\n             <th>{ts}Total{/ts}</th>\n	     {if $pricesetFieldsCount }<th>{ts}Total Participants{/ts}</th>{/if}\n            </tr>\n            {foreach from=$value item=line}\n             <tr>\n              <td>\n	      {if $line.html_type eq \'Text\'}{$line.label}{else}{$line.field_title} - {$line.label}{/if} {if $line.description}<div>{$line.description|truncate:30:\"...\"}</div>{/if}	\n              </td>\n              <td>\n               {$line.qty}\n              </td>\n              <td>\n               {$line.unit_price|crmMoney}\n              </td>\n              <td>\n               {$line.line_total|crmMoney}\n              </td>\n	      {if  $pricesetFieldsCount }\n	      <td>\n		{$line.participant_count}\n              </td>\n	      {/if}\n             </tr>\n            {/foreach}\n           </table>\n          </td>\n         </tr>\n        {/if}\n       {/foreach}\n      {/if}\n\n      {if $amount && !$lineItem}\n       {foreach from=$amount item=amnt key=level}\n        <tr>\n         <td colspan=\"2\" {$valueStyle}>\n          {$amnt.amount|crmMoney} {$amnt.label}\n         </td>\n        </tr>\n       {/foreach}\n      {/if}\n      {if $isPrimary}\n       <tr>\n        <td {$labelStyle}>\n         {ts}Total Amount{/ts}\n        </td>\n        <td {$valueStyle}>\n         {$totalAmount|crmMoney} {if $hookDiscount.message}({$hookDiscount.message}){/if}\n        </td>\n       </tr>\n       {if $pricesetFieldsCount }\n     <tr>\n       <td {$labelStyle}> \n	 {ts}Total Participants{/ts}</td>   \n       <td {$valueStyle}>\n	 {assign var=\"count\" value= 0}\n         {foreach from=$lineItem item=pcount}\n         {assign var=\"lineItemCount\" value=0}\n         {if $pcount neq \'skip\'}\n           {foreach from=$pcount item=p_count}\n           {assign var=\"lineItemCount\" value=$lineItemCount+$p_count.participant_count}\n           {/foreach}\n           {if $lineItemCount < 1 }\n           assign var=\"lineItemCount\" value=1}\n           {/if}	\n           {assign var=\"count\" value=$count+$lineItemCount}\n         {/if}\n         {/foreach}\n	 {$count}\n       </td>\n     </tr>\n     {/if}\n       {if $is_pay_later}\n        <tr>\n         <td colspan=\"2\" {$labelStyle}>\n          {$pay_later_receipt}\n         </td>\n        </tr>\n       {/if}\n\n       {if $register_date}\n        <tr>\n         <td {$labelStyle}>\n          {ts}Registration Date{/ts}\n         </td>\n         <td {$valueStyle}>\n          {$register_date|crmDate}\n         </td>\n        </tr>\n       {/if}\n\n       {if $receive_date}\n        <tr>\n         <td {$labelStyle}>\n          {ts}Transaction Date{/ts}\n         </td>\n         <td {$valueStyle}>\n          {$receive_date|crmDate}\n         </td>\n        </tr>\n       {/if}\n\n       {if $contributionTypeName}\n        <tr>\n         <td {$labelStyle}>\n          {ts}Financial Type{/ts}\n         </td>\n         <td {$valueStyle}>\n          {$contributionTypeName}\n         </td>\n        </tr>\n       {/if}\n\n       {if $trxn_id}\n        <tr>\n         <td {$labelStyle}>\n          {ts}Transaction #{/ts}\n         </td>\n         <td {$valueStyle}>\n          {$trxn_id}\n         </td>\n        </tr>\n       {/if}\n\n       {if $paidBy}\n        <tr>\n         <td {$labelStyle}>\n          {ts}Paid By{/ts}\n         </td>\n         <td {$valueStyle}>\n         {$paidBy}\n         </td>\n        </tr>\n       {/if}\n\n       {if $checkNumber}\n        <tr>\n         <td {$labelStyle}>\n          {ts}Check Number{/ts}\n         </td>\n         <td {$valueStyle}>\n          {$checkNumber}\n         </td>\n        </tr>\n       {/if}\n\n       {if $contributeMode ne \'notify\' and !$isAmountzero and !$is_pay_later and !$isOnWaitlist and !$isRequireApproval}\n        <tr>\n         <th {$headerStyle}>\n          {ts}Billing Name and Address{/ts}\n         </th>\n        </tr>\n        <tr>\n         <td colspan=\"2\" {$valueStyle}>\n          {$billingName}<br />\n          {$address|nl2br}\n         </td>\n        </tr>\n       {/if}\n\n       {if $contributeMode eq \'direct\' and !$isAmountzero and !$is_pay_later and !$isOnWaitlist and !$isRequireApproval}\n        <tr>\n         <th {$headerStyle}>\n          {ts}Credit Card Information{/ts}\n         </th>\n        </tr>\n        <tr>\n         <td colspan=\"2\" {$valueStyle}>\n          {$credit_card_type}<br />\n          {$credit_card_number}<br />\n          {ts}Expires{/ts}: {$credit_card_exp_date|truncate:7:\'\'|crmDate}\n         </td>\n        </tr>\n       {/if}\n\n      {/if}\n\n     {/if} {* End of conditional section for Paid events *}\n\n     {if $customPre}\n      <tr>\n       <th {$headerStyle}>\n        {$customPre_grouptitle}\n       </th>\n      </tr>\n      {foreach from=$customPre item=value key=customName}\n       {if ( $trackingFields and ! in_array( $customName, $trackingFields ) ) or ! $trackingFields}\n        <tr>\n         <td {$labelStyle}>\n          {$customName}\n         </td>\n         <td {$valueStyle}>\n          {$value}\n         </td>\n        </tr>\n       {/if}\n      {/foreach}\n     {/if}\n\n     {if $customPost}\n      <tr>\n       <th {$headerStyle}>\n        {$customPost_grouptitle}\n       </th>\n      </tr>\n      {foreach from=$customPost item=value key=customName}\n       {if ( $trackingFields and ! in_array( $customName, $trackingFields ) ) or ! $trackingFields}\n        <tr>\n         <td {$labelStyle}>\n          {$customName}\n         </td>\n         <td {$valueStyle}>\n          {$value}\n         </td>\n        </tr>\n       {/if}\n      {/foreach}\n     {/if}\n\n     {if $customProfile}\n      {foreach from=$customProfile item=value key=customName}\n       <tr>\n        <th {$headerStyle}>\n         {ts 1=$customName+1}Participant Information - Participant %1{/ts}\n        </th>\n       </tr>\n       {foreach from=$value item=val key=field}\n        {if $field eq \'additionalCustomPre\' or $field eq \'additionalCustomPost\'}\n         <tr>\n          <td colspan=\"2\" {$labelStyle}>\n           {if $field eq \'additionalCustomPre\'}\n            {$additionalCustomPre_grouptitle}\n           {else}\n            {$additionalCustomPost_grouptitle}\n           {/if}\n          </td>\n         </tr>\n         {foreach from=$val item=v key=f}\n          <tr>\n           <td {$labelStyle}>\n            {$f}\n           </td>\n           <td {$valueStyle}>\n            {$v}\n           </td>\n          </tr>\n         {/foreach}\n        {/if}\n       {/foreach}\n      {/foreach}\n     {/if}\n\n     {if $customGroup}\n      {foreach from=$customGroup item=value key=customName}\n       <tr>\n        <th {$headerStyle}>\n         {$customName}\n        </th>\n       </tr>\n       {foreach from=$value item=v key=n}\n        <tr>\n         <td {$labelStyle}>\n          {$n}\n         </td>\n         <td {$valueStyle}>\n          {$v}\n         </td>\n        </tr>\n       {/foreach}\n      {/foreach}\n     {/if}\n\n    </table>\n   </td>\n  </tr>\n\n </table>\n</center>\n\n</body>\n</html>\n',1,697,1,0,NULL),(24,'Events - Registration Confirmation and Receipt (off-line)','{ts}Event Confirmation{/ts} - {$event.title}\n','{if $event.confirm_email_text AND (not $isOnWaitlist AND not $isRequireApproval)}\n{$event.confirm_email_text}\n{/if}\n\n{if $isOnWaitlist}\n==========================================================={if $pricesetFieldsCount }===================={/if}\n\n{ts}You have been added to the WAIT LIST for this event.{/ts}\n\n{if $isPrimary}\n{ts}If space becomes available you will receive an email with\na link to a web page where you can complete your registration.{/ts}\n\n{/if}\n==========================================================={if $pricesetFieldsCount }===================={/if}\n\n{elseif $isRequireApproval}\n==========================================================={if $pricesetFieldsCount }===================={/if}\n\n{ts}Your registration has been submitted.{/ts}\n\n{if $isPrimary}\n{ts}Once your registration has been reviewed, you will receive\nan email with a link to a web page where you can complete the\nregistration process.{/ts}\n\n{/if}\n==========================================================={if $pricesetFieldsCount }===================={/if}\n\n{elseif $is_pay_later}\n\n==========================================================={if $pricesetFieldsCount }===================={/if}\n\n{$pay_later_receipt}\n==========================================================={if $pricesetFieldsCount }===================={/if}\n\n{else}\n\n{ts}Please print this confirmation for your records.{/ts}\n{/if}\n\n\n==========================================================={if $pricesetFieldsCount }===================={/if}\n\n{ts}Event Information and Location{/ts}\n\n==========================================================={if $pricesetFieldsCount }===================={/if}\n\n{$event.event_title}\n{$event.event_start_date|crmDate}{if $event.event_end_date}-{if $event.event_end_date|date_format:\"%Y%m%d\" == $event.event_start_date|date_format:\"%Y%m%d\"}{$event.event_end_date|crmDate:0:1}{else}{$event.event_end_date|crmDate}{/if}{/if}\n\n{if $event.participant_role neq \'Attendee\' and $defaultRole}\n{ts}Participant Role{/ts}: {$event.participant_role}\n{/if}\n\n{if $isShowLocation}\n{if $location.address.1.name}\n\n{$location.address.1.name}\n{/if}\n{if $location.address.1.street_address}{$location.address.1.street_address}\n{/if}\n{if $location.address.1.supplemental_address_1}{$location.address.1.supplemental_address_1}\n{/if}\n{if $location.address.1.supplemental_address_2}{$location.address.1.supplemental_address_2}\n{/if}\n{if $location.address.1.city}{$location.address.1.city} {$location.address.1.postal_code}{if $location.address.1.postal_code_suffix} - {$location.address.1.postal_code_suffix}{/if}\n{/if}\n\n{/if}{*End of isShowLocation condition*}\n\n{if $location.phone.1.phone || $location.email.1.email}\n\n{ts}Event Contacts:{/ts}\n{foreach from=$location.phone item=phone}\n{if $phone.phone}\n\n{if $phone.phone_type}{$phone.phone_type_display}{else}{ts}Phone{/ts}{/if}: {$phone.phone}{/if}\n{/foreach}\n{foreach from=$location.email item=eventEmail}\n{if $eventEmail.email}\n\n{ts}Email{/ts}: {$eventEmail.email}{/if}{/foreach}\n{/if}\n\n{capture assign=icalFeed}{crmURL p=\'civicrm/event/ical\' q=\"reset=1&id=`$event.id`\" h=0 a=1 fe=1}{/capture}\n{ts}Download iCalendar File:{/ts} {$icalFeed}\n{if $email}\n\n==========================================================={if $pricesetFieldsCount }===================={/if}\n\n{ts}Registered Email{/ts}\n\n==========================================================={if $pricesetFieldsCount }===================={/if}\n\n{$email}\n{/if}\n{if $event.is_monetary} {* This section for Paid events only.*}\n\n==========================================================={if $pricesetFieldsCount }===================={/if}\n\n{$event.fee_label}\n==========================================================={if $pricesetFieldsCount }===================={/if}\n\n{if $lineItem}{foreach from=$lineItem item=value key=priceset}\n\n{if $value neq \'skip\'}\n{if $isPrimary}\n{if $lineItem|@count GT 1} {* Header for multi participant registration cases. *}\n{ts 1=$priceset+1}Participant %1{/ts}\n{/if}\n{/if}\n---------------------------------------------------------{if $pricesetFieldsCount }--------------------{/if}\n\n{capture assign=ts_item}{ts}Item{/ts}{/capture}\n{capture assign=ts_qty}{ts}Qty{/ts}{/capture}\n{capture assign=ts_each}{ts}Each{/ts}{/capture}\n{capture assign=ts_total}{ts}Total{/ts}{/capture}\n{capture assign=ts_participant_total}{if $pricesetFieldsCount }{ts}Total Participants{/ts}{/if}{/capture}\n{$ts_item|string_format:\"%-30s\"} {$ts_qty|string_format:\"%5s\"} {$ts_each|string_format:\"%10s\"} {$ts_total|string_format:\"%10s\"} {$ts_participant_total|string_format:\"%10s\"}\n----------------------------------------------------------{if $pricesetFieldsCount }--------------------{/if}\n\n{foreach from=$value item=line}\n{if $pricesetFieldsCount }{capture assign=ts_participant_count}{$line.participant_count}{/capture}{/if}\n{capture assign=ts_item}{if $line.html_type eq \'Text\'}{$line.label}{else}{$line.field_title} - {$line.label}{/if} {if $line.description} {$line.description}{/if}{/capture}{$ts_item|truncate:30:\"...\"|string_format:\"%-30s\"} {$line.qty|string_format:\"%5s\"} {$line.unit_price|crmMoney|string_format:\"%10s\"} {$line.line_total|crmMoney|string_format:\"%10s\"} {$ts_participant_count|string_format:\"%10s\"}\n{/foreach}\n{/if}\n{/foreach}\n{/if}\n{if $amount && !$lineItem}\n{foreach from=$amount item=amnt key=level}{$amnt.amount|crmMoney} {$amnt.label}\n{/foreach}\n{/if}\n{if $isPrimary }\n\n{ts}Total Amount{/ts}: {$totalAmount|crmMoney} {if $hookDiscount.message}({$hookDiscount.message}){/if}\n\n{if $pricesetFieldsCount }\n      {assign var=\"count\" value= 0}\n      {foreach from=$lineItem item=pcount}\n      {assign var=\"lineItemCount\" value=0}\n      {if $pcount neq \'skip\'}\n        {foreach from=$pcount item=p_count}\n        {assign var=\"lineItemCount\" value=$lineItemCount+$p_count.participant_count}\n        {/foreach}\n        {if $lineItemCount < 1 }\n        {assign var=\"lineItemCount\" value=1}\n        {/if}	\n      {assign var=\"count\" value=$count+$lineItemCount}\n      {/if}\n      {/foreach}\n\n{ts}Total Participants{/ts}: {$count}\n{/if}\n   \n{if $is_pay_later }\n\n==========================================================={if $pricesetFieldsCount }===================={/if}\n\n{$pay_later_receipt}\n==========================================================={if $pricesetFieldsCount }===================={/if}\n\n{/if}\n\n{if $register_date}\n{ts}Registration Date{/ts}: {$register_date|crmDate}\n{/if}\n{if $receive_date}\n{ts}Transaction Date{/ts}: {$receive_date|crmDate}\n{/if}\n{if $contributionTypeName}\n{ts}Financial Type{/ts}: {$contributionTypeName}\n{/if}\n{if $trxn_id}\n{ts}Transaction #{/ts}: {$trxn_id}\n{/if}\n{if $paidBy}\n{ts}Paid By{/ts}: {$paidBy}\n{/if}\n{if $checkNumber}\n{ts}Check Number{/ts}: {$checkNumber}\n{/if}\n{if $contributeMode ne \'notify\' and !$isAmountzero and !$is_pay_later and !$isOnWaitlist and !$isRequireApproval}\n\n==========================================================={if $pricesetFieldsCount }===================={/if}\n\n{ts}Billing Name and Address{/ts}\n\n==========================================================={if $pricesetFieldsCount }===================={/if}\n\n{$billingName}\n{$address}\n{/if}\n\n{if $contributeMode eq \'direct\' and !$isAmountzero and !$is_pay_later and !$isOnWaitlist and !$isRequireApproval}\n===========================================================\n{ts}Credit Card Information{/ts}\n\n==========================================================={if $pricesetFieldsCount }===================={/if}\n\n{$credit_card_type}\n{$credit_card_number}\n{ts}Expires{/ts}: {$credit_card_exp_date|truncate:7:\'\'|crmDate}\n{/if}\n{/if}\n{/if} {* End of conditional section for Paid events *}\n\n{if $customPre}\n==========================================================={if $pricesetFieldsCount }===================={/if}\n\n{$customPre_grouptitle}\n==========================================================={if $pricesetFieldsCount }===================={/if}\n\n{foreach from=$customPre item=value key=customName}\n{if ( $trackingFields and ! in_array( $customName, $trackingFields ) ) or ! $trackingFields}\n{$customName}: {$value}\n{/if}\n{/foreach}\n{/if}\n\n{if $customPost}\n==========================================================={if $pricesetFieldsCount }===================={/if}\n\n{$customPost_grouptitle}\n==========================================================={if $pricesetFieldsCount }===================={/if}\n\n{foreach from=$customPost item=value key=customName}\n{if ( $trackingFields and ! in_array( $customName, $trackingFields ) ) or ! $trackingFields}\n{$customName}: {$value}\n{/if}\n{/foreach}\n{/if}\n{if $customProfile}\n\n{foreach from=$customProfile item=value key=customName}\n==========================================================={if $pricesetFieldsCount }===================={/if}\n\n{ts 1=$customName+1}Participant Information - Participant %1{/ts}\n\n==========================================================={if $pricesetFieldsCount }===================={/if}\n\n{foreach from=$value item=val key=field}\n{if $field eq \'additionalCustomPre\' or $field eq \'additionalCustomPost\' }\n{if $field eq \'additionalCustomPre\' }\n----------------------------------------------------------{if $pricesetFieldsCount }--------------------{/if}\n\n{$additionalCustomPre_grouptitle}\n----------------------------------------------------------{if $pricesetFieldsCount }--------------------{/if}\n\n{else}\n----------------------------------------------------------{if $pricesetFieldsCount }--------------------{/if}\n\n{$additionalCustomPost_grouptitle}\n----------------------------------------------------------{if $pricesetFieldsCount }--------------------{/if}\n\n{/if}\n{foreach from=$val item=v key=f}\n{$f}: {$v}\n{/foreach}\n{/if}\n{/foreach}\n{/foreach}\n{/if}\n{if $customGroup}\n{foreach from=$customGroup item=value key=customName}\n=========================================================={if $pricesetFieldsCount }===================={/if}\n\n{$customName}\n=========================================================={if $pricesetFieldsCount }===================={/if}\n\n{foreach from=$value item=v key=n}\n{$n}: {$v}\n{/foreach}\n{/foreach}\n{/if}\n\n\n','<!DOCTYPE html PUBLIC \"-//W3C//DTD XHTML 1.0 Transitional//EN\" \"http://www.w3.org/TR/xhtml1/DTD/xhtml1-transitional.dtd\">\n<html xmlns=\"http://www.w3.org/1999/xhtml\">\n<head>\n <meta http-equiv=\"Content-Type\" content=\"text/html; charset=UTF-8\" />\n <title></title>\n</head>\n<body>\n\n{capture assign=headerStyle}colspan=\"2\" style=\"text-align: left; padding: 4px; border-bottom: 1px solid #999; background-color: #eee;\"{/capture}\n{capture assign=labelStyle }style=\"padding: 4px; border-bottom: 1px solid #999; background-color: #f7f7f7;\"{/capture}\n{capture assign=valueStyle }style=\"padding: 4px; border-bottom: 1px solid #999;\"{/capture}\n\n<center>\n <table width=\"620\" border=\"0\" cellpadding=\"0\" cellspacing=\"0\" id=\"crm-event_receipt\" style=\"font-family: Arial, Verdana, sans-serif; text-align: left;\">\n\n  <!-- BEGIN HEADER -->\n  <!-- You can add table row(s) here with logo or other header elements -->\n  <!-- END HEADER -->\n\n  <!-- BEGIN CONTENT -->\n\n  <tr>\n   <td>\n\n    {if $event.confirm_email_text AND (not $isOnWaitlist AND not $isRequireApproval)}\n     <p>{$event.confirm_email_text|htmlize}</p>\n    {/if}\n\n    {if $isOnWaitlist}\n     <p>{ts}You have been added to the WAIT LIST for this event.{/ts}</p>\n     {if $isPrimary}\n       <p>{ts}If space becomes available you will receive an email with\na link to a web page where you can complete your registration.{/ts}</p>\n     {/if}\n    {elseif $isRequireApproval}\n     <p>{ts}Your registration has been submitted.{/ts}</p>\n     {if $isPrimary}\n      <p>{ts}Once your registration has been reviewed, you will receive\nan email with a link to a web page where you can complete the\nregistration process.{/ts}</p>\n     {/if}\n    {elseif $is_pay_later}\n     <p>{$pay_later_receipt}</p> {* FIXME: this might be text rather than HTML *}\n    {else}\n     <p>{ts}Please print this confirmation for your records.{/ts}</p>\n    {/if}\n\n   </td>\n  </tr>\n  <tr>\n   <td>\n    <table style=\"border: 1px solid #999; margin: 1em 0em 1em; border-collapse: collapse; width:100%;\">\n     <tr>\n      <th {$headerStyle}>\n       {ts}Event Information and Location{/ts}\n      </th>\n     </tr>\n     <tr>\n      <td colspan=\"2\" {$valueStyle}>\n       {$event.event_title}<br />\n       {$event.event_start_date|crmDate}{if $event.event_end_date}-{if $event.event_end_date|date_format:\"%Y%m%d\" == $event.event_start_date|date_format:\"%Y%m%d\"}{$event.event_end_date|crmDate:0:1}{else}{$event.event_end_date|crmDate}{/if}{/if}\n      </td>\n     </tr>\n\n     {if $event.participant_role neq \'Attendee\' and $defaultRole}\n      <tr>\n       <td {$labelStyle}>\n        {ts}Participant Role{/ts}\n       </td>\n       <td {$valueStyle}>\n        {$event.participant_role}\n       </td>\n      </tr>\n     {/if}\n\n     {if $isShowLocation}\n      <tr>\n       <td colspan=\"2\" {$valueStyle}>\n        {if $location.address.1.name}\n         {$location.address.1.name}<br />\n        {/if}\n        {if $location.address.1.street_address}\n         {$location.address.1.street_address}<br />\n        {/if}\n        {if $location.address.1.supplemental_address_1}\n         {$location.address.1.supplemental_address_1}<br />\n        {/if}\n        {if $location.address.1.supplemental_address_2}\n         {$location.address.1.supplemental_address_2}<br />\n        {/if}\n        {if $location.address.1.city}\n         {$location.address.1.city} {$location.address.1.postal_code}{if $location.address.1.postal_code_suffix} - {$location.address.1.postal_code_suffix}{/if}<br />\n        {/if}\n       </td>\n      </tr>\n     {/if}\n\n     {if $location.phone.1.phone || $location.email.1.email}\n      <tr>\n       <td colspan=\"2\" {$labelStyle}>\n        {ts}Event Contacts:{/ts}\n       </td>\n      </tr>\n      {foreach from=$location.phone item=phone}\n       {if $phone.phone}\n        <tr>\n         <td {$labelStyle}>\n          {if $phone.phone_type}\n           {$phone.phone_type_display}\n          {else}\n           {ts}Phone{/ts}\n          {/if}\n         </td>\n         <td {$valueStyle}>\n          {$phone.phone}\n         </td>\n        </tr>\n       {/if}\n      {/foreach}\n      {foreach from=$location.email item=eventEmail}\n       {if $eventEmail.email}\n        <tr>\n         <td {$labelStyle}>\n          {ts}Email{/ts}\n         </td>\n         <td {$valueStyle}>\n          {$eventEmail.email}\n         </td>\n        </tr>\n       {/if}\n      {/foreach}\n     {/if}\n     <tr>\n      <td colspan=\"2\" {$valueStyle}>\n       {capture assign=icalFeed}{crmURL p=\'civicrm/event/ical\' q=\"reset=1&id=`$event.id`\" h=0 a=1 fe=1}{/capture}\n       <a href=\"{$icalFeed}\">{ts}Download iCalendar File{/ts}</a>\n      </td>\n     </tr>\n     {if $email}\n      <tr>\n       <th {$headerStyle}>\n        {ts}Registered Email{/ts}\n       </th>\n      </tr>\n      <tr>\n       <td colspan=\"2\" {$valueStyle}>\n        {$email}\n       </td>\n      </tr>\n     {/if}\n\n\n     {if $event.is_monetary}\n\n      <tr>\n       <th {$headerStyle}>\n        {$event.fee_label}\n       </th>\n      </tr>\n\n      {if $lineItem}\n       {foreach from=$lineItem item=value key=priceset}\n        {if $value neq \'skip\'}\n         {if $isPrimary}\n          {if $lineItem|@count GT 1} {* Header for multi participant registration cases. *}\n           <tr>\n            <td colspan=\"2\" {$labelStyle}>\n             {ts 1=$priceset+1}Participant %1{/ts}\n            </td>\n           </tr>\n          {/if}\n         {/if}\n         <tr>\n          <td colspan=\"2\" {$valueStyle}>\n           <table> {* FIXME: style this table so that it looks like the text version (justification, etc.) *}\n            <tr>\n             <th>{ts}Item{/ts}</th>\n             <th>{ts}Qty{/ts}</th>\n             <th>{ts}Each{/ts}</th>\n             <th>{ts}Total{/ts}</th>\n	     {if $pricesetFieldsCount }<th>{ts}Total Participants{/ts}</th>{/if}\n            </tr>\n            {foreach from=$value item=line}\n             <tr>\n              <td>\n	      {if $line.html_type eq \'Text\'}{$line.label}{else}{$line.field_title} - {$line.label}{/if} {if $line.description}<div>{$line.description|truncate:30:\"...\"}</div>{/if}	\n              </td>\n              <td>\n               {$line.qty}\n              </td>\n              <td>\n               {$line.unit_price|crmMoney}\n              </td>\n              <td>\n               {$line.line_total|crmMoney}\n              </td>\n	      {if  $pricesetFieldsCount }\n	      <td>\n		{$line.participant_count}\n              </td>\n	      {/if}\n             </tr>\n            {/foreach}\n           </table>\n          </td>\n         </tr>\n        {/if}\n       {/foreach}\n      {/if}\n\n      {if $amount && !$lineItem}\n       {foreach from=$amount item=amnt key=level}\n        <tr>\n         <td colspan=\"2\" {$valueStyle}>\n          {$amnt.amount|crmMoney} {$amnt.label}\n         </td>\n        </tr>\n       {/foreach}\n      {/if}\n      {if $isPrimary}\n       <tr>\n        <td {$labelStyle}>\n         {ts}Total Amount{/ts}\n        </td>\n        <td {$valueStyle}>\n         {$totalAmount|crmMoney} {if $hookDiscount.message}({$hookDiscount.message}){/if}\n        </td>\n       </tr>\n       {if $pricesetFieldsCount }\n     <tr>\n       <td {$labelStyle}> \n	 {ts}Total Participants{/ts}</td>   \n       <td {$valueStyle}>\n	 {assign var=\"count\" value= 0}\n         {foreach from=$lineItem item=pcount}\n         {assign var=\"lineItemCount\" value=0}\n         {if $pcount neq \'skip\'}\n           {foreach from=$pcount item=p_count}\n           {assign var=\"lineItemCount\" value=$lineItemCount+$p_count.participant_count}\n           {/foreach}\n           {if $lineItemCount < 1 }\n           assign var=\"lineItemCount\" value=1}\n           {/if}	\n           {assign var=\"count\" value=$count+$lineItemCount}\n         {/if}\n         {/foreach}\n	 {$count}\n       </td>\n     </tr>\n     {/if}\n       {if $is_pay_later}\n        <tr>\n         <td colspan=\"2\" {$labelStyle}>\n          {$pay_later_receipt}\n         </td>\n        </tr>\n       {/if}\n\n       {if $register_date}\n        <tr>\n         <td {$labelStyle}>\n          {ts}Registration Date{/ts}\n         </td>\n         <td {$valueStyle}>\n          {$register_date|crmDate}\n         </td>\n        </tr>\n       {/if}\n\n       {if $receive_date}\n        <tr>\n         <td {$labelStyle}>\n          {ts}Transaction Date{/ts}\n         </td>\n         <td {$valueStyle}>\n          {$receive_date|crmDate}\n         </td>\n        </tr>\n       {/if}\n\n       {if $contributionTypeName}\n        <tr>\n         <td {$labelStyle}>\n          {ts}Financial Type{/ts}\n         </td>\n         <td {$valueStyle}>\n          {$contributionTypeName}\n         </td>\n        </tr>\n       {/if}\n\n       {if $trxn_id}\n        <tr>\n         <td {$labelStyle}>\n          {ts}Transaction #{/ts}\n         </td>\n         <td {$valueStyle}>\n          {$trxn_id}\n         </td>\n        </tr>\n       {/if}\n\n       {if $paidBy}\n        <tr>\n         <td {$labelStyle}>\n          {ts}Paid By{/ts}\n         </td>\n         <td {$valueStyle}>\n         {$paidBy}\n         </td>\n        </tr>\n       {/if}\n\n       {if $checkNumber}\n        <tr>\n         <td {$labelStyle}>\n          {ts}Check Number{/ts}\n         </td>\n         <td {$valueStyle}>\n          {$checkNumber}\n         </td>\n        </tr>\n       {/if}\n\n       {if $contributeMode ne \'notify\' and !$isAmountzero and !$is_pay_later and !$isOnWaitlist and !$isRequireApproval}\n        <tr>\n         <th {$headerStyle}>\n          {ts}Billing Name and Address{/ts}\n         </th>\n        </tr>\n        <tr>\n         <td colspan=\"2\" {$valueStyle}>\n          {$billingName}<br />\n          {$address|nl2br}\n         </td>\n        </tr>\n       {/if}\n\n       {if $contributeMode eq \'direct\' and !$isAmountzero and !$is_pay_later and !$isOnWaitlist and !$isRequireApproval}\n        <tr>\n         <th {$headerStyle}>\n          {ts}Credit Card Information{/ts}\n         </th>\n        </tr>\n        <tr>\n         <td colspan=\"2\" {$valueStyle}>\n          {$credit_card_type}<br />\n          {$credit_card_number}<br />\n          {ts}Expires{/ts}: {$credit_card_exp_date|truncate:7:\'\'|crmDate}\n         </td>\n        </tr>\n       {/if}\n\n      {/if}\n\n     {/if} {* End of conditional section for Paid events *}\n\n     {if $customPre}\n      <tr>\n       <th {$headerStyle}>\n        {$customPre_grouptitle}\n       </th>\n      </tr>\n      {foreach from=$customPre item=value key=customName}\n       {if ( $trackingFields and ! in_array( $customName, $trackingFields ) ) or ! $trackingFields}\n        <tr>\n         <td {$labelStyle}>\n          {$customName}\n         </td>\n         <td {$valueStyle}>\n          {$value}\n         </td>\n        </tr>\n       {/if}\n      {/foreach}\n     {/if}\n\n     {if $customPost}\n      <tr>\n       <th {$headerStyle}>\n        {$customPost_grouptitle}\n       </th>\n      </tr>\n      {foreach from=$customPost item=value key=customName}\n       {if ( $trackingFields and ! in_array( $customName, $trackingFields ) ) or ! $trackingFields}\n        <tr>\n         <td {$labelStyle}>\n          {$customName}\n         </td>\n         <td {$valueStyle}>\n          {$value}\n         </td>\n        </tr>\n       {/if}\n      {/foreach}\n     {/if}\n\n     {if $customProfile}\n      {foreach from=$customProfile item=value key=customName}\n       <tr>\n        <th {$headerStyle}>\n         {ts 1=$customName+1}Participant Information - Participant %1{/ts}\n        </th>\n       </tr>\n       {foreach from=$value item=val key=field}\n        {if $field eq \'additionalCustomPre\' or $field eq \'additionalCustomPost\'}\n         <tr>\n          <td colspan=\"2\" {$labelStyle}>\n           {if $field eq \'additionalCustomPre\'}\n            {$additionalCustomPre_grouptitle}\n           {else}\n            {$additionalCustomPost_grouptitle}\n           {/if}\n          </td>\n         </tr>\n         {foreach from=$val item=v key=f}\n          <tr>\n           <td {$labelStyle}>\n            {$f}\n           </td>\n           <td {$valueStyle}>\n            {$v}\n           </td>\n          </tr>\n         {/foreach}\n        {/if}\n       {/foreach}\n      {/foreach}\n     {/if}\n\n     {if $customGroup}\n      {foreach from=$customGroup item=value key=customName}\n       <tr>\n        <th {$headerStyle}>\n         {$customName}\n        </th>\n       </tr>\n       {foreach from=$value item=v key=n}\n        <tr>\n         <td {$labelStyle}>\n          {$n}\n         </td>\n         <td {$valueStyle}>\n          {$v}\n         </td>\n        </tr>\n       {/foreach}\n      {/foreach}\n     {/if}\n\n    </table>\n   </td>\n  </tr>\n\n </table>\n</center>\n\n</body>\n</html>\n',1,697,0,1,NULL),(25,'Events - Registration Confirmation and Receipt (on-line)','{if $isOnWaitlist}{ts}Wait List Confirmation{/ts}{else}{ts}Registration Confirmation{/ts}{/if} - {$event.event_title}','Dear {contact.display_name},\n\n{if $event.confirm_email_text AND (not $isOnWaitlist AND not $isRequireApproval)}\n{$event.confirm_email_text}\n\n{else}\nThank you for your participation.  This letter is a confirmation that your registration has been received and your status has been updated to {if $participant_status}$participant_status{else}{if $isOnWaitlist}waitlisted{else}registered{/if}{/if} for the following:\n\n{/if}\n\n{if $isOnWaitlist}\n==========================================================={if $pricesetFieldsCount }===================={/if}\n\n{ts}You have been added to the WAIT LIST for this event.{/ts}\n\n{if $isPrimary}\n{ts}If space becomes available you will receive an email with\na link to a web page where you can complete your registration.{/ts}\n{/if}\n==========================================================={if $pricesetFieldsCount }===================={/if}\n\n{elseif $isRequireApproval}\n==========================================================={if $pricesetFieldsCount }===================={/if}\n\n{ts}Your registration has been submitted.{/ts}\n\n{if $isPrimary}\n{ts}Once your registration has been reviewed, you will receive\nan email with a link to a web page where you can complete the\nregistration process.{/ts}\n\n{/if}\n==========================================================={if $pricesetFieldsCount }===================={/if}\n\n{elseif $is_pay_later && !$isAmountzero}\n\n==========================================================={if $pricesetFieldsCount }===================={/if}\n\n{$pay_later_receipt}\n==========================================================={if $pricesetFieldsCount }===================={/if}\n\n{else}\n\n{ts}Please print this confirmation for your records.{/ts}\n{/if}\n\n\n==========================================================={if $pricesetFieldsCount }===================={/if}\n\n{ts}Event Information and Location{/ts}\n\n==========================================================={if $pricesetFieldsCount }===================={/if}\n\n{$event.event_title}\n{$event.event_start_date|date_format:\"%A\"} {$event.event_start_date|crmDate}{if $event.event_end_date}-{if $event.event_end_date|date_format:\"%Y%m%d\" == $event.event_start_date|date_format:\"%Y%m%d\"}{$event.event_end_date|crmDate:0:1}{else}{$event.event_end_date|date_format:\"%A\"} {$event.event_end_date|crmDate}{/if}{/if}\n{if $conference_sessions}\n\n\n{ts}Your schedule:{/ts}\n{assign var=\'group_by_day\' value=\'NA\'}\n{foreach from=$conference_sessions item=session}\n{if $session.start_date|date_format:\"%Y/%m/%d\" != $group_by_day|date_format:\"%Y/%m/%d\"}\n{assign var=\'group_by_day\' value=$session.start_date}\n\n{$group_by_day|date_format:\"%m/%d/%Y\"}\n\n\n{/if}\n{$session.start_date|crmDate:0:1}{if $session.end_date}-{$session.end_date|crmDate:0:1}{/if} {$session.title}\n{if $session.location}    {$session.location}{/if}\n{/foreach}\n{/if}\n\n{if $event.participant_role neq \'Attendee\' and $defaultRole}\n{ts}Participant Role{/ts}: {$event.participant_role}\n{/if}\n\n{if $isShowLocation}\n{if $location.address.1.name}\n\n{$location.address.1.name}\n{/if}\n{if $location.address.1.street_address}{$location.address.1.street_address}\n{/if}\n{if $location.address.1.supplemental_address_1}{$location.address.1.supplemental_address_1}\n{/if}\n{if $location.address.1.supplemental_address_2}{$location.address.1.supplemental_address_2}\n{/if}\n{if $location.address.1.city}{$location.address.1.city}, {$location.address.1.state_province} {$location.address.1.postal_code}{if $location.address.1.postal_code_suffix} - {$location.address.1.postal_code_suffix}{/if}\n{/if}\n\n{/if}{*End of isShowLocation condition*}\n\n{if $location.phone.1.phone || $location.email.1.email}\n\n{ts}Event Contacts:{/ts}\n{foreach from=$location.phone item=phone}\n{if $phone.phone}\n\n{if $phone.phone_type}{$phone.phone_type_display}{else}{ts}Phone{/ts}{/if}: {$phone.phone}{/if}\n{/foreach}\n{foreach from=$location.email item=eventEmail}\n{if $eventEmail.email}\n\n{ts}Email{/ts}: {$eventEmail.email}{/if}{/foreach}\n{/if}\n\n{capture assign=icalFeed}{crmURL p=\'civicrm/event/ical\' q=\"reset=1&id=`$event.id`\" h=0 a=1 fe=1}{/capture}\n{ts}Download iCalendar File:{/ts} {$icalFeed}\n\n{if $payer.name}\nYou were registered by: {$payer.name}\n{/if}\n{if $event.is_monetary} {* This section for Paid events only.*}\n\n==========================================================={if $pricesetFieldsCount }===================={/if}\n\n{$event.fee_label}\n==========================================================={if $pricesetFieldsCount }===================={/if}\n\n{if $lineItem}{foreach from=$lineItem item=value key=priceset}\n\n{if $value neq \'skip\'}\n{if $isPrimary}\n{if $lineItem|@count GT 1} {* Header for multi participant registration cases. *}\n{ts 1=$priceset+1}Participant %1{/ts} {$part.$priceset.info}\n\n{/if}\n{/if}\n-----------------------------------------------------------{if $pricesetFieldsCount }--------------------{/if}\n\n{capture assign=ts_item}{ts}Item{/ts}{/capture}\n{capture assign=ts_qty}{ts}Qty{/ts}{/capture}\n{capture assign=ts_each}{ts}Each{/ts}{/capture}\n{capture assign=ts_total}{ts}Total{/ts}{/capture}\n{if $pricesetFieldsCount }{capture assign=ts_participant_total}{ts}Total Participants{/ts}{/capture}{/if}\n{$ts_item|string_format:\"%-30s\"} {$ts_qty|string_format:\"%5s\"} {$ts_each|string_format:\"%10s\"} {$ts_total|string_format:\"%10s\"} {$ts_participant_total|string_format:\"%10s\"}\n-----------------------------------------------------------{if $pricesetFieldsCount }--------------------{/if}\n\n{foreach from=$value item=line}\n{if $pricesetFieldsCount }{capture assign=ts_participant_count}{$line.participant_count}{/capture}{/if}\n{capture assign=ts_item}{if $line.html_type eq \'Text\'}{$line.label}{else}{$line.field_title} - {$line.label}{/if} {if $line.description} {$line.description}{/if}{/capture}{$ts_item|truncate:30:\"...\"|string_format:\"%-30s\"} {$line.qty|string_format:\"%5s\"} {$line.unit_price|crmMoney|string_format:\"%10s\"} {$line.line_total|crmMoney|string_format:\"%10s\"}{$ts_participant_count|string_format:\"%10s\"}\n{/foreach}\n{/if}\n{/foreach}\n{/if}\n{if $amounts && !$lineItem}\n{foreach from=$amounts item=amnt key=level}{$amnt.amount|crmMoney} {$amnt.label}\n{/foreach}\n{/if}\n{if $isPrimary }\n\n{ts}Total Amount{/ts}: {$totalAmount|crmMoney} {if $hookDiscount.message}({$hookDiscount.message}){/if}\n\n{if $pricesetFieldsCount }\n      {assign var=\"count\" value= 0}\n      {foreach from=$lineItem item=pcount}\n      {assign var=\"lineItemCount\" value=0}\n      {if $pcount neq \'skip\'}\n        {foreach from=$pcount item=p_count}\n        {assign var=\"lineItemCount\" value=$lineItemCount+$p_count.participant_count}\n        {/foreach}\n      {if $lineItemCount < 1 }\n        {assign var=\"lineItemCount\" value=1}\n      {/if}	\n      {assign var=\"count\" value=$count+$lineItemCount}\n      {/if}\n      {/foreach}\n\n{ts}Total Participants{/ts}: {$count}\n{/if}\n  \n{if $register_date}\n{ts}Registration Date{/ts}: {$register_date|crmDate}\n{/if}\n{if $receive_date}\n{ts}Transaction Date{/ts}: {$receive_date|crmDate}\n{/if}\n{if $contributionTypeName}\n{ts}Financial Type{/ts}: {$contributionTypeName}\n{/if}\n{if $trxn_id}\n{ts}Transaction #{/ts}: {$trxn_id}\n{/if}\n{if $paidBy}\n{ts}Paid By{/ts}: {$paidBy}\n{/if}\n{if $checkNumber}\n{ts}Check Number{/ts}: {$checkNumber}\n{/if}\n{if $contributeMode ne \'notify\' and !$isAmountzero and !$is_pay_later and !$isOnWaitlist and !$isRequireApproval}\n\n==========================================================={if $pricesetFieldsCount }===================={/if}\n\n{ts}Billing Name and Address{/ts}\n\n==========================================================={if $pricesetFieldsCount }===================={/if}\n\n{$billingName}\n{$address}\n{/if}\n\n{if $contributeMode eq \'direct\' and !$isAmountzero and !$is_pay_later and !$isOnWaitlist and !$isRequireApproval}\n==========================================================={if $pricesetFieldsCount }===================={/if}\n\n{ts}Credit Card Information{/ts}\n\n==========================================================={if $pricesetFieldsCount }===================={/if}\n\n{$credit_card_type}\n{$credit_card_number}\n{ts}Expires{/ts}: {$credit_card_exp_date|truncate:7:\'\'|crmDate}\n{/if}\n{/if}\n{/if} {* End of conditional section for Paid events *}\n\n{if $customPre}\n{foreach from=$customPre item=customPr key=i}\n==========================================================={if $pricesetFieldsCount }===================={/if}\n\n{$customPre_grouptitle.$i}\n==========================================================={if $pricesetFieldsCount }===================={/if}\n\n{foreach from=$customPr item=customValue key=customName}\n{if ( $trackingFields and ! in_array( $customName, $trackingFields ) ) or ! $trackingFields}\n {$customName}: {$customValue}\n{/if}\n{/foreach}\n{/foreach}\n{/if}\n\n{if $customPost}\n{foreach from=$customPost item=customPos key=j}\n==========================================================={if $pricesetFieldsCount }===================={/if}\n\n{$customPost_grouptitle.$j} \n==========================================================={if $pricesetFieldsCount }===================={/if}\n\n{foreach from=$customPos item=customValue key=customName}\n{if ( $trackingFields and ! in_array( $customName, $trackingFields ) ) or ! $trackingFields}\n {$customName}: {$customValue}\n{/if}\n{/foreach}\n{/foreach}\n{/if}\n{if $customProfile}\n\n{foreach from=$customProfile.profile item=eachParticipant key=participantID}\n==========================================================={if $pricesetFieldsCount }===================={/if}\n\n{ts 1=$participantID+2}Participant Information - Participant %1{/ts}\n\n==========================================================={if $pricesetFieldsCount }===================={/if}\n\n{foreach from=$eachParticipant item=eachProfile key=pid}\n----------------------------------------------------------{if $pricesetFieldsCount }--------------------{/if}\n\n{$customProfile.title.$pid}\n----------------------------------------------------------{if $pricesetFieldsCount }--------------------{/if}\n\n{foreach from=$eachProfile item=val key=field}\n{foreach from=$val item=v key=f}\n{$field}: {$v}\n{/foreach}\n{/foreach}\n{/foreach}\n{/foreach}\n{/if}\n{if $customGroup}\n{foreach from=$customGroup item=value key=customName}\n=========================================================={if $pricesetFieldsCount }===================={/if}\n\n{$customName}\n=========================================================={if $pricesetFieldsCount }===================={/if}\n\n{foreach from=$value item=v key=n}\n{$n}: {$v}\n{/foreach}\n{/foreach}\n{/if}\n','<!DOCTYPE html PUBLIC \"-//W3C//DTD XHTML 1.0 Transitional//EN\" \"http://www.w3.org/TR/xhtml1/DTD/xhtml1-transitional.dtd\">\n<html xmlns=\"http://www.w3.org/1999/xhtml\">\n<head>\n <meta http-equiv=\"Content-Type\" content=\"text/html; charset=UTF-8\" />\n <title></title>\n</head>\n<body>\n\n{capture assign=headerStyle}colspan=\"2\" style=\"text-align: left; padding: 4px; border-bottom: 1px solid #999; background-color: #eee;\"{/capture}\n{capture assign=labelStyle }style=\"padding: 4px; border-bottom: 1px solid #999; background-color: #f7f7f7;\"{/capture}\n{capture assign=valueStyle }style=\"padding: 4px; border-bottom: 1px solid #999;\"{/capture}\n\n<center>\n <table width=\"500\" border=\"0\" cellpadding=\"0\" cellspacing=\"0\" id=\"crm-event_receipt\" style=\"font-family: Arial, Verdana, sans-serif; text-align: left;\">\n\n  <!-- BEGIN HEADER -->\n  <!-- You can add table row(s) here with logo or other header elements -->\n  <!-- END HEADER -->\n\n  <!-- BEGIN CONTENT -->\n\n  <tr>\n   <td>\n	<p>Dear {contact.display_name},</p>\n\n    {if $event.confirm_email_text AND (not $isOnWaitlist AND not $isRequireApproval)}\n     <p>{$event.confirm_email_text|htmlize}</p>\n\n    {else}\n	<p>Thank you for your participation.  This letter is a confirmation that your registration has been received and your status has been updated to <strong>{if $isOnWaitlist}waitlisted{else}registered{/if}</strong> for the following:</p>\n\n    {/if}\n\n    <p>\n    {if $isOnWaitlist}\n     <p>{ts}You have been added to the WAIT LIST for this event.{/ts}</p>\n     {if $isPrimary}\n       <p>{ts}If space becomes available you will receive an email with\na link to a web page where you can complete your registration.{/ts}</p>\n     {/if}\n    {elseif $isRequireApproval}\n     <p>{ts}Your registration has been submitted.{/ts}</p>\n     {if $isPrimary}\n      <p>{ts}Once your registration has been reviewed, you will receive\nan email with a link to a web page where you can complete the\nregistration process.{/ts}</p>\n     {/if}\n    {elseif $is_pay_later && !$isAmountzero}\n     <p>{$pay_later_receipt}</p> {* FIXME: this might be text rather than HTML *}\n    {else}\n     <p>{ts}Please print this confirmation for your records.{/ts}</p>\n    {/if}\n\n   </td>\n  </tr>\n  <tr>\n   <td>\n    <table width=\"500\" style=\"border: 1px solid #999; margin: 1em 0em 1em; border-collapse: collapse;\">\n     <tr>\n      <th {$headerStyle}>\n       {ts}Event Information and Location{/ts}\n      </th>\n     </tr>\n     <tr>\n      <td colspan=\"2\" {$valueStyle}>\n       {$event.event_title}<br />\n       {$event.event_start_date|date_format:\"%A\"} {$event.event_start_date|crmDate}{if $event.event_end_date}-{if $event.event_end_date|date_format:\"%Y%m%d\" == $event.event_start_date|date_format:\"%Y%m%d\"}{$event.event_end_date|crmDate:0:1}{else}{$event.event_end_date|date_format:\"%A\"} {$event.event_end_date|crmDate}{/if}{/if}\n      </td>\n     </tr>\n\n\n     {if $conference_sessions}\n      <tr>\n       <td colspan=\"2\" {$labelStyle}>\n	{ts}Your schedule:{/ts}\n       </td>\n      </tr>\n      <tr>\n       <td colspan=\"2\" {$valueStyle}>\n	{assign var=\'group_by_day\' value=\'NA\'}\n	{foreach from=$conference_sessions item=session}\n	 {if $session.start_date|date_format:\"%Y/%m/%d\" != $group_by_day|date_format:\"%Y/%m/%d\"}\n	  {assign var=\'group_by_day\' value=$session.start_date}\n          <em>{$group_by_day|date_format:\"%m/%d/%Y\"}</em><br />\n	 {/if}\n	 {$session.start_date|crmDate:0:1}{if $session.end_date}-{$session.end_date|crmDate:0:1}{/if} {$session.title}<br />\n	 {if $session.location}&nbsp;&nbsp;&nbsp;&nbsp;{$session.location}<br />{/if}\n	{/foreach}\n       </td>\n      </tr>\n     {/if}\n\n     {if $event.participant_role neq \'Attendee\' and $defaultRole}\n      <tr>\n       <td {$labelStyle}>\n        {ts}Participant Role{/ts}\n       </td>\n       <td {$valueStyle}>\n        {$event.participant_role}\n       </td>\n      </tr>\n     {/if}\n\n     {if $isShowLocation}\n      <tr>\n       <td colspan=\"2\" {$valueStyle}>\n        {if $location.address.1.name}\n         {$location.address.1.name}<br />\n        {/if}\n        {if $location.address.1.street_address}\n         {$location.address.1.street_address}<br />\n        {/if}\n        {if $location.address.1.supplemental_address_1}\n         {$location.address.1.supplemental_address_1}<br />\n        {/if}\n        {if $location.address.1.supplemental_address_2}\n         {$location.address.1.supplemental_address_2}<br />\n        {/if}\n        {if $location.address.1.city}\n         {$location.address.1.city}, {$location.address.1.state_province} {$location.address.1.postal_code}{if $location.address.1.postal_code_suffix} - {$location.address.1.postal_code_suffix}{/if}<br />\n        {/if}\n       </td>\n      </tr>\n     {/if}\n\n     {if $location.phone.1.phone || $location.email.1.email}\n      <tr>\n       <td colspan=\"2\" {$labelStyle}>\n        {ts}Event Contacts:{/ts}\n       </td>\n      </tr>\n      {foreach from=$location.phone item=phone}\n       {if $phone.phone}\n        <tr>\n         <td {$labelStyle}>\n          {if $phone.phone_type}\n           {$phone.phone_type_display}\n          {else}\n           {ts}Phone{/ts}\n          {/if}\n         </td>\n         <td {$valueStyle}>\n          {$phone.phone}\n         </td>\n        </tr>\n       {/if}\n      {/foreach}\n      {foreach from=$location.email item=eventEmail}\n       {if $eventEmail.email}\n        <tr>\n         <td {$labelStyle}>\n          {ts}Email{/ts}\n         </td>\n         <td {$valueStyle}>\n          {$eventEmail.email}\n         </td>\n        </tr>\n       {/if}\n      {/foreach}\n     {/if}\n     <tr>\n      <td colspan=\"2\" {$valueStyle}>\n       {capture assign=icalFeed}{crmURL p=\'civicrm/event/ical\' q=\"reset=1&id=`$event.id`\" h=0 a=1 fe=1}{/capture}\n       <a href=\"{$icalFeed}\">{ts}Download iCalendar File{/ts}</a>\n      </td>\n     </tr>\n    {if $event.is_share}\n        <tr>\n            <td colspan=\"2\" {$valueStyle}>\n                {capture assign=eventUrl}{crmURL p=\'civicrm/event/info\' q=\"id=`$event.id`&reset=1\" a=true fe=1 h=1}{/capture}\n                {include file=\"CRM/common/SocialNetwork.tpl\" emailMode=true url=$eventUrl title=$event.title pageURL=$eventUrl}\n            </td>\n        </tr>\n    {/if}\n    {if $payer.name}\n     <tr>\n       <th {$headerStyle}>\n         {ts}You were registered by:{/ts}\n       </th>\n     </tr>\n     <tr>\n       <td colspan=\"2\" {$valueStyle}>\n	      {$payer.name}\n       </td>\n     </tr>\n    {/if}\n    {if $event.is_monetary}\n\n      <tr>\n       <th {$headerStyle}>\n        {$event.fee_label}\n       </th>\n      </tr>\n\n      {if $lineItem}\n       {foreach from=$lineItem item=value key=priceset}\n        {if $value neq \'skip\'}\n         {if $isPrimary}\n          {if $lineItem|@count GT 1} {* Header for multi participant registration cases. *}\n           <tr>\n            <td colspan=\"2\" {$labelStyle}>\n             {ts 1=$priceset+1}Participant %1{/ts} {$part.$priceset.info}\n            </td>\n           </tr>\n          {/if}\n         {/if}\n         <tr>\n          <td colspan=\"2\" {$valueStyle}>\n           <table> {* FIXME: style this table so that it looks like the text version (justification, etc.) *}\n            <tr>\n             <th>{ts}Item{/ts}</th>\n             <th>{ts}Qty{/ts}</th>\n             <th>{ts}Each{/ts}</th>\n             <th>{ts}Total{/ts}</th>\n	     {if  $pricesetFieldsCount }<th>{ts}Total Participants{/ts}</th>{/if}\n            </tr>\n            {foreach from=$value item=line}\n             <tr>\n              <td>\n              {if $line.html_type eq \'Text\'}{$line.label}{else}{$line.field_title} - {$line.label}{/if} {if $line.description}<div>{$line.description|truncate:30:\"...\"}</div>{/if}\n              </td>\n              <td>\n               {$line.qty}\n              </td>\n              <td>\n               {$line.unit_price|crmMoney}\n              </td>\n              <td>\n               {$line.line_total|crmMoney}\n              </td>\n	      {if $pricesetFieldsCount }<td>{$line.participant_count}</td> {/if}\n             </tr>\n            {/foreach}\n           </table>\n          </td>\n         </tr>\n        {/if}\n       {/foreach}\n      {/if}\n\n      {if $amounts && !$lineItem}\n       {foreach from=$amounts item=amnt key=level}\n        <tr>\n         <td colspan=\"2\" {$valueStyle}>\n          {$amnt.amount|crmMoney} {$amnt.label}\n         </td>\n        </tr>\n       {/foreach}\n      {/if}\n\n      {if $isPrimary}\n       <tr>\n        <td {$labelStyle}>\n         {ts}Total Amount{/ts}\n        </td>  \n        <td {$valueStyle}>\n         {$totalAmount|crmMoney} {if $hookDiscount.message}({$hookDiscount.message}){/if}\n        </td>\n       </tr>\n       {if $pricesetFieldsCount }\n     <tr>\n       <td {$labelStyle}> \n      {ts}Total Participants{/ts}</td>   \n      <td {$valueStyle}>\n      {assign var=\"count\" value= 0}	 \n      {foreach from=$lineItem item=pcount}\n      {assign var=\"lineItemCount\" value=0}\n      {if $pcount neq \'skip\'}\n        {foreach from=$pcount item=p_count}\n        {assign var=\"lineItemCount\" value=$lineItemCount+$p_count.participant_count}\n        {/foreach}\n      {if $lineItemCount < 1 }\n        {assign var=\"lineItemCount\" value=1}\n      {/if}	\n      {assign var=\"count\" value=$count+$lineItemCount}\n      {/if}\n      {/foreach}\n     {$count}\n     </td> </tr>\n      {/if}\n\n       {if $register_date}\n        <tr>\n         <td {$labelStyle}>\n          {ts}Registration Date{/ts}\n         </td>\n         <td {$valueStyle}>\n          {$register_date|crmDate}\n         </td>\n        </tr>\n       {/if}\n\n       {if $receive_date}\n        <tr>\n         <td {$labelStyle}>\n          {ts}Transaction Date{/ts}\n         </td>\n         <td {$valueStyle}>\n          {$receive_date|crmDate}\n         </td>\n        </tr>\n       {/if}\n\n       {if $contributionTypeName}\n        <tr>\n         <td {$labelStyle}>\n          {ts}Financial Type{/ts}\n         </td>\n         <td {$valueStyle}>\n          {$contributionTypeName}\n         </td>\n        </tr>\n       {/if}\n\n       {if $trxn_id}\n        <tr>\n         <td {$labelStyle}>\n          {ts}Transaction #{/ts}\n         </td>\n         <td {$valueStyle}>\n          {$trxn_id}\n         </td>\n        </tr>\n       {/if}\n\n       {if $paidBy}\n        <tr>\n         <td {$labelStyle}>\n          {ts}Paid By{/ts}\n         </td>\n         <td {$valueStyle}>\n         {$paidBy}\n         </td>\n        </tr>\n       {/if}\n\n       {if $checkNumber}\n        <tr>\n         <td {$labelStyle}>\n          {ts}Check Number{/ts}\n         </td>\n         <td {$valueStyle}>\n          {$checkNumber}\n         </td>\n        </tr>\n       {/if}\n\n       {if $contributeMode ne \'notify\' and !$isAmountzero and !$is_pay_later and !$isOnWaitlist and !$isRequireApproval}\n        <tr>\n         <th {$headerStyle}>\n          {ts}Billing Name and Address{/ts}\n         </th>\n        </tr>\n        <tr>\n         <td colspan=\"2\" {$valueStyle}>\n          {$billingName}<br />\n          {$address|nl2br}\n         </td>\n        </tr>\n       {/if}\n\n       {if $contributeMode eq \'direct\' and !$isAmountzero and !$is_pay_later and !$isOnWaitlist and !$isRequireApproval}\n        <tr>\n         <th {$headerStyle}>\n          {ts}Credit Card Information{/ts}\n         </th>\n        </tr>\n        <tr>\n         <td colspan=\"2\" {$valueStyle}>\n          {$credit_card_type}<br />\n          {$credit_card_number}<br />\n          {ts}Expires{/ts}: {$credit_card_exp_date|truncate:7:\'\'|crmDate}\n         </td>\n        </tr>\n       {/if}\n\n      {/if}\n\n     {/if} {* End of conditional section for Paid events *}\n\n\n{if $customPre}\n{foreach from=$customPre item=customPr key=i}\n   <tr> <th {$headerStyle}>{$customPre_grouptitle.$i}</th></tr>\n   {foreach from=$customPr item=customValue key=customName}\n   {if ( $trackingFields and ! in_array( $customName, $trackingFields ) ) or ! $trackingFields}\n     <tr>\n         <td {$labelStyle}>{$customName}</td>\n         <td {$valueStyle}>{$customValue}</td>\n     </tr>\n   {/if}\n   {/foreach}\n{/foreach}\n{/if}\n\n{if $customPost}\n{foreach from=$customPost item=customPos key=j}\n   <tr> <th {$headerStyle}>{$customPost_grouptitle.$j}</th></tr>\n   {foreach from=$customPos item=customValue key=customName}\n   {if ( $trackingFields and ! in_array( $customName, $trackingFields ) ) or ! $trackingFields}\n     <tr>\n         <td {$labelStyle}>{$customName}</td>\n         <td {$valueStyle}>{$customValue}</td>\n     </tr>\n{/if}\n{/foreach}\n{/foreach}\n{/if}\n\n{if $customProfile}\n{foreach from=$customProfile.profile item=eachParticipant key=participantID}\n     <tr><th {$headerStyle}>{ts 1=$participantID+2}Participant %1{/ts} </th></tr>\n     {foreach from=$eachParticipant item=eachProfile key=pid}\n     <tr><th {$headerStyle}>{$customProfile.title.$pid}</th></tr>\n     {foreach from=$eachProfile item=val key=field}\n     <tr>{foreach from=$val item=v key=f}\n         <td {$labelStyle}>{$field}</td> \n         <td {$valueStyle}>{$v}</td> \n         {/foreach}\n     </tr>\n     {/foreach}\n{/foreach}\n{/foreach}\n{/if}\n\n    {if $customGroup}\n      {foreach from=$customGroup item=value key=customName}\n       <tr>\n        <th {$headerStyle}>\n         {$customName}\n        </th>\n       </tr>\n       {foreach from=$value item=v key=n}\n        <tr>\n         <td {$labelStyle}>\n          {$n}\n         </td>\n         <td {$valueStyle}>\n          {$v}\n         </td>\n        </tr>\n       {/foreach}\n      {/foreach}\n     {/if}\n   \n    </table>\n   </td>\n  </tr>\n </table>\n</center>\n\n</body>\n</html>\n',1,698,1,0,NULL),(26,'Events - Registration Confirmation and Receipt (on-line)','{if $isOnWaitlist}{ts}Wait List Confirmation{/ts}{else}{ts}Registration Confirmation{/ts}{/if} - {$event.event_title}','Dear {contact.display_name},\n\n{if $event.confirm_email_text AND (not $isOnWaitlist AND not $isRequireApproval)}\n{$event.confirm_email_text}\n\n{else}\nThank you for your participation.  This letter is a confirmation that your registration has been received and your status has been updated to {if $participant_status}$participant_status{else}{if $isOnWaitlist}waitlisted{else}registered{/if}{/if} for the following:\n\n{/if}\n\n{if $isOnWaitlist}\n==========================================================={if $pricesetFieldsCount }===================={/if}\n\n{ts}You have been added to the WAIT LIST for this event.{/ts}\n\n{if $isPrimary}\n{ts}If space becomes available you will receive an email with\na link to a web page where you can complete your registration.{/ts}\n{/if}\n==========================================================={if $pricesetFieldsCount }===================={/if}\n\n{elseif $isRequireApproval}\n==========================================================={if $pricesetFieldsCount }===================={/if}\n\n{ts}Your registration has been submitted.{/ts}\n\n{if $isPrimary}\n{ts}Once your registration has been reviewed, you will receive\nan email with a link to a web page where you can complete the\nregistration process.{/ts}\n\n{/if}\n==========================================================={if $pricesetFieldsCount }===================={/if}\n\n{elseif $is_pay_later && !$isAmountzero}\n\n==========================================================={if $pricesetFieldsCount }===================={/if}\n\n{$pay_later_receipt}\n==========================================================={if $pricesetFieldsCount }===================={/if}\n\n{else}\n\n{ts}Please print this confirmation for your records.{/ts}\n{/if}\n\n\n==========================================================={if $pricesetFieldsCount }===================={/if}\n\n{ts}Event Information and Location{/ts}\n\n==========================================================={if $pricesetFieldsCount }===================={/if}\n\n{$event.event_title}\n{$event.event_start_date|date_format:\"%A\"} {$event.event_start_date|crmDate}{if $event.event_end_date}-{if $event.event_end_date|date_format:\"%Y%m%d\" == $event.event_start_date|date_format:\"%Y%m%d\"}{$event.event_end_date|crmDate:0:1}{else}{$event.event_end_date|date_format:\"%A\"} {$event.event_end_date|crmDate}{/if}{/if}\n{if $conference_sessions}\n\n\n{ts}Your schedule:{/ts}\n{assign var=\'group_by_day\' value=\'NA\'}\n{foreach from=$conference_sessions item=session}\n{if $session.start_date|date_format:\"%Y/%m/%d\" != $group_by_day|date_format:\"%Y/%m/%d\"}\n{assign var=\'group_by_day\' value=$session.start_date}\n\n{$group_by_day|date_format:\"%m/%d/%Y\"}\n\n\n{/if}\n{$session.start_date|crmDate:0:1}{if $session.end_date}-{$session.end_date|crmDate:0:1}{/if} {$session.title}\n{if $session.location}    {$session.location}{/if}\n{/foreach}\n{/if}\n\n{if $event.participant_role neq \'Attendee\' and $defaultRole}\n{ts}Participant Role{/ts}: {$event.participant_role}\n{/if}\n\n{if $isShowLocation}\n{if $location.address.1.name}\n\n{$location.address.1.name}\n{/if}\n{if $location.address.1.street_address}{$location.address.1.street_address}\n{/if}\n{if $location.address.1.supplemental_address_1}{$location.address.1.supplemental_address_1}\n{/if}\n{if $location.address.1.supplemental_address_2}{$location.address.1.supplemental_address_2}\n{/if}\n{if $location.address.1.city}{$location.address.1.city}, {$location.address.1.state_province} {$location.address.1.postal_code}{if $location.address.1.postal_code_suffix} - {$location.address.1.postal_code_suffix}{/if}\n{/if}\n\n{/if}{*End of isShowLocation condition*}\n\n{if $location.phone.1.phone || $location.email.1.email}\n\n{ts}Event Contacts:{/ts}\n{foreach from=$location.phone item=phone}\n{if $phone.phone}\n\n{if $phone.phone_type}{$phone.phone_type_display}{else}{ts}Phone{/ts}{/if}: {$phone.phone}{/if}\n{/foreach}\n{foreach from=$location.email item=eventEmail}\n{if $eventEmail.email}\n\n{ts}Email{/ts}: {$eventEmail.email}{/if}{/foreach}\n{/if}\n\n{capture assign=icalFeed}{crmURL p=\'civicrm/event/ical\' q=\"reset=1&id=`$event.id`\" h=0 a=1 fe=1}{/capture}\n{ts}Download iCalendar File:{/ts} {$icalFeed}\n\n{if $payer.name}\nYou were registered by: {$payer.name}\n{/if}\n{if $event.is_monetary} {* This section for Paid events only.*}\n\n==========================================================={if $pricesetFieldsCount }===================={/if}\n\n{$event.fee_label}\n==========================================================={if $pricesetFieldsCount }===================={/if}\n\n{if $lineItem}{foreach from=$lineItem item=value key=priceset}\n\n{if $value neq \'skip\'}\n{if $isPrimary}\n{if $lineItem|@count GT 1} {* Header for multi participant registration cases. *}\n{ts 1=$priceset+1}Participant %1{/ts} {$part.$priceset.info}\n\n{/if}\n{/if}\n-----------------------------------------------------------{if $pricesetFieldsCount }--------------------{/if}\n\n{capture assign=ts_item}{ts}Item{/ts}{/capture}\n{capture assign=ts_qty}{ts}Qty{/ts}{/capture}\n{capture assign=ts_each}{ts}Each{/ts}{/capture}\n{capture assign=ts_total}{ts}Total{/ts}{/capture}\n{if $pricesetFieldsCount }{capture assign=ts_participant_total}{ts}Total Participants{/ts}{/capture}{/if}\n{$ts_item|string_format:\"%-30s\"} {$ts_qty|string_format:\"%5s\"} {$ts_each|string_format:\"%10s\"} {$ts_total|string_format:\"%10s\"} {$ts_participant_total|string_format:\"%10s\"}\n-----------------------------------------------------------{if $pricesetFieldsCount }--------------------{/if}\n\n{foreach from=$value item=line}\n{if $pricesetFieldsCount }{capture assign=ts_participant_count}{$line.participant_count}{/capture}{/if}\n{capture assign=ts_item}{if $line.html_type eq \'Text\'}{$line.label}{else}{$line.field_title} - {$line.label}{/if} {if $line.description} {$line.description}{/if}{/capture}{$ts_item|truncate:30:\"...\"|string_format:\"%-30s\"} {$line.qty|string_format:\"%5s\"} {$line.unit_price|crmMoney|string_format:\"%10s\"} {$line.line_total|crmMoney|string_format:\"%10s\"}{$ts_participant_count|string_format:\"%10s\"}\n{/foreach}\n{/if}\n{/foreach}\n{/if}\n{if $amounts && !$lineItem}\n{foreach from=$amounts item=amnt key=level}{$amnt.amount|crmMoney} {$amnt.label}\n{/foreach}\n{/if}\n{if $isPrimary }\n\n{ts}Total Amount{/ts}: {$totalAmount|crmMoney} {if $hookDiscount.message}({$hookDiscount.message}){/if}\n\n{if $pricesetFieldsCount }\n      {assign var=\"count\" value= 0}\n      {foreach from=$lineItem item=pcount}\n      {assign var=\"lineItemCount\" value=0}\n      {if $pcount neq \'skip\'}\n        {foreach from=$pcount item=p_count}\n        {assign var=\"lineItemCount\" value=$lineItemCount+$p_count.participant_count}\n        {/foreach}\n      {if $lineItemCount < 1 }\n        {assign var=\"lineItemCount\" value=1}\n      {/if}	\n      {assign var=\"count\" value=$count+$lineItemCount}\n      {/if}\n      {/foreach}\n\n{ts}Total Participants{/ts}: {$count}\n{/if}\n  \n{if $register_date}\n{ts}Registration Date{/ts}: {$register_date|crmDate}\n{/if}\n{if $receive_date}\n{ts}Transaction Date{/ts}: {$receive_date|crmDate}\n{/if}\n{if $contributionTypeName}\n{ts}Financial Type{/ts}: {$contributionTypeName}\n{/if}\n{if $trxn_id}\n{ts}Transaction #{/ts}: {$trxn_id}\n{/if}\n{if $paidBy}\n{ts}Paid By{/ts}: {$paidBy}\n{/if}\n{if $checkNumber}\n{ts}Check Number{/ts}: {$checkNumber}\n{/if}\n{if $contributeMode ne \'notify\' and !$isAmountzero and !$is_pay_later and !$isOnWaitlist and !$isRequireApproval}\n\n==========================================================={if $pricesetFieldsCount }===================={/if}\n\n{ts}Billing Name and Address{/ts}\n\n==========================================================={if $pricesetFieldsCount }===================={/if}\n\n{$billingName}\n{$address}\n{/if}\n\n{if $contributeMode eq \'direct\' and !$isAmountzero and !$is_pay_later and !$isOnWaitlist and !$isRequireApproval}\n==========================================================={if $pricesetFieldsCount }===================={/if}\n\n{ts}Credit Card Information{/ts}\n\n==========================================================={if $pricesetFieldsCount }===================={/if}\n\n{$credit_card_type}\n{$credit_card_number}\n{ts}Expires{/ts}: {$credit_card_exp_date|truncate:7:\'\'|crmDate}\n{/if}\n{/if}\n{/if} {* End of conditional section for Paid events *}\n\n{if $customPre}\n{foreach from=$customPre item=customPr key=i}\n==========================================================={if $pricesetFieldsCount }===================={/if}\n\n{$customPre_grouptitle.$i}\n==========================================================={if $pricesetFieldsCount }===================={/if}\n\n{foreach from=$customPr item=customValue key=customName}\n{if ( $trackingFields and ! in_array( $customName, $trackingFields ) ) or ! $trackingFields}\n {$customName}: {$customValue}\n{/if}\n{/foreach}\n{/foreach}\n{/if}\n\n{if $customPost}\n{foreach from=$customPost item=customPos key=j}\n==========================================================={if $pricesetFieldsCount }===================={/if}\n\n{$customPost_grouptitle.$j} \n==========================================================={if $pricesetFieldsCount }===================={/if}\n\n{foreach from=$customPos item=customValue key=customName}\n{if ( $trackingFields and ! in_array( $customName, $trackingFields ) ) or ! $trackingFields}\n {$customName}: {$customValue}\n{/if}\n{/foreach}\n{/foreach}\n{/if}\n{if $customProfile}\n\n{foreach from=$customProfile.profile item=eachParticipant key=participantID}\n==========================================================={if $pricesetFieldsCount }===================={/if}\n\n{ts 1=$participantID+2}Participant Information - Participant %1{/ts}\n\n==========================================================={if $pricesetFieldsCount }===================={/if}\n\n{foreach from=$eachParticipant item=eachProfile key=pid}\n----------------------------------------------------------{if $pricesetFieldsCount }--------------------{/if}\n\n{$customProfile.title.$pid}\n----------------------------------------------------------{if $pricesetFieldsCount }--------------------{/if}\n\n{foreach from=$eachProfile item=val key=field}\n{foreach from=$val item=v key=f}\n{$field}: {$v}\n{/foreach}\n{/foreach}\n{/foreach}\n{/foreach}\n{/if}\n{if $customGroup}\n{foreach from=$customGroup item=value key=customName}\n=========================================================={if $pricesetFieldsCount }===================={/if}\n\n{$customName}\n=========================================================={if $pricesetFieldsCount }===================={/if}\n\n{foreach from=$value item=v key=n}\n{$n}: {$v}\n{/foreach}\n{/foreach}\n{/if}\n','<!DOCTYPE html PUBLIC \"-//W3C//DTD XHTML 1.0 Transitional//EN\" \"http://www.w3.org/TR/xhtml1/DTD/xhtml1-transitional.dtd\">\n<html xmlns=\"http://www.w3.org/1999/xhtml\">\n<head>\n <meta http-equiv=\"Content-Type\" content=\"text/html; charset=UTF-8\" />\n <title></title>\n</head>\n<body>\n\n{capture assign=headerStyle}colspan=\"2\" style=\"text-align: left; padding: 4px; border-bottom: 1px solid #999; background-color: #eee;\"{/capture}\n{capture assign=labelStyle }style=\"padding: 4px; border-bottom: 1px solid #999; background-color: #f7f7f7;\"{/capture}\n{capture assign=valueStyle }style=\"padding: 4px; border-bottom: 1px solid #999;\"{/capture}\n\n<center>\n <table width=\"500\" border=\"0\" cellpadding=\"0\" cellspacing=\"0\" id=\"crm-event_receipt\" style=\"font-family: Arial, Verdana, sans-serif; text-align: left;\">\n\n  <!-- BEGIN HEADER -->\n  <!-- You can add table row(s) here with logo or other header elements -->\n  <!-- END HEADER -->\n\n  <!-- BEGIN CONTENT -->\n\n  <tr>\n   <td>\n	<p>Dear {contact.display_name},</p>\n\n    {if $event.confirm_email_text AND (not $isOnWaitlist AND not $isRequireApproval)}\n     <p>{$event.confirm_email_text|htmlize}</p>\n\n    {else}\n	<p>Thank you for your participation.  This letter is a confirmation that your registration has been received and your status has been updated to <strong>{if $isOnWaitlist}waitlisted{else}registered{/if}</strong> for the following:</p>\n\n    {/if}\n\n    <p>\n    {if $isOnWaitlist}\n     <p>{ts}You have been added to the WAIT LIST for this event.{/ts}</p>\n     {if $isPrimary}\n       <p>{ts}If space becomes available you will receive an email with\na link to a web page where you can complete your registration.{/ts}</p>\n     {/if}\n    {elseif $isRequireApproval}\n     <p>{ts}Your registration has been submitted.{/ts}</p>\n     {if $isPrimary}\n      <p>{ts}Once your registration has been reviewed, you will receive\nan email with a link to a web page where you can complete the\nregistration process.{/ts}</p>\n     {/if}\n    {elseif $is_pay_later && !$isAmountzero}\n     <p>{$pay_later_receipt}</p> {* FIXME: this might be text rather than HTML *}\n    {else}\n     <p>{ts}Please print this confirmation for your records.{/ts}</p>\n    {/if}\n\n   </td>\n  </tr>\n  <tr>\n   <td>\n    <table width=\"500\" style=\"border: 1px solid #999; margin: 1em 0em 1em; border-collapse: collapse;\">\n     <tr>\n      <th {$headerStyle}>\n       {ts}Event Information and Location{/ts}\n      </th>\n     </tr>\n     <tr>\n      <td colspan=\"2\" {$valueStyle}>\n       {$event.event_title}<br />\n       {$event.event_start_date|date_format:\"%A\"} {$event.event_start_date|crmDate}{if $event.event_end_date}-{if $event.event_end_date|date_format:\"%Y%m%d\" == $event.event_start_date|date_format:\"%Y%m%d\"}{$event.event_end_date|crmDate:0:1}{else}{$event.event_end_date|date_format:\"%A\"} {$event.event_end_date|crmDate}{/if}{/if}\n      </td>\n     </tr>\n\n\n     {if $conference_sessions}\n      <tr>\n       <td colspan=\"2\" {$labelStyle}>\n	{ts}Your schedule:{/ts}\n       </td>\n      </tr>\n      <tr>\n       <td colspan=\"2\" {$valueStyle}>\n	{assign var=\'group_by_day\' value=\'NA\'}\n	{foreach from=$conference_sessions item=session}\n	 {if $session.start_date|date_format:\"%Y/%m/%d\" != $group_by_day|date_format:\"%Y/%m/%d\"}\n	  {assign var=\'group_by_day\' value=$session.start_date}\n          <em>{$group_by_day|date_format:\"%m/%d/%Y\"}</em><br />\n	 {/if}\n	 {$session.start_date|crmDate:0:1}{if $session.end_date}-{$session.end_date|crmDate:0:1}{/if} {$session.title}<br />\n	 {if $session.location}&nbsp;&nbsp;&nbsp;&nbsp;{$session.location}<br />{/if}\n	{/foreach}\n       </td>\n      </tr>\n     {/if}\n\n     {if $event.participant_role neq \'Attendee\' and $defaultRole}\n      <tr>\n       <td {$labelStyle}>\n        {ts}Participant Role{/ts}\n       </td>\n       <td {$valueStyle}>\n        {$event.participant_role}\n       </td>\n      </tr>\n     {/if}\n\n     {if $isShowLocation}\n      <tr>\n       <td colspan=\"2\" {$valueStyle}>\n        {if $location.address.1.name}\n         {$location.address.1.name}<br />\n        {/if}\n        {if $location.address.1.street_address}\n         {$location.address.1.street_address}<br />\n        {/if}\n        {if $location.address.1.supplemental_address_1}\n         {$location.address.1.supplemental_address_1}<br />\n        {/if}\n        {if $location.address.1.supplemental_address_2}\n         {$location.address.1.supplemental_address_2}<br />\n        {/if}\n        {if $location.address.1.city}\n         {$location.address.1.city}, {$location.address.1.state_province} {$location.address.1.postal_code}{if $location.address.1.postal_code_suffix} - {$location.address.1.postal_code_suffix}{/if}<br />\n        {/if}\n       </td>\n      </tr>\n     {/if}\n\n     {if $location.phone.1.phone || $location.email.1.email}\n      <tr>\n       <td colspan=\"2\" {$labelStyle}>\n        {ts}Event Contacts:{/ts}\n       </td>\n      </tr>\n      {foreach from=$location.phone item=phone}\n       {if $phone.phone}\n        <tr>\n         <td {$labelStyle}>\n          {if $phone.phone_type}\n           {$phone.phone_type_display}\n          {else}\n           {ts}Phone{/ts}\n          {/if}\n         </td>\n         <td {$valueStyle}>\n          {$phone.phone}\n         </td>\n        </tr>\n       {/if}\n      {/foreach}\n      {foreach from=$location.email item=eventEmail}\n       {if $eventEmail.email}\n        <tr>\n         <td {$labelStyle}>\n          {ts}Email{/ts}\n         </td>\n         <td {$valueStyle}>\n          {$eventEmail.email}\n         </td>\n        </tr>\n       {/if}\n      {/foreach}\n     {/if}\n     <tr>\n      <td colspan=\"2\" {$valueStyle}>\n       {capture assign=icalFeed}{crmURL p=\'civicrm/event/ical\' q=\"reset=1&id=`$event.id`\" h=0 a=1 fe=1}{/capture}\n       <a href=\"{$icalFeed}\">{ts}Download iCalendar File{/ts}</a>\n      </td>\n     </tr>\n    {if $event.is_share}\n        <tr>\n            <td colspan=\"2\" {$valueStyle}>\n                {capture assign=eventUrl}{crmURL p=\'civicrm/event/info\' q=\"id=`$event.id`&reset=1\" a=true fe=1 h=1}{/capture}\n                {include file=\"CRM/common/SocialNetwork.tpl\" emailMode=true url=$eventUrl title=$event.title pageURL=$eventUrl}\n            </td>\n        </tr>\n    {/if}\n    {if $payer.name}\n     <tr>\n       <th {$headerStyle}>\n         {ts}You were registered by:{/ts}\n       </th>\n     </tr>\n     <tr>\n       <td colspan=\"2\" {$valueStyle}>\n	      {$payer.name}\n       </td>\n     </tr>\n    {/if}\n    {if $event.is_monetary}\n\n      <tr>\n       <th {$headerStyle}>\n        {$event.fee_label}\n       </th>\n      </tr>\n\n      {if $lineItem}\n       {foreach from=$lineItem item=value key=priceset}\n        {if $value neq \'skip\'}\n         {if $isPrimary}\n          {if $lineItem|@count GT 1} {* Header for multi participant registration cases. *}\n           <tr>\n            <td colspan=\"2\" {$labelStyle}>\n             {ts 1=$priceset+1}Participant %1{/ts} {$part.$priceset.info}\n            </td>\n           </tr>\n          {/if}\n         {/if}\n         <tr>\n          <td colspan=\"2\" {$valueStyle}>\n           <table> {* FIXME: style this table so that it looks like the text version (justification, etc.) *}\n            <tr>\n             <th>{ts}Item{/ts}</th>\n             <th>{ts}Qty{/ts}</th>\n             <th>{ts}Each{/ts}</th>\n             <th>{ts}Total{/ts}</th>\n	     {if  $pricesetFieldsCount }<th>{ts}Total Participants{/ts}</th>{/if}\n            </tr>\n            {foreach from=$value item=line}\n             <tr>\n              <td>\n              {if $line.html_type eq \'Text\'}{$line.label}{else}{$line.field_title} - {$line.label}{/if} {if $line.description}<div>{$line.description|truncate:30:\"...\"}</div>{/if}\n              </td>\n              <td>\n               {$line.qty}\n              </td>\n              <td>\n               {$line.unit_price|crmMoney}\n              </td>\n              <td>\n               {$line.line_total|crmMoney}\n              </td>\n	      {if $pricesetFieldsCount }<td>{$line.participant_count}</td> {/if}\n             </tr>\n            {/foreach}\n           </table>\n          </td>\n         </tr>\n        {/if}\n       {/foreach}\n      {/if}\n\n      {if $amounts && !$lineItem}\n       {foreach from=$amounts item=amnt key=level}\n        <tr>\n         <td colspan=\"2\" {$valueStyle}>\n          {$amnt.amount|crmMoney} {$amnt.label}\n         </td>\n        </tr>\n       {/foreach}\n      {/if}\n\n      {if $isPrimary}\n       <tr>\n        <td {$labelStyle}>\n         {ts}Total Amount{/ts}\n        </td>  \n        <td {$valueStyle}>\n         {$totalAmount|crmMoney} {if $hookDiscount.message}({$hookDiscount.message}){/if}\n        </td>\n       </tr>\n       {if $pricesetFieldsCount }\n     <tr>\n       <td {$labelStyle}> \n      {ts}Total Participants{/ts}</td>   \n      <td {$valueStyle}>\n      {assign var=\"count\" value= 0}	 \n      {foreach from=$lineItem item=pcount}\n      {assign var=\"lineItemCount\" value=0}\n      {if $pcount neq \'skip\'}\n        {foreach from=$pcount item=p_count}\n        {assign var=\"lineItemCount\" value=$lineItemCount+$p_count.participant_count}\n        {/foreach}\n      {if $lineItemCount < 1 }\n        {assign var=\"lineItemCount\" value=1}\n      {/if}	\n      {assign var=\"count\" value=$count+$lineItemCount}\n      {/if}\n      {/foreach}\n     {$count}\n     </td> </tr>\n      {/if}\n\n       {if $register_date}\n        <tr>\n         <td {$labelStyle}>\n          {ts}Registration Date{/ts}\n         </td>\n         <td {$valueStyle}>\n          {$register_date|crmDate}\n         </td>\n        </tr>\n       {/if}\n\n       {if $receive_date}\n        <tr>\n         <td {$labelStyle}>\n          {ts}Transaction Date{/ts}\n         </td>\n         <td {$valueStyle}>\n          {$receive_date|crmDate}\n         </td>\n        </tr>\n       {/if}\n\n       {if $contributionTypeName}\n        <tr>\n         <td {$labelStyle}>\n          {ts}Financial Type{/ts}\n         </td>\n         <td {$valueStyle}>\n          {$contributionTypeName}\n         </td>\n        </tr>\n       {/if}\n\n       {if $trxn_id}\n        <tr>\n         <td {$labelStyle}>\n          {ts}Transaction #{/ts}\n         </td>\n         <td {$valueStyle}>\n          {$trxn_id}\n         </td>\n        </tr>\n       {/if}\n\n       {if $paidBy}\n        <tr>\n         <td {$labelStyle}>\n          {ts}Paid By{/ts}\n         </td>\n         <td {$valueStyle}>\n         {$paidBy}\n         </td>\n        </tr>\n       {/if}\n\n       {if $checkNumber}\n        <tr>\n         <td {$labelStyle}>\n          {ts}Check Number{/ts}\n         </td>\n         <td {$valueStyle}>\n          {$checkNumber}\n         </td>\n        </tr>\n       {/if}\n\n       {if $contributeMode ne \'notify\' and !$isAmountzero and !$is_pay_later and !$isOnWaitlist and !$isRequireApproval}\n        <tr>\n         <th {$headerStyle}>\n          {ts}Billing Name and Address{/ts}\n         </th>\n        </tr>\n        <tr>\n         <td colspan=\"2\" {$valueStyle}>\n          {$billingName}<br />\n          {$address|nl2br}\n         </td>\n        </tr>\n       {/if}\n\n       {if $contributeMode eq \'direct\' and !$isAmountzero and !$is_pay_later and !$isOnWaitlist and !$isRequireApproval}\n        <tr>\n         <th {$headerStyle}>\n          {ts}Credit Card Information{/ts}\n         </th>\n        </tr>\n        <tr>\n         <td colspan=\"2\" {$valueStyle}>\n          {$credit_card_type}<br />\n          {$credit_card_number}<br />\n          {ts}Expires{/ts}: {$credit_card_exp_date|truncate:7:\'\'|crmDate}\n         </td>\n        </tr>\n       {/if}\n\n      {/if}\n\n     {/if} {* End of conditional section for Paid events *}\n\n\n{if $customPre}\n{foreach from=$customPre item=customPr key=i}\n   <tr> <th {$headerStyle}>{$customPre_grouptitle.$i}</th></tr>\n   {foreach from=$customPr item=customValue key=customName}\n   {if ( $trackingFields and ! in_array( $customName, $trackingFields ) ) or ! $trackingFields}\n     <tr>\n         <td {$labelStyle}>{$customName}</td>\n         <td {$valueStyle}>{$customValue}</td>\n     </tr>\n   {/if}\n   {/foreach}\n{/foreach}\n{/if}\n\n{if $customPost}\n{foreach from=$customPost item=customPos key=j}\n   <tr> <th {$headerStyle}>{$customPost_grouptitle.$j}</th></tr>\n   {foreach from=$customPos item=customValue key=customName}\n   {if ( $trackingFields and ! in_array( $customName, $trackingFields ) ) or ! $trackingFields}\n     <tr>\n         <td {$labelStyle}>{$customName}</td>\n         <td {$valueStyle}>{$customValue}</td>\n     </tr>\n{/if}\n{/foreach}\n{/foreach}\n{/if}\n\n{if $customProfile}\n{foreach from=$customProfile.profile item=eachParticipant key=participantID}\n     <tr><th {$headerStyle}>{ts 1=$participantID+2}Participant %1{/ts} </th></tr>\n     {foreach from=$eachParticipant item=eachProfile key=pid}\n     <tr><th {$headerStyle}>{$customProfile.title.$pid}</th></tr>\n     {foreach from=$eachProfile item=val key=field}\n     <tr>{foreach from=$val item=v key=f}\n         <td {$labelStyle}>{$field}</td> \n         <td {$valueStyle}>{$v}</td> \n         {/foreach}\n     </tr>\n     {/foreach}\n{/foreach}\n{/foreach}\n{/if}\n\n    {if $customGroup}\n      {foreach from=$customGroup item=value key=customName}\n       <tr>\n        <th {$headerStyle}>\n         {$customName}\n        </th>\n       </tr>\n       {foreach from=$value item=v key=n}\n        <tr>\n         <td {$labelStyle}>\n          {$n}\n         </td>\n         <td {$valueStyle}>\n          {$v}\n         </td>\n        </tr>\n       {/foreach}\n      {/foreach}\n     {/if}\n   \n    </table>\n   </td>\n  </tr>\n </table>\n</center>\n\n</body>\n</html>\n',1,698,0,1,NULL),(27,'Events - Receipt only','Receipt for {if $events_in_cart} Event Registration{/if}\n','Dear {contact.display_name},\n{if $is_pay_later}\n  This is being sent to you as an acknowledgement that you have registered one or more members for the following workshop, event or purchase. Please note, however, that the status of your payment is pending, and the registration for this event will not be completed until your payment is received.\n{else}\n  This is being sent to you as a {if $is_refund}confirmation of refund{else}receipt of payment made{/if} for the following workshop, event registration or purchase.\n{/if}\n\n{if $is_pay_later}\n  {$pay_later_receipt}\n{/if}\n\n	Your order number is #{$transaction_id}. Please print this confirmation for your records.{if $line_items && !$is_refund} Information about the workshops will be sent separately to each participant.{/if}\n Here\'s a summary of your transaction placed on {$transaction_date|date_format:\"%D %I:%M %p %Z\"}:\n\n{if $billing_name}\n===========================================================\n{ts}Billing Name and Address{/ts}\n\n===========================================================\n{$billing_name}\n\n{$billing_street_address}\n\n{$billing_city}, {$billing_state} {$billing_postal_code}\n\n{$email}\n{/if}\n\n{if $source}\n{$source}\n{/if}\n\n\n{foreach from=$line_items item=line_item}\n{$line_item.event->title} ({$line_item.event->start_date|date_format:\"%D\"})\n{if $line_item.event->is_show_location}\n  {if $line_item.location.address.1.name}\n    {$line_item.location.address.1.name}\n  {/if}\n  {if $line_item.location.address.1.street_address}\n    {$line_item.location.address.1.street_address}\n  {/if}\n  {if $line_item.location.address.1.supplemental_address_1}\n    {$line_item.location.address.1.supplemental_address_1}\n  {/if}\n  {if $line_item.location.address.1.supplemental_address_2}\n    {$line_item.location.address.1.supplemental_address_2}\n  {/if}\n  {if $line_item.location.address.1.city}\n    {$line_item.location.address.1.city}, {$line_item.location.address.1.state_province} {$line_item.location.address.1.postal_code}\n  {/if}\n{/if}{*End of isShowLocation condition*}\n{$line_item.event->start_date|date_format:\"%D %I:%M %p\"} - {$line_item.event->end_date|date_format:\"%I:%M %p\"}\n\n  Quantity: {$line_item.num_participants}\n\n{if $line_item.num_participants > 0}\n  {foreach from=$line_item.participants item=participant}\n    {$participant.display_name}\n  {/foreach}\n{/if}\n{if $line_item.num_waiting_participants > 0}\n  Waitlisted:\n    {foreach from=$line_item.waiting_participants item=participant}\n      {$participant.display_name}\n    {/foreach}\n{/if}\nCost: {$line_item.cost|crmMoney:$currency|string_format:\"%10s\"}\nTotal For This Event: {$line_item.amount|crmMoney:$currency|string_format:\"%10s\"}\n\n{/foreach}\n\n{if $discounts}\nSubtotal: {$sub_total|crmMoney:$currency|string_format:\"%10s\"}\n--------------------------------------\nDiscounts\n{foreach from=$discounts key=myId item=i}\n  {$i.title}: -{$i.amount|crmMoney:$currency|string_format:\"%10s\"}\n{/foreach}\n{/if}\n======================================\nTotal: {$total|crmMoney:$currency|string_format:\"%10s\"}\n\n{if $credit_card_type}\n===========================================================\n{ts}Payment Information{/ts}\n\n===========================================================\n{$credit_card_type}\n{$credit_card_number}\n{ts}Expires{/ts}: {$credit_card_exp_date.M}/{$credit_card_exp_date.Y}\n{/if}\n\n  If you have questions about the status of your registration or purchase please feel free to contact us.\n','<!DOCTYPE html PUBLIC \"-//W3C//DTD XHTML 1.0 Transitional//EN\" \"http://www.w3.org/TR/xhtml1/DTD/xhtml1-transitional.dtd\">\n<html xmlns=\"http://www.w3.org/1999/xhtml\">\n  <head>\n    <meta http-equiv=\"Content-Type\" content=\"text/html; charset=UTF-8\" />\n    <title></title>\n  </head>\n  <body>\n    {capture assign=headerStyle}colspan=\"2\" style=\"text-align: left; padding: 4px; border-bottom: 1px solid #999; background-color: #eee;\"{/capture}\n    {capture assign=labelStyle }style=\"padding: 4px; border-bottom: 1px solid #999; background-color: #f7f7f7;\"{/capture}\n    {capture assign=valueStyle }style=\"padding: 4px; border-bottom: 1px solid #999;\"{/capture}\n\n    <p>Dear {contact.display_name},</p>\n    {if $is_pay_later}\n      <p>\n        This is being sent to you as an acknowledgement that you have registered one or more members for the following workshop, event or purchase. Please note, however, that the status of your payment is pending, and the registration for this event will not be completed until your payment is received.\n      </p>\n    {else}\n      <p>\n        This is being sent to you as a {if $is_refund}confirmation of refund{else}receipt of payment made{/if} for the following workshop, event registration or purchase.\n      </p>\n    {/if}\n\n    {if $is_pay_later}\n      <p>{$pay_later_receipt}</p>\n    {/if}\n\n    <p>Your order number is #{$transaction_id}. Please print this confirmation for your records.{if $line_items && !$is_refund} Information about the workshops will be sent separately to each participant.{/if}\n  Here\'s a summary of your transaction placed on {$transaction_date|date_format:\"%D %I:%M %p %Z\"}:</p>\n\n    \n{if $billing_name}\n	<table class=\"billing-info\">\n      <tr>\n		<th style=\"text-align: left;\">\n		  {ts}Billing Name and Address{/ts}\n		</th>\n      </tr>\n      <tr>\n		<td>\n		  {$billing_name}<br />\n		  {$billing_street_address}<br />\n		  {$billing_city}, {$billing_state} {$billing_postal_code}<br/>\n		  <br/>\n		  {$email}\n		</td>\n	  </tr>\n    </table>\n{/if}\n{if $credit_card_type}\n	<p>&nbsp;</p>\n	<table class=\"billing-info\">\n      <tr>\n		<th style=\"text-align: left;\">\n		  {ts}Credit Card Information{/ts}\n		</th>\n      </tr>\n      <tr>\n		<td>\n		  {$credit_card_type}<br />\n		  {$credit_card_number}<br />\n		  {ts}Expires{/ts}: {$credit_card_exp_date.M}/{$credit_card_exp_date.Y}\n		</td>\n	  </tr>\n    </table>\n{/if}\n{if $source}\n    <p>&nbsp;</p>\n    {$source}\n{/if}\n    <p>&nbsp;</p>\n    <table width=\"600\">\n      <thead>\n		<tr>\n{if $line_items}\n		  <th style=\"text-align: left;\">\n			Event\n		  </th>\n		  <th style=\"text-align: left;\">\n			Participants\n		  </th>\n{/if}\n		  <th style=\"text-align: left;\">\n			Price\n		  </th>\n		  <th style=\"text-align: left;\">\n			Total\n		  </th>\n		</tr>\n	  </thead>\n      <tbody>\n	{foreach from=$line_items item=line_item}\n	<tr>\n	  <td style=\"width: 220px\">\n	    {$line_item.event->title} ({$line_item.event->start_date|date_format:\"%D\"})<br />\n	    {if $line_item.event->is_show_location}\n	      {if $line_item.location.address.1.name}\n		{$line_item.location.address.1.name}<br />\n	      {/if}\n	      {if $line_item.location.address.1.street_address}\n		{$line_item.location.address.1.street_address}<br />\n	      {/if}\n	      {if $line_item.location.address.1.supplemental_address_1}\n		{$line_item.location.address.1.supplemental_address_1}<br />\n	      {/if}\n	      {if $line_item.location.address.1.supplemental_address_2}\n		{$line_item.location.address.1.supplemental_address_2}<br />\n	      {/if}\n	      {if $line_item.location.address.1.city}\n		{$line_item.location.address.1.city}, {$line_item.location.address.1.state_province} {$location.address.1.postal_code}\n	      {/if}\n	    {/if}{*End of isShowLocation condition*}<br /><br />\n	    {$line_item.event->start_date|date_format:\"%D %I:%M %p\"} - {$line_item.event->end_date|date_format:\"%I:%M %p\"}\n	  </td>\n	  <td style=\"width: 180px\">\n		{$line_item.num_participants}\n	    {if $line_item.num_participants > 0}\n	    <div class=\"participants\" style=\"padding-left: 10px;\">\n	      {foreach from=$line_item.participants item=participant}\n	      {$participant.display_name}<br />\n	      {/foreach}\n	    </div>\n	    {/if}\n	    {if $line_item.num_waiting_participants > 0}\n	    Waitlisted:<br/>\n	    <div class=\"participants\" style=\"padding-left: 10px;\">\n	      {foreach from=$line_item.waiting_participants item=participant}\n	      {$participant.display_name}<br />\n	      {/foreach}\n	    </div>\n	    {/if}\n	  </td>\n	  <td style=\"width: 100px\">\n	    {$line_item.cost|crmMoney:$currency|string_format:\"%10s\"}\n	  </td>\n	  <td style=\"width: 100px\">\n	    &nbsp;{$line_item.amount|crmMoney:$currency|string_format:\"%10s\"}\n	  </td>\n	</tr>\n	{/foreach}\n      </tbody>\n      <tfoot>\n	{if $discounts}\n	<tr>\n	  <td>\n	  </td>\n	  <td>\n	  </td>\n	  <td>\n	    Subtotal:\n	  </td>\n	  <td>\n	    &nbsp;{$sub_total|crmMoney:$currency|string_format:\"%10s\"}\n	  </td>\n	</tr>\n	{foreach from=$discounts key=myId item=i}\n	<tr>\n	  <td>\n	    {$i.title}\n	  </td>\n	  <td>\n	  </td>\n	  <td>\n	  </td>\n	  <td>\n	    -{$i.amount}\n	  </td>\n	</tr>\n	{/foreach}\n	{/if}\n	<tr>\n{if $line_items}\n	  <td>\n	  </td>\n	  <td>\n	  </td>\n{/if}\n	  <td>\n	    <strong>Total:</strong>\n	  </td>\n	  <td>\n	    <strong>&nbsp;{$total|crmMoney:$currency|string_format:\"%10s\"}</strong>\n	  </td>\n	</tr>\n      </tfoot>\n    </table>\n\n    If you have questions about the status of your registration or purchase please feel free to contact us.\n  </body>\n</html>\n',1,699,1,0,NULL),(28,'Events - Receipt only','Receipt for {if $events_in_cart} Event Registration{/if}\n','Dear {contact.display_name},\n{if $is_pay_later}\n  This is being sent to you as an acknowledgement that you have registered one or more members for the following workshop, event or purchase. Please note, however, that the status of your payment is pending, and the registration for this event will not be completed until your payment is received.\n{else}\n  This is being sent to you as a {if $is_refund}confirmation of refund{else}receipt of payment made{/if} for the following workshop, event registration or purchase.\n{/if}\n\n{if $is_pay_later}\n  {$pay_later_receipt}\n{/if}\n\n	Your order number is #{$transaction_id}. Please print this confirmation for your records.{if $line_items && !$is_refund} Information about the workshops will be sent separately to each participant.{/if}\n Here\'s a summary of your transaction placed on {$transaction_date|date_format:\"%D %I:%M %p %Z\"}:\n\n{if $billing_name}\n===========================================================\n{ts}Billing Name and Address{/ts}\n\n===========================================================\n{$billing_name}\n\n{$billing_street_address}\n\n{$billing_city}, {$billing_state} {$billing_postal_code}\n\n{$email}\n{/if}\n\n{if $source}\n{$source}\n{/if}\n\n\n{foreach from=$line_items item=line_item}\n{$line_item.event->title} ({$line_item.event->start_date|date_format:\"%D\"})\n{if $line_item.event->is_show_location}\n  {if $line_item.location.address.1.name}\n    {$line_item.location.address.1.name}\n  {/if}\n  {if $line_item.location.address.1.street_address}\n    {$line_item.location.address.1.street_address}\n  {/if}\n  {if $line_item.location.address.1.supplemental_address_1}\n    {$line_item.location.address.1.supplemental_address_1}\n  {/if}\n  {if $line_item.location.address.1.supplemental_address_2}\n    {$line_item.location.address.1.supplemental_address_2}\n  {/if}\n  {if $line_item.location.address.1.city}\n    {$line_item.location.address.1.city}, {$line_item.location.address.1.state_province} {$line_item.location.address.1.postal_code}\n  {/if}\n{/if}{*End of isShowLocation condition*}\n{$line_item.event->start_date|date_format:\"%D %I:%M %p\"} - {$line_item.event->end_date|date_format:\"%I:%M %p\"}\n\n  Quantity: {$line_item.num_participants}\n\n{if $line_item.num_participants > 0}\n  {foreach from=$line_item.participants item=participant}\n    {$participant.display_name}\n  {/foreach}\n{/if}\n{if $line_item.num_waiting_participants > 0}\n  Waitlisted:\n    {foreach from=$line_item.waiting_participants item=participant}\n      {$participant.display_name}\n    {/foreach}\n{/if}\nCost: {$line_item.cost|crmMoney:$currency|string_format:\"%10s\"}\nTotal For This Event: {$line_item.amount|crmMoney:$currency|string_format:\"%10s\"}\n\n{/foreach}\n\n{if $discounts}\nSubtotal: {$sub_total|crmMoney:$currency|string_format:\"%10s\"}\n--------------------------------------\nDiscounts\n{foreach from=$discounts key=myId item=i}\n  {$i.title}: -{$i.amount|crmMoney:$currency|string_format:\"%10s\"}\n{/foreach}\n{/if}\n======================================\nTotal: {$total|crmMoney:$currency|string_format:\"%10s\"}\n\n{if $credit_card_type}\n===========================================================\n{ts}Payment Information{/ts}\n\n===========================================================\n{$credit_card_type}\n{$credit_card_number}\n{ts}Expires{/ts}: {$credit_card_exp_date.M}/{$credit_card_exp_date.Y}\n{/if}\n\n  If you have questions about the status of your registration or purchase please feel free to contact us.\n','<!DOCTYPE html PUBLIC \"-//W3C//DTD XHTML 1.0 Transitional//EN\" \"http://www.w3.org/TR/xhtml1/DTD/xhtml1-transitional.dtd\">\n<html xmlns=\"http://www.w3.org/1999/xhtml\">\n  <head>\n    <meta http-equiv=\"Content-Type\" content=\"text/html; charset=UTF-8\" />\n    <title></title>\n  </head>\n  <body>\n    {capture assign=headerStyle}colspan=\"2\" style=\"text-align: left; padding: 4px; border-bottom: 1px solid #999; background-color: #eee;\"{/capture}\n    {capture assign=labelStyle }style=\"padding: 4px; border-bottom: 1px solid #999; background-color: #f7f7f7;\"{/capture}\n    {capture assign=valueStyle }style=\"padding: 4px; border-bottom: 1px solid #999;\"{/capture}\n\n    <p>Dear {contact.display_name},</p>\n    {if $is_pay_later}\n      <p>\n        This is being sent to you as an acknowledgement that you have registered one or more members for the following workshop, event or purchase. Please note, however, that the status of your payment is pending, and the registration for this event will not be completed until your payment is received.\n      </p>\n    {else}\n      <p>\n        This is being sent to you as a {if $is_refund}confirmation of refund{else}receipt of payment made{/if} for the following workshop, event registration or purchase.\n      </p>\n    {/if}\n\n    {if $is_pay_later}\n      <p>{$pay_later_receipt}</p>\n    {/if}\n\n    <p>Your order number is #{$transaction_id}. Please print this confirmation for your records.{if $line_items && !$is_refund} Information about the workshops will be sent separately to each participant.{/if}\n  Here\'s a summary of your transaction placed on {$transaction_date|date_format:\"%D %I:%M %p %Z\"}:</p>\n\n    \n{if $billing_name}\n	<table class=\"billing-info\">\n      <tr>\n		<th style=\"text-align: left;\">\n		  {ts}Billing Name and Address{/ts}\n		</th>\n      </tr>\n      <tr>\n		<td>\n		  {$billing_name}<br />\n		  {$billing_street_address}<br />\n		  {$billing_city}, {$billing_state} {$billing_postal_code}<br/>\n		  <br/>\n		  {$email}\n		</td>\n	  </tr>\n    </table>\n{/if}\n{if $credit_card_type}\n	<p>&nbsp;</p>\n	<table class=\"billing-info\">\n      <tr>\n		<th style=\"text-align: left;\">\n		  {ts}Credit Card Information{/ts}\n		</th>\n      </tr>\n      <tr>\n		<td>\n		  {$credit_card_type}<br />\n		  {$credit_card_number}<br />\n		  {ts}Expires{/ts}: {$credit_card_exp_date.M}/{$credit_card_exp_date.Y}\n		</td>\n	  </tr>\n    </table>\n{/if}\n{if $source}\n    <p>&nbsp;</p>\n    {$source}\n{/if}\n    <p>&nbsp;</p>\n    <table width=\"600\">\n      <thead>\n		<tr>\n{if $line_items}\n		  <th style=\"text-align: left;\">\n			Event\n		  </th>\n		  <th style=\"text-align: left;\">\n			Participants\n		  </th>\n{/if}\n		  <th style=\"text-align: left;\">\n			Price\n		  </th>\n		  <th style=\"text-align: left;\">\n			Total\n		  </th>\n		</tr>\n	  </thead>\n      <tbody>\n	{foreach from=$line_items item=line_item}\n	<tr>\n	  <td style=\"width: 220px\">\n	    {$line_item.event->title} ({$line_item.event->start_date|date_format:\"%D\"})<br />\n	    {if $line_item.event->is_show_location}\n	      {if $line_item.location.address.1.name}\n		{$line_item.location.address.1.name}<br />\n	      {/if}\n	      {if $line_item.location.address.1.street_address}\n		{$line_item.location.address.1.street_address}<br />\n	      {/if}\n	      {if $line_item.location.address.1.supplemental_address_1}\n		{$line_item.location.address.1.supplemental_address_1}<br />\n	      {/if}\n	      {if $line_item.location.address.1.supplemental_address_2}\n		{$line_item.location.address.1.supplemental_address_2}<br />\n	      {/if}\n	      {if $line_item.location.address.1.city}\n		{$line_item.location.address.1.city}, {$line_item.location.address.1.state_province} {$location.address.1.postal_code}\n	      {/if}\n	    {/if}{*End of isShowLocation condition*}<br /><br />\n	    {$line_item.event->start_date|date_format:\"%D %I:%M %p\"} - {$line_item.event->end_date|date_format:\"%I:%M %p\"}\n	  </td>\n	  <td style=\"width: 180px\">\n		{$line_item.num_participants}\n	    {if $line_item.num_participants > 0}\n	    <div class=\"participants\" style=\"padding-left: 10px;\">\n	      {foreach from=$line_item.participants item=participant}\n	      {$participant.display_name}<br />\n	      {/foreach}\n	    </div>\n	    {/if}\n	    {if $line_item.num_waiting_participants > 0}\n	    Waitlisted:<br/>\n	    <div class=\"participants\" style=\"padding-left: 10px;\">\n	      {foreach from=$line_item.waiting_participants item=participant}\n	      {$participant.display_name}<br />\n	      {/foreach}\n	    </div>\n	    {/if}\n	  </td>\n	  <td style=\"width: 100px\">\n	    {$line_item.cost|crmMoney:$currency|string_format:\"%10s\"}\n	  </td>\n	  <td style=\"width: 100px\">\n	    &nbsp;{$line_item.amount|crmMoney:$currency|string_format:\"%10s\"}\n	  </td>\n	</tr>\n	{/foreach}\n      </tbody>\n      <tfoot>\n	{if $discounts}\n	<tr>\n	  <td>\n	  </td>\n	  <td>\n	  </td>\n	  <td>\n	    Subtotal:\n	  </td>\n	  <td>\n	    &nbsp;{$sub_total|crmMoney:$currency|string_format:\"%10s\"}\n	  </td>\n	</tr>\n	{foreach from=$discounts key=myId item=i}\n	<tr>\n	  <td>\n	    {$i.title}\n	  </td>\n	  <td>\n	  </td>\n	  <td>\n	  </td>\n	  <td>\n	    -{$i.amount}\n	  </td>\n	</tr>\n	{/foreach}\n	{/if}\n	<tr>\n{if $line_items}\n	  <td>\n	  </td>\n	  <td>\n	  </td>\n{/if}\n	  <td>\n	    <strong>Total:</strong>\n	  </td>\n	  <td>\n	    <strong>&nbsp;{$total|crmMoney:$currency|string_format:\"%10s\"}</strong>\n	  </td>\n	</tr>\n      </tfoot>\n    </table>\n\n    If you have questions about the status of your registration or purchase please feel free to contact us.\n  </body>\n</html>\n',1,699,0,1,NULL),(29,'Events - Registration Cancellation Notice','{ts 1=$event.event_title}Event Registration Cancelled for %1{/ts}\n','{ts 1=$contact.display_name}Dear %1{/ts},\n\n{ts}Your Event Registration has been cancelled.{/ts}\n\n\n===========================================================\n{ts}Event Information and Location{/ts}\n\n===========================================================\n{$event.event_title}\n{$event.event_start_date|crmDate}{if $event.event_end_date}-{if $event.event_end_date|date_format:\"%Y%m%d\" == $event.event_start_date|date_format:\"%Y%m%d\"}{$event.event_end_date|crmDate:0:1}{else}{$event.event_end_date|crmDate}{/if}{/if}\n\n{ts}Participant Role{/ts}: {$participant.role}\n\n{if $isShowLocation}\n{if $event.location.address.1.name}\n\n{$event.location.address.1.name}\n{/if}\n{if $event.location.address.1.street_address}{$event.location.address.1.street_address}\n{/if}\n{if $event.location.address.1.supplemental_address_1}{$event.location.address.1.supplemental_address_1}\n{/if}\n{if $event.location.address.1.supplemental_address_2}{$event.location.address.1.supplemental_address_2}\n{/if}\n{if $event.location.address.1.city}{$event.location.address.1.city} {$event.location.address.1.postal_code}{if $event.location.address.1.postal_code_suffix} - {$event.location.address.1.postal_code_suffix}{/if}\n{/if}\n\n{/if}{*End of isShowLocation condition*}\n\n{if $event.location.phone.1.phone || $event.location.email.1.email}\n\n{ts}Event Contacts:{/ts}\n{foreach from=$event.location.phone item=phone}\n{if $phone.phone}\n\n{if $phone.phone_type}{$phone.phone_type_display}{else}{ts}Phone{/ts}{/if}: {$phone.phone}{/if}\n{/foreach}\n{foreach from=$event.location.email item=eventEmail}\n{if $eventEmail.email}\n\n{ts}Email{/ts}: {$eventEmail.email}{/if}{/foreach}\n{/if}\n\n{capture assign=icalFeed}{crmURL p=\'civicrm/event/ical\' q=\"reset=1&id=`$event.id`\" h=0 a=1 fe=1}{/capture}\n{ts}Download iCalendar File{/ts}: {$icalFeed}\n{if $contact.email}\n\n===========================================================\n{ts}Registered Email{/ts}\n\n===========================================================\n{$contact.email}\n{/if}\n\n{if $register_date}\n{ts}Registration Date{/ts}: {$participant.register_date|crmDate}\n{/if}\n\n{ts 1=$domain.phone 2=$domain.email}Please contact us at %1 or send email to %2 if you have questions.{/ts}\n\n','<!DOCTYPE html PUBLIC \"-//W3C//DTD XHTML 1.0 Transitional//EN\" \"http://www.w3.org/TR/xhtml1/DTD/xhtml1-transitional.dtd\">\n<html xmlns=\"http://www.w3.org/1999/xhtml\">\n<head>\n <meta http-equiv=\"Content-Type\" content=\"text/html; charset=UTF-8\" />\n <title></title>\n</head>\n<body>\n\n{capture assign=headerStyle}colspan=\"2\" style=\"text-align: left; padding: 4px; border-bottom: 1px solid #999; background-color: #eee;\"{/capture}\n{capture assign=labelStyle }style=\"padding: 4px; border-bottom: 1px solid #999; background-color: #f7f7f7;\"{/capture}\n{capture assign=valueStyle }style=\"padding: 4px; border-bottom: 1px solid #999;\"{/capture}\n\n<center>\n <table width=\"620\" border=\"0\" cellpadding=\"0\" cellspacing=\"0\" id=\"crm-event_receipt\" style=\"font-family: Arial, Verdana, sans-serif; text-align: left;\">\n\n  <!-- BEGIN HEADER -->\n  <!-- You can add table row(s) here with logo or other header elements -->\n  <!-- END HEADER -->\n\n  <!-- BEGIN CONTENT -->\n\n  <tr>\n   <td>\n    <p>{ts 1=$contact.display_name}Dear %1{/ts},</p>\n    <p>{ts}Your Event Registration has been cancelled.{/ts}</p>\n   </td>\n  </tr>\n  <tr>\n   <td>\n    <table style=\"border: 1px solid #999; margin: 1em 0em 1em; border-collapse: collapse; width:100%;\">\n     <tr>\n      <th {$headerStyle}>\n       {ts}Event Information and Location{/ts}\n      </th>\n     </tr>\n     <tr>\n      <td colspan=\"2\" {$valueStyle}>\n       {$event.event_title}<br />\n       {$event.event_start_date|crmDate}{if $event.event_end_date}-{if $event.event_end_date|date_format:\"%Y%m%d\" == $event.event_start_date|date_format:\"%Y%m%d\"}{$event.event_end_date|crmDate:0:1}{else}{$event.event_end_date|crmDate}{/if}{/if}\n      </td>\n     </tr>\n     <tr>\n      <td {$labelStyle}>\n       {ts}Participant Role{/ts}:\n      </td>\n      <td {$valueStyle}>\n       {$participant.role}\n      </td>\n     </tr>\n\n     {if $isShowLocation}\n      <tr>\n       <td colspan=\"2\" {$valueStyle}>\n        {if $event.location.address.1.name}\n         {$event.location.address.1.name}<br />\n        {/if}\n        {if $event.location.address.1.street_address}\n         {$event.location.address.1.street_address}<br />\n        {/if}\n        {if $event.location.address.1.supplemental_address_1}\n         {$event.location.address.1.supplemental_address_1}<br />\n        {/if}\n        {if $event.location.address.1.supplemental_address_2}\n         {$event.location.address.1.supplemental_address_2}<br />\n        {/if}\n        {if $event.location.address.1.city}\n         {$event.location.address.1.city} {$event.location.address.1.postal_code}\n         {if $event.location.address.1.postal_code_suffix}\n          - {$event.location.address.1.postal_code_suffix}\n         {/if}\n        {/if}\n       </td>\n      </tr>\n     {/if}\n\n     {if $event.location.phone.1.phone || $event.location.email.1.email}\n      <tr>\n       <td colspan=\"2\" {$labelStyle}>\n        {ts}Event Contacts:{/ts}\n       </td>\n      </tr>\n      {foreach from=$event.location.phone item=phone}\n       {if $phone.phone}\n        <tr>\n         <td {$labelStyle}>\n          {if $phone.phone_type}{$phone.phone_type_display}{else}{ts}Phone{/ts}{/if}\n         </td>\n         <td {$valueStyle}>\n          {$phone.phone}\n         </td>\n        </tr>\n       {/if}\n      {/foreach}\n      {foreach from=$event.location.email item=eventEmail}\n       {if $eventEmail.email}\n        <tr>\n         <td {$labelStyle}>\n          {ts}Email{/ts}\n         </td>\n         <td {$valueStyle}>\n          {$eventEmail.email}\n         </td>\n        </tr>\n       {/if}\n      {/foreach}\n     {/if}\n\n     {capture assign=icalFeed}{crmURL p=\'civicrm/event/ical\' q=\"reset=1&id=`$event.id`\" h=0 a=1 fe=1}{/capture}\n     <tr>\n      <td colspan=\"2\" {$valueStyle}>\n       <a href=\"{$icalFeed}\">{ts}Download iCalendar File{/ts}</a>\n      </td>\n     </tr>\n\n     {if $contact.email}\n      <tr>\n       <th {$headerStyle}>\n        {ts}Registered Email{/ts}\n       </th>\n      </tr>\n      <tr>\n       <td colspan=\"2\" {$valueStyle}>\n        {$contact.email}\n       </td>\n      </tr>\n     {/if}\n\n     {if $register_date}\n      <tr>\n       <td {$labelStyle}>\n        {ts}Registration Date{/ts}\n       </td>\n       <td {$valueStyle}>\n        {$participant.register_date|crmDate}\n       </td>\n      </tr>\n     {/if}\n\n    </table>\n   </td>\n  </tr>\n\n  <tr>\n   <td>\n    <p>{ts 1=$domain.phone 2=$domain.email}Please contact us at %1 or send email to %2 if you have questions.{/ts}</p>\n   </td>\n  </tr>\n\n </table>\n</center>\n\n</body>\n</html>\n',1,700,1,0,NULL),(30,'Events - Registration Cancellation Notice','{ts 1=$event.event_title}Event Registration Cancelled for %1{/ts}\n','{ts 1=$contact.display_name}Dear %1{/ts},\n\n{ts}Your Event Registration has been cancelled.{/ts}\n\n\n===========================================================\n{ts}Event Information and Location{/ts}\n\n===========================================================\n{$event.event_title}\n{$event.event_start_date|crmDate}{if $event.event_end_date}-{if $event.event_end_date|date_format:\"%Y%m%d\" == $event.event_start_date|date_format:\"%Y%m%d\"}{$event.event_end_date|crmDate:0:1}{else}{$event.event_end_date|crmDate}{/if}{/if}\n\n{ts}Participant Role{/ts}: {$participant.role}\n\n{if $isShowLocation}\n{if $event.location.address.1.name}\n\n{$event.location.address.1.name}\n{/if}\n{if $event.location.address.1.street_address}{$event.location.address.1.street_address}\n{/if}\n{if $event.location.address.1.supplemental_address_1}{$event.location.address.1.supplemental_address_1}\n{/if}\n{if $event.location.address.1.supplemental_address_2}{$event.location.address.1.supplemental_address_2}\n{/if}\n{if $event.location.address.1.city}{$event.location.address.1.city} {$event.location.address.1.postal_code}{if $event.location.address.1.postal_code_suffix} - {$event.location.address.1.postal_code_suffix}{/if}\n{/if}\n\n{/if}{*End of isShowLocation condition*}\n\n{if $event.location.phone.1.phone || $event.location.email.1.email}\n\n{ts}Event Contacts:{/ts}\n{foreach from=$event.location.phone item=phone}\n{if $phone.phone}\n\n{if $phone.phone_type}{$phone.phone_type_display}{else}{ts}Phone{/ts}{/if}: {$phone.phone}{/if}\n{/foreach}\n{foreach from=$event.location.email item=eventEmail}\n{if $eventEmail.email}\n\n{ts}Email{/ts}: {$eventEmail.email}{/if}{/foreach}\n{/if}\n\n{capture assign=icalFeed}{crmURL p=\'civicrm/event/ical\' q=\"reset=1&id=`$event.id`\" h=0 a=1 fe=1}{/capture}\n{ts}Download iCalendar File{/ts}: {$icalFeed}\n{if $contact.email}\n\n===========================================================\n{ts}Registered Email{/ts}\n\n===========================================================\n{$contact.email}\n{/if}\n\n{if $register_date}\n{ts}Registration Date{/ts}: {$participant.register_date|crmDate}\n{/if}\n\n{ts 1=$domain.phone 2=$domain.email}Please contact us at %1 or send email to %2 if you have questions.{/ts}\n\n','<!DOCTYPE html PUBLIC \"-//W3C//DTD XHTML 1.0 Transitional//EN\" \"http://www.w3.org/TR/xhtml1/DTD/xhtml1-transitional.dtd\">\n<html xmlns=\"http://www.w3.org/1999/xhtml\">\n<head>\n <meta http-equiv=\"Content-Type\" content=\"text/html; charset=UTF-8\" />\n <title></title>\n</head>\n<body>\n\n{capture assign=headerStyle}colspan=\"2\" style=\"text-align: left; padding: 4px; border-bottom: 1px solid #999; background-color: #eee;\"{/capture}\n{capture assign=labelStyle }style=\"padding: 4px; border-bottom: 1px solid #999; background-color: #f7f7f7;\"{/capture}\n{capture assign=valueStyle }style=\"padding: 4px; border-bottom: 1px solid #999;\"{/capture}\n\n<center>\n <table width=\"620\" border=\"0\" cellpadding=\"0\" cellspacing=\"0\" id=\"crm-event_receipt\" style=\"font-family: Arial, Verdana, sans-serif; text-align: left;\">\n\n  <!-- BEGIN HEADER -->\n  <!-- You can add table row(s) here with logo or other header elements -->\n  <!-- END HEADER -->\n\n  <!-- BEGIN CONTENT -->\n\n  <tr>\n   <td>\n    <p>{ts 1=$contact.display_name}Dear %1{/ts},</p>\n    <p>{ts}Your Event Registration has been cancelled.{/ts}</p>\n   </td>\n  </tr>\n  <tr>\n   <td>\n    <table style=\"border: 1px solid #999; margin: 1em 0em 1em; border-collapse: collapse; width:100%;\">\n     <tr>\n      <th {$headerStyle}>\n       {ts}Event Information and Location{/ts}\n      </th>\n     </tr>\n     <tr>\n      <td colspan=\"2\" {$valueStyle}>\n       {$event.event_title}<br />\n       {$event.event_start_date|crmDate}{if $event.event_end_date}-{if $event.event_end_date|date_format:\"%Y%m%d\" == $event.event_start_date|date_format:\"%Y%m%d\"}{$event.event_end_date|crmDate:0:1}{else}{$event.event_end_date|crmDate}{/if}{/if}\n      </td>\n     </tr>\n     <tr>\n      <td {$labelStyle}>\n       {ts}Participant Role{/ts}:\n      </td>\n      <td {$valueStyle}>\n       {$participant.role}\n      </td>\n     </tr>\n\n     {if $isShowLocation}\n      <tr>\n       <td colspan=\"2\" {$valueStyle}>\n        {if $event.location.address.1.name}\n         {$event.location.address.1.name}<br />\n        {/if}\n        {if $event.location.address.1.street_address}\n         {$event.location.address.1.street_address}<br />\n        {/if}\n        {if $event.location.address.1.supplemental_address_1}\n         {$event.location.address.1.supplemental_address_1}<br />\n        {/if}\n        {if $event.location.address.1.supplemental_address_2}\n         {$event.location.address.1.supplemental_address_2}<br />\n        {/if}\n        {if $event.location.address.1.city}\n         {$event.location.address.1.city} {$event.location.address.1.postal_code}\n         {if $event.location.address.1.postal_code_suffix}\n          - {$event.location.address.1.postal_code_suffix}\n         {/if}\n        {/if}\n       </td>\n      </tr>\n     {/if}\n\n     {if $event.location.phone.1.phone || $event.location.email.1.email}\n      <tr>\n       <td colspan=\"2\" {$labelStyle}>\n        {ts}Event Contacts:{/ts}\n       </td>\n      </tr>\n      {foreach from=$event.location.phone item=phone}\n       {if $phone.phone}\n        <tr>\n         <td {$labelStyle}>\n          {if $phone.phone_type}{$phone.phone_type_display}{else}{ts}Phone{/ts}{/if}\n         </td>\n         <td {$valueStyle}>\n          {$phone.phone}\n         </td>\n        </tr>\n       {/if}\n      {/foreach}\n      {foreach from=$event.location.email item=eventEmail}\n       {if $eventEmail.email}\n        <tr>\n         <td {$labelStyle}>\n          {ts}Email{/ts}\n         </td>\n         <td {$valueStyle}>\n          {$eventEmail.email}\n         </td>\n        </tr>\n       {/if}\n      {/foreach}\n     {/if}\n\n     {capture assign=icalFeed}{crmURL p=\'civicrm/event/ical\' q=\"reset=1&id=`$event.id`\" h=0 a=1 fe=1}{/capture}\n     <tr>\n      <td colspan=\"2\" {$valueStyle}>\n       <a href=\"{$icalFeed}\">{ts}Download iCalendar File{/ts}</a>\n      </td>\n     </tr>\n\n     {if $contact.email}\n      <tr>\n       <th {$headerStyle}>\n        {ts}Registered Email{/ts}\n       </th>\n      </tr>\n      <tr>\n       <td colspan=\"2\" {$valueStyle}>\n        {$contact.email}\n       </td>\n      </tr>\n     {/if}\n\n     {if $register_date}\n      <tr>\n       <td {$labelStyle}>\n        {ts}Registration Date{/ts}\n       </td>\n       <td {$valueStyle}>\n        {$participant.register_date|crmDate}\n       </td>\n      </tr>\n     {/if}\n\n    </table>\n   </td>\n  </tr>\n\n  <tr>\n   <td>\n    <p>{ts 1=$domain.phone 2=$domain.email}Please contact us at %1 or send email to %2 if you have questions.{/ts}</p>\n   </td>\n  </tr>\n\n </table>\n</center>\n\n</body>\n</html>\n',1,700,0,1,NULL),(31,'Events - Registration Confirmation Invite','{ts 1=$event.event_title}Confirm your registration for %1{/ts}\n','{ts 1=$contact.display_name}Dear %1{/ts},\n{if !$isAdditional and $participant.id}\n\n===========================================================\n{ts}Confirm Your Registration{/ts}\n\n===========================================================\n{capture assign=confirmUrl}{crmURL p=\'civicrm/event/confirm\' q=\"reset=1&participantId=`$participant.id`&cs=`$checksumValue`\" a=true h=0 fe=1}{/capture}\nClick this link to go to a web page where you can confirm your registration online:\n{$confirmUrl}\n{/if}\n\n===========================================================\n{ts}Event Information and Location{/ts}\n\n===========================================================\n{$event.event_title}\n{$event.event_start_date|crmDate}{if $event.event_end_date}-{if $event.event_end_date|date_format:\"%Y%m%d\" == $event.event_start_date|date_format:\"%Y%m%d\"}{$event.event_end_date|crmDate:0:1}{else}{$event.event_end_date|crmDate}{/if}{/if}\n{if $conference_sessions}\n\n\n{ts}Your schedule:{/ts}\n{assign var=\'group_by_day\' value=\'NA\'}\n{foreach from=$conference_sessions item=session}\n{if $session.start_date|date_format:\"%Y/%m/%d\" != $group_by_day|date_format:\"%Y/%m/%d\"}\n{assign var=\'group_by_day\' value=$session.start_date}\n\n{$group_by_day|date_format:\"%m/%d/%Y\"}\n\n\n{/if}\n{$session.start_date|crmDate:0:1}{if $session.end_date}-{$session.end_date|crmDate:0:1}{/if} {$session.title}\n{if $session.location}    {$session.location}{/if}\n{/foreach}\n{/if}\n\n\n{ts}Participant Role{/ts}: {$participant.role}\n\n{if $isShowLocation}\n{if $event.location.address.1.name}\n\n{$event.location.address.1.name}\n{/if}\n{if $event.location.address.1.street_address}{$event.location.address.1.street_address}\n{/if}\n{if $event.location.address.1.supplemental_address_1}{$event.location.address.1.supplemental_address_1}\n{/if}\n{if $event.location.address.1.supplemental_address_2}{$event.location.address.1.supplemental_address_2}\n{/if}\n{if $event.location.address.1.city}{$event.location.address.1.city} {$event.location.address.1.postal_code}{if $event.location.address.1.postal_code_suffix} - {$event.location.address.1.postal_code_suffix}{/if}\n{/if}\n\n{/if}{*End of isShowLocation condition*}\n\n{if $event.location.phone.1.phone || $event.location.email.1.email}\n\n{ts}Event Contacts:{/ts}\n{foreach from=$event.location.phone item=phone}\n{if $phone.phone}\n\n{if $phone.phone_type}{$phone.phone_type_display}{else}{ts}Phone{/ts}{/if}: {$phone.phone}{/if}\n{/foreach}\n{foreach from=$event.location.email item=eventEmail}\n{if $eventEmail.email}\n\n{ts}Email{/ts}: {$eventEmail.email}{/if}{/foreach}\n{/if}\n\n{capture assign=icalFeed}{crmURL p=\'civicrm/event/ical\' q=\"reset=1&id=`$event.id`\" h=0 a=1 fe=1}{/capture}\n{ts}Download iCalendar File{/ts}: {$icalFeed}\n{if $contact.email}\n\n===========================================================\n{ts}Registered Email{/ts}\n\n===========================================================\n{$contact.email}\n{/if}\n\n{if $register_date}\n{ts}Registration Date{/ts}: {$participant.register_date|crmDate}\n{/if}\n\n{ts 1=$domain.phone 2=$domain.email}Please contact us at %1 or send email to %2 if you have questions.{/ts}\n\n','<!DOCTYPE html PUBLIC \"-//W3C//DTD XHTML 1.0 Transitional//EN\" \"http://www.w3.org/TR/xhtml1/DTD/xhtml1-transitional.dtd\">\n<html xmlns=\"http://www.w3.org/1999/xhtml\">\n<head>\n <meta http-equiv=\"Content-Type\" content=\"text/html; charset=UTF-8\" />\n <title></title>\n</head>\n<body>\n\n{capture assign=headerStyle}colspan=\"2\" style=\"text-align: left; padding: 4px; border-bottom: 1px solid #999; background-color: #eee;\"{/capture}\n{capture assign=labelStyle }style=\"padding: 4px; border-bottom: 1px solid #999; background-color: #f7f7f7;\"{/capture}\n{capture assign=valueStyle }style=\"padding: 4px; border-bottom: 1px solid #999;\"{/capture}\n\n<center>\n <table width=\"620\" border=\"0\" cellpadding=\"0\" cellspacing=\"0\" id=\"crm-event_receipt\" style=\"font-family: Arial, Verdana, sans-serif; text-align: left;\">\n\n  <!-- BEGIN HEADER -->\n  <!-- You can add table row(s) here with logo or other header elements -->\n  <!-- END HEADER -->\n\n  <!-- BEGIN CONTENT -->\n\n  <tr>\n   <td>\n    <p>{ts 1=$contact.display_name}Dear %1{/ts},</p>\n   </td>\n  </tr>\n  {if !$isAdditional and $participant.id}\n   <tr>\n    <th {$headerStyle}>\n     {ts}Confirm Your Registration{/ts}\n    </th>\n   </tr>\n   <tr>\n    <td colspan=\"2\" {$valueStyle}>\n     {capture assign=confirmUrl}{crmURL p=\'civicrm/event/confirm\' q=\"reset=1&participantId=`$participant.id`&cs=`$checksumValue`\" a=true h=0 fe=1}{/capture}\n     <a href=\"{$confirmUrl}\">Go to a web page where you can confirm your registration online</a>\n    </td>\n   </tr>\n  {/if}\n  <tr>\n   <td>\n    <table style=\"border: 1px solid #999; margin: 1em 0em 1em; border-collapse: collapse; width:100%;\">\n     <tr>\n      <th {$headerStyle}>\n       {ts}Event Information and Location{/ts}\n      </th>\n     </tr>\n     <tr>\n      <td colspan=\"2\" {$valueStyle}>\n       {$event.event_title}<br />\n       {$event.event_start_date|crmDate}{if $event.event_end_date}-{if $event.event_end_date|date_format:\"%Y%m%d\" == $event.event_start_date|date_format:\"%Y%m%d\"}{$event.event_end_date|crmDate:0:1}{else}{$event.event_end_date|crmDate}{/if}{/if}\n      </td>\n     </tr>\n     {if $conference_sessions}\n      <tr>\n       <td colspan=\"2\" {$labelStyle}>\n	{ts}Your schedule:{/ts}\n       </td>\n      </tr>\n      <tr>\n       <td colspan=\"2\" {$valueStyle}>\n	{assign var=\'group_by_day\' value=\'NA\'}\n	{foreach from=$conference_sessions item=session}\n	 {if $session.start_date|date_format:\"%Y/%m/%d\" != $group_by_day|date_format:\"%Y/%m/%d\"}\n	  {assign var=\'group_by_day\' value=$session.start_date}\n          <em>{$group_by_day|date_format:\"%m/%d/%Y\"}</em><br />\n	 {/if}\n	 {$session.start_date|crmDate:0:1}{if $session.end_date}-{$session.end_date|crmDate:0:1}{/if} {$session.title}<br />\n	 {if $session.location}&nbsp;&nbsp;&nbsp;&nbsp;{$session.location}<br />{/if}\n	{/foreach}\n       </td>\n      </tr>\n     {/if}\n     <tr>\n      <td {$labelStyle}>\n       {ts}Participant Role{/ts}:\n      </td>\n      <td {$valueStyle}>\n       {$participant.role}\n      </td>\n     </tr>\n\n     {if $isShowLocation}\n      <tr>\n       <td colspan=\"2\" {$valueStyle}>\n        {if $event.location.address.1.name}\n         {$event.location.address.1.name}<br />\n        {/if}\n        {if $event.location.address.1.street_address}\n         {$event.location.address.1.street_address}<br />\n        {/if}\n        {if $event.location.address.1.supplemental_address_1}\n         {$event.location.address.1.supplemental_address_1}<br />\n        {/if}\n        {if $event.location.address.1.supplemental_address_2}\n         {$event.location.address.1.supplemental_address_2}<br />\n        {/if}\n        {if $event.location.address.1.city}\n         {$event.location.address.1.city} {$event.location.address.1.postal_code}\n         {if $event.location.address.1.postal_code_suffix}\n          - {$event.location.address.1.postal_code_suffix}\n         {/if}\n        {/if}\n       </td>\n      </tr>\n     {/if}\n\n     {if $event.location.phone.1.phone || $event.location.email.1.email}\n      <tr>\n       <td colspan=\"2\" {$labelStyle}>\n        {ts}Event Contacts:{/ts}\n       </td>\n      </tr>\n      {foreach from=$event.location.phone item=phone}\n       {if $phone.phone}\n        <tr>\n         <td {$labelStyle}>\n          {if $phone.phone_type}{$phone.phone_type_display}{else}{ts}Phone{/ts}{/if}\n         </td>\n         <td {$valueStyle}>\n          {$phone.phone}\n         </td>\n        </tr>\n       {/if}\n      {/foreach}\n      {foreach from=$event.location.email item=eventEmail}\n       {if $eventEmail.email}\n        <tr>\n         <td {$labelStyle}>\n          {ts}Email{/ts}\n         </td>\n         <td {$valueStyle}>\n          {$eventEmail.email}\n         </td>\n        </tr>\n       {/if}\n      {/foreach}\n     {/if}\n\n     {capture assign=icalFeed}{crmURL p=\'civicrm/event/ical\' q=\"reset=1&id=`$event.id`\" h=0 a=1 fe=1}{/capture}\n     <tr>\n      <td colspan=\"2\" {$valueStyle}>\n       <a href=\"{$icalFeed}\">{ts}Download iCalendar File{/ts}</a>\n      </td>\n     </tr>\n\n     {if $contact.email}\n      <tr>\n       <th {$headerStyle}>\n        {ts}Registered Email{/ts}\n       </th>\n      </tr>\n      <tr>\n       <td colspan=\"2\" {$valueStyle}>\n        {$contact.email}\n       </td>\n      </tr>\n     {/if}\n\n     {if $register_date}\n      <tr>\n       <td {$labelStyle}>\n        {ts}Registration Date{/ts}\n       </td>\n       <td {$valueStyle}>\n        {$participant.register_date|crmDate}\n       </td>\n      </tr>\n     {/if}\n\n    </table>\n   </td>\n  </tr>\n\n  <tr>\n   <td>\n    <p>{ts 1=$domain.phone 2=$domain.email}Please contact us at %1 or send email to %2 if you have questions.{/ts}</p>\n   </td>\n  </tr>\n\n </table>\n</center>\n\n</body>\n</html>\n',1,701,1,0,NULL),(32,'Events - Registration Confirmation Invite','{ts 1=$event.event_title}Confirm your registration for %1{/ts}\n','{ts 1=$contact.display_name}Dear %1{/ts},\n{if !$isAdditional and $participant.id}\n\n===========================================================\n{ts}Confirm Your Registration{/ts}\n\n===========================================================\n{capture assign=confirmUrl}{crmURL p=\'civicrm/event/confirm\' q=\"reset=1&participantId=`$participant.id`&cs=`$checksumValue`\" a=true h=0 fe=1}{/capture}\nClick this link to go to a web page where you can confirm your registration online:\n{$confirmUrl}\n{/if}\n\n===========================================================\n{ts}Event Information and Location{/ts}\n\n===========================================================\n{$event.event_title}\n{$event.event_start_date|crmDate}{if $event.event_end_date}-{if $event.event_end_date|date_format:\"%Y%m%d\" == $event.event_start_date|date_format:\"%Y%m%d\"}{$event.event_end_date|crmDate:0:1}{else}{$event.event_end_date|crmDate}{/if}{/if}\n{if $conference_sessions}\n\n\n{ts}Your schedule:{/ts}\n{assign var=\'group_by_day\' value=\'NA\'}\n{foreach from=$conference_sessions item=session}\n{if $session.start_date|date_format:\"%Y/%m/%d\" != $group_by_day|date_format:\"%Y/%m/%d\"}\n{assign var=\'group_by_day\' value=$session.start_date}\n\n{$group_by_day|date_format:\"%m/%d/%Y\"}\n\n\n{/if}\n{$session.start_date|crmDate:0:1}{if $session.end_date}-{$session.end_date|crmDate:0:1}{/if} {$session.title}\n{if $session.location}    {$session.location}{/if}\n{/foreach}\n{/if}\n\n\n{ts}Participant Role{/ts}: {$participant.role}\n\n{if $isShowLocation}\n{if $event.location.address.1.name}\n\n{$event.location.address.1.name}\n{/if}\n{if $event.location.address.1.street_address}{$event.location.address.1.street_address}\n{/if}\n{if $event.location.address.1.supplemental_address_1}{$event.location.address.1.supplemental_address_1}\n{/if}\n{if $event.location.address.1.supplemental_address_2}{$event.location.address.1.supplemental_address_2}\n{/if}\n{if $event.location.address.1.city}{$event.location.address.1.city} {$event.location.address.1.postal_code}{if $event.location.address.1.postal_code_suffix} - {$event.location.address.1.postal_code_suffix}{/if}\n{/if}\n\n{/if}{*End of isShowLocation condition*}\n\n{if $event.location.phone.1.phone || $event.location.email.1.email}\n\n{ts}Event Contacts:{/ts}\n{foreach from=$event.location.phone item=phone}\n{if $phone.phone}\n\n{if $phone.phone_type}{$phone.phone_type_display}{else}{ts}Phone{/ts}{/if}: {$phone.phone}{/if}\n{/foreach}\n{foreach from=$event.location.email item=eventEmail}\n{if $eventEmail.email}\n\n{ts}Email{/ts}: {$eventEmail.email}{/if}{/foreach}\n{/if}\n\n{capture assign=icalFeed}{crmURL p=\'civicrm/event/ical\' q=\"reset=1&id=`$event.id`\" h=0 a=1 fe=1}{/capture}\n{ts}Download iCalendar File{/ts}: {$icalFeed}\n{if $contact.email}\n\n===========================================================\n{ts}Registered Email{/ts}\n\n===========================================================\n{$contact.email}\n{/if}\n\n{if $register_date}\n{ts}Registration Date{/ts}: {$participant.register_date|crmDate}\n{/if}\n\n{ts 1=$domain.phone 2=$domain.email}Please contact us at %1 or send email to %2 if you have questions.{/ts}\n\n','<!DOCTYPE html PUBLIC \"-//W3C//DTD XHTML 1.0 Transitional//EN\" \"http://www.w3.org/TR/xhtml1/DTD/xhtml1-transitional.dtd\">\n<html xmlns=\"http://www.w3.org/1999/xhtml\">\n<head>\n <meta http-equiv=\"Content-Type\" content=\"text/html; charset=UTF-8\" />\n <title></title>\n</head>\n<body>\n\n{capture assign=headerStyle}colspan=\"2\" style=\"text-align: left; padding: 4px; border-bottom: 1px solid #999; background-color: #eee;\"{/capture}\n{capture assign=labelStyle }style=\"padding: 4px; border-bottom: 1px solid #999; background-color: #f7f7f7;\"{/capture}\n{capture assign=valueStyle }style=\"padding: 4px; border-bottom: 1px solid #999;\"{/capture}\n\n<center>\n <table width=\"620\" border=\"0\" cellpadding=\"0\" cellspacing=\"0\" id=\"crm-event_receipt\" style=\"font-family: Arial, Verdana, sans-serif; text-align: left;\">\n\n  <!-- BEGIN HEADER -->\n  <!-- You can add table row(s) here with logo or other header elements -->\n  <!-- END HEADER -->\n\n  <!-- BEGIN CONTENT -->\n\n  <tr>\n   <td>\n    <p>{ts 1=$contact.display_name}Dear %1{/ts},</p>\n   </td>\n  </tr>\n  {if !$isAdditional and $participant.id}\n   <tr>\n    <th {$headerStyle}>\n     {ts}Confirm Your Registration{/ts}\n    </th>\n   </tr>\n   <tr>\n    <td colspan=\"2\" {$valueStyle}>\n     {capture assign=confirmUrl}{crmURL p=\'civicrm/event/confirm\' q=\"reset=1&participantId=`$participant.id`&cs=`$checksumValue`\" a=true h=0 fe=1}{/capture}\n     <a href=\"{$confirmUrl}\">Go to a web page where you can confirm your registration online</a>\n    </td>\n   </tr>\n  {/if}\n  <tr>\n   <td>\n    <table style=\"border: 1px solid #999; margin: 1em 0em 1em; border-collapse: collapse; width:100%;\">\n     <tr>\n      <th {$headerStyle}>\n       {ts}Event Information and Location{/ts}\n      </th>\n     </tr>\n     <tr>\n      <td colspan=\"2\" {$valueStyle}>\n       {$event.event_title}<br />\n       {$event.event_start_date|crmDate}{if $event.event_end_date}-{if $event.event_end_date|date_format:\"%Y%m%d\" == $event.event_start_date|date_format:\"%Y%m%d\"}{$event.event_end_date|crmDate:0:1}{else}{$event.event_end_date|crmDate}{/if}{/if}\n      </td>\n     </tr>\n     {if $conference_sessions}\n      <tr>\n       <td colspan=\"2\" {$labelStyle}>\n	{ts}Your schedule:{/ts}\n       </td>\n      </tr>\n      <tr>\n       <td colspan=\"2\" {$valueStyle}>\n	{assign var=\'group_by_day\' value=\'NA\'}\n	{foreach from=$conference_sessions item=session}\n	 {if $session.start_date|date_format:\"%Y/%m/%d\" != $group_by_day|date_format:\"%Y/%m/%d\"}\n	  {assign var=\'group_by_day\' value=$session.start_date}\n          <em>{$group_by_day|date_format:\"%m/%d/%Y\"}</em><br />\n	 {/if}\n	 {$session.start_date|crmDate:0:1}{if $session.end_date}-{$session.end_date|crmDate:0:1}{/if} {$session.title}<br />\n	 {if $session.location}&nbsp;&nbsp;&nbsp;&nbsp;{$session.location}<br />{/if}\n	{/foreach}\n       </td>\n      </tr>\n     {/if}\n     <tr>\n      <td {$labelStyle}>\n       {ts}Participant Role{/ts}:\n      </td>\n      <td {$valueStyle}>\n       {$participant.role}\n      </td>\n     </tr>\n\n     {if $isShowLocation}\n      <tr>\n       <td colspan=\"2\" {$valueStyle}>\n        {if $event.location.address.1.name}\n         {$event.location.address.1.name}<br />\n        {/if}\n        {if $event.location.address.1.street_address}\n         {$event.location.address.1.street_address}<br />\n        {/if}\n        {if $event.location.address.1.supplemental_address_1}\n         {$event.location.address.1.supplemental_address_1}<br />\n        {/if}\n        {if $event.location.address.1.supplemental_address_2}\n         {$event.location.address.1.supplemental_address_2}<br />\n        {/if}\n        {if $event.location.address.1.city}\n         {$event.location.address.1.city} {$event.location.address.1.postal_code}\n         {if $event.location.address.1.postal_code_suffix}\n          - {$event.location.address.1.postal_code_suffix}\n         {/if}\n        {/if}\n       </td>\n      </tr>\n     {/if}\n\n     {if $event.location.phone.1.phone || $event.location.email.1.email}\n      <tr>\n       <td colspan=\"2\" {$labelStyle}>\n        {ts}Event Contacts:{/ts}\n       </td>\n      </tr>\n      {foreach from=$event.location.phone item=phone}\n       {if $phone.phone}\n        <tr>\n         <td {$labelStyle}>\n          {if $phone.phone_type}{$phone.phone_type_display}{else}{ts}Phone{/ts}{/if}\n         </td>\n         <td {$valueStyle}>\n          {$phone.phone}\n         </td>\n        </tr>\n       {/if}\n      {/foreach}\n      {foreach from=$event.location.email item=eventEmail}\n       {if $eventEmail.email}\n        <tr>\n         <td {$labelStyle}>\n          {ts}Email{/ts}\n         </td>\n         <td {$valueStyle}>\n          {$eventEmail.email}\n         </td>\n        </tr>\n       {/if}\n      {/foreach}\n     {/if}\n\n     {capture assign=icalFeed}{crmURL p=\'civicrm/event/ical\' q=\"reset=1&id=`$event.id`\" h=0 a=1 fe=1}{/capture}\n     <tr>\n      <td colspan=\"2\" {$valueStyle}>\n       <a href=\"{$icalFeed}\">{ts}Download iCalendar File{/ts}</a>\n      </td>\n     </tr>\n\n     {if $contact.email}\n      <tr>\n       <th {$headerStyle}>\n        {ts}Registered Email{/ts}\n       </th>\n      </tr>\n      <tr>\n       <td colspan=\"2\" {$valueStyle}>\n        {$contact.email}\n       </td>\n      </tr>\n     {/if}\n\n     {if $register_date}\n      <tr>\n       <td {$labelStyle}>\n        {ts}Registration Date{/ts}\n       </td>\n       <td {$valueStyle}>\n        {$participant.register_date|crmDate}\n       </td>\n      </tr>\n     {/if}\n\n    </table>\n   </td>\n  </tr>\n\n  <tr>\n   <td>\n    <p>{ts 1=$domain.phone 2=$domain.email}Please contact us at %1 or send email to %2 if you have questions.{/ts}</p>\n   </td>\n  </tr>\n\n </table>\n</center>\n\n</body>\n</html>\n',1,701,0,1,NULL),(33,'Events - Pending Registration Expiration Notice','{ts 1=$event.event_title}Event registration has expired for %1{/ts}\n','{ts 1=$contact.display_name}Dear %1{/ts},\n\n{ts 1=$event.event_title}Your pending event registration for %1 has expired\nbecause you did not confirm your registration.{/ts}\n\n\n{ts 1=$domain.phone 2=$domain.email}Please contact us at %1 or send email to %2 if you have questions\nor want to inquire about reinstating your registration for this event.{/ts}\n\n===========================================================\n{ts}Event Information and Location{/ts}\n\n===========================================================\n{$event.event_title}\n{$event.event_start_date|crmDate}{if $event.event_end_date}-{if $event.event_end_date|date_format:\"%Y%m%d\" == $event.event_start_date|date_format:\"%Y%m%d\"}{$event.event_end_date|crmDate:0:1}{else}{$event.event_end_date|crmDate}{/if}{/if}\n\n{ts}Participant Role{/ts}: {$participant.role}\n\n{if $isShowLocation}\n{if $event.location.address.1.name}\n\n{$event.location.address.1.name}\n{/if}\n{if $event.location.address.1.street_address}{$event.location.address.1.street_address}\n{/if}\n{if $event.location.address.1.supplemental_address_1}{$event.location.address.1.supplemental_address_1}\n{/if}\n{if $event.location.address.1.supplemental_address_2}{$event.location.address.1.supplemental_address_2}\n{/if}\n{if $event.location.address.1.city}{$event.location.address.1.city} {$event.location.address.1.postal_code}{if $event.location.address.1.postal_code_suffix} - {$event.location.address.1.postal_code_suffix}{/if}\n{/if}\n\n{/if}{*End of isShowLocation condition*}\n\n{if $event.location.phone.1.phone || $event.location.email.1.email}\n\n{ts}Event Contacts:{/ts}\n{foreach from=$event.location.phone item=phone}\n{if $phone.phone}\n\n{if $phone.phone_type}{$phone.phone_type_display}{else}{ts}Phone{/ts}{/if}: {$phone.phone}{/if}\n{/foreach}\n{foreach from=$event.location.email item=eventEmail}\n{if $eventEmail.email}\n\n{ts}Email{/ts}: {$eventEmail.email}{/if}{/foreach}\n{/if}\n\n{capture assign=icalFeed}{crmURL p=\'civicrm/event/ical\' q=\"reset=1&id=`$event.id`\" h=0 a=1 fe=1}{/capture}\n{ts}Download iCalendar File{/ts}: {$icalFeed}\n{if $contact.email}\n\n===========================================================\n{ts}Registered Email{/ts}\n\n===========================================================\n{$contact.email}\n{/if}\n\n{if $register_date}\n{ts}Registration Date{/ts}: {$participant.register_date|crmDate}\n{/if}\n\n{ts 1=$domain.phone 2=$domain.email}Please contact us at %1 or send email to %2 if you have questions.{/ts}\n\n','<!DOCTYPE html PUBLIC \"-//W3C//DTD XHTML 1.0 Transitional//EN\" \"http://www.w3.org/TR/xhtml1/DTD/xhtml1-transitional.dtd\">\n<html xmlns=\"http://www.w3.org/1999/xhtml\">\n<head>\n <meta http-equiv=\"Content-Type\" content=\"text/html; charset=UTF-8\" />\n <title></title>\n</head>\n<body>\n\n{capture assign=headerStyle}colspan=\"2\" style=\"text-align: left; padding: 4px; border-bottom: 1px solid #999; background-color: #eee;\"{/capture}\n{capture assign=labelStyle }style=\"padding: 4px; border-bottom: 1px solid #999; background-color: #f7f7f7;\"{/capture}\n{capture assign=valueStyle }style=\"padding: 4px; border-bottom: 1px solid #999;\"{/capture}\n\n<center>\n <table width=\"620\" border=\"0\" cellpadding=\"0\" cellspacing=\"0\" id=\"crm-event_receipt\" style=\"font-family: Arial, Verdana, sans-serif; text-align: left;\">\n\n  <!-- BEGIN HEADER -->\n  <!-- You can add table row(s) here with logo or other header elements -->\n  <!-- END HEADER -->\n\n  <!-- BEGIN CONTENT -->\n\n  <tr>\n   <td>\n    <p>{ts 1=$contact.display_name}Dear %1{/ts},</p>\n    <p>{ts 1=$event.event_title}Your pending event registration for %1 has expired\nbecause you did not confirm your registration.{/ts}</p>\n    <p>{ts 1=$domain.phone 2=$domain.email}Please contact us at %1 or send email to %2 if you have questions\nor want to inquire about reinstating your registration for this event.{/ts}</p>\n   </td>\n  </tr>\n  <tr>\n   <td>\n    <table style=\"border: 1px solid #999; margin: 1em 0em 1em; border-collapse: collapse; width:100%;\">\n     <tr>\n      <th {$headerStyle}>\n       {ts}Event Information and Location{/ts}\n      </th>\n     </tr>\n     <tr>\n      <td colspan=\"2\" {$valueStyle}>\n       {$event.event_title}<br />\n       {$event.event_start_date|crmDate}{if $event.event_end_date}-{if $event.event_end_date|date_format:\"%Y%m%d\" == $event.event_start_date|date_format:\"%Y%m%d\"}{$event.event_end_date|crmDate:0:1}{else}{$event.event_end_date|crmDate}{/if}{/if}\n      </td>\n     </tr>\n     <tr>\n      <td {$labelStyle}>\n       {ts}Participant Role{/ts}:\n      </td>\n      <td {$valueStyle}>\n       {$participant.role}\n      </td>\n     </tr>\n\n     {if $isShowLocation}\n      <tr>\n       <td colspan=\"2\" {$valueStyle}>\n        {if $event.location.address.1.name}\n         {$event.location.address.1.name}<br />\n        {/if}\n        {if $event.location.address.1.street_address}\n         {$event.location.address.1.street_address}<br />\n        {/if}\n        {if $event.location.address.1.supplemental_address_1}\n         {$event.location.address.1.supplemental_address_1}<br />\n        {/if}\n        {if $event.location.address.1.supplemental_address_2}\n         {$event.location.address.1.supplemental_address_2}<br />\n        {/if}\n        {if $event.location.address.1.city}\n         {$event.location.address.1.city} {$event.location.address.1.postal_code}\n         {if $event.location.address.1.postal_code_suffix}\n          - {$event.location.address.1.postal_code_suffix}\n         {/if}\n        {/if}\n       </td>\n      </tr>\n     {/if}\n\n     {if $event.location.phone.1.phone || $event.location.email.1.email}\n      <tr>\n       <td colspan=\"2\" {$labelStyle}>\n        {ts}Event Contacts:{/ts}\n       </td>\n      </tr>\n      {foreach from=$event.location.phone item=phone}\n       {if $phone.phone}\n        <tr>\n         <td {$labelStyle}>\n          {if $phone.phone_type}{$phone.phone_type_display}{else}{ts}Phone{/ts}{/if}\n         </td>\n         <td {$valueStyle}>\n          {$phone.phone}\n         </td>\n        </tr>\n       {/if}\n      {/foreach}\n      {foreach from=$event.location.email item=eventEmail}\n       {if $eventEmail.email}\n        <tr>\n         <td {$labelStyle}>\n          {ts}Email{/ts}\n         </td>\n         <td {$valueStyle}>\n          {$eventEmail.email}\n         </td>\n        </tr>\n       {/if}\n      {/foreach}\n     {/if}\n\n     {capture assign=icalFeed}{crmURL p=\'civicrm/event/ical\' q=\"reset=1&id=`$event.id`\" h=0 a=1 fe=1}{/capture}\n     <tr>\n      <td colspan=\"2\" {$valueStyle}>\n       <a href=\"{$icalFeed}\">{ts}Download iCalendar File{/ts}</a>\n      </td>\n     </tr>\n\n     {if $contact.email}\n      <tr>\n       <th {$headerStyle}>\n        {ts}Registered Email{/ts}\n       </th>\n      </tr>\n      <tr>\n       <td colspan=\"2\" {$valueStyle}>\n        {$contact.email}\n       </td>\n      </tr>\n     {/if}\n\n     {if $register_date}\n      <tr>\n       <td {$labelStyle}>\n        {ts}Registration Date{/ts}\n       </td>\n       <td {$valueStyle}>\n        {$participant.register_date|crmDate}\n       </td>\n      </tr>\n     {/if}\n\n    </table>\n   </td>\n  </tr>\n\n  <tr>\n   <td>\n    <p>{ts 1=$domain.phone 2=$domain.email}Please contact us at %1 or send email to %2 if you have questions.{/ts}</p>\n   </td>\n  </tr>\n\n </table>\n</center>\n\n</body>\n</html>\n',1,702,1,0,NULL),(34,'Events - Pending Registration Expiration Notice','{ts 1=$event.event_title}Event registration has expired for %1{/ts}\n','{ts 1=$contact.display_name}Dear %1{/ts},\n\n{ts 1=$event.event_title}Your pending event registration for %1 has expired\nbecause you did not confirm your registration.{/ts}\n\n\n{ts 1=$domain.phone 2=$domain.email}Please contact us at %1 or send email to %2 if you have questions\nor want to inquire about reinstating your registration for this event.{/ts}\n\n===========================================================\n{ts}Event Information and Location{/ts}\n\n===========================================================\n{$event.event_title}\n{$event.event_start_date|crmDate}{if $event.event_end_date}-{if $event.event_end_date|date_format:\"%Y%m%d\" == $event.event_start_date|date_format:\"%Y%m%d\"}{$event.event_end_date|crmDate:0:1}{else}{$event.event_end_date|crmDate}{/if}{/if}\n\n{ts}Participant Role{/ts}: {$participant.role}\n\n{if $isShowLocation}\n{if $event.location.address.1.name}\n\n{$event.location.address.1.name}\n{/if}\n{if $event.location.address.1.street_address}{$event.location.address.1.street_address}\n{/if}\n{if $event.location.address.1.supplemental_address_1}{$event.location.address.1.supplemental_address_1}\n{/if}\n{if $event.location.address.1.supplemental_address_2}{$event.location.address.1.supplemental_address_2}\n{/if}\n{if $event.location.address.1.city}{$event.location.address.1.city} {$event.location.address.1.postal_code}{if $event.location.address.1.postal_code_suffix} - {$event.location.address.1.postal_code_suffix}{/if}\n{/if}\n\n{/if}{*End of isShowLocation condition*}\n\n{if $event.location.phone.1.phone || $event.location.email.1.email}\n\n{ts}Event Contacts:{/ts}\n{foreach from=$event.location.phone item=phone}\n{if $phone.phone}\n\n{if $phone.phone_type}{$phone.phone_type_display}{else}{ts}Phone{/ts}{/if}: {$phone.phone}{/if}\n{/foreach}\n{foreach from=$event.location.email item=eventEmail}\n{if $eventEmail.email}\n\n{ts}Email{/ts}: {$eventEmail.email}{/if}{/foreach}\n{/if}\n\n{capture assign=icalFeed}{crmURL p=\'civicrm/event/ical\' q=\"reset=1&id=`$event.id`\" h=0 a=1 fe=1}{/capture}\n{ts}Download iCalendar File{/ts}: {$icalFeed}\n{if $contact.email}\n\n===========================================================\n{ts}Registered Email{/ts}\n\n===========================================================\n{$contact.email}\n{/if}\n\n{if $register_date}\n{ts}Registration Date{/ts}: {$participant.register_date|crmDate}\n{/if}\n\n{ts 1=$domain.phone 2=$domain.email}Please contact us at %1 or send email to %2 if you have questions.{/ts}\n\n','<!DOCTYPE html PUBLIC \"-//W3C//DTD XHTML 1.0 Transitional//EN\" \"http://www.w3.org/TR/xhtml1/DTD/xhtml1-transitional.dtd\">\n<html xmlns=\"http://www.w3.org/1999/xhtml\">\n<head>\n <meta http-equiv=\"Content-Type\" content=\"text/html; charset=UTF-8\" />\n <title></title>\n</head>\n<body>\n\n{capture assign=headerStyle}colspan=\"2\" style=\"text-align: left; padding: 4px; border-bottom: 1px solid #999; background-color: #eee;\"{/capture}\n{capture assign=labelStyle }style=\"padding: 4px; border-bottom: 1px solid #999; background-color: #f7f7f7;\"{/capture}\n{capture assign=valueStyle }style=\"padding: 4px; border-bottom: 1px solid #999;\"{/capture}\n\n<center>\n <table width=\"620\" border=\"0\" cellpadding=\"0\" cellspacing=\"0\" id=\"crm-event_receipt\" style=\"font-family: Arial, Verdana, sans-serif; text-align: left;\">\n\n  <!-- BEGIN HEADER -->\n  <!-- You can add table row(s) here with logo or other header elements -->\n  <!-- END HEADER -->\n\n  <!-- BEGIN CONTENT -->\n\n  <tr>\n   <td>\n    <p>{ts 1=$contact.display_name}Dear %1{/ts},</p>\n    <p>{ts 1=$event.event_title}Your pending event registration for %1 has expired\nbecause you did not confirm your registration.{/ts}</p>\n    <p>{ts 1=$domain.phone 2=$domain.email}Please contact us at %1 or send email to %2 if you have questions\nor want to inquire about reinstating your registration for this event.{/ts}</p>\n   </td>\n  </tr>\n  <tr>\n   <td>\n    <table style=\"border: 1px solid #999; margin: 1em 0em 1em; border-collapse: collapse; width:100%;\">\n     <tr>\n      <th {$headerStyle}>\n       {ts}Event Information and Location{/ts}\n      </th>\n     </tr>\n     <tr>\n      <td colspan=\"2\" {$valueStyle}>\n       {$event.event_title}<br />\n       {$event.event_start_date|crmDate}{if $event.event_end_date}-{if $event.event_end_date|date_format:\"%Y%m%d\" == $event.event_start_date|date_format:\"%Y%m%d\"}{$event.event_end_date|crmDate:0:1}{else}{$event.event_end_date|crmDate}{/if}{/if}\n      </td>\n     </tr>\n     <tr>\n      <td {$labelStyle}>\n       {ts}Participant Role{/ts}:\n      </td>\n      <td {$valueStyle}>\n       {$participant.role}\n      </td>\n     </tr>\n\n     {if $isShowLocation}\n      <tr>\n       <td colspan=\"2\" {$valueStyle}>\n        {if $event.location.address.1.name}\n         {$event.location.address.1.name}<br />\n        {/if}\n        {if $event.location.address.1.street_address}\n         {$event.location.address.1.street_address}<br />\n        {/if}\n        {if $event.location.address.1.supplemental_address_1}\n         {$event.location.address.1.supplemental_address_1}<br />\n        {/if}\n        {if $event.location.address.1.supplemental_address_2}\n         {$event.location.address.1.supplemental_address_2}<br />\n        {/if}\n        {if $event.location.address.1.city}\n         {$event.location.address.1.city} {$event.location.address.1.postal_code}\n         {if $event.location.address.1.postal_code_suffix}\n          - {$event.location.address.1.postal_code_suffix}\n         {/if}\n        {/if}\n       </td>\n      </tr>\n     {/if}\n\n     {if $event.location.phone.1.phone || $event.location.email.1.email}\n      <tr>\n       <td colspan=\"2\" {$labelStyle}>\n        {ts}Event Contacts:{/ts}\n       </td>\n      </tr>\n      {foreach from=$event.location.phone item=phone}\n       {if $phone.phone}\n        <tr>\n         <td {$labelStyle}>\n          {if $phone.phone_type}{$phone.phone_type_display}{else}{ts}Phone{/ts}{/if}\n         </td>\n         <td {$valueStyle}>\n          {$phone.phone}\n         </td>\n        </tr>\n       {/if}\n      {/foreach}\n      {foreach from=$event.location.email item=eventEmail}\n       {if $eventEmail.email}\n        <tr>\n         <td {$labelStyle}>\n          {ts}Email{/ts}\n         </td>\n         <td {$valueStyle}>\n          {$eventEmail.email}\n         </td>\n        </tr>\n       {/if}\n      {/foreach}\n     {/if}\n\n     {capture assign=icalFeed}{crmURL p=\'civicrm/event/ical\' q=\"reset=1&id=`$event.id`\" h=0 a=1 fe=1}{/capture}\n     <tr>\n      <td colspan=\"2\" {$valueStyle}>\n       <a href=\"{$icalFeed}\">{ts}Download iCalendar File{/ts}</a>\n      </td>\n     </tr>\n\n     {if $contact.email}\n      <tr>\n       <th {$headerStyle}>\n        {ts}Registered Email{/ts}\n       </th>\n      </tr>\n      <tr>\n       <td colspan=\"2\" {$valueStyle}>\n        {$contact.email}\n       </td>\n      </tr>\n     {/if}\n\n     {if $register_date}\n      <tr>\n       <td {$labelStyle}>\n        {ts}Registration Date{/ts}\n       </td>\n       <td {$valueStyle}>\n        {$participant.register_date|crmDate}\n       </td>\n      </tr>\n     {/if}\n\n    </table>\n   </td>\n  </tr>\n\n  <tr>\n   <td>\n    <p>{ts 1=$domain.phone 2=$domain.email}Please contact us at %1 or send email to %2 if you have questions.{/ts}</p>\n   </td>\n  </tr>\n\n </table>\n</center>\n\n</body>\n</html>\n',1,702,0,1,NULL),(35,'Tell-a-Friend Email','{ts 1=$senderContactName 2=$title}%1 wants you to know about %2{/ts}\n','{$senderMessage}\n\n{if $generalLink}{ts}For more information, visit:{/ts}\n>> {$generalLink}\n\n{/if}\n{if $contribute}{ts}To make a contribution, go to:{/ts}\n>> {$pageURL}\n\n{/if}\n{if $event}{ts}To find out more about this event, go to:{/ts}\n>> {$pageURL}\n{/if}\n\n\n','<!DOCTYPE html PUBLIC \"-//W3C//DTD XHTML 1.0 Transitional//EN\" \"http://www.w3.org/TR/xhtml1/DTD/xhtml1-transitional.dtd\">\n<html xmlns=\"http://www.w3.org/1999/xhtml\">\n<head>\n <meta http-equiv=\"Content-Type\" content=\"text/html; charset=UTF-8\" />\n <title></title>\n</head>\n<body>\n\n{capture assign=headerStyle}colspan=\"2\" style=\"text-align: left; padding: 4px; border-bottom: 1px solid #999; background-color: #eee;\"{/capture}\n{capture assign=labelStyle }style=\"padding: 4px; border-bottom: 1px solid #999; background-color: #f7f7f7;\"{/capture}\n{capture assign=valueStyle }style=\"padding: 4px; border-bottom: 1px solid #999;\"{/capture}\n\n<center>\n <table width=\"620\" border=\"0\" cellpadding=\"0\" cellspacing=\"0\" id=\"crm-event_receipt\" style=\"font-family: Arial, Verdana, sans-serif; text-align: left;\">\n\n  <!-- BEGIN HEADER -->\n  <!-- You can add table row(s) here with logo or other header elements -->\n  <!-- END HEADER -->\n\n  <!-- BEGIN CONTENT -->\n\n  <tr>\n   <td>\n    <p>{$senderMessage}</p>\n    {if $generalLink}\n     <p><a href=\"{$generalLink}\">{ts}More information{/ts}</a></p>\n    {/if}\n    {if $contribute}\n     <p><a href=\"{$pageURL}\">{ts}Make a contribution{/ts}</a></p>\n    {/if}\n    {if $event}\n     <p><a href=\"{$pageURL}\">{ts}Find out more about this event{/ts}</a></p>\n    {/if}\n   </td>\n  </tr>\n </table>\n</center>\n\n</body>\n</html>\n',1,703,1,0,NULL),(36,'Tell-a-Friend Email','{ts 1=$senderContactName 2=$title}%1 wants you to know about %2{/ts}\n','{$senderMessage}\n\n{if $generalLink}{ts}For more information, visit:{/ts}\n>> {$generalLink}\n\n{/if}\n{if $contribute}{ts}To make a contribution, go to:{/ts}\n>> {$pageURL}\n\n{/if}\n{if $event}{ts}To find out more about this event, go to:{/ts}\n>> {$pageURL}\n{/if}\n\n\n','<!DOCTYPE html PUBLIC \"-//W3C//DTD XHTML 1.0 Transitional//EN\" \"http://www.w3.org/TR/xhtml1/DTD/xhtml1-transitional.dtd\">\n<html xmlns=\"http://www.w3.org/1999/xhtml\">\n<head>\n <meta http-equiv=\"Content-Type\" content=\"text/html; charset=UTF-8\" />\n <title></title>\n</head>\n<body>\n\n{capture assign=headerStyle}colspan=\"2\" style=\"text-align: left; padding: 4px; border-bottom: 1px solid #999; background-color: #eee;\"{/capture}\n{capture assign=labelStyle }style=\"padding: 4px; border-bottom: 1px solid #999; background-color: #f7f7f7;\"{/capture}\n{capture assign=valueStyle }style=\"padding: 4px; border-bottom: 1px solid #999;\"{/capture}\n\n<center>\n <table width=\"620\" border=\"0\" cellpadding=\"0\" cellspacing=\"0\" id=\"crm-event_receipt\" style=\"font-family: Arial, Verdana, sans-serif; text-align: left;\">\n\n  <!-- BEGIN HEADER -->\n  <!-- You can add table row(s) here with logo or other header elements -->\n  <!-- END HEADER -->\n\n  <!-- BEGIN CONTENT -->\n\n  <tr>\n   <td>\n    <p>{$senderMessage}</p>\n    {if $generalLink}\n     <p><a href=\"{$generalLink}\">{ts}More information{/ts}</a></p>\n    {/if}\n    {if $contribute}\n     <p><a href=\"{$pageURL}\">{ts}Make a contribution{/ts}</a></p>\n    {/if}\n    {if $event}\n     <p><a href=\"{$pageURL}\">{ts}Find out more about this event{/ts}</a></p>\n    {/if}\n   </td>\n  </tr>\n </table>\n</center>\n\n</body>\n</html>\n',1,703,0,1,NULL),(37,'Memberships - Signup and Renewal Receipts (off-line)','{if $receiptType EQ \'membership signup\'}\n{ts}Membership Confirmation and Receipt{/ts}\n{elseif $receiptType EQ \'membership renewal\'}\n{ts}Membership Renewal Confirmation and Receipt{/ts}\n{/if}\n','{if $formValues.receipt_text_signup}\n{$formValues.receipt_text_signup}\n{elseif $formValues.receipt_text_renewal}\n{$formValues.receipt_text_renewal}\n{else}{ts}Thanks for your support.{/ts}{/if}\n\n{if ! $cancelled}{ts}Please print this receipt for your records.{/ts}\n\n\n{/if}\n{if !$lineItem}\n===========================================================\n{ts}Membership Information{/ts}\n\n===========================================================\n{ts}Membership Type{/ts}: {$membership_name}\n{/if}\n{if ! $cancelled}\n{if !$lineItem}\n{ts}Membership Start Date{/ts}: {$mem_start_date}\n{ts}Membership End Date{/ts}: {$mem_end_date}\n{/if}\n\n{if $formValues.total_amount}\n===========================================================\n{ts}Membership Fee{/ts}\n\n===========================================================\n{if $formValues.contributionType_name}\n{ts}Financial Type{/ts}: {$formValues.contributionType_name}\n{/if}\n{if $lineItem}\n{foreach from=$lineItem item=value key=priceset}\n{capture assign=ts_item}{ts}Item{/ts}{/capture}\n{capture assign=ts_total}{ts}Fee{/ts}{/capture}\n{capture assign=ts_start_date}{ts}Membership Start Date{/ts}{/capture}\n{capture assign=ts_end_date}{ts}Membership End Date{/ts}{/capture}\n{$ts_item|string_format:\"%-30s\"} {$ts_total|string_format:\"%10s\"} {$ts_start_date|string_format:\"%20s\"} {$ts_end_date|string_format:\"%20s\"}\n--------------------------------------------------------------------------------------------------\n\n{foreach from=$value item=line}\n{capture assign=ts_item}{if $line.html_type eq \'Text\'}{$line.label}{else}{$line.field_title} - {$line.label}{/if} {if $line.description} {$line.description}{/if}{/capture}{$ts_item|truncate:30:\"...\"|string_format:\"%-30s\"} {$line.line_total|crmMoney|string_format:\"%10s\"} {$line.start_date|string_format:\"%20s\"} {$line.end_date|string_format:\"%20s\"}\n{/foreach}\n{/foreach}\n--------------------------------------------------------------------------------------------------\n{/if}\n{ts}Amount{/ts}: {$formValues.total_amount|crmMoney}\n{if $receive_date}\n{ts}Received Date{/ts}: {$receive_date|truncate:10:\'\'|crmDate}\n{/if}\n{if $formValues.paidBy}\n{ts}Paid By{/ts}: {$formValues.paidBy}\n{if $formValues.check_number}\n{ts}Check Number{/ts}: {$formValues.check_number} \n{/if}\n{/if}\n{/if}\n{/if}\n\n{if $isPrimary }\n{if $contributeMode ne \'notify\' and !$isAmountzero and !$is_pay_later  }\n\n===========================================================\n{ts}Billing Name and Address{/ts}\n\n===========================================================\n{$billingName}\n{$address}\n{/if}\n\n{if $contributeMode eq \'direct\' and !$isAmountzero and !$is_pay_later}\n===========================================================\n{ts}Credit Card Information{/ts}\n\n===========================================================\n{$credit_card_type}\n{$credit_card_number}\n{ts}Expires{/ts}: {$credit_card_exp_date|truncate:7:\'\'|crmDate}\n{/if}\n{/if}\n\n{if $customValues}\n===========================================================\n{ts}Membership Options{/ts}\n\n===========================================================\n{foreach from=$customValues item=value key=customName}\n {$customName} : {$value}\n{/foreach}\n{/if}\n','<!DOCTYPE html PUBLIC \"-//W3C//DTD XHTML 1.0 Transitional//EN\" \"http://www.w3.org/TR/xhtml1/DTD/xhtml1-transitional.dtd\">\n<html xmlns=\"http://www.w3.org/1999/xhtml\">\n<head>\n <meta http-equiv=\"Content-Type\" content=\"text/html; charset=UTF-8\" />\n <title></title>\n</head>\n<body>\n\n{capture assign=headerStyle}colspan=\"2\" style=\"text-align: left; padding: 4px; border-bottom: 1px solid #999; background-color: #eee;\"{/capture}\n{capture assign=labelStyle }style=\"padding: 4px; border-bottom: 1px solid #999; background-color: #f7f7f7;\"{/capture}\n{capture assign=valueStyle }style=\"padding: 4px; border-bottom: 1px solid #999;\"{/capture}\n\n<center>\n <table width=\"620\" border=\"0\" cellpadding=\"0\" cellspacing=\"0\" id=\"crm-event_receipt\" style=\"font-family: Arial, Verdana, sans-serif; text-align: left;\">\n\n  <!-- BEGIN HEADER -->\n  <!-- You can add table row(s) here with logo or other header elements -->\n  <!-- END HEADER -->\n\n  <!-- BEGIN CONTENT -->\n\n  <tr>\n   <td>\n    {if $formValues.receipt_text_signup}\n     <p>{$formValues.receipt_text_signup|htmlize}</p>\n    {elseif $formValues.receipt_text_renewal}\n     <p>{$formValues.receipt_text_renewal|htmlize}</p>\n    {else}\n     <p>{ts}Thanks for your support.{/ts}</p>\n    {/if}\n    {if ! $cancelled}\n     <p>{ts}Please print this receipt for your records.{/ts}</p>\n    {/if}\n   </td>\n  </tr>\n  <tr>\n   <td>\n    <table style=\"border: 1px solid #999; margin: 1em 0em 1em; border-collapse: collapse; width:100%;\">\n     {if !$lineItem}\n     <tr>\n      <th {$headerStyle}>\n       {ts}Membership Information{/ts}\n      </th>\n     </tr>\n     <tr>\n      <td {$labelStyle}>\n       {ts}Membership Type{/ts}\n      </td>\n      <td {$valueStyle}>\n       {$membership_name}\n      </td>\n     </tr>\n     {/if}\n     {if ! $cancelled}\n     {if !$lineItem}\n      <tr>\n       <td {$labelStyle}>\n        {ts}Membership Start Date{/ts}\n       </td>\n       <td {$valueStyle}>\n        {$mem_start_date}\n       </td>\n      </tr>\n      <tr>\n       <td {$labelStyle}>\n        {ts}Membership End Date{/ts}\n       </td>\n       <td {$valueStyle}>\n        {$mem_end_date}\n       </td>\n      </tr>\n      {/if}\n      {if $formValues.total_amount}\n       <tr>\n        <th {$headerStyle}>\n         {ts}Membership Fee{/ts}\n        </th>\n       </tr>\n       {if $formValues.contributionType_name}\n        <tr>\n         <td {$labelStyle}>\n          {ts}Financial Type{/ts}\n         </td>\n         <td {$valueStyle}>\n          {$formValues.contributionType_name}\n         </td>\n        </tr>\n       {/if}\n\n       {if $lineItem}\n       {foreach from=$lineItem item=value key=priceset}\n         <tr>\n          <td colspan=\"2\" {$valueStyle}>\n           <table> {* FIXME: style this table so that it looks like the text version (justification, etc.) *}\n            <tr>\n             <th>{ts}Item{/ts}</th>\n             <th>{ts}Fee{/ts}</th>\n	     <th>{ts}Membership Start Date{/ts}</th>\n	     <th>{ts}Membership End Date{/ts}</th>\n            </tr>\n            {foreach from=$value item=line}\n             <tr>\n              <td>\n	      {if $line.html_type eq \'Text\'}{$line.label}{else}{$line.field_title} - {$line.label}{/if} {if $line.description}<div>{$line.description|truncate:30:\"...\"}</div>{/if}	\n              </td>\n              <td>\n               {$line.line_total|crmMoney}\n              </td>\n              <td>\n               {$line.start_date}\n              </td>\n	      <td>\n               {$line.end_date}\n              </td>\n             </tr>\n            {/foreach}\n           </table>\n          </td>\n         </tr>\n       {/foreach}\n      {/if}\n       <tr>\n        <td {$labelStyle}>\n         {ts}Amount{/ts}\n        </td>\n        <td {$valueStyle}>\n         {$formValues.total_amount|crmMoney}\n        </td>\n       </tr>\n       {if $receive_date}\n        <tr>\n         <td {$labelStyle}>\n          {ts}Received Date{/ts}\n         </td>\n         <td {$valueStyle}>\n          {$receive_date|truncate:10:\'\'|crmDate}\n         </td>\n        </tr>\n       {/if}\n       {if $formValues.paidBy}\n        <tr>\n         <td {$labelStyle}>\n          {ts}Paid By{/ts}\n         </td>\n         <td {$valueStyle}>\n          {$formValues.paidBy}\n         </td>\n        </tr>\n        {if $formValues.check_number}\n         <tr>\n          <td {$labelStyle}>\n           {ts}Check Number{/ts}\n          </td>\n          <td {$valueStyle}>\n           {$formValues.check_number}\n          </td>\n         </tr>\n        {/if}\n       {/if}\n      {/if}\n     {/if}\n    </table>\n   </td>\n  </tr>\n\n  {if $isPrimary}\n   <tr>\n    <td>\n     <table style=\"border: 1px solid #999; margin: 1em 0em 1em; border-collapse: collapse; width:100%;\">\n\n      {if $contributeMode ne \'notify\' and !$isAmountzero and !$is_pay_later }\n       <tr>\n        <th {$headerStyle}>\n         {ts}Billing Name and Address{/ts}\n        </th>\n       </tr>\n       <tr>\n        <td {$labelStyle}>\n         {$billingName}<br />\n         {$address}\n        </td>\n       </tr>\n      {/if}\n\n      {if $contributeMode eq \'direct\' and !$isAmountzero and !$is_pay_later}\n       <tr>\n        <th {$headerStyle}>\n         {ts}Credit Card Information{/ts}\n        </th>\n       </tr>\n       <tr>\n        <td {$valueStyle}>\n         {$credit_card_type}<br />\n         {$credit_card_number}\n        </td>\n       </tr>\n       <tr>\n        <td {$labelStyle}>\n         {ts}Expires{/ts}\n        </td>\n        <td {$valueStyle}>\n         {$credit_card_exp_date|truncate:7:\'\'|crmDate}\n        </td>\n       </tr>\n      {/if}\n\n     </table>\n    </td>\n   </tr>\n  {/if}\n\n  {if $customValues}\n   <tr>\n    <td>\n     <table style=\"border: 1px solid #999; margin: 1em 0em 1em; border-collapse: collapse; width:100%;\">\n      <tr>\n       <th {$headerStyle}>\n        {ts}Membership Options{/ts}\n       </th>\n      </tr>\n      {foreach from=$customValues item=value key=customName}\n       <tr>\n        <td {$labelStyle}>\n         {$customName}\n        </td>\n        <td {$valueStyle}>\n         {$value}\n        </td>\n       </tr>\n      {/foreach}\n     </table>\n    </td>\n   </tr>\n  {/if}\n\n </table>\n</center>\n\n</body>\n</html>\n',1,704,1,0,NULL),(38,'Memberships - Signup and Renewal Receipts (off-line)','{if $receiptType EQ \'membership signup\'}\n{ts}Membership Confirmation and Receipt{/ts}\n{elseif $receiptType EQ \'membership renewal\'}\n{ts}Membership Renewal Confirmation and Receipt{/ts}\n{/if}\n','{if $formValues.receipt_text_signup}\n{$formValues.receipt_text_signup}\n{elseif $formValues.receipt_text_renewal}\n{$formValues.receipt_text_renewal}\n{else}{ts}Thanks for your support.{/ts}{/if}\n\n{if ! $cancelled}{ts}Please print this receipt for your records.{/ts}\n\n\n{/if}\n{if !$lineItem}\n===========================================================\n{ts}Membership Information{/ts}\n\n===========================================================\n{ts}Membership Type{/ts}: {$membership_name}\n{/if}\n{if ! $cancelled}\n{if !$lineItem}\n{ts}Membership Start Date{/ts}: {$mem_start_date}\n{ts}Membership End Date{/ts}: {$mem_end_date}\n{/if}\n\n{if $formValues.total_amount}\n===========================================================\n{ts}Membership Fee{/ts}\n\n===========================================================\n{if $formValues.contributionType_name}\n{ts}Financial Type{/ts}: {$formValues.contributionType_name}\n{/if}\n{if $lineItem}\n{foreach from=$lineItem item=value key=priceset}\n{capture assign=ts_item}{ts}Item{/ts}{/capture}\n{capture assign=ts_total}{ts}Fee{/ts}{/capture}\n{capture assign=ts_start_date}{ts}Membership Start Date{/ts}{/capture}\n{capture assign=ts_end_date}{ts}Membership End Date{/ts}{/capture}\n{$ts_item|string_format:\"%-30s\"} {$ts_total|string_format:\"%10s\"} {$ts_start_date|string_format:\"%20s\"} {$ts_end_date|string_format:\"%20s\"}\n--------------------------------------------------------------------------------------------------\n\n{foreach from=$value item=line}\n{capture assign=ts_item}{if $line.html_type eq \'Text\'}{$line.label}{else}{$line.field_title} - {$line.label}{/if} {if $line.description} {$line.description}{/if}{/capture}{$ts_item|truncate:30:\"...\"|string_format:\"%-30s\"} {$line.line_total|crmMoney|string_format:\"%10s\"} {$line.start_date|string_format:\"%20s\"} {$line.end_date|string_format:\"%20s\"}\n{/foreach}\n{/foreach}\n--------------------------------------------------------------------------------------------------\n{/if}\n{ts}Amount{/ts}: {$formValues.total_amount|crmMoney}\n{if $receive_date}\n{ts}Received Date{/ts}: {$receive_date|truncate:10:\'\'|crmDate}\n{/if}\n{if $formValues.paidBy}\n{ts}Paid By{/ts}: {$formValues.paidBy}\n{if $formValues.check_number}\n{ts}Check Number{/ts}: {$formValues.check_number} \n{/if}\n{/if}\n{/if}\n{/if}\n\n{if $isPrimary }\n{if $contributeMode ne \'notify\' and !$isAmountzero and !$is_pay_later  }\n\n===========================================================\n{ts}Billing Name and Address{/ts}\n\n===========================================================\n{$billingName}\n{$address}\n{/if}\n\n{if $contributeMode eq \'direct\' and !$isAmountzero and !$is_pay_later}\n===========================================================\n{ts}Credit Card Information{/ts}\n\n===========================================================\n{$credit_card_type}\n{$credit_card_number}\n{ts}Expires{/ts}: {$credit_card_exp_date|truncate:7:\'\'|crmDate}\n{/if}\n{/if}\n\n{if $customValues}\n===========================================================\n{ts}Membership Options{/ts}\n\n===========================================================\n{foreach from=$customValues item=value key=customName}\n {$customName} : {$value}\n{/foreach}\n{/if}\n','<!DOCTYPE html PUBLIC \"-//W3C//DTD XHTML 1.0 Transitional//EN\" \"http://www.w3.org/TR/xhtml1/DTD/xhtml1-transitional.dtd\">\n<html xmlns=\"http://www.w3.org/1999/xhtml\">\n<head>\n <meta http-equiv=\"Content-Type\" content=\"text/html; charset=UTF-8\" />\n <title></title>\n</head>\n<body>\n\n{capture assign=headerStyle}colspan=\"2\" style=\"text-align: left; padding: 4px; border-bottom: 1px solid #999; background-color: #eee;\"{/capture}\n{capture assign=labelStyle }style=\"padding: 4px; border-bottom: 1px solid #999; background-color: #f7f7f7;\"{/capture}\n{capture assign=valueStyle }style=\"padding: 4px; border-bottom: 1px solid #999;\"{/capture}\n\n<center>\n <table width=\"620\" border=\"0\" cellpadding=\"0\" cellspacing=\"0\" id=\"crm-event_receipt\" style=\"font-family: Arial, Verdana, sans-serif; text-align: left;\">\n\n  <!-- BEGIN HEADER -->\n  <!-- You can add table row(s) here with logo or other header elements -->\n  <!-- END HEADER -->\n\n  <!-- BEGIN CONTENT -->\n\n  <tr>\n   <td>\n    {if $formValues.receipt_text_signup}\n     <p>{$formValues.receipt_text_signup|htmlize}</p>\n    {elseif $formValues.receipt_text_renewal}\n     <p>{$formValues.receipt_text_renewal|htmlize}</p>\n    {else}\n     <p>{ts}Thanks for your support.{/ts}</p>\n    {/if}\n    {if ! $cancelled}\n     <p>{ts}Please print this receipt for your records.{/ts}</p>\n    {/if}\n   </td>\n  </tr>\n  <tr>\n   <td>\n    <table style=\"border: 1px solid #999; margin: 1em 0em 1em; border-collapse: collapse; width:100%;\">\n     {if !$lineItem}\n     <tr>\n      <th {$headerStyle}>\n       {ts}Membership Information{/ts}\n      </th>\n     </tr>\n     <tr>\n      <td {$labelStyle}>\n       {ts}Membership Type{/ts}\n      </td>\n      <td {$valueStyle}>\n       {$membership_name}\n      </td>\n     </tr>\n     {/if}\n     {if ! $cancelled}\n     {if !$lineItem}\n      <tr>\n       <td {$labelStyle}>\n        {ts}Membership Start Date{/ts}\n       </td>\n       <td {$valueStyle}>\n        {$mem_start_date}\n       </td>\n      </tr>\n      <tr>\n       <td {$labelStyle}>\n        {ts}Membership End Date{/ts}\n       </td>\n       <td {$valueStyle}>\n        {$mem_end_date}\n       </td>\n      </tr>\n      {/if}\n      {if $formValues.total_amount}\n       <tr>\n        <th {$headerStyle}>\n         {ts}Membership Fee{/ts}\n        </th>\n       </tr>\n       {if $formValues.contributionType_name}\n        <tr>\n         <td {$labelStyle}>\n          {ts}Financial Type{/ts}\n         </td>\n         <td {$valueStyle}>\n          {$formValues.contributionType_name}\n         </td>\n        </tr>\n       {/if}\n\n       {if $lineItem}\n       {foreach from=$lineItem item=value key=priceset}\n         <tr>\n          <td colspan=\"2\" {$valueStyle}>\n           <table> {* FIXME: style this table so that it looks like the text version (justification, etc.) *}\n            <tr>\n             <th>{ts}Item{/ts}</th>\n             <th>{ts}Fee{/ts}</th>\n	     <th>{ts}Membership Start Date{/ts}</th>\n	     <th>{ts}Membership End Date{/ts}</th>\n            </tr>\n            {foreach from=$value item=line}\n             <tr>\n              <td>\n	      {if $line.html_type eq \'Text\'}{$line.label}{else}{$line.field_title} - {$line.label}{/if} {if $line.description}<div>{$line.description|truncate:30:\"...\"}</div>{/if}	\n              </td>\n              <td>\n               {$line.line_total|crmMoney}\n              </td>\n              <td>\n               {$line.start_date}\n              </td>\n	      <td>\n               {$line.end_date}\n              </td>\n             </tr>\n            {/foreach}\n           </table>\n          </td>\n         </tr>\n       {/foreach}\n      {/if}\n       <tr>\n        <td {$labelStyle}>\n         {ts}Amount{/ts}\n        </td>\n        <td {$valueStyle}>\n         {$formValues.total_amount|crmMoney}\n        </td>\n       </tr>\n       {if $receive_date}\n        <tr>\n         <td {$labelStyle}>\n          {ts}Received Date{/ts}\n         </td>\n         <td {$valueStyle}>\n          {$receive_date|truncate:10:\'\'|crmDate}\n         </td>\n        </tr>\n       {/if}\n       {if $formValues.paidBy}\n        <tr>\n         <td {$labelStyle}>\n          {ts}Paid By{/ts}\n         </td>\n         <td {$valueStyle}>\n          {$formValues.paidBy}\n         </td>\n        </tr>\n        {if $formValues.check_number}\n         <tr>\n          <td {$labelStyle}>\n           {ts}Check Number{/ts}\n          </td>\n          <td {$valueStyle}>\n           {$formValues.check_number}\n          </td>\n         </tr>\n        {/if}\n       {/if}\n      {/if}\n     {/if}\n    </table>\n   </td>\n  </tr>\n\n  {if $isPrimary}\n   <tr>\n    <td>\n     <table style=\"border: 1px solid #999; margin: 1em 0em 1em; border-collapse: collapse; width:100%;\">\n\n      {if $contributeMode ne \'notify\' and !$isAmountzero and !$is_pay_later }\n       <tr>\n        <th {$headerStyle}>\n         {ts}Billing Name and Address{/ts}\n        </th>\n       </tr>\n       <tr>\n        <td {$labelStyle}>\n         {$billingName}<br />\n         {$address}\n        </td>\n       </tr>\n      {/if}\n\n      {if $contributeMode eq \'direct\' and !$isAmountzero and !$is_pay_later}\n       <tr>\n        <th {$headerStyle}>\n         {ts}Credit Card Information{/ts}\n        </th>\n       </tr>\n       <tr>\n        <td {$valueStyle}>\n         {$credit_card_type}<br />\n         {$credit_card_number}\n        </td>\n       </tr>\n       <tr>\n        <td {$labelStyle}>\n         {ts}Expires{/ts}\n        </td>\n        <td {$valueStyle}>\n         {$credit_card_exp_date|truncate:7:\'\'|crmDate}\n        </td>\n       </tr>\n      {/if}\n\n     </table>\n    </td>\n   </tr>\n  {/if}\n\n  {if $customValues}\n   <tr>\n    <td>\n     <table style=\"border: 1px solid #999; margin: 1em 0em 1em; border-collapse: collapse; width:100%;\">\n      <tr>\n       <th {$headerStyle}>\n        {ts}Membership Options{/ts}\n       </th>\n      </tr>\n      {foreach from=$customValues item=value key=customName}\n       <tr>\n        <td {$labelStyle}>\n         {$customName}\n        </td>\n        <td {$valueStyle}>\n         {$value}\n        </td>\n       </tr>\n      {/foreach}\n     </table>\n    </td>\n   </tr>\n  {/if}\n\n </table>\n</center>\n\n</body>\n</html>\n',1,704,0,1,NULL),(39,'Memberships - Receipt (on-line)','{if $is_pay_later}{ts}Invoice{/ts}{else}{ts}Receipt{/ts}{/if} - {$title}\n','{if $receipt_text}\n{$receipt_text}\n{/if}\n{if $is_pay_later}\n\n===========================================================\n{$pay_later_receipt}\n===========================================================\n{else}\n\n{ts}Please print this receipt for your records.{/ts}\n{/if}\n\n{if $membership_assign && !$useForMember}\n===========================================================\n{ts}Membership Information{/ts}\n\n===========================================================\n{ts}Membership Type{/ts}: {$membership_name}\n{if $mem_start_date}{ts}Membership Start Date{/ts}: {$mem_start_date|crmDate}\n{/if}\n{if $mem_end_date}{ts}Membership End Date{/ts}: {$mem_end_date|crmDate}\n{/if}\n\n{/if}\n{if $amount}\n===========================================================\n{ts}Membership Fee{/ts}\n\n===========================================================\n{if !$useForMember && $membership_amount && $is_quick_config}\n{ts 1=$membership_name}%1 Membership{/ts}: {$membership_amount|crmMoney}\n{if $amount}\n{if ! $is_separate_payment }\n{ts}Contribution Amount{/ts}: {$amount|crmMoney}\n{else}\n{ts}Additional Contribution{/ts}: {$amount|crmMoney}\n{/if}\n{/if}\n-------------------------------------------\n{ts}Total{/ts}: {$amount+$membership_amount|crmMoney}\n{elseif !$useForMember && $lineItem and $priceSetID & !$is_quick_config}\n{foreach from=$lineItem item=value key=priceset}\n---------------------------------------------------------\n{capture assign=ts_item}{ts}Item{/ts}{/capture}\n{capture assign=ts_qty}{ts}Qty{/ts}{/capture}\n{capture assign=ts_each}{ts}Each{/ts}{/capture}\n{capture assign=ts_total}{ts}Total{/ts}{/capture}\n{$ts_item|string_format:\"%-30s\"} {$ts_qty|string_format:\"%5s\"} {$ts_each|string_format:\"%10s\"} {$ts_total|string_format:\"%10s\"}\n----------------------------------------------------------\n{foreach from=$value item=line}\n{$line.description|truncate:30:\"...\"|string_format:\"%-30s\"} {$line.qty|string_format:\"%5s\"} {$line.unit_price|crmMoney|string_format:\"%10s\"} {$line.line_total|crmMoney|string_format:\"%10s\"}\n{/foreach}\n{/foreach}\n\n{ts}Total Amount{/ts}: {$amount|crmMoney}\n{else}\n{if $useForMember && $lineItem && !$is_quick_config}\n{foreach from=$lineItem item=value key=priceset}\n{capture assign=ts_item}{ts}Item{/ts}{/capture}\n{capture assign=ts_total}{ts}Fee{/ts}{/capture}\n{capture assign=ts_start_date}{ts}Membership Start Date{/ts}{/capture}\n{capture assign=ts_end_date}{ts}Membership End Date{/ts}{/capture}\n{$ts_item|string_format:\"%-30s\"} {$ts_total|string_format:\"%10s\"} {$ts_start_date|string_format:\"%20s\"} {$ts_end_date|string_format:\"%20s\"}\n--------------------------------------------------------------------------------------------------\n\n{foreach from=$value item=line}\n{capture assign=ts_item}{if $line.html_type eq \'Text\'}{$line.label}{else}{$line.field_title} - {$line.label}{/if} {if $line.description} {$line.description}{/if}{/capture}{$ts_item|truncate:30:\"...\"|string_format:\"%-30s\"} {$line.line_total|crmMoney|string_format:\"%10s\"} {$line.start_date|string_format:\"%20s\"} {$line.end_date|string_format:\"%20s\"}\n{/foreach}\n{/foreach}\n--------------------------------------------------------------------------------------------------\n{/if}\n{ts}Amount{/ts}: {$amount|crmMoney} {if $amount_level } - {$amount_level} {/if}\n{/if}\n{elseif $membership_amount}\n===========================================================\n{ts}Membership Fee{/ts}\n\n===========================================================\n{ts 1=$membership_name}%1 Membership{/ts}: {$membership_amount|crmMoney}\n{/if}\n{if $receive_date}\n\n{ts}Date{/ts}: {$receive_date|crmDate}\n{/if}\n{if $is_monetary and $trxn_id}\n{ts}Transaction #{/ts}: {$trxn_id}\n\n{/if}\n{if $membership_trx_id}\n{ts}Membership Transaction #{/ts}: {$membership_trx_id}\n\n{/if}\n{if $is_recur}\n{if $contributeMode eq \'notify\' or $contributeMode eq \'directIPN\'}\n{ts 1=$cancelSubscriptionUrl}This membership will be renewed automatically. You can cancel the auto-renewal option by visiting this web page: %1.{/ts}\n\n{ts 1=$updateSubscriptionBillingUrl}You can update billing details for this automatically renewed membership by <a href=\"%1\">visiting this web page</a>.{/ts}\n{/if}\n{/if}\n\n{if $honor_block_is_active }\n===========================================================\n{$honor_type}\n===========================================================\n{$honor_prefix} {$honor_first_name} {$honor_last_name}\n{if $honor_email}\n{ts}Honoree Email{/ts}: {$honor_email}\n{/if}\n\n{/if}\n{if $pcpBlock}\n===========================================================\n{ts}Personal Campaign Page{/ts}\n\n===========================================================\n{ts}Display In Honor Roll{/ts}: {if $pcp_display_in_roll}{ts}Yes{/ts}{else}{ts}No{/ts}{/if}\n\n{if $pcp_roll_nickname}{ts}Nick Name{/ts}: {$pcp_roll_nickname}{/if}\n\n{if $pcp_personal_note}{ts}Personal Note{/ts}: {$pcp_personal_note}{/if}\n\n{/if}\n{if $onBehalfProfile}\n===========================================================\n{ts}On Behalf Of{/ts}\n\n===========================================================\n{foreach from=$onBehalfProfile item=onBehalfValue key=onBehalfName}\n{$onBehalfName}: {$onBehalfValue}\n{/foreach}\n{/if}\n\n{if !( $contributeMode eq \'notify\' OR $contributeMode eq \'directIPN\' ) and $is_monetary}\n{if $is_pay_later}\n===========================================================\n{ts}Registered Email{/ts}\n\n===========================================================\n{$email}\n{elseif $amount GT 0 OR $membership_amount GT 0 }\n===========================================================\n{ts}Billing Name and Address{/ts}\n\n===========================================================\n{$billingName}\n{$address}\n\n{$email}\n{/if} {* End ! is_pay_later condition. *}\n{/if}\n{if $contributeMode eq \'direct\' AND !$is_pay_later AND ( $amount GT 0 OR $membership_amount GT 0 ) }\n\n===========================================================\n{ts}Credit Card Information{/ts}\n\n===========================================================\n{$credit_card_type}\n{$credit_card_number}\n{ts}Expires{/ts}: {$credit_card_exp_date|truncate:7:\'\'|crmDate}\n{/if}\n\n{if $selectPremium }\n===========================================================\n{ts}Premium Information{/ts}\n\n===========================================================\n{$product_name}\n{if $option}\n{ts}Option{/ts}: {$option}\n{/if}\n{if $sku}\n{ts}SKU{/ts}: {$sku}\n{/if}\n{if $start_date}\n{ts}Start Date{/ts}: {$start_date|crmDate}\n{/if}\n{if $end_date}\n{ts}End Date{/ts}: {$end_date|crmDate}\n{/if}\n{if $contact_email OR $contact_phone}\n\n{ts}For information about this premium, contact:{/ts}\n\n{if $contact_email}\n  {$contact_email}\n{/if}\n{if $contact_phone}\n  {$contact_phone}\n{/if}\n{/if}\n{if $is_deductible AND $price}\n\n{ts 1=$price|crmMoney}The value of this premium is %1. This may affect the amount of the tax deduction you can claim. Consult your tax advisor for more information.{/ts}{/if}\n{/if}\n\n{if $customPre}\n===========================================================\n{$customPre_grouptitle}\n\n===========================================================\n{foreach from=$customPre item=customValue key=customName}\n{if ( $trackingFields and ! in_array( $customName, $trackingFields ) ) or ! $trackingFields}\n {$customName}: {$customValue}\n{/if}\n{/foreach}\n{/if}\n\n\n{if $customPost}\n===========================================================\n{$customPost_grouptitle}\n\n===========================================================\n{foreach from=$customPost item=customValue key=customName}\n{if ( $trackingFields and ! in_array( $customName, $trackingFields ) ) or ! $trackingFields}\n {$customName}: {$customValue}\n{/if}\n{/foreach}\n{/if}\n','<!DOCTYPE html PUBLIC \"-//W3C//DTD XHTML 1.0 Transitional//EN\" \"http://www.w3.org/TR/xhtml1/DTD/xhtml1-transitional.dtd\">\n<html xmlns=\"http://www.w3.org/1999/xhtml\">\n<head>\n <meta http-equiv=\"Content-Type\" content=\"text/html; charset=UTF-8\" />\n <title></title>\n</head>\n<body>\n\n{capture assign=headerStyle}colspan=\"2\" style=\"text-align: left; padding: 4px; border-bottom: 1px solid #999; background-color: #eee;\"{/capture}\n{capture assign=labelStyle }style=\"padding: 4px; border-bottom: 1px solid #999; background-color: #f7f7f7;\"{/capture}\n{capture assign=valueStyle }style=\"padding: 4px; border-bottom: 1px solid #999;\"{/capture}\n\n<center>\n <table width=\"500\" border=\"0\" cellpadding=\"0\" cellspacing=\"0\" id=\"crm-event_receipt\" style=\"font-family: Arial, Verdana, sans-serif; text-align: left;\">\n\n  <!-- BEGIN HEADER -->\n  <!-- You can add table row(s) here with logo or other header elements -->\n  <!-- END HEADER -->\n\n  <!-- BEGIN CONTENT -->\n\n  <tr>\n   <td>\n\n    {if $receipt_text}\n     <p>{$receipt_text|htmlize}</p>\n    {/if}\n\n    {if $is_pay_later}\n     <p>{$pay_later_receipt}</p> {* FIXME: this might be text rather than HTML *}\n    {else}\n     <p>{ts}Please print this confirmation for your records.{/ts}</p>\n    {/if}\n\n   </td>\n  </tr>\n  </table>\n  <table width=\"500\" style=\"border: 1px solid #999; margin: 1em 0em 1em; border-collapse: collapse;\">\n\n     {if $membership_assign && !$useForMember}\n      <tr>\n       <th {$headerStyle}>\n        {ts}Membership Information{/ts}\n       </th>\n      </tr>\n      <tr>\n       <td {$labelStyle}>\n        {ts}Membership Type{/ts}\n       </td>\n       <td {$valueStyle}>\n        {$membership_name}\n       </td>\n      </tr>\n      {if $mem_start_date}\n       <tr>\n        <td {$labelStyle}>\n         {ts}Membership Start Date{/ts}\n        </td>\n        <td {$valueStyle}>\n         {$mem_start_date|crmDate}\n        </td>\n       </tr>\n      {/if}\n      {if $mem_end_date}\n       <tr>\n        <td {$labelStyle}>\n         {ts}Membership End Date{/ts}\n        </td>\n        <td {$valueStyle}>\n          {$mem_end_date|crmDate}\n        </td>\n       </tr>\n      {/if}\n     {/if}\n\n\n     {if $amount}\n      <tr>\n       <th {$headerStyle}>\n        {ts}Membership Fee{/ts}\n       </th>\n      </tr>\n\n      {if !$useForMember and $membership_amount and $is_quick_config}\n\n       <tr>\n        <td {$labelStyle}>\n         {ts 1=$membership_name}%1 Membership{/ts}\n        </td>\n        <td {$valueStyle}>\n         {$membership_amount|crmMoney}\n        </td>\n       </tr>\n       {if $amount}\n        {if ! $is_separate_payment }\n         <tr>\n          <td {$labelStyle}>\n           {ts}Contribution Amount{/ts}\n          </td>\n          <td {$valueStyle}>\n           {$amount|crmMoney}\n          </td>\n         </tr>\n        {else}\n         <tr>\n          <td {$labelStyle}>\n           {ts}Additional Contribution{/ts}\n          </td>\n          <td {$valueStyle}>\n           {$amount|crmMoney}\n          </td>\n         </tr>\n        {/if}\n       {/if}\n       <tr>\n        <td {$labelStyle}>\n         {ts}Total{/ts}\n        </td>\n        <td {$valueStyle}>\n         {$amount+$membership_amount|crmMoney}\n        </td>\n       </tr>\n\n      {elseif !$useForMember && $lineItem and $priceSetID and !$is_quick_config}\n\n       {foreach from=$lineItem item=value key=priceset}\n        <tr>\n         <td colspan=\"2\" {$valueStyle}>\n          <table> {* FIXME: style this table so that it looks like the text version (justification, etc.) *}\n           <tr>\n            <th>{ts}Item{/ts}</th>\n            <th>{ts}Qty{/ts}</th>\n            <th>{ts}Each{/ts}</th>\n            <th>{ts}Total{/ts}</th>\n           </tr>\n           {foreach from=$value item=line}\n            <tr>\n             <td>\n              {$line.description|truncate:30:\"...\"}\n             </td>\n             <td>\n              {$line.qty}\n             </td>\n             <td>\n              {$line.unit_price|crmMoney}\n             </td>\n             <td>\n              {$line.line_total|crmMoney}\n             </td>\n            </tr>\n           {/foreach}\n          </table>\n         </td>\n        </tr>\n       {/foreach}\n       <tr>\n        <td {$labelStyle}>\n         {ts}Total Amount{/ts}\n        </td>\n        <td {$valueStyle}>\n         {$amount|crmMoney}\n        </td>\n       </tr>\n\n      {else}\n       {if $useForMember && $lineItem and !$is_quick_config}\n       {foreach from=$lineItem item=value key=priceset}\n        <tr>\n         <td colspan=\"2\" {$valueStyle}>\n          <table> {* FIXME: style this table so that it looks like the text version (justification, etc.) *}\n           <tr>\n            <th>{ts}Item{/ts}</th>\n            <th>{ts}Fee{/ts}</th>\n	    <th>{ts}Membership Start Date{/ts}</th>\n	    <th>{ts}Membership End Date{/ts}</th>\n           </tr>\n           {foreach from=$value item=line}\n            <tr>\n             <td>\n             {if $line.html_type eq \'Text\'}{$line.label}{else}{$line.field_title} - {$line.label}{/if} {if $line.description}<div>{$line.description|truncate:30:\"...\"}</div>{/if}\n             </td>\n             <td>\n              {$line.line_total|crmMoney}\n             </td>\n             <td>\n              {$line.start_date}\n             </td>\n	     <td>\n              {$line.end_date}\n             </td>\n            </tr>\n           {/foreach}\n          </table>\n         </td>\n        </tr>\n       {/foreach}\n       {/if}\n       <tr>\n        <td {$labelStyle}>\n         {ts}Amount{/ts}\n        </td>\n        <td {$valueStyle}>\n         {$amount|crmMoney} {if $amount_level} - {$amount_level}{/if}\n        </td>\n       </tr>\n\n      {/if}\n\n\n     {elseif $membership_amount}\n\n\n      <tr>\n       <th {$headerStyle}>\n        {ts}Membership Fee{/ts}\n       </th>\n      </tr>\n      <tr>\n       <td {$labelStyle}>\n        {ts 1=$membership_name}%1 Membership{/ts}\n       </td>\n       <td {$valueStyle}>\n        {$membership_amount|crmMoney}\n       </td>\n      </tr>\n\n\n     {/if}\n\n\n     {if $receive_date}\n      <tr>\n       <td {$labelStyle}>\n        {ts}Date{/ts}\n       </td>\n       <td {$valueStyle}>\n        {$receive_date|crmDate}\n       </td>\n      </tr>\n     {/if}\n\n     {if $is_monetary and $trxn_id}\n      <tr>\n       <td {$labelStyle}>\n        {ts}Transaction #{/ts}\n       </td>\n       <td {$valueStyle}>\n        {$trxn_id}\n       </td>\n      </tr>\n     {/if}\n\n     {if $membership_trx_id}\n      <tr>\n       <td {$labelStyle}>\n        {ts}Membership Transaction #{/ts}\n       </td>\n       <td {$valueStyle}>\n        {$membership_trx_id}\n       </td>\n      </tr>\n     {/if}\n     {if $is_recur}\n      {if $contributeMode eq \'notify\' or $contributeMode eq \'directIPN\'}\n       <tr>\n        <td colspan=\"2\" {$labelStyle}>\n         {ts 1=$cancelSubscriptionUrl}This membership will be renewed automatically. You can cancel the auto-renewal option by <a href=\"%1\">visiting this web page</a>.{/ts}\n        </td>\n       </tr>\n       <tr>\n        <td colspan=\"2\" {$labelStyle}>\n         {ts 1=$updateSubscriptionBillingUrl}You can update billing details for this automatically renewed membership by <a href=\"%1\">visiting this web page</a>.{/ts}\n        </td>\n       </tr>\n      {/if}\n     {/if}\n\n     {if $honor_block_is_active}\n      <tr>\n       <th {$headerStyle}>\n        {$honor_type}\n       </th>\n      </tr>\n      <tr>\n       <td colspan=\"2\" {$labelStyle}>\n        {$honor_prefix} {$honor_first_name} {$honor_last_name}\n       </td>\n      </tr>\n      {if $honor_email}\n       <tr>\n        <td {$labelStyle}>\n         {ts}Honoree Email{/ts}\n        </td>\n        <td {$valueStyle}>\n         {$honor_email}\n        </td>\n       </tr>\n      {/if}\n     {/if}\n\n     {if $pcpBlock}\n      <tr>\n       <th {$headerStyle}>\n        {ts}Personal Campaign Page{/ts}\n       </th>\n      </tr>\n      <tr>\n       <td {$labelStyle}>\n        {ts}Display In Honor Roll{/ts}\n       </td>\n       <td {$valueStyle}>\n        {if $pcp_display_in_roll}{ts}Yes{/ts}{else}{ts}No{/ts}{/if}\n       </td>\n      </tr>\n      {if $pcp_roll_nickname}\n       <tr>\n        <td {$labelStyle}>\n         {ts}Nick Name{/ts}\n        </td>\n        <td {$valueStyle}>\n         {$pcp_roll_nickname}\n        </td>\n       </tr>\n      {/if}\n      {if $pcp_personal_note}\n       <tr>\n        <td {$labelStyle}>\n         {ts}Personal Note{/ts}\n        </td>\n        <td {$valueStyle}>\n         {$pcp_personal_note}\n        </td>\n       </tr>\n      {/if}\n     {/if}\n\n     {if $onBehalfProfile}\n      <tr>\n       <th {$headerStyle}>\n        {$onBehalfProfile_grouptitle}\n       </th>\n      </tr>\n      {foreach from=$onBehalfProfile item=onBehalfValue key=onBehalfName}\n        <tr>\n         <td {$labelStyle}>\n          {$onBehalfName}\n         </td>\n         <td {$valueStyle}>\n          {$onBehalfValue}\n         </td>\n        </tr>\n      {/foreach}\n     {/if}\n\n     {if ! ($contributeMode eq \'notify\' OR $contributeMode eq \'directIPN\') and $is_monetary}\n      {if $is_pay_later}\n       <tr>\n        <th {$headerStyle}>\n         {ts}Registered Email{/ts}\n        </th>\n       </tr>\n       <tr>\n        <td colspan=\"2\" {$valueStyle}>\n         {$email}\n        </td>\n       </tr>\n      {elseif $amount GT 0 OR $membership_amount GT 0}\n       <tr>\n        <th {$headerStyle}>\n         {ts}Billing Name and Address{/ts}\n        </th>\n       </tr>\n       <tr>\n        <td colspan=\"2\" {$valueStyle}>\n         {$billingName}<br />\n         {$address|nl2br}<br />\n         {$email}\n        </td>\n       </tr>\n      {/if}\n     {/if}\n\n     {if $contributeMode eq \'direct\' AND !$is_pay_later AND ($amount GT 0 OR $membership_amount GT 0)}\n      <tr>\n       <th {$headerStyle}>\n        {ts}Credit Card Information{/ts}\n       </th>\n      </tr>\n      <tr>\n       <td colspan=\"2\" {$valueStyle}>\n        {$credit_card_type}<br />\n        {$credit_card_number}<br />\n        {ts}Expires{/ts}: {$credit_card_exp_date|truncate:7:\'\'|crmDate}<br />\n       </td>\n      </tr>\n     {/if}\n\n     {if $selectPremium}\n      <tr>\n       <th {$headerStyle}>\n        {ts}Premium Information{/ts}\n       </th>\n      </tr>\n      <tr>\n       <td colspan=\"2\" {$labelStyle}>\n        {$product_name}\n       </td>\n      </tr>\n      {if $option}\n       <tr>\n        <td {$labelStyle}>\n         {ts}Option{/ts}\n        </td>\n        <td {$valueStyle}>\n         {$option}\n        </td>\n       </tr>\n      {/if}\n      {if $sku}\n       <tr>\n        <td {$labelStyle}>\n         {ts}SKU{/ts}\n        </td>\n        <td {$valueStyle}>\n         {$sku}\n        </td>\n       </tr>\n      {/if}\n      {if $start_date}\n       <tr>\n        <td {$labelStyle}>\n         {ts}Start Date{/ts}\n        </td>\n        <td {$valueStyle}>\n         {$start_date|crmDate}\n        </td>\n       </tr>\n      {/if}\n      {if $end_date}\n       <tr>\n        <td {$labelStyle}>\n         {ts}End Date{/ts}\n        </td>\n        <td {$valueStyle}>\n         {$end_date|crmDate}\n        </td>\n       </tr>\n      {/if}\n      {if $contact_email OR $contact_phone}\n       <tr>\n        <td colspan=\"2\" {$valueStyle}>\n         <p>{ts}For information about this premium, contact:{/ts}</p>\n         {if $contact_email}\n          <p>{$contact_email}</p>\n         {/if}\n         {if $contact_phone}\n          <p>{$contact_phone}</p>\n         {/if}\n        </td>\n       </tr>\n      {/if}\n      {if $is_deductible AND $price}\n        <tr>\n         <td colspan=\"2\" {$valueStyle}>\n          <p>{ts 1=$price|crmMoney}The value of this premium is %1. This may affect the amount of the tax deduction you can claim. Consult your tax advisor for more information.{/ts}</p>\n         </td>\n        </tr>\n      {/if}\n     {/if}\n\n     {if $customPre}\n      <tr>\n       <th {$headerStyle}>\n        {$customPre_grouptitle}\n       </th>\n      </tr>\n      {foreach from=$customPre item=customValue key=customName}\n       {if ($trackingFields and ! in_array($customName, $trackingFields)) or ! $trackingFields}\n        <tr>\n         <td {$labelStyle}>\n          {$customName}\n         </td>\n         <td {$valueStyle}>\n          {$customValue}\n         </td>\n        </tr>\n       {/if}\n      {/foreach}\n     {/if}\n\n     {if $customPost}\n      <tr>\n       <th {$headerStyle}>\n        {$customPost_grouptitle}\n       </th>\n      </tr>\n      {foreach from=$customPost item=customValue key=customName}\n       {if ($trackingFields and ! in_array($customName, $trackingFields)) or ! $trackingFields}\n        <tr>\n         <td {$labelStyle}>\n          {$customName}\n         </td>\n         <td {$valueStyle}>\n          {$customValue}\n         </td>\n        </tr>\n       {/if}\n      {/foreach}\n     {/if}\n\n  </table>\n</center>\n\n</body>\n</html>\n',1,705,1,0,NULL),(40,'Memberships - Receipt (on-line)','{if $is_pay_later}{ts}Invoice{/ts}{else}{ts}Receipt{/ts}{/if} - {$title}\n','{if $receipt_text}\n{$receipt_text}\n{/if}\n{if $is_pay_later}\n\n===========================================================\n{$pay_later_receipt}\n===========================================================\n{else}\n\n{ts}Please print this receipt for your records.{/ts}\n{/if}\n\n{if $membership_assign && !$useForMember}\n===========================================================\n{ts}Membership Information{/ts}\n\n===========================================================\n{ts}Membership Type{/ts}: {$membership_name}\n{if $mem_start_date}{ts}Membership Start Date{/ts}: {$mem_start_date|crmDate}\n{/if}\n{if $mem_end_date}{ts}Membership End Date{/ts}: {$mem_end_date|crmDate}\n{/if}\n\n{/if}\n{if $amount}\n===========================================================\n{ts}Membership Fee{/ts}\n\n===========================================================\n{if !$useForMember && $membership_amount && $is_quick_config}\n{ts 1=$membership_name}%1 Membership{/ts}: {$membership_amount|crmMoney}\n{if $amount}\n{if ! $is_separate_payment }\n{ts}Contribution Amount{/ts}: {$amount|crmMoney}\n{else}\n{ts}Additional Contribution{/ts}: {$amount|crmMoney}\n{/if}\n{/if}\n-------------------------------------------\n{ts}Total{/ts}: {$amount+$membership_amount|crmMoney}\n{elseif !$useForMember && $lineItem and $priceSetID & !$is_quick_config}\n{foreach from=$lineItem item=value key=priceset}\n---------------------------------------------------------\n{capture assign=ts_item}{ts}Item{/ts}{/capture}\n{capture assign=ts_qty}{ts}Qty{/ts}{/capture}\n{capture assign=ts_each}{ts}Each{/ts}{/capture}\n{capture assign=ts_total}{ts}Total{/ts}{/capture}\n{$ts_item|string_format:\"%-30s\"} {$ts_qty|string_format:\"%5s\"} {$ts_each|string_format:\"%10s\"} {$ts_total|string_format:\"%10s\"}\n----------------------------------------------------------\n{foreach from=$value item=line}\n{$line.description|truncate:30:\"...\"|string_format:\"%-30s\"} {$line.qty|string_format:\"%5s\"} {$line.unit_price|crmMoney|string_format:\"%10s\"} {$line.line_total|crmMoney|string_format:\"%10s\"}\n{/foreach}\n{/foreach}\n\n{ts}Total Amount{/ts}: {$amount|crmMoney}\n{else}\n{if $useForMember && $lineItem && !$is_quick_config}\n{foreach from=$lineItem item=value key=priceset}\n{capture assign=ts_item}{ts}Item{/ts}{/capture}\n{capture assign=ts_total}{ts}Fee{/ts}{/capture}\n{capture assign=ts_start_date}{ts}Membership Start Date{/ts}{/capture}\n{capture assign=ts_end_date}{ts}Membership End Date{/ts}{/capture}\n{$ts_item|string_format:\"%-30s\"} {$ts_total|string_format:\"%10s\"} {$ts_start_date|string_format:\"%20s\"} {$ts_end_date|string_format:\"%20s\"}\n--------------------------------------------------------------------------------------------------\n\n{foreach from=$value item=line}\n{capture assign=ts_item}{if $line.html_type eq \'Text\'}{$line.label}{else}{$line.field_title} - {$line.label}{/if} {if $line.description} {$line.description}{/if}{/capture}{$ts_item|truncate:30:\"...\"|string_format:\"%-30s\"} {$line.line_total|crmMoney|string_format:\"%10s\"} {$line.start_date|string_format:\"%20s\"} {$line.end_date|string_format:\"%20s\"}\n{/foreach}\n{/foreach}\n--------------------------------------------------------------------------------------------------\n{/if}\n{ts}Amount{/ts}: {$amount|crmMoney} {if $amount_level } - {$amount_level} {/if}\n{/if}\n{elseif $membership_amount}\n===========================================================\n{ts}Membership Fee{/ts}\n\n===========================================================\n{ts 1=$membership_name}%1 Membership{/ts}: {$membership_amount|crmMoney}\n{/if}\n{if $receive_date}\n\n{ts}Date{/ts}: {$receive_date|crmDate}\n{/if}\n{if $is_monetary and $trxn_id}\n{ts}Transaction #{/ts}: {$trxn_id}\n\n{/if}\n{if $membership_trx_id}\n{ts}Membership Transaction #{/ts}: {$membership_trx_id}\n\n{/if}\n{if $is_recur}\n{if $contributeMode eq \'notify\' or $contributeMode eq \'directIPN\'}\n{ts 1=$cancelSubscriptionUrl}This membership will be renewed automatically. You can cancel the auto-renewal option by visiting this web page: %1.{/ts}\n\n{ts 1=$updateSubscriptionBillingUrl}You can update billing details for this automatically renewed membership by <a href=\"%1\">visiting this web page</a>.{/ts}\n{/if}\n{/if}\n\n{if $honor_block_is_active }\n===========================================================\n{$honor_type}\n===========================================================\n{$honor_prefix} {$honor_first_name} {$honor_last_name}\n{if $honor_email}\n{ts}Honoree Email{/ts}: {$honor_email}\n{/if}\n\n{/if}\n{if $pcpBlock}\n===========================================================\n{ts}Personal Campaign Page{/ts}\n\n===========================================================\n{ts}Display In Honor Roll{/ts}: {if $pcp_display_in_roll}{ts}Yes{/ts}{else}{ts}No{/ts}{/if}\n\n{if $pcp_roll_nickname}{ts}Nick Name{/ts}: {$pcp_roll_nickname}{/if}\n\n{if $pcp_personal_note}{ts}Personal Note{/ts}: {$pcp_personal_note}{/if}\n\n{/if}\n{if $onBehalfProfile}\n===========================================================\n{ts}On Behalf Of{/ts}\n\n===========================================================\n{foreach from=$onBehalfProfile item=onBehalfValue key=onBehalfName}\n{$onBehalfName}: {$onBehalfValue}\n{/foreach}\n{/if}\n\n{if !( $contributeMode eq \'notify\' OR $contributeMode eq \'directIPN\' ) and $is_monetary}\n{if $is_pay_later}\n===========================================================\n{ts}Registered Email{/ts}\n\n===========================================================\n{$email}\n{elseif $amount GT 0 OR $membership_amount GT 0 }\n===========================================================\n{ts}Billing Name and Address{/ts}\n\n===========================================================\n{$billingName}\n{$address}\n\n{$email}\n{/if} {* End ! is_pay_later condition. *}\n{/if}\n{if $contributeMode eq \'direct\' AND !$is_pay_later AND ( $amount GT 0 OR $membership_amount GT 0 ) }\n\n===========================================================\n{ts}Credit Card Information{/ts}\n\n===========================================================\n{$credit_card_type}\n{$credit_card_number}\n{ts}Expires{/ts}: {$credit_card_exp_date|truncate:7:\'\'|crmDate}\n{/if}\n\n{if $selectPremium }\n===========================================================\n{ts}Premium Information{/ts}\n\n===========================================================\n{$product_name}\n{if $option}\n{ts}Option{/ts}: {$option}\n{/if}\n{if $sku}\n{ts}SKU{/ts}: {$sku}\n{/if}\n{if $start_date}\n{ts}Start Date{/ts}: {$start_date|crmDate}\n{/if}\n{if $end_date}\n{ts}End Date{/ts}: {$end_date|crmDate}\n{/if}\n{if $contact_email OR $contact_phone}\n\n{ts}For information about this premium, contact:{/ts}\n\n{if $contact_email}\n  {$contact_email}\n{/if}\n{if $contact_phone}\n  {$contact_phone}\n{/if}\n{/if}\n{if $is_deductible AND $price}\n\n{ts 1=$price|crmMoney}The value of this premium is %1. This may affect the amount of the tax deduction you can claim. Consult your tax advisor for more information.{/ts}{/if}\n{/if}\n\n{if $customPre}\n===========================================================\n{$customPre_grouptitle}\n\n===========================================================\n{foreach from=$customPre item=customValue key=customName}\n{if ( $trackingFields and ! in_array( $customName, $trackingFields ) ) or ! $trackingFields}\n {$customName}: {$customValue}\n{/if}\n{/foreach}\n{/if}\n\n\n{if $customPost}\n===========================================================\n{$customPost_grouptitle}\n\n===========================================================\n{foreach from=$customPost item=customValue key=customName}\n{if ( $trackingFields and ! in_array( $customName, $trackingFields ) ) or ! $trackingFields}\n {$customName}: {$customValue}\n{/if}\n{/foreach}\n{/if}\n','<!DOCTYPE html PUBLIC \"-//W3C//DTD XHTML 1.0 Transitional//EN\" \"http://www.w3.org/TR/xhtml1/DTD/xhtml1-transitional.dtd\">\n<html xmlns=\"http://www.w3.org/1999/xhtml\">\n<head>\n <meta http-equiv=\"Content-Type\" content=\"text/html; charset=UTF-8\" />\n <title></title>\n</head>\n<body>\n\n{capture assign=headerStyle}colspan=\"2\" style=\"text-align: left; padding: 4px; border-bottom: 1px solid #999; background-color: #eee;\"{/capture}\n{capture assign=labelStyle }style=\"padding: 4px; border-bottom: 1px solid #999; background-color: #f7f7f7;\"{/capture}\n{capture assign=valueStyle }style=\"padding: 4px; border-bottom: 1px solid #999;\"{/capture}\n\n<center>\n <table width=\"500\" border=\"0\" cellpadding=\"0\" cellspacing=\"0\" id=\"crm-event_receipt\" style=\"font-family: Arial, Verdana, sans-serif; text-align: left;\">\n\n  <!-- BEGIN HEADER -->\n  <!-- You can add table row(s) here with logo or other header elements -->\n  <!-- END HEADER -->\n\n  <!-- BEGIN CONTENT -->\n\n  <tr>\n   <td>\n\n    {if $receipt_text}\n     <p>{$receipt_text|htmlize}</p>\n    {/if}\n\n    {if $is_pay_later}\n     <p>{$pay_later_receipt}</p> {* FIXME: this might be text rather than HTML *}\n    {else}\n     <p>{ts}Please print this confirmation for your records.{/ts}</p>\n    {/if}\n\n   </td>\n  </tr>\n  </table>\n  <table width=\"500\" style=\"border: 1px solid #999; margin: 1em 0em 1em; border-collapse: collapse;\">\n\n     {if $membership_assign && !$useForMember}\n      <tr>\n       <th {$headerStyle}>\n        {ts}Membership Information{/ts}\n       </th>\n      </tr>\n      <tr>\n       <td {$labelStyle}>\n        {ts}Membership Type{/ts}\n       </td>\n       <td {$valueStyle}>\n        {$membership_name}\n       </td>\n      </tr>\n      {if $mem_start_date}\n       <tr>\n        <td {$labelStyle}>\n         {ts}Membership Start Date{/ts}\n        </td>\n        <td {$valueStyle}>\n         {$mem_start_date|crmDate}\n        </td>\n       </tr>\n      {/if}\n      {if $mem_end_date}\n       <tr>\n        <td {$labelStyle}>\n         {ts}Membership End Date{/ts}\n        </td>\n        <td {$valueStyle}>\n          {$mem_end_date|crmDate}\n        </td>\n       </tr>\n      {/if}\n     {/if}\n\n\n     {if $amount}\n      <tr>\n       <th {$headerStyle}>\n        {ts}Membership Fee{/ts}\n       </th>\n      </tr>\n\n      {if !$useForMember and $membership_amount and $is_quick_config}\n\n       <tr>\n        <td {$labelStyle}>\n         {ts 1=$membership_name}%1 Membership{/ts}\n        </td>\n        <td {$valueStyle}>\n         {$membership_amount|crmMoney}\n        </td>\n       </tr>\n       {if $amount}\n        {if ! $is_separate_payment }\n         <tr>\n          <td {$labelStyle}>\n           {ts}Contribution Amount{/ts}\n          </td>\n          <td {$valueStyle}>\n           {$amount|crmMoney}\n          </td>\n         </tr>\n        {else}\n         <tr>\n          <td {$labelStyle}>\n           {ts}Additional Contribution{/ts}\n          </td>\n          <td {$valueStyle}>\n           {$amount|crmMoney}\n          </td>\n         </tr>\n        {/if}\n       {/if}\n       <tr>\n        <td {$labelStyle}>\n         {ts}Total{/ts}\n        </td>\n        <td {$valueStyle}>\n         {$amount+$membership_amount|crmMoney}\n        </td>\n       </tr>\n\n      {elseif !$useForMember && $lineItem and $priceSetID and !$is_quick_config}\n\n       {foreach from=$lineItem item=value key=priceset}\n        <tr>\n         <td colspan=\"2\" {$valueStyle}>\n          <table> {* FIXME: style this table so that it looks like the text version (justification, etc.) *}\n           <tr>\n            <th>{ts}Item{/ts}</th>\n            <th>{ts}Qty{/ts}</th>\n            <th>{ts}Each{/ts}</th>\n            <th>{ts}Total{/ts}</th>\n           </tr>\n           {foreach from=$value item=line}\n            <tr>\n             <td>\n              {$line.description|truncate:30:\"...\"}\n             </td>\n             <td>\n              {$line.qty}\n             </td>\n             <td>\n              {$line.unit_price|crmMoney}\n             </td>\n             <td>\n              {$line.line_total|crmMoney}\n             </td>\n            </tr>\n           {/foreach}\n          </table>\n         </td>\n        </tr>\n       {/foreach}\n       <tr>\n        <td {$labelStyle}>\n         {ts}Total Amount{/ts}\n        </td>\n        <td {$valueStyle}>\n         {$amount|crmMoney}\n        </td>\n       </tr>\n\n      {else}\n       {if $useForMember && $lineItem and !$is_quick_config}\n       {foreach from=$lineItem item=value key=priceset}\n        <tr>\n         <td colspan=\"2\" {$valueStyle}>\n          <table> {* FIXME: style this table so that it looks like the text version (justification, etc.) *}\n           <tr>\n            <th>{ts}Item{/ts}</th>\n            <th>{ts}Fee{/ts}</th>\n	    <th>{ts}Membership Start Date{/ts}</th>\n	    <th>{ts}Membership End Date{/ts}</th>\n           </tr>\n           {foreach from=$value item=line}\n            <tr>\n             <td>\n             {if $line.html_type eq \'Text\'}{$line.label}{else}{$line.field_title} - {$line.label}{/if} {if $line.description}<div>{$line.description|truncate:30:\"...\"}</div>{/if}\n             </td>\n             <td>\n              {$line.line_total|crmMoney}\n             </td>\n             <td>\n              {$line.start_date}\n             </td>\n	     <td>\n              {$line.end_date}\n             </td>\n            </tr>\n           {/foreach}\n          </table>\n         </td>\n        </tr>\n       {/foreach}\n       {/if}\n       <tr>\n        <td {$labelStyle}>\n         {ts}Amount{/ts}\n        </td>\n        <td {$valueStyle}>\n         {$amount|crmMoney} {if $amount_level} - {$amount_level}{/if}\n        </td>\n       </tr>\n\n      {/if}\n\n\n     {elseif $membership_amount}\n\n\n      <tr>\n       <th {$headerStyle}>\n        {ts}Membership Fee{/ts}\n       </th>\n      </tr>\n      <tr>\n       <td {$labelStyle}>\n        {ts 1=$membership_name}%1 Membership{/ts}\n       </td>\n       <td {$valueStyle}>\n        {$membership_amount|crmMoney}\n       </td>\n      </tr>\n\n\n     {/if}\n\n\n     {if $receive_date}\n      <tr>\n       <td {$labelStyle}>\n        {ts}Date{/ts}\n       </td>\n       <td {$valueStyle}>\n        {$receive_date|crmDate}\n       </td>\n      </tr>\n     {/if}\n\n     {if $is_monetary and $trxn_id}\n      <tr>\n       <td {$labelStyle}>\n        {ts}Transaction #{/ts}\n       </td>\n       <td {$valueStyle}>\n        {$trxn_id}\n       </td>\n      </tr>\n     {/if}\n\n     {if $membership_trx_id}\n      <tr>\n       <td {$labelStyle}>\n        {ts}Membership Transaction #{/ts}\n       </td>\n       <td {$valueStyle}>\n        {$membership_trx_id}\n       </td>\n      </tr>\n     {/if}\n     {if $is_recur}\n      {if $contributeMode eq \'notify\' or $contributeMode eq \'directIPN\'}\n       <tr>\n        <td colspan=\"2\" {$labelStyle}>\n         {ts 1=$cancelSubscriptionUrl}This membership will be renewed automatically. You can cancel the auto-renewal option by <a href=\"%1\">visiting this web page</a>.{/ts}\n        </td>\n       </tr>\n       <tr>\n        <td colspan=\"2\" {$labelStyle}>\n         {ts 1=$updateSubscriptionBillingUrl}You can update billing details for this automatically renewed membership by <a href=\"%1\">visiting this web page</a>.{/ts}\n        </td>\n       </tr>\n      {/if}\n     {/if}\n\n     {if $honor_block_is_active}\n      <tr>\n       <th {$headerStyle}>\n        {$honor_type}\n       </th>\n      </tr>\n      <tr>\n       <td colspan=\"2\" {$labelStyle}>\n        {$honor_prefix} {$honor_first_name} {$honor_last_name}\n       </td>\n      </tr>\n      {if $honor_email}\n       <tr>\n        <td {$labelStyle}>\n         {ts}Honoree Email{/ts}\n        </td>\n        <td {$valueStyle}>\n         {$honor_email}\n        </td>\n       </tr>\n      {/if}\n     {/if}\n\n     {if $pcpBlock}\n      <tr>\n       <th {$headerStyle}>\n        {ts}Personal Campaign Page{/ts}\n       </th>\n      </tr>\n      <tr>\n       <td {$labelStyle}>\n        {ts}Display In Honor Roll{/ts}\n       </td>\n       <td {$valueStyle}>\n        {if $pcp_display_in_roll}{ts}Yes{/ts}{else}{ts}No{/ts}{/if}\n       </td>\n      </tr>\n      {if $pcp_roll_nickname}\n       <tr>\n        <td {$labelStyle}>\n         {ts}Nick Name{/ts}\n        </td>\n        <td {$valueStyle}>\n         {$pcp_roll_nickname}\n        </td>\n       </tr>\n      {/if}\n      {if $pcp_personal_note}\n       <tr>\n        <td {$labelStyle}>\n         {ts}Personal Note{/ts}\n        </td>\n        <td {$valueStyle}>\n         {$pcp_personal_note}\n        </td>\n       </tr>\n      {/if}\n     {/if}\n\n     {if $onBehalfProfile}\n      <tr>\n       <th {$headerStyle}>\n        {$onBehalfProfile_grouptitle}\n       </th>\n      </tr>\n      {foreach from=$onBehalfProfile item=onBehalfValue key=onBehalfName}\n        <tr>\n         <td {$labelStyle}>\n          {$onBehalfName}\n         </td>\n         <td {$valueStyle}>\n          {$onBehalfValue}\n         </td>\n        </tr>\n      {/foreach}\n     {/if}\n\n     {if ! ($contributeMode eq \'notify\' OR $contributeMode eq \'directIPN\') and $is_monetary}\n      {if $is_pay_later}\n       <tr>\n        <th {$headerStyle}>\n         {ts}Registered Email{/ts}\n        </th>\n       </tr>\n       <tr>\n        <td colspan=\"2\" {$valueStyle}>\n         {$email}\n        </td>\n       </tr>\n      {elseif $amount GT 0 OR $membership_amount GT 0}\n       <tr>\n        <th {$headerStyle}>\n         {ts}Billing Name and Address{/ts}\n        </th>\n       </tr>\n       <tr>\n        <td colspan=\"2\" {$valueStyle}>\n         {$billingName}<br />\n         {$address|nl2br}<br />\n         {$email}\n        </td>\n       </tr>\n      {/if}\n     {/if}\n\n     {if $contributeMode eq \'direct\' AND !$is_pay_later AND ($amount GT 0 OR $membership_amount GT 0)}\n      <tr>\n       <th {$headerStyle}>\n        {ts}Credit Card Information{/ts}\n       </th>\n      </tr>\n      <tr>\n       <td colspan=\"2\" {$valueStyle}>\n        {$credit_card_type}<br />\n        {$credit_card_number}<br />\n        {ts}Expires{/ts}: {$credit_card_exp_date|truncate:7:\'\'|crmDate}<br />\n       </td>\n      </tr>\n     {/if}\n\n     {if $selectPremium}\n      <tr>\n       <th {$headerStyle}>\n        {ts}Premium Information{/ts}\n       </th>\n      </tr>\n      <tr>\n       <td colspan=\"2\" {$labelStyle}>\n        {$product_name}\n       </td>\n      </tr>\n      {if $option}\n       <tr>\n        <td {$labelStyle}>\n         {ts}Option{/ts}\n        </td>\n        <td {$valueStyle}>\n         {$option}\n        </td>\n       </tr>\n      {/if}\n      {if $sku}\n       <tr>\n        <td {$labelStyle}>\n         {ts}SKU{/ts}\n        </td>\n        <td {$valueStyle}>\n         {$sku}\n        </td>\n       </tr>\n      {/if}\n      {if $start_date}\n       <tr>\n        <td {$labelStyle}>\n         {ts}Start Date{/ts}\n        </td>\n        <td {$valueStyle}>\n         {$start_date|crmDate}\n        </td>\n       </tr>\n      {/if}\n      {if $end_date}\n       <tr>\n        <td {$labelStyle}>\n         {ts}End Date{/ts}\n        </td>\n        <td {$valueStyle}>\n         {$end_date|crmDate}\n        </td>\n       </tr>\n      {/if}\n      {if $contact_email OR $contact_phone}\n       <tr>\n        <td colspan=\"2\" {$valueStyle}>\n         <p>{ts}For information about this premium, contact:{/ts}</p>\n         {if $contact_email}\n          <p>{$contact_email}</p>\n         {/if}\n         {if $contact_phone}\n          <p>{$contact_phone}</p>\n         {/if}\n        </td>\n       </tr>\n      {/if}\n      {if $is_deductible AND $price}\n        <tr>\n         <td colspan=\"2\" {$valueStyle}>\n          <p>{ts 1=$price|crmMoney}The value of this premium is %1. This may affect the amount of the tax deduction you can claim. Consult your tax advisor for more information.{/ts}</p>\n         </td>\n        </tr>\n      {/if}\n     {/if}\n\n     {if $customPre}\n      <tr>\n       <th {$headerStyle}>\n        {$customPre_grouptitle}\n       </th>\n      </tr>\n      {foreach from=$customPre item=customValue key=customName}\n       {if ($trackingFields and ! in_array($customName, $trackingFields)) or ! $trackingFields}\n        <tr>\n         <td {$labelStyle}>\n          {$customName}\n         </td>\n         <td {$valueStyle}>\n          {$customValue}\n         </td>\n        </tr>\n       {/if}\n      {/foreach}\n     {/if}\n\n     {if $customPost}\n      <tr>\n       <th {$headerStyle}>\n        {$customPost_grouptitle}\n       </th>\n      </tr>\n      {foreach from=$customPost item=customValue key=customName}\n       {if ($trackingFields and ! in_array($customName, $trackingFields)) or ! $trackingFields}\n        <tr>\n         <td {$labelStyle}>\n          {$customName}\n         </td>\n         <td {$valueStyle}>\n          {$customValue}\n         </td>\n        </tr>\n       {/if}\n      {/foreach}\n     {/if}\n\n  </table>\n</center>\n\n</body>\n</html>\n',1,705,0,1,NULL),(41,'Memberships - Auto-renew Cancellation Notification','{ts}Autorenew Membership Cancellation Notification{/ts}\n','{ts 1=$membershipType}The automatic renewal of your %1 membership has been cancelled as requested. This does not affect the status of your membership - you will receive a separate notification when your membership is up for renewal.{/ts}\n\n===========================================================\n{ts}Membership Information{/ts}\n\n===========================================================\n{ts}Membership Status{/ts}: {$membership_status}\n{if $mem_start_date}{ts}Membership Start Date{/ts}: {$mem_start_date|crmDate}\n{/if}\n{if $mem_end_date}{ts}Membership End Date{/ts}: {$mem_end_date|crmDate}\n{/if}\n\n','<!DOCTYPE html PUBLIC \"-//W3C//DTD XHTML 1.0 Transitional//EN\" \"http://www.w3.org/TR/xhtml1/DTD/xhtml1-transitional.dtd\">\n<html xmlns=\"http://www.w3.org/1999/xhtml\">\n<head>\n <meta http-equiv=\"Content-Type\" content=\"text/html; charset=UTF-8\" />\n <title></title>\n</head>\n<body>\n\n{capture assign=headerStyle}colspan=\"2\" style=\"text-align: left; padding: 4px; border-bottom: 1px solid #999; background-color: #eee;\"{/capture}\n{capture assign=labelStyle }style=\"padding: 4px; border-bottom: 1px solid #999; background-color: #f7f7f7;\"{/capture}\n{capture assign=valueStyle }style=\"padding: 4px; border-bottom: 1px solid #999;\"{/capture}\n\n<center>\n <table width=\"500\" border=\"0\" cellpadding=\"0\" cellspacing=\"0\" id=\"crm-event_receipt\" style=\"font-family: Arial, Verdana, sans-serif; text-align: left;\">\n\n  <!-- BEGIN HEADER -->\n  <!-- You can add table row(s) here with logo or other header elements -->\n  <!-- END HEADER -->\n\n  <!-- BEGIN CONTENT -->\n\n  <tr>\n   <td>\n\n    <p>{ts 1=$membershipType}The automatic renewal of your %1 membership has been cancelled as requested. This does not affect the status of your membership - you will receive a separate notification when your membership is up for renewal.{/ts}</p>\n\n   </td>\n  </tr>\n </table>\n <table width=\"500\" style=\"border: 1px solid #999; margin: 1em 0em 1em; border-collapse: collapse;\">\n\n      <tr>\n       <th {$headerStyle}>\n        {ts}Membership Information{/ts}\n       </th>\n      </tr>\n      <tr>\n       <td {$labelStyle}>\n        {ts}Membership Status{/ts}\n       </td>\n       <td {$valueStyle}>\n        {$membership_status}\n       </td>\n      </tr>\n      {if $mem_start_date}\n       <tr>\n        <td {$labelStyle}>\n         {ts}Membership Start Date{/ts}\n        </td>\n        <td {$valueStyle}>\n         {$mem_start_date|crmDate}\n        </td>\n       </tr>\n      {/if}\n      {if $mem_end_date}\n       <tr>\n        <td {$labelStyle}>\n         {ts}Membership End Date{/ts}\n        </td>\n        <td {$valueStyle}>\n          {$mem_end_date|crmDate}\n        </td>\n       </tr>\n      {/if}\n\n </table>\n</center>\n\n</body>\n</html>\n',1,706,1,0,NULL),(42,'Memberships - Auto-renew Cancellation Notification','{ts}Autorenew Membership Cancellation Notification{/ts}\n','{ts 1=$membershipType}The automatic renewal of your %1 membership has been cancelled as requested. This does not affect the status of your membership - you will receive a separate notification when your membership is up for renewal.{/ts}\n\n===========================================================\n{ts}Membership Information{/ts}\n\n===========================================================\n{ts}Membership Status{/ts}: {$membership_status}\n{if $mem_start_date}{ts}Membership Start Date{/ts}: {$mem_start_date|crmDate}\n{/if}\n{if $mem_end_date}{ts}Membership End Date{/ts}: {$mem_end_date|crmDate}\n{/if}\n\n','<!DOCTYPE html PUBLIC \"-//W3C//DTD XHTML 1.0 Transitional//EN\" \"http://www.w3.org/TR/xhtml1/DTD/xhtml1-transitional.dtd\">\n<html xmlns=\"http://www.w3.org/1999/xhtml\">\n<head>\n <meta http-equiv=\"Content-Type\" content=\"text/html; charset=UTF-8\" />\n <title></title>\n</head>\n<body>\n\n{capture assign=headerStyle}colspan=\"2\" style=\"text-align: left; padding: 4px; border-bottom: 1px solid #999; background-color: #eee;\"{/capture}\n{capture assign=labelStyle }style=\"padding: 4px; border-bottom: 1px solid #999; background-color: #f7f7f7;\"{/capture}\n{capture assign=valueStyle }style=\"padding: 4px; border-bottom: 1px solid #999;\"{/capture}\n\n<center>\n <table width=\"500\" border=\"0\" cellpadding=\"0\" cellspacing=\"0\" id=\"crm-event_receipt\" style=\"font-family: Arial, Verdana, sans-serif; text-align: left;\">\n\n  <!-- BEGIN HEADER -->\n  <!-- You can add table row(s) here with logo or other header elements -->\n  <!-- END HEADER -->\n\n  <!-- BEGIN CONTENT -->\n\n  <tr>\n   <td>\n\n    <p>{ts 1=$membershipType}The automatic renewal of your %1 membership has been cancelled as requested. This does not affect the status of your membership - you will receive a separate notification when your membership is up for renewal.{/ts}</p>\n\n   </td>\n  </tr>\n </table>\n <table width=\"500\" style=\"border: 1px solid #999; margin: 1em 0em 1em; border-collapse: collapse;\">\n\n      <tr>\n       <th {$headerStyle}>\n        {ts}Membership Information{/ts}\n       </th>\n      </tr>\n      <tr>\n       <td {$labelStyle}>\n        {ts}Membership Status{/ts}\n       </td>\n       <td {$valueStyle}>\n        {$membership_status}\n       </td>\n      </tr>\n      {if $mem_start_date}\n       <tr>\n        <td {$labelStyle}>\n         {ts}Membership Start Date{/ts}\n        </td>\n        <td {$valueStyle}>\n         {$mem_start_date|crmDate}\n        </td>\n       </tr>\n      {/if}\n      {if $mem_end_date}\n       <tr>\n        <td {$labelStyle}>\n         {ts}Membership End Date{/ts}\n        </td>\n        <td {$valueStyle}>\n          {$mem_end_date|crmDate}\n        </td>\n       </tr>\n      {/if}\n\n </table>\n</center>\n\n</body>\n</html>\n',1,706,0,1,NULL),(43,'Memberships - Auto-renew Billing Updates','{ts}Membership Autorenewal Billing Updates{/ts}','{ts 1=$contact.display_name}Dear %1{/ts},\n\n{ts 1=$membershipType}Billing details for your automatically renewed %1 membership have been updated.{/ts}\n\n===========================================================\n{ts}Billing Name and Address{/ts}\n\n===========================================================\n{$billingName}\n{$address}\n\n{$email}\n\n===========================================================\n{ts}Credit Card Information{/ts}\n\n===========================================================\n{$credit_card_type}\n{$credit_card_number}\n{ts}Expires{/ts}: {$credit_card_exp_date|truncate:7:\'\'|crmDate}\n\n\n{ts 1=$receipt_from_email}If you have questions please contact us at %1{/ts}','<!DOCTYPE html PUBLIC \"-//W3C//DTD XHTML 1.0 Transitional//EN\" \"http://www.w3.org/TR/xhtml1/DTD/xhtml1-transitional.dtd\">\n<html xmlns=\"http://www.w3.org/1999/xhtml\">\n<head>\n <meta http-equiv=\"Content-Type\" content=\"text/html; charset=UTF-8\" />\n <title></title>\n</head>\n<body>\n\n{capture assign=headerStyle}colspan=\"2\" style=\"text-align: left; padding: 4px; border-bottom: 1px solid #999; background-color: #eee;\"{/capture}\n{capture assign=labelStyle }style=\"padding: 4px; border-bottom: 1px solid #999; background-color: #f7f7f7;\"{/capture}\n{capture assign=valueStyle }style=\"padding: 4px; border-bottom: 1px solid #999;\"{/capture}\n\n<center>\n <table width=\"620\" border=\"0\" cellpadding=\"0\" cellspacing=\"0\" id=\"crm-event_receipt\" style=\"font-family: Arial, Verdana, sans-serif; text-align: left;\">\n\n  <!-- BEGIN HEADER -->\n  <!-- You can add table row(s) here with logo or other header elements -->\n  <!-- END HEADER -->\n\n  <!-- BEGIN CONTENT -->\n\n  <tr>\n   <td>\n    <p>{ts 1=$contact.display_name}Dear %1{/ts},</p>\n    <p>{ts 1=$membershipType}Billing details for your automatically renewed %1 membership have been updated.{/ts}</p>\n   </td>\n  </tr>\n  <tr>\n </table>\n\n  <table width=\"500\" style=\"border: 1px solid #999; margin: 1em 0em 1em; border-collapse: collapse;\">\n<tr>\n        <th {$headerStyle}>\n         {ts}Billing Name and Address{/ts}\n        </th>\n       </tr>\n       <tr>\n        <td colspan=\"2\" {$valueStyle}>\n         {$billingName}<br />\n         {$address|nl2br}<br />\n         {$email}\n        </td>\n       </tr>\n        <tr>\n       <th {$headerStyle}>\n        {ts}Credit Card Information{/ts}\n       </th>\n      </tr>\n      <tr>\n       <td colspan=\"2\" {$valueStyle}>\n        {$credit_card_type}<br />\n        {$credit_card_number}<br />\n        {ts}Expires{/ts}: {$credit_card_exp_date|truncate:7:\'\'|crmDate}<br />\n       </td>\n      </tr>\n      <tr>\n        <td {$labelStyle}>\n         {ts 1=$receipt_from_email}If you have questions please contact us at %1{/ts}\n        </td>\n      </tr>\n \n  </table> \n</center>\n\n</body>\n</html>\n',1,707,1,0,NULL),(44,'Memberships - Auto-renew Billing Updates','{ts}Membership Autorenewal Billing Updates{/ts}','{ts 1=$contact.display_name}Dear %1{/ts},\n\n{ts 1=$membershipType}Billing details for your automatically renewed %1 membership have been updated.{/ts}\n\n===========================================================\n{ts}Billing Name and Address{/ts}\n\n===========================================================\n{$billingName}\n{$address}\n\n{$email}\n\n===========================================================\n{ts}Credit Card Information{/ts}\n\n===========================================================\n{$credit_card_type}\n{$credit_card_number}\n{ts}Expires{/ts}: {$credit_card_exp_date|truncate:7:\'\'|crmDate}\n\n\n{ts 1=$receipt_from_email}If you have questions please contact us at %1{/ts}','<!DOCTYPE html PUBLIC \"-//W3C//DTD XHTML 1.0 Transitional//EN\" \"http://www.w3.org/TR/xhtml1/DTD/xhtml1-transitional.dtd\">\n<html xmlns=\"http://www.w3.org/1999/xhtml\">\n<head>\n <meta http-equiv=\"Content-Type\" content=\"text/html; charset=UTF-8\" />\n <title></title>\n</head>\n<body>\n\n{capture assign=headerStyle}colspan=\"2\" style=\"text-align: left; padding: 4px; border-bottom: 1px solid #999; background-color: #eee;\"{/capture}\n{capture assign=labelStyle }style=\"padding: 4px; border-bottom: 1px solid #999; background-color: #f7f7f7;\"{/capture}\n{capture assign=valueStyle }style=\"padding: 4px; border-bottom: 1px solid #999;\"{/capture}\n\n<center>\n <table width=\"620\" border=\"0\" cellpadding=\"0\" cellspacing=\"0\" id=\"crm-event_receipt\" style=\"font-family: Arial, Verdana, sans-serif; text-align: left;\">\n\n  <!-- BEGIN HEADER -->\n  <!-- You can add table row(s) here with logo or other header elements -->\n  <!-- END HEADER -->\n\n  <!-- BEGIN CONTENT -->\n\n  <tr>\n   <td>\n    <p>{ts 1=$contact.display_name}Dear %1{/ts},</p>\n    <p>{ts 1=$membershipType}Billing details for your automatically renewed %1 membership have been updated.{/ts}</p>\n   </td>\n  </tr>\n  <tr>\n </table>\n\n  <table width=\"500\" style=\"border: 1px solid #999; margin: 1em 0em 1em; border-collapse: collapse;\">\n<tr>\n        <th {$headerStyle}>\n         {ts}Billing Name and Address{/ts}\n        </th>\n       </tr>\n       <tr>\n        <td colspan=\"2\" {$valueStyle}>\n         {$billingName}<br />\n         {$address|nl2br}<br />\n         {$email}\n        </td>\n       </tr>\n        <tr>\n       <th {$headerStyle}>\n        {ts}Credit Card Information{/ts}\n       </th>\n      </tr>\n      <tr>\n       <td colspan=\"2\" {$valueStyle}>\n        {$credit_card_type}<br />\n        {$credit_card_number}<br />\n        {ts}Expires{/ts}: {$credit_card_exp_date|truncate:7:\'\'|crmDate}<br />\n       </td>\n      </tr>\n      <tr>\n        <td {$labelStyle}>\n         {ts 1=$receipt_from_email}If you have questions please contact us at %1{/ts}\n        </td>\n      </tr>\n \n  </table> \n</center>\n\n</body>\n</html>\n',1,707,0,1,NULL),(45,'Test-drive - Receipt Header','[TEST] \n','***********************************************************\n\n{ts}Test-drive Email / Receipt{/ts} \n\n{ts}This is a test-drive email. No live financial transaction has occurred.{/ts}\n\n***********************************************************\n','<center>\n <table width=\"620\" border=\"0\" cellpadding=\"0\" cellspacing=\"0\" id=\"crm-event_receipt\" style=\"font-family: Arial, Verdana, sans-serif; text-align: left\">\n  <tr>\n   <td>\n    <p>{ts}Test-drive Email / Receipt{/ts}</p>\n    <p>{ts}This is a test-drive email. No live financial transaction has occurred.{/ts}</p>\n   </td>\n  </tr>\n </table>\n</center>\n',1,708,1,0,NULL),(46,'Test-drive - Receipt Header','[TEST] \n','***********************************************************\n\n{ts}Test-drive Email / Receipt{/ts} \n\n{ts}This is a test-drive email. No live financial transaction has occurred.{/ts}\n\n***********************************************************\n','<center>\n <table width=\"620\" border=\"0\" cellpadding=\"0\" cellspacing=\"0\" id=\"crm-event_receipt\" style=\"font-family: Arial, Verdana, sans-serif; text-align: left\">\n  <tr>\n   <td>\n    <p>{ts}Test-drive Email / Receipt{/ts}</p>\n    <p>{ts}This is a test-drive email. No live financial transaction has occurred.{/ts}</p>\n   </td>\n  </tr>\n </table>\n</center>\n',1,708,0,1,NULL),(47,'Pledges - Acknowledgement','{ts}Thank you for your Pledge{/ts}\n','{ts 1=$contact.display_name}Dear %1{/ts},\n\n{ts}Thank you for your generous pledge. Please print this acknowledgment for your records.{/ts}\n\n===========================================================\n{ts}Pledge Information{/ts}\n\n===========================================================\n{ts}Pledge Received{/ts}: {$create_date|truncate:10:\'\'|crmDate}\n{ts}Total Pledge Amount{/ts}: {$total_pledge_amount|crmMoney:$currency}\n\n===========================================================\n{ts}Payment Schedule{/ts}\n\n===========================================================\n{ts 1=$scheduled_amount|crmMoney:$currency 2=$frequency_interval 3=$frequency_unit 4=$installments}%1 every %2 %3 for %4 installments.{/ts}\n\n{if $frequency_day}\n\n{ts 1=$frequency_day 2=$frequency_unit}Payments are due on day %1 of the %2.{/ts}\n{/if}\n\n{if $payments}\n{assign var=\"count\" value=\"1\"}\n{foreach from=$payments item=payment}\n\n{ts 1=$count}Payment %1{/ts}: {$payment.amount|crmMoney:$currency} {if $payment.status eq 1}{ts}paid{/ts} {$payment.receive_date|truncate:10:\'\'|crmDate}{else}{ts}due{/ts} {$payment.due_date|truncate:10:\'\'|crmDate}{/if}\n{assign var=\"count\" value=`$count+1`}\n{/foreach}\n{/if}\n\n\n{ts 1=$domain.phone 2=$domain.email}Please contact us at %1 or send email to %2 if you have questions\nor need to modify your payment schedule.{/ts}\n\n{if $honor_block_is_active}\n===========================================================\n{$honor_type}\n===========================================================\n{$honor_prefix} {$honor_first_name} {$honor_last_name}\n{if $honor_email}\n{ts}Honoree Email{/ts}: {$honor_email}\n{/if}\n{/if}\n\n{if $customGroup}\n{foreach from=$customGroup item=value key=customName}\n===========================================================\n{$customName}\n===========================================================\n{foreach from=$value item=v key=n}\n{$n}: {$v}\n{/foreach}\n{/foreach}\n{/if}\n','<!DOCTYPE html PUBLIC \"-//W3C//DTD XHTML 1.0 Transitional//EN\" \"http://www.w3.org/TR/xhtml1/DTD/xhtml1-transitional.dtd\">\n<html xmlns=\"http://www.w3.org/1999/xhtml\">\n<head>\n <meta http-equiv=\"Content-Type\" content=\"text/html; charset=UTF-8\" />\n <title></title>\n</head>\n<body>\n\n{capture assign=headerStyle}colspan=\"2\" style=\"text-align: left; padding: 4px; border-bottom: 1px solid #999; background-color: #eee;\"{/capture}\n{capture assign=labelStyle }style=\"padding: 4px; border-bottom: 1px solid #999; background-color: #f7f7f7;\"{/capture}\n{capture assign=valueStyle }style=\"padding: 4px; border-bottom: 1px solid #999;\"{/capture}\n\n<center>\n <table width=\"620\" border=\"0\" cellpadding=\"0\" cellspacing=\"0\" id=\"crm-event_receipt\" style=\"font-family: Arial, Verdana, sans-serif; text-align: left;\">\n\n  <!-- BEGIN HEADER -->\n  <!-- You can add table row(s) here with logo or other header elements -->\n  <!-- END HEADER -->\n\n  <!-- BEGIN CONTENT -->\n\n  <tr>\n   <td>\n    <p>{ts 1=$contact.display_name}dear %1{/ts},</p>\n    <p>{ts}thank you for your generous pledge. please print this acknowledgment for your records.{/ts}</p>\n   </td>\n  </tr>\n  <tr>\n   <td>\n    <table style=\"border: 1px solid #999; margin: 1em 0em 1em; border-collapse: collapse; width:100%;\">\n     <tr>\n      <th {$headerStyle}>\n       {ts}Pledge Information{/ts}\n      </th>\n     </tr>\n     <tr>\n      <td {$labelStyle}>\n       {ts}Pledge Received{/ts}\n      </td>\n      <td {$valueStyle}>\n       {$create_date|truncate:10:\'\'|crmDate}\n      </td>\n     </tr>\n     <tr>\n      <td {$labelStyle}>\n       {ts}Total Pledge Amount{/ts}\n      </td>\n      <td {$valueStyle}>\n       {$total_pledge_amount|crmMoney:$currency}\n      </td>\n     </tr>\n     <tr>\n      <th {$headerStyle}>\n       {ts}Payment Schedule{/ts}\n      </th>\n     </tr>\n     <tr>\n      <td colspan=\"2\" {$valueStyle}>\n       <p>{ts 1=$scheduled_amount|crmMoney:$currency 2=$frequency_interval 3=$frequency_unit 4=$installments}%1 every %2 %3 for %4 installments.{/ts}</p>\n\n       {if $frequency_day}\n        <p>{ts 1=$frequency_day 2=$frequency_unit}Payments are due on day %1 of the %2.{/ts}</p>\n       {/if}\n      </td>\n     </tr>\n\n     {if $payments}\n      {assign var=\"count\" value=\"1\"}\n      {foreach from=$payments item=payment}\n       <tr>\n        <td {$labelStyle}>\n         {ts 1=$count}Payment %1{/ts}\n        </td>\n        <td {$valueStyle}>\n         {$payment.amount|crmMoney:$currency} {if $payment.status eq 1}{ts}paid{/ts} {$payment.receive_date|truncate:10:\'\'|crmDate}{else}{ts}due{/ts} {$payment.due_date|truncate:10:\'\'|crmDate}{/if}\n        </td>\n       </tr>\n       {assign var=\"count\" value=`$count+1`}\n      {/foreach}\n     {/if}\n\n     <tr>\n      <td colspan=\"2\" {$valueStyle}>\n       <p>{ts 1=$domain.phone 2=$domain.email}Please contact us at %1 or send email to %2 if you have questions\nor need to modify your payment schedule.{/ts}</p>\n      </td>\n     </tr>\n     {if $honor_block_is_active}\n      <tr>\n       <th {$headerStyle}>\n        {$honor_type}\n       </th>\n      </tr>\n      <tr>\n       <td colspan=\"2\" {$valueStyle}>\n        <p>{$honor_prefix} {$honor_first_name} {$honor_last_name}</p>\n        {if $honor_email}\n         <p>{ts}Honoree Email{/ts}: {$honor_email}</p>\n        {/if}\n       </td>\n      </tr>\n     {/if}\n\n     {if $customGroup}\n      {foreach from=$customGroup item=value key=customName}\n       <tr>\n        <th {$headerStyle}>\n         {$customName}\n        </th>\n       </tr>\n       {foreach from=$value item=v key=n}\n        <tr>\n         <td {$labelStyle}>\n          {$n}\n         </td>\n         <td {$valueStyle}>\n          {$v}\n         </td>\n        </tr>\n       {/foreach}\n      {/foreach}\n     {/if}\n\n    </table>\n   </td>\n  </tr>\n\n </table>\n</center>\n\n</body>\n</html>\n',1,709,1,0,NULL),(48,'Pledges - Acknowledgement','{ts}Thank you for your Pledge{/ts}\n','{ts 1=$contact.display_name}Dear %1{/ts},\n\n{ts}Thank you for your generous pledge. Please print this acknowledgment for your records.{/ts}\n\n===========================================================\n{ts}Pledge Information{/ts}\n\n===========================================================\n{ts}Pledge Received{/ts}: {$create_date|truncate:10:\'\'|crmDate}\n{ts}Total Pledge Amount{/ts}: {$total_pledge_amount|crmMoney:$currency}\n\n===========================================================\n{ts}Payment Schedule{/ts}\n\n===========================================================\n{ts 1=$scheduled_amount|crmMoney:$currency 2=$frequency_interval 3=$frequency_unit 4=$installments}%1 every %2 %3 for %4 installments.{/ts}\n\n{if $frequency_day}\n\n{ts 1=$frequency_day 2=$frequency_unit}Payments are due on day %1 of the %2.{/ts}\n{/if}\n\n{if $payments}\n{assign var=\"count\" value=\"1\"}\n{foreach from=$payments item=payment}\n\n{ts 1=$count}Payment %1{/ts}: {$payment.amount|crmMoney:$currency} {if $payment.status eq 1}{ts}paid{/ts} {$payment.receive_date|truncate:10:\'\'|crmDate}{else}{ts}due{/ts} {$payment.due_date|truncate:10:\'\'|crmDate}{/if}\n{assign var=\"count\" value=`$count+1`}\n{/foreach}\n{/if}\n\n\n{ts 1=$domain.phone 2=$domain.email}Please contact us at %1 or send email to %2 if you have questions\nor need to modify your payment schedule.{/ts}\n\n{if $honor_block_is_active}\n===========================================================\n{$honor_type}\n===========================================================\n{$honor_prefix} {$honor_first_name} {$honor_last_name}\n{if $honor_email}\n{ts}Honoree Email{/ts}: {$honor_email}\n{/if}\n{/if}\n\n{if $customGroup}\n{foreach from=$customGroup item=value key=customName}\n===========================================================\n{$customName}\n===========================================================\n{foreach from=$value item=v key=n}\n{$n}: {$v}\n{/foreach}\n{/foreach}\n{/if}\n','<!DOCTYPE html PUBLIC \"-//W3C//DTD XHTML 1.0 Transitional//EN\" \"http://www.w3.org/TR/xhtml1/DTD/xhtml1-transitional.dtd\">\n<html xmlns=\"http://www.w3.org/1999/xhtml\">\n<head>\n <meta http-equiv=\"Content-Type\" content=\"text/html; charset=UTF-8\" />\n <title></title>\n</head>\n<body>\n\n{capture assign=headerStyle}colspan=\"2\" style=\"text-align: left; padding: 4px; border-bottom: 1px solid #999; background-color: #eee;\"{/capture}\n{capture assign=labelStyle }style=\"padding: 4px; border-bottom: 1px solid #999; background-color: #f7f7f7;\"{/capture}\n{capture assign=valueStyle }style=\"padding: 4px; border-bottom: 1px solid #999;\"{/capture}\n\n<center>\n <table width=\"620\" border=\"0\" cellpadding=\"0\" cellspacing=\"0\" id=\"crm-event_receipt\" style=\"font-family: Arial, Verdana, sans-serif; text-align: left;\">\n\n  <!-- BEGIN HEADER -->\n  <!-- You can add table row(s) here with logo or other header elements -->\n  <!-- END HEADER -->\n\n  <!-- BEGIN CONTENT -->\n\n  <tr>\n   <td>\n    <p>{ts 1=$contact.display_name}dear %1{/ts},</p>\n    <p>{ts}thank you for your generous pledge. please print this acknowledgment for your records.{/ts}</p>\n   </td>\n  </tr>\n  <tr>\n   <td>\n    <table style=\"border: 1px solid #999; margin: 1em 0em 1em; border-collapse: collapse; width:100%;\">\n     <tr>\n      <th {$headerStyle}>\n       {ts}Pledge Information{/ts}\n      </th>\n     </tr>\n     <tr>\n      <td {$labelStyle}>\n       {ts}Pledge Received{/ts}\n      </td>\n      <td {$valueStyle}>\n       {$create_date|truncate:10:\'\'|crmDate}\n      </td>\n     </tr>\n     <tr>\n      <td {$labelStyle}>\n       {ts}Total Pledge Amount{/ts}\n      </td>\n      <td {$valueStyle}>\n       {$total_pledge_amount|crmMoney:$currency}\n      </td>\n     </tr>\n     <tr>\n      <th {$headerStyle}>\n       {ts}Payment Schedule{/ts}\n      </th>\n     </tr>\n     <tr>\n      <td colspan=\"2\" {$valueStyle}>\n       <p>{ts 1=$scheduled_amount|crmMoney:$currency 2=$frequency_interval 3=$frequency_unit 4=$installments}%1 every %2 %3 for %4 installments.{/ts}</p>\n\n       {if $frequency_day}\n        <p>{ts 1=$frequency_day 2=$frequency_unit}Payments are due on day %1 of the %2.{/ts}</p>\n       {/if}\n      </td>\n     </tr>\n\n     {if $payments}\n      {assign var=\"count\" value=\"1\"}\n      {foreach from=$payments item=payment}\n       <tr>\n        <td {$labelStyle}>\n         {ts 1=$count}Payment %1{/ts}\n        </td>\n        <td {$valueStyle}>\n         {$payment.amount|crmMoney:$currency} {if $payment.status eq 1}{ts}paid{/ts} {$payment.receive_date|truncate:10:\'\'|crmDate}{else}{ts}due{/ts} {$payment.due_date|truncate:10:\'\'|crmDate}{/if}\n        </td>\n       </tr>\n       {assign var=\"count\" value=`$count+1`}\n      {/foreach}\n     {/if}\n\n     <tr>\n      <td colspan=\"2\" {$valueStyle}>\n       <p>{ts 1=$domain.phone 2=$domain.email}Please contact us at %1 or send email to %2 if you have questions\nor need to modify your payment schedule.{/ts}</p>\n      </td>\n     </tr>\n     {if $honor_block_is_active}\n      <tr>\n       <th {$headerStyle}>\n        {$honor_type}\n       </th>\n      </tr>\n      <tr>\n       <td colspan=\"2\" {$valueStyle}>\n        <p>{$honor_prefix} {$honor_first_name} {$honor_last_name}</p>\n        {if $honor_email}\n         <p>{ts}Honoree Email{/ts}: {$honor_email}</p>\n        {/if}\n       </td>\n      </tr>\n     {/if}\n\n     {if $customGroup}\n      {foreach from=$customGroup item=value key=customName}\n       <tr>\n        <th {$headerStyle}>\n         {$customName}\n        </th>\n       </tr>\n       {foreach from=$value item=v key=n}\n        <tr>\n         <td {$labelStyle}>\n          {$n}\n         </td>\n         <td {$valueStyle}>\n          {$v}\n         </td>\n        </tr>\n       {/foreach}\n      {/foreach}\n     {/if}\n\n    </table>\n   </td>\n  </tr>\n\n </table>\n</center>\n\n</body>\n</html>\n',1,709,0,1,NULL),(49,'Pledges - Payment Reminder','{ts}Pledge Payment Reminder{/ts}\n','{ts 1=$contact.display_name}Dear %1{/ts},\n\n{ts 1=$next_payment|truncate:10:\'\'|crmDate}This is a reminder that the next payment on your pledge is due on %1.{/ts}\n\n===========================================================\n{ts}Payment Due{/ts}\n\n===========================================================\n{ts}Amount Due{/ts}: {$amount_due|crmMoney:$currency}\n{ts}Due Date{/ts}: {$scheduled_payment_date|truncate:10:\'\'|crmDate}\n\n{if $contribution_page_id}\n{capture assign=contributionUrl}{crmURL p=\'civicrm/contribute/transact\' q=\"reset=1&id=`$contribution_page_id`&cid=`$contact.contact_id`&pledgeId=`$pledge_id`&cs=`$checksumValue`\" a=true h=0}{/capture}\nClick this link to go to a web page where you can make your payment online:\n{$contributionUrl}\n{else}\n{ts}Please mail your payment to{/ts}:\n{$domain.address}\n{/if}\n\n===========================================================\n{ts}Pledge Information{/ts}\n\n===========================================================\n{ts}Pledge Received{/ts}: {$create_date|truncate:10:\'\'|crmDate}\n{ts}Total Pledge Amount{/ts}: {$amount|crmMoney:$currency}\n{ts}Total Paid{/ts}: {$amount_paid|crmMoney:$currency}\n\n{ts 1=$domain.phone 2=$domain.email}Please contact us at %1 or send email to %2 if you have questions\nor need to modify your payment schedule.{/ts}\n\n\n{ts}Thank your for your generous support.{/ts}\n','<!DOCTYPE html PUBLIC \"-//W3C//DTD XHTML 1.0 Transitional//EN\" \"http://www.w3.org/TR/xhtml1/DTD/xhtml1-transitional.dtd\">\n<html xmlns=\"http://www.w3.org/1999/xhtml\">\n<head>\n <meta http-equiv=\"Content-Type\" content=\"text/html; charset=UTF-8\" />\n <title></title>\n</head>\n<body>\n\n{capture assign=headerStyle}colspan=\"2\" style=\"text-align: left; padding: 4px; border-bottom: 1px solid #999; background-color: #eee;\"{/capture}\n{capture assign=labelStyle }style=\"padding: 4px; border-bottom: 1px solid #999; background-color: #f7f7f7;\"{/capture}\n{capture assign=valueStyle }style=\"padding: 4px; border-bottom: 1px solid #999;\"{/capture}\n\n<center>\n <table width=\"620\" border=\"0\" cellpadding=\"0\" cellspacing=\"0\" id=\"crm-event_receipt\" style=\"font-family: Arial, Verdana, sans-serif; text-align: left;\">\n\n  <!-- BEGIN HEADER -->\n  <!-- You can add table row(s) here with logo or other header elements -->\n  <!-- END HEADER -->\n\n  <!-- BEGIN CONTENT -->\n\n  <tr>\n   <td>\n    <p>{ts 1=$contact.display_name}Dear %1{/ts},</p>\n    <p>{ts 1=$next_payment|truncate:10:\'\'|crmDate}This is a reminder that the next payment on your pledge is due on %1.{/ts}</p>\n   </td>\n  </tr>\n  <tr>\n   <td>\n    <table style=\"border: 1px solid #999; margin: 1em 0em 1em; border-collapse: collapse; width:100%;\">\n     <tr>\n      <th {$headerStyle}>\n       {ts}Payment Due{/ts}\n      </th>\n     </tr>\n     <tr>\n      <td {$labelStyle}>\n       {ts}Amount Due{/ts}\n      </td>\n      <td {$valueStyle}>\n       {$amount_due|crmMoney:$currency}\n      </td>\n     </tr>\n    </table>\n   </td>\n  </tr>\n\n  <tr>\n   <td>\n    {if $contribution_page_id}\n     {capture assign=contributionUrl}{crmURL p=\'civicrm/contribute/transact\' q=\"reset=1&id=`$contribution_page_id`&cid=`$contact.contact_id`&pledgeId=`$pledge_id`&cs=`$checksumValue`\" a=true h=0}{/capture}\n     <p><a href=\"{$contributionUrl}\">{ts}Go to a web page where you can make your payment online{/ts}</a></p>\n    {else}\n     <p>{ts}Please mail your payment to{/ts}: {$domain.address}</p>\n    {/if}\n   </td>\n  </tr>\n\n  <tr>\n   <td>\n    <table style=\"border: 1px solid #999; margin: 1em 0em 1em; border-collapse: collapse; width:100%;\">\n     <tr>\n      <th {$headerStyle}>\n       {ts}Pledge Information{/ts}\n      </th>\n     </tr>\n     <tr>\n      <td {$labelStyle}>\n       {ts}Pledge Received{/ts}\n      </td>\n      <td {$valueStyle}>\n       {$create_date|truncate:10:\'\'|crmDate}\n      </td>\n     </tr>\n     <tr>\n      <td {$labelStyle}>\n       {ts}Total Pledge Amount{/ts}\n      </td>\n      <td {$valueStyle}>\n       {$amount|crmMoney:$currency}\n      </td>\n     </tr>\n     <tr>\n      <td {$labelStyle}>\n       {ts}Total Paid{/ts}\n      </td>\n      <td {$valueStyle}>\n       {$amount_paid|crmMoney:$currency}\n      </td>\n     </tr>\n    </table>\n   </td>\n  </tr>\n\n  <tr>\n   <td>\n    <p>{ts 1=$domain.phone 2=$domain.email}Please contact us at %1 or send email to %2 if you have questions\nor need to modify your payment schedule.{/ts}</p>\n    <p>{ts}Thank your for your generous support.{/ts}</p>\n   </td>\n  </tr>\n\n </table>\n</center>\n\n</body>\n</html>\n',1,710,1,0,NULL),(50,'Pledges - Payment Reminder','{ts}Pledge Payment Reminder{/ts}\n','{ts 1=$contact.display_name}Dear %1{/ts},\n\n{ts 1=$next_payment|truncate:10:\'\'|crmDate}This is a reminder that the next payment on your pledge is due on %1.{/ts}\n\n===========================================================\n{ts}Payment Due{/ts}\n\n===========================================================\n{ts}Amount Due{/ts}: {$amount_due|crmMoney:$currency}\n{ts}Due Date{/ts}: {$scheduled_payment_date|truncate:10:\'\'|crmDate}\n\n{if $contribution_page_id}\n{capture assign=contributionUrl}{crmURL p=\'civicrm/contribute/transact\' q=\"reset=1&id=`$contribution_page_id`&cid=`$contact.contact_id`&pledgeId=`$pledge_id`&cs=`$checksumValue`\" a=true h=0}{/capture}\nClick this link to go to a web page where you can make your payment online:\n{$contributionUrl}\n{else}\n{ts}Please mail your payment to{/ts}:\n{$domain.address}\n{/if}\n\n===========================================================\n{ts}Pledge Information{/ts}\n\n===========================================================\n{ts}Pledge Received{/ts}: {$create_date|truncate:10:\'\'|crmDate}\n{ts}Total Pledge Amount{/ts}: {$amount|crmMoney:$currency}\n{ts}Total Paid{/ts}: {$amount_paid|crmMoney:$currency}\n\n{ts 1=$domain.phone 2=$domain.email}Please contact us at %1 or send email to %2 if you have questions\nor need to modify your payment schedule.{/ts}\n\n\n{ts}Thank your for your generous support.{/ts}\n','<!DOCTYPE html PUBLIC \"-//W3C//DTD XHTML 1.0 Transitional//EN\" \"http://www.w3.org/TR/xhtml1/DTD/xhtml1-transitional.dtd\">\n<html xmlns=\"http://www.w3.org/1999/xhtml\">\n<head>\n <meta http-equiv=\"Content-Type\" content=\"text/html; charset=UTF-8\" />\n <title></title>\n</head>\n<body>\n\n{capture assign=headerStyle}colspan=\"2\" style=\"text-align: left; padding: 4px; border-bottom: 1px solid #999; background-color: #eee;\"{/capture}\n{capture assign=labelStyle }style=\"padding: 4px; border-bottom: 1px solid #999; background-color: #f7f7f7;\"{/capture}\n{capture assign=valueStyle }style=\"padding: 4px; border-bottom: 1px solid #999;\"{/capture}\n\n<center>\n <table width=\"620\" border=\"0\" cellpadding=\"0\" cellspacing=\"0\" id=\"crm-event_receipt\" style=\"font-family: Arial, Verdana, sans-serif; text-align: left;\">\n\n  <!-- BEGIN HEADER -->\n  <!-- You can add table row(s) here with logo or other header elements -->\n  <!-- END HEADER -->\n\n  <!-- BEGIN CONTENT -->\n\n  <tr>\n   <td>\n    <p>{ts 1=$contact.display_name}Dear %1{/ts},</p>\n    <p>{ts 1=$next_payment|truncate:10:\'\'|crmDate}This is a reminder that the next payment on your pledge is due on %1.{/ts}</p>\n   </td>\n  </tr>\n  <tr>\n   <td>\n    <table style=\"border: 1px solid #999; margin: 1em 0em 1em; border-collapse: collapse; width:100%;\">\n     <tr>\n      <th {$headerStyle}>\n       {ts}Payment Due{/ts}\n      </th>\n     </tr>\n     <tr>\n      <td {$labelStyle}>\n       {ts}Amount Due{/ts}\n      </td>\n      <td {$valueStyle}>\n       {$amount_due|crmMoney:$currency}\n      </td>\n     </tr>\n    </table>\n   </td>\n  </tr>\n\n  <tr>\n   <td>\n    {if $contribution_page_id}\n     {capture assign=contributionUrl}{crmURL p=\'civicrm/contribute/transact\' q=\"reset=1&id=`$contribution_page_id`&cid=`$contact.contact_id`&pledgeId=`$pledge_id`&cs=`$checksumValue`\" a=true h=0}{/capture}\n     <p><a href=\"{$contributionUrl}\">{ts}Go to a web page where you can make your payment online{/ts}</a></p>\n    {else}\n     <p>{ts}Please mail your payment to{/ts}: {$domain.address}</p>\n    {/if}\n   </td>\n  </tr>\n\n  <tr>\n   <td>\n    <table style=\"border: 1px solid #999; margin: 1em 0em 1em; border-collapse: collapse; width:100%;\">\n     <tr>\n      <th {$headerStyle}>\n       {ts}Pledge Information{/ts}\n      </th>\n     </tr>\n     <tr>\n      <td {$labelStyle}>\n       {ts}Pledge Received{/ts}\n      </td>\n      <td {$valueStyle}>\n       {$create_date|truncate:10:\'\'|crmDate}\n      </td>\n     </tr>\n     <tr>\n      <td {$labelStyle}>\n       {ts}Total Pledge Amount{/ts}\n      </td>\n      <td {$valueStyle}>\n       {$amount|crmMoney:$currency}\n      </td>\n     </tr>\n     <tr>\n      <td {$labelStyle}>\n       {ts}Total Paid{/ts}\n      </td>\n      <td {$valueStyle}>\n       {$amount_paid|crmMoney:$currency}\n      </td>\n     </tr>\n    </table>\n   </td>\n  </tr>\n\n  <tr>\n   <td>\n    <p>{ts 1=$domain.phone 2=$domain.email}Please contact us at %1 or send email to %2 if you have questions\nor need to modify your payment schedule.{/ts}</p>\n    <p>{ts}Thank your for your generous support.{/ts}</p>\n   </td>\n  </tr>\n\n </table>\n</center>\n\n</body>\n</html>\n',1,710,0,1,NULL),(51,'Profiles - Admin Notification','{$grouptitle} {ts 1=$displayName}Submitted by %1{/ts}\n','{ts}Submitted For:{/ts} {$displayName}\n{ts}Date:{/ts} {$currentDate}\n{ts}Contact Summary:{/ts} {$contactLink}\n\n===========================================================\n{$grouptitle}\n\n===========================================================\n{foreach from=$values item=value key=valueName}\n{$valueName}: {$value}\n{/foreach}\n','<!DOCTYPE html PUBLIC \"-//W3C//DTD XHTML 1.0 Transitional//EN\" \"http://www.w3.org/TR/xhtml1/DTD/xhtml1-transitional.dtd\">\n<html xmlns=\"http://www.w3.org/1999/xhtml\">\n<head>\n <meta http-equiv=\"Content-Type\" content=\"text/html; charset=UTF-8\" />\n <title></title>\n</head>\n<body>\n\n{capture assign=headerStyle}colspan=\"2\" style=\"text-align: left; padding: 4px; border-bottom: 1px solid #999; background-color: #eee;\"{/capture}\n{capture assign=labelStyle }style=\"padding: 4px; border-bottom: 1px solid #999; background-color: #f7f7f7;\"{/capture}\n{capture assign=valueStyle }style=\"padding: 4px; border-bottom: 1px solid #999;\"{/capture}\n\n<center>\n <table width=\"620\" border=\"0\" cellpadding=\"0\" cellspacing=\"0\" id=\"crm-event_receipt\" style=\"font-family: Arial, Verdana, sans-serif; text-align: left;\">\n\n  <!-- BEGIN HEADER -->\n  <!-- You can add table row(s) here with logo or other header elements -->\n  <!-- END HEADER -->\n\n  <!-- BEGIN CONTENT -->\n\n  <tr>\n   <td>\n    <table style=\"border: 1px solid #999; margin: 1em 0em 1em; border-collapse: collapse; width:100%;\">\n     <tr>\n      <td {$labelStyle}>\n       {ts}Submitted For{/ts}\n      </td>\n      <td {$valueStyle}>\n       {$displayName}\n      </td>\n     </tr>\n     <tr>\n      <td {$labelStyle}>\n       {ts}Date{/ts}\n      </td>\n      <td {$valueStyle}>\n       {$currentDate}\n      </td>\n     </tr>\n     <tr>\n      <td {$labelStyle}>\n       {ts}Contact Summary{/ts}\n      </td>\n      <td {$valueStyle}>\n       {$contactLink}\n      </td>\n     </tr>\n\n     <tr>\n      <th {$headerStyle}>\n       {$grouptitle}\n      </th>\n     </tr>\n\n     {foreach from=$values item=value key=valueName}\n      <tr>\n       <td {$labelStyle}>\n        {$valueName}\n       </td>\n       <td {$valueStyle}>\n        {$value}\n       </td>\n      </tr>\n     {/foreach}\n    </table>\n   </td>\n  </tr>\n\n </table>\n</center>\n\n</body>\n</html>\n',1,711,1,0,NULL),(52,'Profiles - Admin Notification','{$grouptitle} {ts 1=$displayName}Submitted by %1{/ts}\n','{ts}Submitted For:{/ts} {$displayName}\n{ts}Date:{/ts} {$currentDate}\n{ts}Contact Summary:{/ts} {$contactLink}\n\n===========================================================\n{$grouptitle}\n\n===========================================================\n{foreach from=$values item=value key=valueName}\n{$valueName}: {$value}\n{/foreach}\n','<!DOCTYPE html PUBLIC \"-//W3C//DTD XHTML 1.0 Transitional//EN\" \"http://www.w3.org/TR/xhtml1/DTD/xhtml1-transitional.dtd\">\n<html xmlns=\"http://www.w3.org/1999/xhtml\">\n<head>\n <meta http-equiv=\"Content-Type\" content=\"text/html; charset=UTF-8\" />\n <title></title>\n</head>\n<body>\n\n{capture assign=headerStyle}colspan=\"2\" style=\"text-align: left; padding: 4px; border-bottom: 1px solid #999; background-color: #eee;\"{/capture}\n{capture assign=labelStyle }style=\"padding: 4px; border-bottom: 1px solid #999; background-color: #f7f7f7;\"{/capture}\n{capture assign=valueStyle }style=\"padding: 4px; border-bottom: 1px solid #999;\"{/capture}\n\n<center>\n <table width=\"620\" border=\"0\" cellpadding=\"0\" cellspacing=\"0\" id=\"crm-event_receipt\" style=\"font-family: Arial, Verdana, sans-serif; text-align: left;\">\n\n  <!-- BEGIN HEADER -->\n  <!-- You can add table row(s) here with logo or other header elements -->\n  <!-- END HEADER -->\n\n  <!-- BEGIN CONTENT -->\n\n  <tr>\n   <td>\n    <table style=\"border: 1px solid #999; margin: 1em 0em 1em; border-collapse: collapse; width:100%;\">\n     <tr>\n      <td {$labelStyle}>\n       {ts}Submitted For{/ts}\n      </td>\n      <td {$valueStyle}>\n       {$displayName}\n      </td>\n     </tr>\n     <tr>\n      <td {$labelStyle}>\n       {ts}Date{/ts}\n      </td>\n      <td {$valueStyle}>\n       {$currentDate}\n      </td>\n     </tr>\n     <tr>\n      <td {$labelStyle}>\n       {ts}Contact Summary{/ts}\n      </td>\n      <td {$valueStyle}>\n       {$contactLink}\n      </td>\n     </tr>\n\n     <tr>\n      <th {$headerStyle}>\n       {$grouptitle}\n      </th>\n     </tr>\n\n     {foreach from=$values item=value key=valueName}\n      <tr>\n       <td {$labelStyle}>\n        {$valueName}\n       </td>\n       <td {$valueStyle}>\n        {$value}\n       </td>\n      </tr>\n     {/foreach}\n    </table>\n   </td>\n  </tr>\n\n </table>\n</center>\n\n</body>\n</html>\n',1,711,0,1,NULL),(53,'Petition - signature added','Thank you for signing {$petition.title}','Thank you for signing {$petition.title}.\n','<p>Thank you for signing {$petition.title}.</p>\n\n{include file=\"CRM/Campaign/Page/Petition/SocialNetwork.tpl\" petition_id=$survey_id noscript=true email=true}\n',1,712,1,0,NULL),(54,'Petition - signature added','Thank you for signing {$petition.title}','Thank you for signing {$petition.title}.\n','<p>Thank you for signing {$petition.title}.</p>\n\n{include file=\"CRM/Campaign/Page/Petition/SocialNetwork.tpl\" petition_id=$survey_id noscript=true email=true}\n',1,712,0,1,NULL),(55,'Petition - need verification','Confirmation of signature needed for {$petition.title}\n','Thank you for signing {$petition.title}.\n\nIn order to complete your signature, we must confirm your e-mail. \nPlease do so by visiting the following email confirmation web page:\n\n{$petition.confirmUrlPlainText} \n\nIf you did not sign this petition, please ignore this message.\n','<p>Thank you for signing {$petition.title}.</p>\n\n<p>In order to <b>complete your signature</b>, we must confirm your e-mail. \n<br />\nPlease do so by visiting the following web page by clicking\non the link below or pasting the link into your browser.\n<br /><br />\nEmail confirmation page: <a href=\"{$petition.confirmUrl} \">{$petition.confirmUrl}</a></p>\n\n<p>If you did not sign this petition, please ignore this message.</p>\n',1,713,1,0,NULL),(56,'Petition - need verification','Confirmation of signature needed for {$petition.title}\n','Thank you for signing {$petition.title}.\n\nIn order to complete your signature, we must confirm your e-mail. \nPlease do so by visiting the following email confirmation web page:\n\n{$petition.confirmUrlPlainText} \n\nIf you did not sign this petition, please ignore this message.\n','<p>Thank you for signing {$petition.title}.</p>\n\n<p>In order to <b>complete your signature</b>, we must confirm your e-mail. \n<br />\nPlease do so by visiting the following web page by clicking\non the link below or pasting the link into your browser.\n<br /><br />\nEmail confirmation page: <a href=\"{$petition.confirmUrl} \">{$petition.confirmUrl}</a></p>\n\n<p>If you did not sign this petition, please ignore this message.</p>\n',1,713,0,1,NULL),(57,'Sample CiviMail Newsletter Template','Sample CiviMail Newsletter','','<table width=612 cellpadding=0 cellspacing=0 bgcolor=\"#ffffff\">\n  <tr>\n  	<td colspan=\"2\" bgcolor=\"#ffffff\" valign=\"middle\" >\n  		<table border=\"0\" cellpadding=\"0\" cellspacing=\"0\" >\n  			<tr>\n  				<td>\n  				<a href=\"http://www.civicrm.org\"><img src=\"http://civicrm.org/sites/civicrm.org/files/top-logo_2.png\" border=0 alt=\"Replace this logo with the URL to your own\"></a> \n  				</td>\n  				<td>&nbsp; &nbsp;</td>\n  				<td>\n  				<a href=\"http://www.civicrm.org\" style=\"text-decoration: none;\"><font size=5 face=\"Arial, Verdana, sans-serif\" color=\"#8bc539\">Your Newsletter Title</font></a>\n  				</td>\n  			</tr>\n  		</table>\n  	</td>\n  </tr>\n  <tr>\n  	<td valign=\"top\" width=\"70%\">\n  		<!-- left column -->\n  		<table cellpadding=\"10\" cellspacing=\"0\" border=\"0\">\n  		<tr>\n  			<td style=\"font-family: Arial, Verdana, sans-serif; font-size: 12px;\" >\n  			<font face=\"Arial, Verdana, sans-serif\" size=\"2\" >\n  			Greetings {contact.display_name},\n  			<br /><br />\n  			This is a sample template designed to help you get started creating and sending your own CiviMail messages. This template uses an HTML layout that is generally compatible with the wide variety of email clients that your recipients might be using (e.g. Gmail, Outlook, Yahoo, etc.).\n  			<br /><br />You can select this \"Sample CiviMail Newsletter Template\" from the \"Use Template\" drop-down in Step 3 of creating a mailing, and customize it to your needs. Then check the \"Save as New Template\" box on the bottom the page to save your customized version for use in future mailings. \n  			<br /><br />The logo you use must be uploaded to your server.  Copy and paste the URL path to the logo into the &lt;img src= tag in the HTML at the top.  Click \"Source\" or the Image button if you are using the text editor.\n  			<br /><br />\n  			Edit the color of the links and headers using the color button or by editing the HTML.\n  			<br /><br />\n  			Your newsletter message and donation appeal can go here.  Click the link button to <a href=\"#\">create links</a> - remember to use a fully qualified URL starting with http:// in all your links!\n  			<br /><br />\n  			To use CiviMail:\n  			<ul>\n  				<li><a href=\"http://book.civicrm.org/user/initial-set-up/email-system-configuration\">Configure your Email System</a>.</li>\n  				<li>Make sure your web hosting provider allows outgoing bulk mail, and see if they have a restriction on quantity.  If they don\'t allow bulk mail, consider <a href=\"http://wiki.civicrm.org/confluence/display/CRM/Hosting+provider+information\">finding a new host</a>.</li>\n  			</ul>\n  			Sincerely,\n  			<br /><br />\n  			Your Team		\n				<br /><br />\n  			</font>\n  			</td>\n  		</tr>\n  		</table>\n  	</td>\n\n  	<td valign=\"top\" width=\"30%\" bgcolor=\"#ffffff\" style=\"border: 1px solid #056085;\">\n  		<!-- right column -->\n  		<table cellpadding=10 cellspacing=0 border=0>\n  		<tr>\n				<td bgcolor=\"#056085\"><font face=\"Arial, Verdana, sans-serif\" size=\"4\" color=\"#ffffff\">News and Events</font></td>\n			</tr>\n  		<tr>\n  			<td style=\"color: #000; font-family: Arial, Verdana, sans-serif; font-size: 12px;\" >\n  			<font face=\"Arial, Verdana, sans-serif\" size=\"2\" >\n  			<font color=\"#056085\"><strong>Featured Events</strong> </font><br />\n  			Fundraising Dinner<br />\n  			Training Meeting<br />\n  			Board of Directors Annual Meeting<br />\n\n  			<br /><br />\n  			<font color=\"#056085\"><strong>Community Events</strong></font><br />\n  			Bake Sale<br />\n  			Charity Auction<br />\n  			Art Exhibit<br />\n\n  			<br /><br />\n  			<font color=\"#056085\"><strong>Important Dates</strong></font><br />\n  			Tuesday August 27<br />\n  			Wednesday September 8<br />\n  			Thursday September 29<br />\n  			Saturday October 1<br />\n  			Sunday October 20<br />\n  			</font>\n  			</td>\n  		</tr>\n  		</table>	\n  	</td>\n  </tr>\n\n  <tr>\n  	<td colspan=\"2\">\n  		<table cellpadding=\"10\" cellspacing=\"0\" border=\"0\">\n  		<tr>\n  			<td>\n  			<font face=\"Arial, Verdana, sans-serif\" size=\"2\" >\n  			<font color=\"#7dc857\"><strong>Helpful Tips</strong></font>\n  			<br /><br />\n  			<font color=\"#3b5187\">Tokens</font><br />\n  			Click \"Insert Tokens\" to dynamically insert names, addresses, and other contact data of your recipients. \n  			<br /><br />\n  			<font color=\"#3b5187\">Plain Text Version</font><br />\n  			Some people refuse HTML emails altogether.  We recommend sending a plain-text version of your important communications to accommodate them.  Luckily, CiviCRM accommodates for this!  Just click \"Plain Text\" and copy and paste in some text.  Line breaks (carriage returns) and fully qualified URLs like http://www.example.com are all you get, no HTML here!\n  			<br /><br />\n  			<font color=\"#3b5187\">Play by the Rules</font><br />\n  			The address of the sender is required by the Can Spam Act law.  This is an available token called domain.address.  An unsubscribe or opt-out link is also required.  There are several available tokens for this. <em>{action.optOutUrl}</em> creates a link for recipients to click if they want to opt out of receiving  emails from your organization. <em>{action.unsubscribeUrl}</em> creates a link to unsubscribe from the specific mailing list used to send this message. Click on \"Insert Tokens\" to find these and look for tokens named \"Domain\" or \"Unsubscribe\".  This sample template includes both required tokens at the bottom of the message. You can also configure a default Mailing Footer containing these tokens.\n  			<br /><br />\n  			<font color=\"#3b5187\">Composing Offline</font><br />\n  			If you prefer to compose an HTML email offline in your own text editor, you can upload this HTML content into CiviMail or simply click \"Source\" and then copy and paste the HTML in.\n  			<br /><br />\n  			<font color=\"#3b5187\">Images</font><br />\n  			Most email clients these days (Outlook, Gmail, etc) block image loading by default.  This is to protect their users from annoying or harmful email.  Not much we can do about this, so encourage recipients to add you to their contacts or \"whitelist\".  Also use images sparingly, do not rely on images to convey vital information, and always use HTML \"alt\" tags which describe the image content.\n  			</td>\n  		</tr>\n  		</table>\n  	</td>\n  </tr>\n  <tr>\n  	<td colspan=\"2\" style=\"color: #000; font-family: Arial, Verdana, sans-serif; font-size: 10px;\">\n  		<font face=\"Arial, Verdana, sans-serif\" size=\"2\" >\n  		<hr />\n  		<a href=\"{action.unsubscribeUrl}\" title=\"click to unsubscribe\">Click here</a> to unsubscribe from this mailing list.<br /><br />\n  		Our mailing address is:<br />\n  		{domain.address}\n  	</td>\n  </tr>\n  </table>',1,NULL,1,0,NULL);
/*!40000 ALTER TABLE `civicrm_msg_template` ENABLE KEYS */;
UNLOCK TABLES;

--
-- Dumping data for table `civicrm_navigation`
--

LOCK TABLES `civicrm_navigation` WRITE;
/*!40000 ALTER TABLE `civicrm_navigation` DISABLE KEYS */;
INSERT INTO `civicrm_navigation` (`id`, `domain_id`, `label`, `name`, `url`, `permission`, `permission_operator`, `parent_id`, `is_active`, `has_separator`, `weight`) VALUES (1,1,'Home','Home','civicrm/dashboard&reset=1',NULL,'',NULL,1,NULL,0),(2,1,'Search','Search...',NULL,NULL,'',NULL,1,NULL,10),(3,1,'Find Contacts','Find Contacts','civicrm/contact/search&reset=1',NULL,'',2,1,NULL,1),(4,1,'Advanced Search','Advanced Search','civicrm/contact/search/advanced&reset=1',NULL,'',2,1,NULL,2),(5,1,'Full-text Search','Full-text Search','civicrm/contact/search/custom&csid=15&reset=1',NULL,'',2,1,NULL,3),(6,1,'Search Builder','Search Builder','civicrm/contact/search/builder&reset=1',NULL,'',2,1,1,4),(7,1,'Find Cases','Find Cases','civicrm/case/search&reset=1','access my cases and activities,access all cases and activities','OR',2,1,NULL,5),(8,1,'Find Contributions','Find Contributions','civicrm/contribute/search&reset=1','access CiviContribute','',2,1,NULL,6),(9,1,'Find Mailings','Find Mailings','civicrm/mailing&reset=1','access CiviMail','',2,1,NULL,7),(10,1,'Find Memberships','Find Memberships','civicrm/member/search&reset=1','access CiviMember','',2,1,NULL,8),(11,1,'Find Participants','Find Participants','civicrm/event/search&reset=1','access CiviEvent','',2,1,NULL,9),(12,1,'Find Pledges','Find Pledges','civicrm/pledge/search&reset=1','access CiviPledge','',2,1,NULL,10),(13,1,'Find Activities','Find Activities','civicrm/activity/search&reset=1',NULL,'',2,1,1,11),(14,1,'Custom Searches','Custom Searches','civicrm/contact/search/custom/list&reset=1',NULL,'',2,1,NULL,12),(15,1,'Contacts','Contacts',NULL,NULL,'',NULL,1,NULL,20),(16,1,'New Individual','New Individual','civicrm/contact/add&reset=1&ct=Individual','add contacts','',15,1,NULL,1),(17,1,'New Household','New Household','civicrm/contact/add&reset=1&ct=Household','add contacts','',15,1,NULL,2),(18,1,'New Organization','New Organization','civicrm/contact/add&reset=1&ct=Organization','add contacts','',15,1,1,3),(19,1,'Contact Reports','Contact Reports','civicrm/report/list&compid=99&reset=1','access CiviReport','',15,1,1,4),(20,1,'New Activity','New Activity','civicrm/activity&reset=1&action=add&context=standalone',NULL,'',15,1,NULL,5),(21,1,'New Email','New Email','civicrm/activity/email/add&atype=3&action=add&reset=1&context=standalone',NULL,'',15,1,1,6),(22,1,'Import Contacts','Import Contacts','civicrm/import/contact&reset=1','import contacts','',15,1,NULL,7),(23,1,'Import Activities','Import Activities','civicrm/import/activity&reset=1','import contacts','',15,1,1,8),(24,1,'New Group','New Group','civicrm/group/add&reset=1','edit groups','',15,1,NULL,9),(25,1,'Manage Groups','Manage Groups','civicrm/group&reset=1','access CiviCRM','',15,1,1,10),(26,1,'New Tag','New Tag','civicrm/admin/tag&reset=1&action=add','administer CiviCRM','',15,1,NULL,11),(27,1,'Manage Tags (Categories)','Manage Tags (Categories)','civicrm/admin/tag&reset=1','administer CiviCRM','',15,1,1,12),(28,1,'Find and Merge Duplicate Contacts','Find and Merge Duplicate Contacts','civicrm/contact/deduperules&reset=1','administer dedupe rules,merge duplicate contacts','OR',15,1,NULL,13),(29,1,'Contributions','Contributions',NULL,'access CiviContribute','',NULL,1,NULL,30),(30,1,'Dashboard','Dashboard','civicrm/contribute&reset=1','access CiviContribute','',29,1,NULL,1),(31,1,'New Contribution','New Contribution','civicrm/contribute/add&reset=1&action=add&context=standalone','access CiviContribute,edit contributions','AND',29,1,NULL,2),(32,1,'Find Contributions','Find Contributions','civicrm/contribute/search&reset=1','access CiviContribute','',29,1,NULL,3),(33,1,'Contribution Reports','Contribution Reports','civicrm/report/list&compid=2&reset=1','access CiviContribute','',29,1,1,4),(34,1,'Bulk Data Entry','Bulk Data Entry','civicrm/batch&reset=1','access CiviContribute','',29,1,NULL,6),(35,1,'Import Contributions','Import Contributions','civicrm/contribute/import&reset=1','access CiviContribute,edit contributions','AND',29,1,1,7),(36,1,'Pledges','Pledges',NULL,'access CiviPledge','',29,1,1,5),(37,1,'Financial Transaction Batches','Financial Transaction Batches',NULL,'access CiviContribute','',29,1,1,6),(38,1,'Dashboard','Dashboard','civicrm/pledge&reset=1','access CiviPledge','',36,1,NULL,1),(39,1,'New Pledge','New Pledge','civicrm/pledge/add&reset=1&action=add&context=standalone','access CiviPledge,edit pledges','AND',36,1,NULL,2),(40,1,'Find Pledges','Find Pledges','civicrm/pledge/search&reset=1','access CiviPledge','',36,1,NULL,3),(41,1,'Pledge Reports','Pledge Reports','civicrm/report/list&compid=6&reset=1','access CiviPledge','',36,1,0,4),(42,1,'New Contribution Page','New Contribution Page','civicrm/admin/contribute/add&reset=1&action=add','access CiviContribute,administer CiviCRM','AND',29,1,NULL,7),(43,1,'Manage Contribution Pages','Manage Contribution Pages','civicrm/admin/contribute&reset=1','access CiviContribute,administer CiviCRM','AND',29,1,1,8),(44,1,'Personal Campaign Pages','Personal Campaign Pages','civicrm/admin/pcp?reset=1&page_type=contribute','access CiviContribute,administer CiviCRM','AND',29,1,NULL,9),(45,1,'Premiums (Thank-you Gifts)','Premiums','civicrm/admin/contribute/managePremiums&reset=1','access CiviContribute,administer CiviCRM','AND',29,1,1,10),(46,1,'New Price Set','New Price Set','civicrm/admin/price&reset=1&action=add','access CiviContribute,administer CiviCRM','AND',29,1,NULL,11),(47,1,'Manage Price Sets','Manage Price Sets','civicrm/admin/price&reset=1','access CiviContribute,administer CiviCRM','AND',29,1,NULL,12),(48,1,'New Batch','New Batch','civicrm/financial/batch&reset=1&action=add','access CiviContribute,administer CiviCRM','AND',37,1,NULL,1),(49,1,'Open Batches','Open Batches','civicrm/contact/search/custom?reset=1&csid=16&context=Open&force=1','access CiviContribute,administer CiviCRM','AND',37,1,NULL,2),(50,1,'Closed Batches','Closed Batches','civicrm/contact/search/custom?reset=1&csid=16&context=Closed&force=1','access CiviContribute,administer CiviCRM','AND',37,1,NULL,3),(51,1,'Exported Batches','Exported Batches','civicrm/contact/search/custom?reset=1&csid=16&context=Exported&force=1','access CiviContribute,administer CiviCRM','AND',37,1,NULL,4),(52,1,'Events','Events',NULL,'access CiviEvent','',NULL,1,NULL,40),(53,1,'Dashboard','CiviEvent Dashboard','civicrm/event&reset=1','access CiviEvent','',52,1,NULL,1),(54,1,'Register Event Participant','Register Event Participant','civicrm/participant/add&reset=1&action=add&context=standalone','access CiviEvent,edit event participants','AND',52,1,NULL,2),(55,1,'Find Participants','Find Participants','civicrm/event/search&reset=1','access CiviEvent','',52,1,NULL,3),(56,1,'Event Reports','Event Reports','civicrm/report/list&compid=1&reset=1','access CiviEvent','',52,1,1,4),(57,1,'Import Participants','Import Participants','civicrm/event/import&reset=1','access CiviEvent,edit event participants','AND',52,1,1,5),(58,1,'New Event','New Event','civicrm/event/add&reset=1&action=add','access CiviEvent,edit all events','AND',52,1,NULL,6),(59,1,'Manage Events','Manage Events','civicrm/event/manage&reset=1','access CiviEvent,edit all events','AND',52,1,1,7),(60,1,'Personal Campaign Pages','Personal Campaign Pages','civicrm/admin/pcp?reset=1&page_type=event','access CiviEvent,administer CiviCRM','AND',52,1,1,8),(61,1,'Event Templates','Event Templates','civicrm/admin/eventTemplate&reset=1','access CiviEvent,edit all events','AND',52,1,1,9),(62,1,'New Price Set','New Price Set','civicrm/admin/price&reset=1&action=add','access CiviEvent,edit all events','AND',52,1,NULL,10),(63,1,'Manage Price Sets','Manage Price Sets','civicrm/admin/price&reset=1','access CiviEvent,edit all events','AND',52,1,NULL,11),(64,1,'Mailings','Mailings',NULL,'access CiviMail,create mailings,approve mailings,schedule mailings','OR',NULL,1,NULL,50),(65,1,'New Mailing','New Mailing','civicrm/mailing/send&reset=1','access CiviMail,create mailings','OR',64,1,NULL,1),(66,1,'Draft and Unscheduled Mailings','Draft and Unscheduled Mailings','civicrm/mailing/browse/unscheduled&reset=1&scheduled=false','access CiviMail,create mailings,schedule mailings','OR',64,1,NULL,2),(67,1,'Scheduled and Sent Mailings','Scheduled and Sent Mailings','civicrm/mailing/browse/scheduled&reset=1&scheduled=true','access CiviMail,approve mailings,create mailings,schedule mailings','OR',64,1,NULL,3),(68,1,'Archived Mailings','Archived Mailings','civicrm/mailing/browse/archived&reset=1','access CiviMail,create mailings','OR',64,1,NULL,4),(69,1,'Mailing Reports','Mailing Reports','civicrm/report/list&compid=4&reset=1','access CiviMail','',64,1,1,5),(70,1,'Headers, Footers, and Automated Messages','Headers, Footers, and Automated Messages','civicrm/admin/component&reset=1','access CiviMail,administer CiviCRM','AND',64,1,NULL,6),(71,1,'Message Templates','Message Templates','civicrm/admin/messageTemplates&reset=1','administer CiviCRM','',64,1,NULL,7),(72,1,'From Email Addresses','From Email Addresses','civicrm/admin/options/from_email&group=from_email_address&reset=1','administer CiviCRM','',64,1,1,8),(73,1,'New SMS','New SMS','civicrm/sms/send?reset=1','administer CiviCRM',NULL,64,1,NULL,9),(74,1,'Find Mass SMS','Find Mass SMS','civicrm/mailing/browse?reset=1&sms=1','administer CiviCRM',NULL,64,1,1,10),(75,1,'Memberships','Memberships',NULL,'access CiviMember','',NULL,1,NULL,60),(76,1,'Dashboard','Dashboard','civicrm/member&reset=1','access CiviMember','',75,1,NULL,1),(77,1,'New Membership','New Membership','civicrm/member/add&reset=1&action=add&context=standalone','access CiviMember,edit memberships','AND',75,1,NULL,2),(78,1,'Find Memberships','Find Memberships','civicrm/member/search&reset=1','access CiviMember','',75,1,NULL,3),(79,1,'Membership Reports','Membership Reports','civicrm/report/list&compid=3&reset=1','access CiviMember','',75,1,1,4),(80,1,'Bulk Data Entry','Bulk Data Entry','civicrm/batch&reset=1','access CiviMember, access CiviContribute','',75,1,NULL,5),(81,1,'Import Memberships','Import Members','civicrm/member/import&reset=1','access CiviMember,edit memberships','AND',75,1,1,6),(82,1,'New Price Set','New Price Set','civicrm/admin/price&reset=1&action=add','access CiviMember,administer CiviCRM','AND',75,1,NULL,7),(83,1,'Manage Price Sets','Manage Price Sets','civicrm/admin/price&reset=1','access CiviMember,administer CiviCRM','AND',75,1,NULL,8),(84,1,'Campaigns','Campaigns',NULL,'interview campaign contacts,release campaign contacts,reserve campaign contacts,manage campaign,administer CiviCampaign,gotv campaign contacts','OR',NULL,1,NULL,70),(85,1,'Dashboard','Dashboard','civicrm/campaign&reset=1','manage campaign,administer CiviCampaign','OR',84,1,NULL,1),(86,1,'Surveys','Survey Dashboard','civicrm/campaign&reset=1&subPage=survey','manage campaign,administer CiviCampaign','OR',85,1,NULL,1),(87,1,'Petitions','Petition Dashboard','civicrm/campaign&reset=1&subPage=petition','manage campaign,administer CiviCampaign','OR',85,1,NULL,2),(88,1,'Campaigns','Campaign Dashboard','civicrm/campaign&reset=1&subPage=campaign','manage campaign,administer CiviCampaign','OR',85,1,NULL,3),(89,1,'New Campaign','New Campaign','civicrm/campaign/add&reset=1','manage campaign,administer CiviCampaign','OR',84,1,NULL,2),(90,1,'New Survey','New Survey','civicrm/survey/add&reset=1','manage campaign,administer CiviCampaign','OR',84,1,NULL,3),(91,1,'New Petition','New Petition','civicrm/petition/add&reset=1','manage campaign,administer CiviCampaign','OR',84,1,NULL,4),(92,1,'Reserve Respondents','Reserve Respondents','civicrm/survey/search&reset=1&op=reserve','administer CiviCampaign,manage campaign,reserve campaign contacts','OR',84,1,NULL,5),(93,1,'Interview Respondents','Interview Respondents','civicrm/survey/search&reset=1&op=interview','administer CiviCampaign,manage campaign,interview campaign contacts','OR',84,1,NULL,6),(94,1,'Release Respondents','Release Respondents','civicrm/survey/search&reset=1&op=release','administer CiviCampaign,manage campaign,release campaign contacts','OR',84,1,NULL,7),(95,1,'Campaign Reports','Campaign Reports','civicrm/report/list&compid=9&reset=1','interview campaign contacts,release campaign contacts,reserve campaign contacts,manage campaign,administer CiviCampaign,gotv campaign contacts','OR',84,1,1,8),(96,1,'Conduct Survey','Conduct Survey','civicrm/campaign/vote&reset=1','administer CiviCampaign,manage campaign,reserve campaign contacts,interview campaign contacts','OR',84,1,NULL,9),(97,1,'GOTV (Voter Tracking)','Voter Listing','civicrm/campaign/gotv&reset=1','administer CiviCampaign,manage campaign,release campaign contacts,gotv campaign contacts','OR',84,1,NULL,10),(98,1,'Cases','Cases',NULL,'access my cases and activities,access all cases and activities','OR',NULL,1,NULL,80),(99,1,'Dashboard','Dashboard','civicrm/case&reset=1','access my cases and activities,access all cases and activities','OR',98,1,NULL,1),(100,1,'New Case','New Case','civicrm/case/add&reset=1&action=add&atype=13&context=standalone','add cases,access all cases and activities','OR',98,1,NULL,2),(101,1,'Find Cases','Find Cases','civicrm/case/search&reset=1','access my cases and activities,access all cases and activities','OR',98,1,1,3),(102,1,'Case Reports','Case Reports','civicrm/report/list&compid=7&reset=1','access my cases and activities,access all cases and activities,administer CiviCase','OR',98,1,0,4),(103,1,'Grants','Grants',NULL,'access CiviGrant','',NULL,1,NULL,90),(104,1,'Dashboard','Dashboard','civicrm/grant&reset=1','access CiviGrant','',103,1,NULL,1),(105,1,'New Grant','New Grant','civicrm/grant/add&reset=1&action=add&context=standalone','access CiviGrant,edit grants','AND',103,1,NULL,2),(106,1,'Find Grants','Find Grants','civicrm/grant/search&reset=1','access CiviGrant','',103,1,1,3),(107,1,'Grant Reports','Grant Reports','civicrm/report/list&compid=5&reset=1','access CiviGrant','',103,1,0,4),(108,1,'Administer','Administer',NULL,'administer CiviCRM','',NULL,1,NULL,100),(109,1,'Administration Console','Administration Console','civicrm/admin&reset=1','administer CiviCRM','',108,1,NULL,1),(110,1,'Configuration Checklist','Configuration Checklist','civicrm/admin/configtask&reset=1','administer CiviCRM','',109,1,NULL,1),(111,1,'Customize Data and Screens','Customize Data and Screens',NULL,'administer CiviCRM','',108,1,NULL,3),(112,1,'Custom Fields','Custom Fields','civicrm/admin/custom/group&reset=1','administer CiviCRM','',111,1,NULL,1),(113,1,'Profiles','Profiles','civicrm/admin/uf/group&reset=1','administer CiviCRM','',111,1,NULL,2),(114,1,'Tags (Categories)','Tags (Categories)','civicrm/admin/tag&reset=1','administer CiviCRM','',111,1,NULL,3),(115,1,'Activity Types','Activity Types','civicrm/admin/options/activity_type&reset=1&group=activity_type','administer CiviCRM','',111,1,NULL,4),(116,1,'Relationship Types','Relationship Types','civicrm/admin/reltype&reset=1','administer CiviCRM','',111,1,NULL,5),(117,1,'Contact Types','Contact Types','civicrm/admin/options/subtype&reset=1','administer CiviCRM','',111,1,NULL,6),(118,1,'Display Preferences','Display Preferences','civicrm/admin/setting/preferences/display&reset=1','administer CiviCRM','',111,1,NULL,9),(119,1,'Search Preferences','Search Preferences','civicrm/admin/setting/search&reset=1','administer CiviCRM','',111,1,NULL,10),(120,1,'Navigation Menu','Navigation Menu','civicrm/admin/menu&reset=1','administer CiviCRM','',111,1,NULL,11),(121,1,'Word Replacements','Word Replacements','civicrm/admin/options/wordreplacements&reset=1','administer CiviCRM','',111,1,NULL,12),(122,1,'Manage Custom Searches','Manage Custom Searches','civicrm/admin/options/custom_search&reset=1&group=custom_search','administer CiviCRM','',111,1,NULL,13),(123,1,'Dropdown Options','Dropdown Options',NULL,'administer CiviCRM','',111,1,NULL,8),(124,1,'Gender Options','Gender Options','civicrm/admin/options/gender&reset=1&group=gender','administer CiviCRM','',123,1,NULL,1),(125,1,'Individual Prefixes (Ms, Mr...)','Individual Prefixes (Ms, Mr...)','civicrm/admin/options/individual_prefix&group=individual_prefix&reset=1','administer CiviCRM','',123,1,NULL,2),(126,1,'Individual Suffixes (Jr, Sr...)','Individual Suffixes (Jr, Sr...)','civicrm/admin/options/individual_suffix&group=individual_suffix&reset=1','administer CiviCRM','',123,1,NULL,3),(127,1,'Instant Messenger Services','Instant Messenger Services','civicrm/admin/options/instant_messenger_service&group=instant_messenger_service&reset=1','administer CiviCRM','',123,1,NULL,4),(128,1,'Location Types (Home, Work...)','Location Types (Home, Work...)','civicrm/admin/locationType&reset=1','administer CiviCRM','',123,1,NULL,5),(129,1,'Mobile Phone Providers','Mobile Phone Providers','civicrm/admin/options/mobile_provider&group=mobile_provider&reset=1','administer CiviCRM','',123,1,NULL,6),(130,1,'Phone Types','Phone Types','civicrm/admin/options/phone_type&group=phone_type&reset=1','administer CiviCRM','',123,1,NULL,7),(131,1,'Website Types','Website Types','civicrm/admin/options/website_type&group=website_type&reset=1','administer CiviCRM','',123,1,NULL,8),(132,1,'Communications','Communications',NULL,'administer CiviCRM','',108,1,NULL,4),(133,1,'Organization Address and Contact Info','Organization Address and Contact Info','civicrm/admin/domain&action=update&reset=1','administer CiviCRM','',132,1,NULL,1),(134,1,'FROM Email Addresses','FROM Email Addresses','civicrm/admin/options/from_email_address&group=from_email_address&reset=1','administer CiviCRM','',132,1,NULL,2),(135,1,'Message Templates','Message Templates','civicrm/admin/messageTemplates&reset=1','administer CiviCRM','',132,1,NULL,3),(136,1,'Schedule Reminders','Schedule Reminders','civicrm/admin/scheduleReminders&reset=1','administer CiviCRM','',132,1,NULL,4),(137,1,'Preferred Communication Methods','Preferred Communication Methods','civicrm/admin/options/preferred_communication_method&group=preferred_communication_method&reset=1','administer CiviCRM','',132,1,NULL,5),(138,1,'Label Formats','Label Formats','civicrm/admin/labelFormats&reset=1','administer CiviCRM','',132,1,NULL,6),(139,1,'Print Page (PDF) Formats','Print Page (PDF) Formats','civicrm/admin/pdfFormats&reset=1','administer CiviCRM','',132,1,NULL,7),(140,1,'Email Greeting Formats','Email Greeting Formats','civicrm/admin/options/email_greeting&group=email_greeting&reset=1','administer CiviCRM','',132,1,NULL,8),(141,1,'Postal Greeting Formats','Postal Greeting Formats','civicrm/admin/options/postal_greeting&group=postal_greeting&reset=1','administer CiviCRM','',132,1,NULL,9),(142,1,'Addressee Formats','Addressee Formats','civicrm/admin/options/addressee&group=addressee&reset=1','administer CiviCRM','',132,1,NULL,10),(143,1,'Localization','Localization',NULL,'administer CiviCRM','',108,1,NULL,6),(144,1,'Languages, Currency, Locations','Languages, Currency, Locations','civicrm/admin/setting/localization&reset=1','administer CiviCRM','',143,1,NULL,1),(145,1,'Address Settings','Address Settings','civicrm/admin/setting/preferences/address&reset=1','administer CiviCRM','',143,1,NULL,2),(146,1,'Date Formats','Date Formats','civicrm/admin/setting/date&reset=1','administer CiviCRM','',143,1,NULL,3),(147,1,'Preferred Language Options','Preferred Language Options','civicrm/admin/options/languages&group=languages&reset=1','administer CiviCRM','',143,1,NULL,4),(148,1,'Users and Permissions','Users and Permissions',NULL,'administer CiviCRM','',108,1,NULL,7),(149,1,'Permissions (Access Control)','Permissions (Access Control)','civicrm/admin/access&reset=1','administer CiviCRM','',148,1,NULL,1),(150,1,'Synchronize Users to Contacts','Synchronize Users to Contacts','civicrm/admin/synchUser&reset=1','administer CiviCRM','',148,1,NULL,2),(151,1,'System Settings','System Settings',NULL,'administer CiviCRM','',108,1,NULL,8),(152,1,'Enable CiviCRM Components','Enable Components','civicrm/admin/setting/component&reset=1','administer CiviCRM','',151,1,NULL,1),(153,1,'Manage Extensions','Manage Extensions','civicrm/admin/extensions&reset=1','administer CiviCRM','',151,1,NULL,2),(154,1,'Outbound Email (SMTP/Sendmail)','Outbound Email','civicrm/admin/setting/smtp&reset=1','administer CiviCRM','',151,1,NULL,3),(155,1,'Payment Processors','Payment Processors','civicrm/admin/paymentProcessor&reset=1','administer CiviCRM','',151,1,NULL,4),(156,1,'Mapping and Geocoding','Mapping and Geocoding','civicrm/admin/setting/mapping&reset=1','administer CiviCRM','',151,1,NULL,5),(157,1,'Undelete, Logging and ReCAPTCHA','Undelete, Logging and ReCAPTCHA','civicrm/admin/setting/misc&reset=1','administer CiviCRM','',151,1,NULL,6),(158,1,'Directories','Directories','civicrm/admin/setting/path&reset=1','administer CiviCRM','',151,1,NULL,7),(159,1,'Resource URLs','Resource URLs','civicrm/admin/setting/url&reset=1','administer CiviCRM','',151,1,NULL,8),(160,1,'Cleanup Caches and Update Paths','Cleanup Caches and Update Paths','civicrm/admin/setting/updateConfigBackend&reset=1','administer CiviCRM','',151,1,NULL,9),(161,1,'CMS Database Integration','CMS Integration','civicrm/admin/setting/uf&reset=1','administer CiviCRM','',151,1,NULL,10),(162,1,'Safe File Extensions','Safe File Extensions','civicrm/admin/options/safe_file_extension&group=safe_file_extension&reset=1','administer CiviCRM','',151,1,NULL,11),(163,1,'Option Groups','Option Groups','civicrm/admin/options?reset=1','administer CiviCRM','',151,1,NULL,12),(164,1,'Import/Export Mappings','Import/Export Mappings','civicrm/admin/mapping&reset=1','administer CiviCRM','',151,1,NULL,13),(165,1,'Debugging and Error Handling','Debugging and Error Handling','civicrm/admin/setting/debug&reset=1','administer CiviCRM','',151,1,NULL,14),(166,1,'Multi Site Settings','Multi Site Settings','civicrm/admin/setting/preferences/multisite&reset=1','administer CiviCRM','',151,1,NULL,15),(167,1,'Scheduled Jobs','Scheduled Jobs','civicrm/admin/job&reset=1','administer CiviCRM','',151,1,NULL,16),(168,1,'SMS Providers','SMS Providers','civicrm/admin/sms/provider?reset=1','administer CiviCRM','',151,1,NULL,17),(169,1,'CiviCampaign','CiviCampaign',NULL,'administer CiviCampaign,administer CiviCRM','AND',108,1,NULL,9),(170,1,'Survey Types','Survey Types','civicrm/admin/campaign/surveyType&reset=1','administer CiviCampaign','',169,1,NULL,1),(171,1,'Campaign Types','Campaign Types','civicrm/admin/options/campaign_type&group=campaign_type&reset=1','administer CiviCampaign','',169,1,NULL,2),(172,1,'Campaign Status','Campaign Status','civicrm/admin/options/campaign_status&group=campaign_status&reset=1','administer CiviCampaign','',169,1,NULL,3),(173,1,'Engagement Index','Engagement Index','civicrm/admin/options/engagement_index&group=engagement_index&reset=1','administer CiviCampaign','',169,1,NULL,4),(174,1,'CiviCampaign Component Settings','CiviCampaign Component Settings','civicrm/admin/setting/preferences/campaign&reset=1','administer CiviCampaign','',169,1,NULL,5),(175,1,'CiviCase','CiviCase',NULL,'administer CiviCase',NULL,108,1,NULL,10),(176,1,'Case Types','Case Types','civicrm/admin/options/case_type&group=case_type&reset=1','administer CiviCase',NULL,175,1,NULL,1),(177,1,'Redaction Rules','Redaction Rules','civicrm/admin/options/redaction_rule&group=redaction_rule&reset=1','administer CiviCase',NULL,175,1,NULL,2),(178,1,'Case Statuses','Case Statuses','civicrm/admin/options/case_status&group=case_status&reset=1','administer CiviCase',NULL,175,1,NULL,3),(179,1,'Encounter Medium','Encounter Medium','civicrm/admin/options/encounter_medium&group=encounter_medium&reset=1','administer CiviCase',NULL,175,1,NULL,4),(180,1,'CiviContribute','CiviContribute',NULL,'access CiviContribute,administer CiviCRM','AND',108,1,NULL,11),(181,1,'New Contribution Page','New Contribution Page','civicrm/admin/contribute&reset=1&action=add','access CiviContribute,administer CiviCRM','AND',180,1,NULL,6),(182,1,'Manage Contribution Pages','Manage Contribution Pages','civicrm/admin/contribute&reset=1','access CiviContribute,administer CiviCRM','AND',180,1,1,7),(183,1,'Personal Campaign Pages','Personal Campaign Pages','civicrm/admin/pcp?reset=1&page_type=contribute','access CiviContribute,administer CiviCRM','AND',180,1,NULL,8),(184,1,'Premiums (Thank-you Gifts)','Premiums','civicrm/admin/contribute/managePremiums&reset=1','access CiviContribute,administer CiviCRM','AND',180,1,1,9),(185,1,'Financial Types','Financial Types','civicrm/admin/financial/financialType&reset=1','access CiviContribute,administer CiviCRM','AND',180,1,NULL,10),(186,1,'Financial Accounts','Financial Accounts','civicrm/admin/financial/financialAccount&reset=1','access CiviContribute,administer CiviCRM','AND',180,1,NULL,11),(187,1,'Payment Instruments','Payment Instruments','civicrm/admin/options/payment_instrument&group=payment_instrument&reset=1','access CiviContribute,administer CiviCRM','AND',180,1,NULL,12),(188,1,'Accepted Credit Cards','Accepted Credit Cards','civicrm/admin/options/accept_creditcard&group=accept_creditcard&reset=1','access CiviContribute,administer CiviCRM','AND',180,1,1,13),(189,1,'New Price Set','New Price Set','civicrm/admin/price&reset=1&action=add','access CiviContribute,administer CiviCRM','AND',180,1,NULL,14),(190,1,'Manage Price Sets','Manage Price Sets','civicrm/admin/price&reset=1','access CiviContribute,administer CiviCRM','AND',180,1,NULL,15),(191,1,'Payment Processors','Payment Processors','civicrm/admin/paymentProcessor&reset=1','administer CiviCRM','',180,1,NULL,16),(192,1,'CiviEvent','CiviEvent',NULL,'access CiviEvent,administer CiviCRM','AND',108,1,NULL,12),(193,1,'New Event','New Event','civicrm/event/add&reset=1&action=add','access CiviEvent,administer CiviCRM','AND',192,1,NULL,1),(194,1,'Manage Events','Manage Events','civicrm/event/manage&reset=1','access CiviEvent,administer CiviCRM','AND',192,1,1,2),(195,1,'Personal Campaign Pages','Personal Campaign Pages','civicrm/admin/pcp?reset=1&page_type=event','access CiviEvent,administer CiviCRM','AND',192,1,1,3),(196,1,'Event Templates','Event Templates','civicrm/admin/eventTemplate&reset=1','access CiviEvent,administer CiviCRM','AND',192,1,1,4),(197,1,'New Price Set','New Price Set','civicrm/admin/price&reset=1&action=add','access CiviEvent,administer CiviCRM','AND',192,1,NULL,5),(198,1,'Manage Price Sets','Manage Price Sets','civicrm/admin/price&reset=1','access CiviEvent,administer CiviCRM','AND',192,1,1,6),(199,1,'Event Types','Event Types','civicrm/admin/options/event_type&group=event_type&reset=1','access CiviEvent,administer CiviCRM','AND',192,1,NULL,7),(200,1,'Participant Statuses','Participant Statuses','civicrm/admin/participant_status&reset=1','access CiviEvent,administer CiviCRM','AND',192,1,NULL,8),(201,1,'Participant Roles','Participant Roles','civicrm/admin/options/participant_role&group=participant_role&reset=1','access CiviEvent,administer CiviCRM','AND',192,1,NULL,9),(202,1,'Participant Listing Options','Participant Listing Options','civicrm/admin/options/participant_listing&group=participant_listing&reset=1','access CiviEvent,administer CiviCRM','AND',192,1,NULL,10),(203,1,'Event Badge Formats','Event Badge Formats','civicrm/admin/options/event_badge&group=event_badge&reset=1','access CiviEvent,administer CiviCRM','AND',192,1,NULL,11),(204,1,'Payment Processors','Payment Processors','civicrm/admin/paymentProcessor&reset=1','administer CiviCRM','',192,1,NULL,12),(205,1,'CiviEvent Component Settings','CiviEvent Component Settings','civicrm/admin/setting/preferences/event&reset=1','access CiviEvent,administer CiviCRM','AND',192,1,NULL,13),(206,1,'CiviGrant','CiviGrant',NULL,'access CiviGrant,administer CiviCRM','AND',108,1,NULL,13),(207,1,'Grant Types','Grant Types','civicrm/admin/options/grant_type&group=grant_type&reset=1','access CiviGrant,administer CiviCRM','AND',206,1,NULL,1),(208,1,'CiviMail','CiviMail',NULL,'access CiviMail,administer CiviCRM','AND',108,1,NULL,14),(209,1,'Headers, Footers, and Automated Messages','Headers, Footers, and Automated Messages','civicrm/admin/component&reset=1','access CiviMail,administer CiviCRM','AND',208,1,NULL,1),(210,1,'Message Templates','Message Templates','civicrm/admin/messageTemplates&reset=1','administer CiviCRM','',208,1,NULL,2),(211,1,'From Email Addresses','From Email Addresses','civicrm/admin/options/from_email&group=from_email_address&reset=1','administer CiviCRM','',208,1,NULL,3),(212,1,'Mail Accounts','Mail Accounts','civicrm/admin/mailSettings&reset=1','access CiviMail,administer CiviCRM','AND',208,1,NULL,4),(213,1,'Mailer Settings','Mailer Settings','civicrm/admin/mail&reset=1','access CiviMail,administer CiviCRM','AND',208,1,NULL,5),(214,1,'CiviMail Component Settings','CiviMail Component Settings','civicrm/admin/setting/preferences/mailing&reset=1','access CiviMail,administer CiviCRM','AND',208,1,NULL,6),(215,1,'CiviMember','CiviMember',NULL,'access CiviMember,administer CiviCRM','AND',108,1,NULL,15),(216,1,'Membership Types','Membership Types','civicrm/admin/member/membershipType&reset=1','access CiviMember,administer CiviCRM','AND',215,1,NULL,1),(217,1,'Membership Status Rules','Membership Status Rules','civicrm/admin/member/membershipStatus&reset=1','access CiviMember,administer CiviCRM','AND',215,1,1,2),(218,1,'New Price Set','New Price Set','civicrm/admin/price&reset=1&action=add','access CiviMember,administer CiviCRM','AND',215,1,NULL,3),(219,1,'Manage Price Sets','Manage Price Sets','civicrm/admin/price&reset=1','access CiviMember,administer CiviCRM','AND',215,1,NULL,4),(220,1,'CiviMember Component Settings','CiviMember Component Settings','civicrm/admin/setting/preferences/member&reset=1','access CiviMember,administer CiviCRM','AND',215,1,NULL,5),(221,1,'CiviReport','CiviReport',NULL,'access CiviReport,administer CiviCRM','AND',108,1,NULL,16),(222,1,'All Reports','All Reports','civicrm/report/list&reset=1','access CiviReport','',221,1,NULL,1),(223,1,'Create New Report from Template','Create New Report from Template','civicrm/admin/report/template/list&reset=1','administer Reports','',221,1,NULL,2),(224,1,'Manage Templates','Manage Templates','civicrm/admin/report/options/report_template&reset=1','administer Reports','',221,1,NULL,3),(225,1,'Register Report','Register Report','civicrm/admin/report/register&reset=1','administer Reports','',221,1,NULL,4),(226,1,'Help','Help',NULL,NULL,'',NULL,1,NULL,110),(227,1,'Documentation','Documentation','http://documentation.civicrm.org',NULL,'AND',226,1,NULL,1),(228,1,'Community Forums','Community Forums','http://forum.civicrm.org',NULL,'AND',226,1,NULL,2),(229,1,'Participate','Participate','http://civicrm.org/participate',NULL,'AND',226,1,NULL,3),(230,1,'About','About','http://civicrm.org/aboutcivicrm',NULL,'AND',226,1,NULL,4),(231,1,'Reports','Reports',NULL,'access CiviReport','',NULL,1,NULL,95),(232,1,'Contact Reports','Contact Reports','civicrm/report/list&compid=99&reset=1','administer CiviCRM','',231,1,0,1),(233,1,'Contribution Reports','Contribution Reports','civicrm/report/list&compid=2&reset=1','access CiviContribute','',231,1,0,2),(234,1,'Pledge Reports','Pledge Reports','civicrm/report/list&compid=6&reset=1','access CiviPledge','',231,1,0,3),(235,1,'Event Reports','Event Reports','civicrm/report/list&compid=1&reset=1','access CiviEvent','',231,1,0,4),(236,1,'Mailing Reports','Mailing Reports','civicrm/report/list&compid=4&reset=1','access CiviMail','',231,1,0,5),(237,1,'Membership Reports','Membership Reports','civicrm/report/list&compid=3&reset=1','access CiviMember','',231,1,0,6),(238,1,'Campaign Reports','Campaign Reports','civicrm/report/list&compid=9&reset=1','interview campaign contacts,release campaign contacts,reserve campaign contacts,manage campaign,administer CiviCampaign,gotv campaign contacts','OR',231,1,0,7),(239,1,'Case Reports','Case Reports','civicrm/report/list&compid=7&reset=1','access my cases and activities,access all cases and activities,administer CiviCase','OR',231,1,0,8),(240,1,'Grant Reports','Grant Reports','civicrm/report/list&compid=5&reset=1','access CiviGrant','',231,1,0,9),(241,1,'All Reports','All Reports','civicrm/report/list&reset=1','access CiviReport','',231,1,1,10),(242,1,'New Student','New Student','civicrm/contact/add&ct=Individual&cst=Student&reset=1','add contacts','',16,1,NULL,1),(243,1,'New Parent','New Parent','civicrm/contact/add&ct=Individual&cst=Parent&reset=1','add contacts','',16,1,NULL,2),(244,1,'New Staff','New Staff','civicrm/contact/add&ct=Individual&cst=Staff&reset=1','add contacts','',16,1,NULL,3),(245,1,'New Team','New Team','civicrm/contact/add&ct=Organization&cst=Team&reset=1','add contacts','',18,1,NULL,1),(246,1,'New Sponsor','New Sponsor','civicrm/contact/add&ct=Organization&cst=Sponsor&reset=1','add contacts','',18,1,NULL,2);
/*!40000 ALTER TABLE `civicrm_navigation` ENABLE KEYS */;
UNLOCK TABLES;

--
-- Dumping data for table `civicrm_note`
--

LOCK TABLES `civicrm_note` WRITE;
/*!40000 ALTER TABLE `civicrm_note` DISABLE KEYS */;
INSERT INTO `civicrm_note` (`id`, `entity_table`, `entity_id`, `note`, `contact_id`, `modified_date`, `subject`, `privacy`) VALUES (1,'civicrm_contact',161,'Invite members for the Steve Prefontaine 10k dream run',1,'2012-11-29',NULL,'0'),(2,'civicrm_contact',94,'Invite members for the Steve Prefontaine 10k dream run',1,'2012-11-02',NULL,'0'),(3,'civicrm_contact',128,'Invite members for the Steve Prefontaine 10k dream run',1,'2012-10-03',NULL,'0'),(4,'civicrm_contact',146,'Arrange for cricket match with Sunil Gavaskar',1,'2012-03-30',NULL,'0'),(5,'civicrm_contact',82,'Reminder screening of \"Black\" on next Friday',1,'2012-04-14',NULL,'0'),(6,'civicrm_contact',114,'Contact the Commisioner of Charities',1,'2012-05-13',NULL,'0'),(7,'civicrm_contact',107,'Invite members for the Steve Prefontaine 10k dream run',1,'2012-11-22',NULL,'0'),(8,'civicrm_contact',154,'Connect for presentation',1,'2012-04-03',NULL,'0'),(9,'civicrm_contact',156,'Invite members for the Steve Prefontaine 10k dream run',1,'2012-07-16',NULL,'0'),(10,'civicrm_contact',44,'Arrange for cricket match with Sunil Gavaskar',1,'2012-06-09',NULL,'0'),(11,'civicrm_contact',165,'Connect for presentation',1,'2012-07-28',NULL,'0'),(12,'civicrm_contact',35,'Reminder screening of \"Black\" on next Friday',1,'2012-03-24',NULL,'0'),(13,'civicrm_contact',148,'Connect for presentation',1,'2012-04-17',NULL,'0'),(14,'civicrm_contact',178,'Reminder screening of \"Black\" on next Friday',1,'2012-09-21',NULL,'0'),(15,'civicrm_contact',61,'Connect for presentation',1,'2012-06-29',NULL,'0'),(16,'civicrm_contact',139,'Arrange collection of funds from members',1,'2012-06-06',NULL,'0'),(17,'civicrm_contact',16,'Chart out route map for next 10k run',1,'2012-09-17',NULL,'0'),(18,'civicrm_contact',187,'Arrange collection of funds from members',1,'2012-04-29',NULL,'0'),(19,'civicrm_contact',37,'Connect for presentation',1,'2012-02-14',NULL,'0'),(20,'civicrm_contact',22,'Contact the Commisioner of Charities',1,'2011-12-31',NULL,'0');
/*!40000 ALTER TABLE `civicrm_note` ENABLE KEYS */;
UNLOCK TABLES;

--
-- Dumping data for table `civicrm_official_receipt`
--

LOCK TABLES `civicrm_official_receipt` WRITE;
/*!40000 ALTER TABLE `civicrm_official_receipt` DISABLE KEYS */;
/*!40000 ALTER TABLE `civicrm_official_receipt` ENABLE KEYS */;
UNLOCK TABLES;

--
-- Dumping data for table `civicrm_openid`
--

LOCK TABLES `civicrm_openid` WRITE;
/*!40000 ALTER TABLE `civicrm_openid` DISABLE KEYS */;
/*!40000 ALTER TABLE `civicrm_openid` ENABLE KEYS */;
UNLOCK TABLES;

--
-- Dumping data for table `civicrm_option_group`
--

LOCK TABLES `civicrm_option_group` WRITE;
/*!40000 ALTER TABLE `civicrm_option_group` DISABLE KEYS */;
INSERT INTO `civicrm_option_group` (`id`, `name`, `title`, `description`, `is_reserved`, `is_active`) VALUES (1,'preferred_communication_method','Preferred Communication Method',NULL,1,1),(2,'activity_type','Activity Type',NULL,1,1),(3,'gender','Gender',NULL,1,1),(4,'instant_messenger_service','Instant Messenger (IM) screen-names',NULL,1,1),(5,'mobile_provider','Mobile Phone Providers',NULL,1,1),(6,'individual_prefix','Individual contact prefixes',NULL,1,1),(7,'individual_suffix','Individual contact suffixes',NULL,1,1),(8,'acl_role','ACL Role',NULL,1,1),(9,'accept_creditcard','Accepted Credit Cards',NULL,1,1),(10,'payment_instrument','Payment Instruments',NULL,1,1),(11,'contribution_status','Contribution Status',NULL,1,1),(12,'pcp_status','PCP Status',NULL,1,1),(13,'participant_role','Participant Role',NULL,1,1),(14,'event_type','Event Type',NULL,1,1),(15,'contact_view_options','Contact View Options',NULL,1,1),(16,'contact_edit_options','Contact Edit Options',NULL,1,1),(17,'advanced_search_options','Advanced Search Options',NULL,1,1),(18,'user_dashboard_options','User Dashboard Options',NULL,1,1),(19,'address_options','Addressing Options',NULL,1,1),(20,'group_type','Group Type',NULL,1,1),(21,'grant_status','Grant status',NULL,1,1),(22,'grant_type','Grant Type',NULL,1,1),(23,'honor_type','Honor Type',NULL,1,1),(24,'custom_search','Custom Search',NULL,1,1),(25,'activity_status','Activity Status',NULL,1,1),(26,'case_type','Case Type',NULL,1,1),(27,'case_status','Case Status',NULL,1,1),(28,'participant_listing','Participant Listing',NULL,1,1),(29,'safe_file_extension','Safe File Extension',NULL,1,1),(30,'from_email_address','From Email Address',NULL,1,1),(31,'mapping_type','Mapping Type',NULL,1,1),(32,'wysiwyg_editor','WYSIWYG Editor',NULL,1,1),(33,'recur_frequency_units','Recurring Frequency Units',NULL,1,1),(34,'phone_type','Phone Type',NULL,1,1),(35,'custom_data_type','Custom Data Type',NULL,1,1),(36,'visibility','Visibility',NULL,1,1),(37,'mail_protocol','Mail Protocol',NULL,1,1),(38,'priority','Priority',NULL,1,1),(39,'redaction_rule','Redaction Rule',NULL,1,1),(40,'report_template','Report Template',NULL,1,1),(41,'email_greeting','Email Greeting Type',NULL,1,1),(42,'postal_greeting','Postal Greeting Type',NULL,1,1),(43,'addressee','Addressee Type',NULL,1,1),(44,'contact_autocomplete_options','Autocomplete Contact Search',NULL,1,1),(45,'contact_reference_options','Contact Reference Autocomplete Options',NULL,1,1),(46,'account_type','Account type',NULL,1,1),(47,'website_type','Website Type',NULL,1,1),(48,'tag_used_for','Tag Used For',NULL,1,1),(49,'currencies_enabled','Currencies Enabled',NULL,1,1),(50,'event_badge','Event Name Badge',NULL,1,1),(51,'note_privacy','Privacy levels for notes',NULL,1,1),(52,'campaign_type','Campaign Type',NULL,1,1),(53,'campaign_status','Campaign Status',NULL,1,1),(54,'system_extensions','CiviCRM Extensions',NULL,1,1),(55,'mail_approval_status','CiviMail Approval Status',NULL,1,1),(56,'engagement_index','Engagement Index',NULL,1,1),(57,'cg_extend_objects','Objects a custom group extends to',NULL,1,1),(58,'paper_size','Paper Size',NULL,1,1),(59,'pdf_format','PDF Page Format',NULL,1,1),(60,'label_format','Mailing Label Format',NULL,1,1),(61,'activity_contacts','Activity Contacts',NULL,1,1),(62,'account_relationship','Account Relationship',NULL,1,1),(63,'event_contacts','Event Recipients',NULL,1,1),(64,'conference_slot','Conference Slot',NULL,1,1),(65,'batch_type','Batch Type',NULL,1,1),(66,'batch_status','Batch Status',NULL,1,1),(67,'sms_api_type','Api Type',NULL,1,1),(68,'sms_provider_name','Sms Provider Internal Name',NULL,1,1),(69,'auto_renew_options','Auto Renew Options',NULL,1,1),(70,'financial_account_type','Financial Account Type',NULL,1,1),(71,'financial_item_status','Financial Item Status',NULL,1,1),(72,'grant_program_status','Grant Program Status',NULL,1,1),(73,'allocation_algorithm','Grant Program Allocation Algorithm',NULL,1,1),(74,'batch_mode','Batch Mode',NULL,1,1),(75,'languages','Languages','List of Languages',1,1),(76,'encounter_medium','Encounter Medium','Encounter medium for case activities (e.g. In Person, By Phone, etc.)',1,1),(77,'msg_tpl_workflow_case','Message Template Workflow for Cases','Message Template Workflow for Cases',1,1),(78,'msg_tpl_workflow_contribution','Message Template Workflow for Contributions','Message Template Workflow for Contributions',1,1),(79,'msg_tpl_workflow_event','Message Template Workflow for Events','Message Template Workflow for Events',1,1),(80,'msg_tpl_workflow_friend','Message Template Workflow for Tell-a-Friend','Message Template Workflow for Tell-a-Friend',1,1),(81,'msg_tpl_workflow_membership','Message Template Workflow for Memberships','Message Template Workflow for Memberships',1,1),(82,'msg_tpl_workflow_meta','Message Template Workflow for Meta Templates','Message Template Workflow for Meta Templates',1,1),(83,'msg_tpl_workflow_pledge','Message Template Workflow for Pledges','Message Template Workflow for Pledges',1,1),(84,'msg_tpl_workflow_uf','Message Template Workflow for Profiles','Message Template Workflow for Profiles',1,1),(85,'msg_tpl_workflow_petition','Message Template Workflow for Petition','Message Template Workflow for Petition',1,1);
/*!40000 ALTER TABLE `civicrm_option_group` ENABLE KEYS */;
UNLOCK TABLES;

--
-- Dumping data for table `civicrm_option_value`
--

LOCK TABLES `civicrm_option_value` WRITE;
/*!40000 ALTER TABLE `civicrm_option_value` DISABLE KEYS */;
INSERT INTO `civicrm_option_value` (`id`, `option_group_id`, `label`, `value`, `name`, `grouping`, `filter`, `is_default`, `weight`, `description`, `is_optgroup`, `is_reserved`, `is_active`, `component_id`, `domain_id`, `visibility_id`) VALUES (1,1,'Phone','1',NULL,NULL,0,NULL,1,NULL,0,0,1,NULL,NULL,NULL),(2,1,'Email','2',NULL,NULL,0,NULL,2,NULL,0,0,1,NULL,NULL,NULL),(3,1,'Postal Mail','3',NULL,NULL,0,NULL,3,NULL,0,0,1,NULL,NULL,NULL),(4,1,'SMS','4',NULL,NULL,0,NULL,4,NULL,0,0,1,NULL,NULL,NULL),(5,1,'Fax','5',NULL,NULL,0,NULL,5,NULL,0,0,1,NULL,NULL,NULL),(6,2,'Meeting','1','Meeting',NULL,0,NULL,1,NULL,0,1,1,NULL,NULL,NULL),(7,2,'Phone Call','2','Phone Call',NULL,0,NULL,2,NULL,0,1,1,NULL,NULL,NULL),(8,2,'Email','3','Email',NULL,1,NULL,3,'Email sent.',0,1,1,NULL,NULL,NULL),(9,2,'Text Message (SMS)','4','SMS',NULL,1,NULL,4,'Text message (SMS) sent.',0,1,1,NULL,NULL,NULL),(10,2,'Event Registration','5','Event Registration',NULL,1,NULL,5,'Online or offline event registration.',0,1,1,1,NULL,NULL),(11,2,'Contribution','6','Contribution',NULL,1,NULL,6,'Online or offline contribution.',0,1,1,2,NULL,NULL),(12,2,'Membership Signup','7','Membership Signup',NULL,1,NULL,7,'Online or offline membership signup.',0,1,1,3,NULL,NULL),(13,2,'Membership Renewal','8','Membership Renewal',NULL,1,NULL,8,'Online or offline membership renewal.',0,1,1,3,NULL,NULL),(14,2,'Tell a Friend','9','Tell a Friend',NULL,1,NULL,9,'Send information about a contribution campaign or event to a friend.',0,1,1,NULL,NULL,NULL),(15,2,'Pledge Acknowledgment','10','Pledge Acknowledgment',NULL,1,NULL,10,'Send Pledge Acknowledgment.',0,1,1,6,NULL,NULL),(16,2,'Pledge Reminder','11','Pledge Reminder',NULL,1,NULL,11,'Send Pledge Reminder.',0,1,1,6,NULL,NULL),(17,2,'Inbound Email','12','Inbound Email',NULL,1,NULL,12,'Inbound Email.',0,1,1,NULL,NULL,NULL),(18,2,'Open Case','13','Open Case',NULL,0,0,13,'',0,0,1,7,NULL,NULL),(19,2,'Follow up','14','Follow up',NULL,0,0,14,'',0,0,1,7,NULL,NULL),(20,2,'Change Case Type','15','Change Case Type',NULL,0,0,15,'',0,0,1,7,NULL,NULL),(21,2,'Change Case Status','16','Change Case Status',NULL,0,0,16,'',0,0,1,7,NULL,NULL),(22,2,'Membership Renewal Reminder','17','Membership Renewal Reminder',NULL,1,NULL,17,'offline membership renewal reminder.',0,1,1,3,NULL,NULL),(23,2,'Change Case Start Date','18','Change Case Start Date',NULL,0,0,18,'',0,0,1,7,NULL,NULL),(24,2,'Bulk Email','19','Bulk Email',NULL,1,NULL,19,'Bulk Email Sent.',0,1,1,NULL,NULL,NULL),(25,2,'Assign Case Role','20','Assign Case Role',NULL,0,0,20,'',0,0,1,7,NULL,NULL),(26,2,'Remove Case Role','21','Remove Case Role',NULL,0,0,21,'',0,0,1,7,NULL,NULL),(27,2,'Print PDF Letter','22','Print PDF Letter',NULL,0,NULL,22,'Print PDF Letter.',0,1,1,NULL,NULL,NULL),(28,2,'Merge Case','23','Merge Case',NULL,0,NULL,23,'',0,1,1,7,NULL,NULL),(29,2,'Reassigned Case','24','Reassigned Case',NULL,0,NULL,24,'',0,1,1,7,NULL,NULL),(30,2,'Link Cases','25','Link Cases',NULL,0,NULL,25,'',0,1,1,7,NULL,NULL),(31,2,'Change Case Tags','26','Change Case Tags',NULL,0,0,26,'',0,1,1,7,NULL,NULL),(32,2,'Add Client To Case','27','Add Client To Case',NULL,0,0,26,'',0,1,1,7,NULL,NULL),(33,2,'Survey','28','Survey',NULL,0,0,27,'',0,1,1,9,NULL,NULL),(34,2,'Canvass','29','Canvass',NULL,0,0,28,'',0,1,1,9,NULL,NULL),(35,2,'PhoneBank','30','PhoneBank',NULL,0,0,29,'',0,1,1,9,NULL,NULL),(36,2,'WalkList','31','WalkList',NULL,0,0,30,'',0,1,1,9,NULL,NULL),(37,2,'Petition Signature','32','Petition',NULL,0,0,31,'',0,1,1,9,NULL,NULL),(38,2,'Mass SMS','34','Mass SMS',NULL,1,NULL,34,'Mass SMS',0,1,1,NULL,NULL,NULL),(39,2,'Change Custom Data','33','Change Custom Data',NULL,0,0,33,'',0,1,1,7,NULL,NULL),(40,2,'Change Membership Status','35','Change Membership Status',NULL,1,NULL,35,'Change Membership Status.',0,1,1,3,NULL,NULL),(41,2,'Change Membership Type','36','Change Membership Type',NULL,1,NULL,36,'Change Membership Type.',0,1,1,3,NULL,NULL),(42,2,'Cancel Recurring Contribution','37','Cancel Recurring Contribution',NULL,1,0,37,'',0,1,1,NULL,NULL,NULL),(43,2,'Update Recurring Contribution Billing Details','38','Update Recurring Contribution Billing Details',NULL,1,0,38,'',0,1,1,NULL,NULL,NULL),(44,2,'Update Recurring Contribution','39','Update Recurring Contribution',NULL,1,0,39,'',0,1,1,NULL,NULL,NULL),(45,2,'Reminder Sent','40','Reminder Sent',NULL,1,0,40,'',0,1,1,NULL,NULL,NULL),(46,2,'Export of Financial Transactions Batch','34','Export of Financial Transactions Batch',NULL,0,0,34,'Export of Financial Transactions Batch',0,1,1,2,NULL,NULL),(47,3,'Female','1','Female',NULL,0,NULL,1,NULL,0,0,1,NULL,NULL,NULL),(48,3,'Male','2','Male',NULL,0,NULL,2,NULL,0,0,1,NULL,NULL,NULL),(49,3,'Transgender','3','Transgender',NULL,0,NULL,3,NULL,0,0,1,NULL,NULL,NULL),(50,4,'Yahoo','1','Yahoo',NULL,0,NULL,1,NULL,0,0,1,NULL,NULL,NULL),(51,4,'MSN','2','Msn',NULL,0,NULL,2,NULL,0,0,1,NULL,NULL,NULL),(52,4,'AIM','3','Aim',NULL,0,NULL,3,NULL,0,0,1,NULL,NULL,NULL),(53,4,'GTalk','4','Gtalk',NULL,0,NULL,4,NULL,0,0,1,NULL,NULL,NULL),(54,4,'Jabber','5','Jabber',NULL,0,NULL,5,NULL,0,0,1,NULL,NULL,NULL),(55,4,'Skype','6','Skype',NULL,0,NULL,6,NULL,0,0,1,NULL,NULL,NULL),(56,5,'Sprint','1','Sprint',NULL,0,NULL,1,NULL,0,0,1,NULL,NULL,NULL),(57,5,'Verizon','2','Verizon',NULL,0,NULL,2,NULL,0,0,1,NULL,NULL,NULL),(58,5,'Cingular','3','Cingular',NULL,0,NULL,3,NULL,0,0,1,NULL,NULL,NULL),(59,6,'Mrs.','1','Mrs.',NULL,0,NULL,1,NULL,0,0,1,NULL,NULL,NULL),(60,6,'Ms.','2','Ms.',NULL,0,NULL,2,NULL,0,0,1,NULL,NULL,NULL),(61,6,'Mr.','3','Mr.',NULL,0,NULL,3,NULL,0,0,1,NULL,NULL,NULL),(62,6,'Dr.','4','Dr.',NULL,0,NULL,4,NULL,0,0,1,NULL,NULL,NULL),(63,7,'Jr.','1','Jr.',NULL,0,NULL,1,NULL,0,0,1,NULL,NULL,NULL),(64,7,'Sr.','2','Sr.',NULL,0,NULL,2,NULL,0,0,1,NULL,NULL,NULL),(65,7,'II','3','II',NULL,0,NULL,3,NULL,0,0,1,NULL,NULL,NULL),(66,7,'III','4','III',NULL,0,NULL,4,NULL,0,0,1,NULL,NULL,NULL),(67,7,'IV','5','IV',NULL,0,NULL,5,NULL,0,0,1,NULL,NULL,NULL),(68,7,'V','6','V',NULL,0,NULL,6,NULL,0,0,1,NULL,NULL,NULL),(69,7,'VI','7','VI',NULL,0,NULL,7,NULL,0,0,1,NULL,NULL,NULL),(70,7,'VII','8','VII',NULL,0,NULL,8,NULL,0,0,1,NULL,NULL,NULL),(71,8,'Administrator','1','Admin',NULL,0,NULL,1,NULL,0,0,1,NULL,NULL,NULL),(72,8,'Authenticated','2','Auth',NULL,0,NULL,2,NULL,0,1,1,NULL,NULL,NULL),(73,9,'Visa','1','Visa',NULL,0,NULL,1,NULL,0,0,1,NULL,NULL,NULL),(74,9,'MasterCard','2','MasterCard',NULL,0,NULL,2,NULL,0,0,1,NULL,NULL,NULL),(75,9,'Amex','3','Amex',NULL,0,NULL,3,NULL,0,0,1,NULL,NULL,NULL),(76,9,'Discover','4','Discover',NULL,0,NULL,4,NULL,0,0,1,NULL,NULL,NULL),(77,10,'Credit Card','1','Credit Card',NULL,0,NULL,1,NULL,0,1,1,NULL,NULL,NULL),(78,10,'Debit Card','2','Debit Card',NULL,0,NULL,2,NULL,0,1,1,NULL,NULL,NULL),(79,10,'Cash','3','Cash',NULL,0,NULL,3,NULL,0,0,1,NULL,NULL,NULL),(80,10,'Check','4','Check',NULL,0,NULL,4,NULL,0,1,1,NULL,NULL,NULL),(81,10,'EFT','5','EFT',NULL,0,NULL,5,NULL,0,0,1,NULL,NULL,NULL),(82,11,'Completed','1','Completed',NULL,0,NULL,1,NULL,0,1,1,NULL,NULL,NULL),(83,11,'Pending','2','Pending',NULL,0,NULL,2,NULL,0,1,1,NULL,NULL,NULL),(84,11,'Cancelled','3','Cancelled',NULL,0,NULL,3,NULL,0,1,1,NULL,NULL,NULL),(85,11,'Failed','4','Failed',NULL,0,NULL,4,NULL,0,1,1,NULL,NULL,NULL),(86,11,'In Progress','5','In Progress',NULL,0,NULL,5,NULL,0,1,1,NULL,NULL,NULL),(87,11,'Overdue','6','Overdue',NULL,0,NULL,6,NULL,0,1,1,NULL,NULL,NULL),(88,12,'Waiting Review','1','Waiting Review',NULL,0,NULL,1,NULL,0,1,1,NULL,NULL,NULL),(89,12,'Approved','2','Approved',NULL,0,NULL,2,NULL,0,1,1,NULL,NULL,NULL),(90,12,'Not Approved','3','Not Approved',NULL,0,NULL,3,NULL,0,1,1,NULL,NULL,NULL),(91,13,'Attendee','1','Attendee',NULL,1,NULL,1,NULL,0,0,1,NULL,NULL,NULL),(92,13,'Volunteer','2','Volunteer',NULL,1,NULL,2,NULL,0,0,1,NULL,NULL,NULL),(93,13,'Host','3','Host',NULL,1,NULL,3,NULL,0,0,1,NULL,NULL,NULL),(94,13,'Speaker','4','Speaker',NULL,1,NULL,4,NULL,0,0,1,NULL,NULL,NULL),(95,14,'Conference','1','Conference',NULL,0,NULL,1,NULL,0,0,1,NULL,NULL,NULL),(96,14,'Exhibition','2','Exhibition',NULL,0,NULL,2,NULL,0,0,1,NULL,NULL,NULL),(97,14,'Fundraiser','3','Fundraiser',NULL,0,NULL,3,NULL,0,0,1,NULL,NULL,NULL),(98,14,'Meeting','4','Meeting',NULL,0,NULL,4,NULL,0,0,1,NULL,NULL,NULL),(99,14,'Performance','5','Performance',NULL,0,NULL,5,NULL,0,0,1,NULL,NULL,NULL),(100,14,'Workshop','6','Workshop',NULL,0,NULL,6,NULL,0,0,1,NULL,NULL,NULL),(101,15,'Activities','1','activity',NULL,0,NULL,1,NULL,0,0,1,NULL,NULL,NULL),(102,15,'Relationships','2','rel',NULL,0,NULL,2,NULL,0,0,1,NULL,NULL,NULL),(103,15,'Groups','3','group',NULL,0,NULL,3,NULL,0,0,1,NULL,NULL,NULL),(104,15,'Notes','4','note',NULL,0,NULL,4,NULL,0,0,1,NULL,NULL,NULL),(105,15,'Tags','5','tag',NULL,0,NULL,5,NULL,0,0,1,NULL,NULL,NULL),(106,15,'Change Log','6','log',NULL,0,NULL,6,NULL,0,0,1,NULL,NULL,NULL),(107,15,'Contributions','7','CiviContribute',NULL,0,NULL,7,NULL,0,0,1,NULL,NULL,NULL),(108,15,'Memberships','8','CiviMember',NULL,0,NULL,8,NULL,0,0,1,NULL,NULL,NULL),(109,15,'Events','9','CiviEvent',NULL,0,NULL,9,NULL,0,0,1,NULL,NULL,NULL),(110,15,'Cases','10','CiviCase',NULL,0,NULL,10,NULL,0,0,1,NULL,NULL,NULL),(111,15,'Grants','11','CiviGrant',NULL,0,NULL,11,NULL,0,0,1,NULL,NULL,NULL),(112,15,'Pledges','13','CiviPledge',NULL,0,NULL,13,NULL,0,0,1,NULL,NULL,NULL),(113,16,'Custom Data','1','CustomData',NULL,0,NULL,1,NULL,0,0,1,NULL,NULL,NULL),(114,16,'Address','2','Address',NULL,0,NULL,2,NULL,0,0,1,NULL,NULL,NULL),(115,16,'Communication Preferences','3','CommunicationPreferences',NULL,0,NULL,3,NULL,0,0,1,NULL,NULL,NULL),(116,16,'Notes','4','Notes',NULL,0,NULL,4,NULL,0,0,1,NULL,NULL,NULL),(117,16,'Demographics','5','Demographics',NULL,0,NULL,5,NULL,0,0,1,NULL,NULL,NULL),(118,16,'Tags and Groups','6','TagsAndGroups',NULL,0,NULL,6,NULL,0,0,1,NULL,NULL,NULL),(119,16,'Email','7','Email',NULL,1,NULL,7,NULL,0,0,1,NULL,NULL,NULL),(120,16,'Phone','8','Phone',NULL,1,NULL,8,NULL,0,0,1,NULL,NULL,NULL),(121,16,'Instant Messenger','9','IM',NULL,1,NULL,9,NULL,0,0,1,NULL,NULL,NULL),(122,16,'Open ID','10','OpenID',NULL,1,NULL,10,NULL,0,0,1,NULL,NULL,NULL),(123,16,'Website','11','Website',NULL,1,NULL,11,NULL,0,0,1,NULL,NULL,NULL),(124,17,'Address Fields','1','location',NULL,0,NULL,1,NULL,0,0,1,NULL,NULL,NULL),(125,17,'Custom Fields','2','custom',NULL,0,NULL,2,NULL,0,0,1,NULL,NULL,NULL),(126,17,'Activities','3','activity',NULL,0,NULL,4,NULL,0,0,1,NULL,NULL,NULL),(127,17,'Relationships','4','relationship',NULL,0,NULL,5,NULL,0,0,1,NULL,NULL,NULL),(128,17,'Notes','5','notes',NULL,0,NULL,6,NULL,0,0,1,NULL,NULL,NULL),(129,17,'Change Log','6','changeLog',NULL,0,NULL,7,NULL,0,0,1,NULL,NULL,NULL),(130,17,'Contributions','7','CiviContribute',NULL,0,NULL,8,NULL,0,0,1,NULL,NULL,NULL),(131,17,'Memberships','8','CiviMember',NULL,0,NULL,9,NULL,0,0,1,NULL,NULL,NULL),(132,17,'Events','9','CiviEvent',NULL,0,NULL,10,NULL,0,0,1,NULL,NULL,NULL),(133,17,'Cases','10','CiviCase',NULL,0,NULL,11,NULL,0,0,1,NULL,NULL,NULL),(134,17,'Grants','12','CiviGrant',NULL,0,NULL,14,NULL,0,0,1,NULL,NULL,NULL),(135,17,'Demographics','13','demographics',NULL,0,NULL,15,NULL,0,0,1,NULL,NULL,NULL),(136,17,'Pledges','15','CiviPledge',NULL,0,NULL,17,NULL,0,0,1,NULL,NULL,NULL),(137,17,'Contact Type','16','contactType',NULL,0,NULL,18,NULL,0,0,1,NULL,NULL,NULL),(138,17,'Groups','17','groups',NULL,0,NULL,19,NULL,0,0,1,NULL,NULL,NULL),(139,17,'Tags','18','tags',NULL,0,NULL,20,NULL,0,0,1,NULL,NULL,NULL),(140,17,'Mailing','19','CiviMail',NULL,0,NULL,21,NULL,0,0,1,NULL,NULL,NULL),(141,18,'Groups','1','Groups',NULL,0,NULL,1,NULL,0,0,1,NULL,NULL,NULL),(142,18,'Contributions','2','CiviContribute',NULL,0,NULL,2,NULL,0,0,1,NULL,NULL,NULL),(143,18,'Memberships','3','CiviMember',NULL,0,NULL,3,NULL,0,0,1,NULL,NULL,NULL),(144,18,'Events','4','CiviEvent',NULL,0,NULL,4,NULL,0,0,1,NULL,NULL,NULL),(145,18,'My Contacts / Organizations','5','Permissioned Orgs',NULL,0,NULL,5,NULL,0,0,1,NULL,NULL,NULL),(146,18,'Pledges','7','CiviPledge',NULL,0,NULL,7,NULL,0,0,1,NULL,NULL,NULL),(147,18,'Personal Campaign Pages','8','PCP',NULL,0,NULL,8,NULL,0,0,1,NULL,NULL,NULL),(148,18,'Assigned Activities','9','Assigned Activities',NULL,0,NULL,9,NULL,0,0,1,NULL,NULL,NULL),(149,44,'Email Address','2','email',NULL,0,NULL,2,NULL,0,0,1,NULL,NULL,NULL),(150,44,'Phone','3','phone',NULL,0,NULL,3,NULL,0,0,1,NULL,NULL,NULL),(151,44,'Street Address','4','street_address',NULL,0,NULL,4,NULL,0,0,1,NULL,NULL,NULL),(152,44,'City','5','city',NULL,0,NULL,5,NULL,0,0,1,NULL,NULL,NULL),(153,44,'State/Province','6','state_province',NULL,0,NULL,6,NULL,0,0,1,NULL,NULL,NULL),(154,44,'Country','7','country',NULL,0,NULL,7,NULL,0,0,1,NULL,NULL,NULL),(155,45,'Email Address','2','email',NULL,0,NULL,2,NULL,0,0,1,NULL,NULL,NULL),(156,45,'Phone','3','phone',NULL,0,NULL,3,NULL,0,0,1,NULL,NULL,NULL),(157,45,'Street Address','4','street_address',NULL,0,NULL,4,NULL,0,0,1,NULL,NULL,NULL),(158,45,'City','5','city',NULL,0,NULL,5,NULL,0,0,1,NULL,NULL,NULL),(159,45,'State/Province','6','state_province',NULL,0,NULL,6,NULL,0,0,1,NULL,NULL,NULL),(160,45,'Country','7','country',NULL,0,NULL,7,NULL,0,0,1,NULL,NULL,NULL),(161,19,'Street Address','1','street_address',NULL,0,NULL,1,NULL,0,0,1,NULL,NULL,NULL),(162,19,'Addt\'l Address 1','2','supplemental_address_1',NULL,0,NULL,2,NULL,0,0,1,NULL,NULL,NULL),(163,19,'Addt\'l Address 2','3','supplemental_address_2',NULL,0,NULL,3,NULL,0,0,1,NULL,NULL,NULL),(164,19,'City','4','city',NULL,0,NULL,4,NULL,0,0,1,NULL,NULL,NULL),(165,19,'Zip / Postal Code','5','postal_code',NULL,0,NULL,5,NULL,0,0,1,NULL,NULL,NULL),(166,19,'Postal Code Suffix','6','postal_code_suffix',NULL,0,NULL,6,NULL,0,0,1,NULL,NULL,NULL),(167,19,'County','7','county',NULL,0,NULL,7,NULL,0,0,1,NULL,NULL,NULL),(168,19,'State / Province','8','state_province',NULL,0,NULL,8,NULL,0,0,1,NULL,NULL,NULL),(169,19,'Country','9','country',NULL,0,NULL,9,NULL,0,0,1,NULL,NULL,NULL),(170,19,'Latitude','10','geo_code_1',NULL,0,NULL,10,NULL,0,0,1,NULL,NULL,NULL),(171,19,'Longitude','11','geo_code_2',NULL,0,NULL,11,NULL,0,0,1,NULL,NULL,NULL),(172,19,'Address Name','12','address_name',NULL,0,NULL,12,NULL,0,0,1,NULL,NULL,NULL),(173,19,'Street Address Parsing','13','street_address_parsing',NULL,0,NULL,13,NULL,0,0,1,NULL,NULL,NULL),(174,20,'Access Control','1',NULL,NULL,0,NULL,1,NULL,0,1,1,NULL,NULL,NULL),(175,20,'Mailing List','2',NULL,NULL,0,NULL,2,NULL,0,1,1,NULL,NULL,NULL),(176,21,'Submitted','1','Submitted',NULL,0,1,1,NULL,0,0,1,NULL,NULL,NULL),(177,21,'Approved','2','Approved',NULL,0,NULL,2,NULL,0,0,1,NULL,NULL,NULL),(178,21,'Rejected','3','Rejected',NULL,0,NULL,3,NULL,0,0,1,NULL,NULL,NULL),(179,21,'Paid','4','Paid',NULL,0,NULL,4,NULL,0,0,1,NULL,NULL,NULL),(180,21,'Awaiting Information\'','5','Awaiting Information',NULL,0,NULL,5,NULL,0,0,1,NULL,NULL,NULL),(181,21,'Withdrawn','6','Withdrawn',NULL,0,NULL,6,NULL,0,0,1,NULL,NULL,NULL),(182,23,'In Honor of','1','In Honor of',NULL,0,1,1,NULL,0,1,1,NULL,NULL,NULL),(183,23,'In Memory of','2','In Memory of',NULL,0,NULL,2,NULL,0,1,1,NULL,NULL,NULL),(184,24,'CRM_Contact_Form_Search_Custom_Sample','1','CRM_Contact_Form_Search_Custom_Sample',NULL,0,NULL,1,'Household Name and State',0,0,1,NULL,NULL,NULL),(185,24,'CRM_Contact_Form_Search_Custom_ContributionAggregate','2','CRM_Contact_Form_Search_Custom_ContributionAggregate',NULL,0,NULL,2,'Contribution Aggregate',0,0,1,NULL,NULL,NULL),(186,24,'CRM_Contact_Form_Search_Custom_Basic','3','CRM_Contact_Form_Search_Custom_Basic',NULL,0,NULL,3,'Basic Search',0,0,1,NULL,NULL,NULL),(187,24,'CRM_Contact_Form_Search_Custom_Group','4','CRM_Contact_Form_Search_Custom_Group',NULL,0,NULL,4,'Include / Exclude Search',0,0,1,NULL,NULL,NULL),(188,24,'CRM_Contact_Form_Search_Custom_PostalMailing','5','CRM_Contact_Form_Search_Custom_PostalMailing',NULL,0,NULL,5,'Postal Mailing',0,0,1,NULL,NULL,NULL),(189,24,'CRM_Contact_Form_Search_Custom_Proximity','6','CRM_Contact_Form_Search_Custom_Proximity',NULL,0,NULL,6,'Proximity Search',0,0,1,NULL,NULL,NULL),(190,24,'CRM_Contact_Form_Search_Custom_EventAggregate','7','CRM_Contact_Form_Search_Custom_EventAggregate',NULL,0,NULL,7,'Event Aggregate',0,0,1,NULL,NULL,NULL),(191,24,'CRM_Contact_Form_Search_Custom_ActivitySearch','8','CRM_Contact_Form_Search_Custom_ActivitySearch',NULL,0,NULL,8,'Activity Search',0,0,1,NULL,NULL,NULL),(192,24,'CRM_Contact_Form_Search_Custom_PriceSet','9','CRM_Contact_Form_Search_Custom_PriceSet',NULL,0,NULL,9,'Price Set Details for Event Participants',0,0,1,NULL,NULL,NULL),(193,24,'CRM_Contact_Form_Search_Custom_ZipCodeRange','10','CRM_Contact_Form_Search_Custom_ZipCodeRange',NULL,0,NULL,10,'Zip Code Range',0,0,1,NULL,NULL,NULL),(194,24,'CRM_Contact_Form_Search_Custom_DateAdded','11','CRM_Contact_Form_Search_Custom_DateAdded',NULL,0,NULL,11,'Date Added to CiviCRM',0,0,1,NULL,NULL,NULL),(195,24,'CRM_Contact_Form_Search_Custom_MultipleValues','12','CRM_Contact_Form_Search_Custom_MultipleValues',NULL,0,NULL,12,'Custom Group Multiple Values Listing',0,0,1,NULL,NULL,NULL),(196,24,'CRM_Contact_Form_Search_Custom_ContribSYBNT','13','CRM_Contact_Form_Search_Custom_ContribSYBNT',NULL,0,NULL,13,'Contributions made in Year X and not Year Y',0,0,1,NULL,NULL,NULL),(197,24,'CRM_Contact_Form_Search_Custom_TagContributions','14','CRM_Contact_Form_Search_Custom_TagContributions',NULL,0,NULL,14,'Find Contribution Amounts by Tag',0,0,1,NULL,NULL,NULL),(198,24,'CRM_Contact_Form_Search_Custom_FullText','15','CRM_Contact_Form_Search_Custom_FullText',NULL,0,NULL,15,'Full-text Search',0,0,1,NULL,NULL,NULL),(199,40,'Constituent Report (Summary)','contact/summary','CRM_Report_Form_Contact_Summary',NULL,0,NULL,1,'Provides a list of address and telephone information for constituent records in your system.',0,0,1,NULL,NULL,NULL),(200,40,'Constituent Report (Detail)','contact/detail','CRM_Report_Form_Contact_Detail',NULL,0,NULL,2,'Provides contact-related information on contributions, memberships, events and activities.',0,0,1,NULL,NULL,NULL),(201,40,'Activity Report','activity','CRM_Report_Form_Activity',NULL,0,NULL,3,'Provides a list of constituent activity including activity statistics for one/all contacts during a given date range(required)',0,0,1,NULL,NULL,NULL),(202,40,'Walk / Phone List Report','walklist','CRM_Report_Form_Walklist_Walklist',NULL,0,NULL,4,'Provides a detailed report for your walk/phonelist for targetted contacts',0,0,0,NULL,NULL,NULL),(203,40,'Current Employer Report','contact/currentEmployer','CRM_Report_Form_Contact_CurrentEmployer',NULL,0,NULL,5,'Provides detail list of employer employee relationships along with employment details Ex Join Date',0,0,1,NULL,NULL,NULL),(204,40,'Contribution Summary Report','contribute/summary','CRM_Report_Form_Contribute_Summary',NULL,0,NULL,6,'Groups and totals contributions by criteria including contact, time period, financial type, contributor location, etc.',0,0,1,2,NULL,NULL),(205,40,'Contribution Detail Report','contribute/detail','CRM_Report_Form_Contribute_Detail',NULL,0,NULL,7,'Lists specific contributions by criteria including contact, time period, financial type, contributor location, etc. Contribution summary report points to this report for contribution details.',0,0,1,2,NULL,NULL),(206,40,'Repeat Contributions Report','contribute/repeat','CRM_Report_Form_Contribute_Repeat',NULL,0,NULL,8,'Given two date ranges, shows contacts who contributed in both the date ranges with the amount contributed in each and the percentage increase / decrease.',0,0,1,2,NULL,NULL),(207,40,'Contributions by Organization Report','contribute/organizationSummary','CRM_Report_Form_Contribute_OrganizationSummary',NULL,0,NULL,9,'Displays a detailed list of contributions grouped by organization, which includes contributions made by employees for the organisation.',0,0,1,2,NULL,NULL),(208,40,'Contributions by Household Report','contribute/householdSummary','CRM_Report_Form_Contribute_HouseholdSummary',NULL,0,NULL,10,'Displays a detailed list of contributions grouped by household which includes contributions made by members of the household.',0,0,1,2,NULL,NULL),(209,40,'Top Donors Report','contribute/topDonor','CRM_Report_Form_Contribute_TopDonor',NULL,0,NULL,11,'Provides a list of the top donors during a time period you define. You can include as many donors as you want (for example, top 100 of your donors).',0,0,1,2,NULL,NULL),(210,40,'SYBUNT Report','contribute/sybunt','CRM_Report_Form_Contribute_Sybunt',NULL,0,NULL,12,'SYBUNT means some year(s) but not this year. Provides a list of constituents who donated at some time in the history of your organization but did not donate during the time period you specify.',0,0,1,2,NULL,NULL),(211,40,'LYBUNT Report','contribute/lybunt','CRM_Report_Form_Contribute_Lybunt',NULL,0,NULL,13,'LYBUNT means last year but not this year. Provides a list of constituents who donated last year but did not donate during the time period you specify as the current year.',0,0,1,2,NULL,NULL),(212,40,'Soft Credit Report','contribute/softcredit','CRM_Report_Form_Contribute_SoftCredit',NULL,0,NULL,14,'Shows contributions made by contacts that have been soft-credited to other contacts.',0,0,1,2,NULL,NULL),(213,40,'Membership Report (Summary)','member/summary','CRM_Report_Form_Member_Summary',NULL,0,NULL,15,'Provides a summary of memberships by type and join date.',0,0,1,3,NULL,NULL),(214,40,'Membership Report (Detail)','member/detail','CRM_Report_Form_Member_Detail',NULL,0,NULL,16,'Provides a list of members along with their membership status and membership details (Join Date, Start Date, End Date). Can also display contributions (payments) associated with each membership.',0,0,1,3,NULL,NULL),(215,40,'Membership Report (Lapsed)','member/lapse','CRM_Report_Form_Member_Lapse',NULL,0,NULL,17,'Provides a list of memberships that lapsed or will lapse before the date you specify.',0,0,1,3,NULL,NULL),(216,40,'Event Participant Report (List)','event/participantListing','CRM_Report_Form_Event_ParticipantListing',NULL,0,NULL,18,'Provides lists of participants for an event.',0,0,1,1,NULL,NULL),(217,40,'Event Income Report (Summary)','event/summary','CRM_Report_Form_Event_Summary',NULL,0,NULL,19,'Provides an overview of event income. You can include key information such as event ID, registration, attendance, and income generated to help you determine the success of an event.',0,0,1,1,NULL,NULL),(218,40,'Event Income Report (Detail)','event/income','CRM_Report_Form_Event_Income',NULL,0,NULL,20,'Helps you to analyze the income generated by an event. The report can include details by participant type, status and payment method.',0,0,1,1,NULL,NULL),(219,40,'Pledge Report','pledge/detail','CRM_Report_Form_Pledge_Detail',NULL,0,NULL,21,'Pledge Report',0,0,1,6,NULL,NULL),(220,40,'Pledged But not Paid Report','pledge/pbnp','CRM_Report_Form_Pledge_Pbnp',NULL,0,NULL,22,'Pledged but not Paid Report',0,0,1,6,NULL,NULL),(221,40,'Relationship Report','contact/relationship','CRM_Report_Form_Contact_Relationship',NULL,0,NULL,23,'Relationship Report',0,0,1,NULL,NULL,NULL),(222,40,'Case Summary Report','case/summary','CRM_Report_Form_Case_Summary',NULL,0,NULL,24,'Provides a summary of cases and their duration by date range, status, staff member and / or case role.',0,0,1,7,NULL,NULL),(223,40,'Case Time Spent Report','case/timespent','CRM_Report_Form_Case_TimeSpent',NULL,0,NULL,25,'Aggregates time spent on case and / or or non-case activities by activity type and contact.',0,0,1,7,NULL,NULL),(224,40,'Contact Demographics Report','case/demographics','CRM_Report_Form_Case_Demographics',NULL,0,NULL,26,'Demographic breakdown for case clients (and or non-case contacts) in your database. Includes custom contact fields.',0,0,1,7,NULL,NULL),(225,40,'Database Log Report','contact/log','CRM_Report_Form_Contact_Log',NULL,0,NULL,27,'Log of contact and activity records created or updated in a given date range.',0,0,1,NULL,NULL,NULL),(226,40,'Activity Report (Summary)','activitySummary','CRM_Report_Form_ActivitySummary',NULL,0,NULL,28,'Shows activity statistics by type / date',0,0,1,NULL,NULL,NULL),(227,40,'Bookkeeping Transactions Report','contribute/bookkeeping','CRM_Report_Form_Contribute_Bookkeeping',NULL,0,0,29,'Shows Bookkeeping Transactions Report',0,0,1,2,NULL,NULL),(228,40,'Grant Report (Detail)','grant/detail','CRM_Report_Form_Grant_Detail',NULL,0,0,30,'Grant Report Detail',0,0,1,5,NULL,NULL),(229,40,'Participant list Count Report','event/participantlist','CRM_Report_Form_Event_ParticipantListCount',NULL,0,0,31,'Shows the Participant list with Participant Count.',0,0,1,1,NULL,NULL),(230,40,'Income Count Summary Report','event/incomesummary','CRM_Report_Form_Event_IncomeCountSummary',NULL,0,0,32,'Shows the Income Summary of events with Count.',0,0,1,1,NULL,NULL),(231,40,'Case Detail Report','case/detail','CRM_Report_Form_Case_Detail',NULL,0,0,33,'Case Details',0,0,1,7,NULL,NULL),(232,40,'Mail Bounce Report','Mailing/bounce','CRM_Report_Form_Mailing_Bounce',NULL,0,NULL,34,'Bounce Report for mailings',0,0,1,4,NULL,NULL),(233,40,'Mail Summary Report','Mailing/summary','CRM_Report_Form_Mailing_Summary',NULL,0,NULL,35,'Summary statistics for mailings',0,0,1,4,NULL,NULL),(234,40,'Mail Opened Report','Mailing/opened','CRM_Report_Form_Mailing_Opened',NULL,0,NULL,36,'Display contacts who opened emails from a mailing',0,0,1,4,NULL,NULL),(235,40,'Mail Clickthrough Report','Mailing/clicks','CRM_Report_Form_Mailing_Clicks',NULL,0,NULL,37,'Display clicks from each mailing',0,0,1,4,NULL,NULL),(236,40,'Contact Logging Report (Summary)','logging/contact/summary','CRM_Report_Form_Contact_LoggingSummary',NULL,0,NULL,38,'Contact modification report for the logging infrastructure (summary).',0,0,0,NULL,NULL,NULL),(237,40,'Contact Logging Report (Detail)','logging/contact/detail','CRM_Report_Form_Contact_LoggingDetail',NULL,0,NULL,39,'Contact modification report for the logging infrastructure (detail).',0,0,0,NULL,NULL,NULL),(238,40,'Contribute Logging Report (Summary)','logging/contribute/summary','CRM_Report_Form_Contribute_LoggingSummary',NULL,0,NULL,40,'Contribute modification report for the logging infrastructure (summary).',0,0,0,2,NULL,NULL),(239,40,'Contribute Logging Report (Detail)','logging/contribute/detail','CRM_Report_Form_Contribute_LoggingDetail',NULL,0,NULL,41,'Contribute modification report for the logging infrastructure (detail).',0,0,0,2,NULL,NULL),(240,40,'Grant Report (Statistics)','grant/statistics','CRM_Report_Form_Grant_Statistics',NULL,0,NULL,42,'Shows statistics for Grants.',0,0,1,5,NULL,NULL),(241,40,'Survey Report (Detail)','survey/detail','CRM_Report_Form_Campaign_SurveyDetails',NULL,0,NULL,43,'Detailed report for canvassing, phone-banking, walk lists or other surveys.',0,0,1,9,NULL,NULL),(242,40,'Personal Campaign Page Report','contribute/pcp','CRM_Report_Form_Contribute_PCP',NULL,0,NULL,44,'Summarizes amount raised and number of contributors for each Personal Campaign Page.',0,0,1,2,NULL,NULL),(243,40,'Pledge Summary Report','pledge/summary','CRM_Report_Form_Pledge_Summary',NULL,0,NULL,45,'Summary of pledges including amount pledged, pledge status, next payment date, balance due, total amount paid etc.',0,0,1,6,NULL,NULL),(244,40,'Contribution History By Relationship Report','contribute/history','CRM_Report_Form_Contribute_History',NULL,0,NULL,46,'List contact\'s donation history, grouped by year, along with contributions attributed to any of the contact\'s related contacts.',0,0,1,2,NULL,NULL),(245,40,'Mail Detail Report','mailing/detail','CRM_Report_Form_Mailing_Detail',NULL,0,NULL,47,'Provides reporting on Intended and Successful Deliveries, Unsubscribes and Opt-outs, Replies and Forwards.',0,0,1,4,NULL,NULL),(246,40,'Contribution and Membership Details','member/contributionDetail','CRM_Report_Form_Member_ContributionDetail',NULL,0,NULL,48,'Contribution details for any type of contribution, plus associated membership information for contributions which are in payment for memberships.',0,0,1,3,NULL,NULL),(247,25,'Scheduled','1','Scheduled',NULL,0,1,1,NULL,0,1,1,NULL,NULL,NULL),(248,25,'Completed','2','Completed',NULL,0,NULL,2,NULL,0,1,1,NULL,NULL,NULL),(249,25,'Cancelled','3','Cancelled',NULL,0,NULL,3,NULL,0,1,1,NULL,NULL,NULL),(250,25,'Left Message','4','Left Message',NULL,0,NULL,4,NULL,0,0,1,NULL,NULL,NULL),(251,25,'Unreachable','5','Unreachable',NULL,0,NULL,5,NULL,0,0,1,NULL,NULL,NULL),(252,25,'Not Required','6','Not Required',NULL,0,NULL,6,NULL,0,0,1,NULL,NULL,NULL),(253,27,'Ongoing','1','Open','Opened',0,1,1,NULL,0,1,1,NULL,NULL,NULL),(254,27,'Resolved','2','Closed','Closed',0,NULL,2,NULL,0,1,1,NULL,NULL,NULL),(255,27,'Urgent','3','Urgent','Opened',0,NULL,3,NULL,0,1,1,NULL,NULL,NULL),(256,28,'Name Only','1','Name Only',NULL,0,0,1,'CRM_Event_Page_ParticipantListing_Name',0,1,1,NULL,NULL,NULL),(257,28,'Name and Email','2','Name and Email',NULL,0,0,2,'CRM_Event_Page_ParticipantListing_NameAndEmail',0,1,1,NULL,NULL,NULL),(258,28,'Name, Status and Register Date','3','Name, Status and Register Date',NULL,0,0,3,'CRM_Event_Page_ParticipantListing_NameStatusAndDate',0,1,1,NULL,NULL,NULL),(259,29,'jpg','1',NULL,NULL,0,0,1,NULL,0,0,1,NULL,NULL,NULL),(260,29,'jpeg','2',NULL,NULL,0,0,2,NULL,0,0,1,NULL,NULL,NULL),(261,29,'png','3',NULL,NULL,0,0,3,NULL,0,0,1,NULL,NULL,NULL),(262,29,'gif','4',NULL,NULL,0,0,4,NULL,0,0,1,NULL,NULL,NULL),(263,29,'txt','5',NULL,NULL,0,0,5,NULL,0,0,1,NULL,NULL,NULL),(264,29,'pdf','6',NULL,NULL,0,0,6,NULL,0,0,1,NULL,NULL,NULL),(265,29,'doc','7',NULL,NULL,0,0,7,NULL,0,0,1,NULL,NULL,NULL),(266,29,'xls','8',NULL,NULL,0,0,8,NULL,0,0,1,NULL,NULL,NULL),(267,29,'rtf','9',NULL,NULL,0,0,9,NULL,0,0,1,NULL,NULL,NULL),(268,29,'csv','10',NULL,NULL,0,0,10,NULL,0,0,1,NULL,NULL,NULL),(269,29,'ppt','11',NULL,NULL,0,0,11,NULL,0,0,1,NULL,NULL,NULL),(270,29,'docx','12',NULL,NULL,0,0,12,NULL,0,0,1,NULL,NULL,NULL),(271,29,'xlsx','13',NULL,NULL,0,0,13,NULL,0,0,1,NULL,NULL,NULL),(272,32,'TinyMCE','1',NULL,NULL,0,NULL,1,NULL,0,1,1,NULL,NULL,NULL),(273,32,'CKEditor','2',NULL,NULL,0,NULL,2,NULL,0,1,1,NULL,NULL,NULL),(274,32,'Joomla Default Editor','3',NULL,NULL,0,NULL,3,NULL,0,1,1,NULL,NULL,NULL),(275,32,'Drupal Default Editor','4',NULL,NULL,0,NULL,4,NULL,0,1,1,NULL,NULL,NULL),(276,31,'Search Builder','1','Search Builder',NULL,0,0,1,NULL,0,1,1,NULL,NULL,NULL),(277,31,'Import Contact','2','Import Contact',NULL,0,0,2,NULL,0,1,1,NULL,NULL,NULL),(278,31,'Import Activity','3','Import Activity',NULL,0,0,3,NULL,0,1,1,NULL,NULL,NULL),(279,31,'Import Contribution','4','Import Contribution',NULL,0,0,4,NULL,0,1,1,NULL,NULL,NULL),(280,31,'Import Membership','5','Import Membership',NULL,0,0,5,NULL,0,1,1,NULL,NULL,NULL),(281,31,'Import Participant','6','Import Participant',NULL,0,0,6,NULL,0,1,1,NULL,NULL,NULL),(282,31,'Export Contact','7','Export Contact',NULL,0,0,7,NULL,0,1,1,NULL,NULL,NULL),(283,31,'Export Contribution','8','Export Contribution',NULL,0,0,8,NULL,0,1,1,NULL,NULL,NULL),(284,31,'Export Membership','9','Export Membership',NULL,0,0,9,NULL,0,1,1,NULL,NULL,NULL),(285,31,'Export Participant','10','Export Participant',NULL,0,0,10,NULL,0,1,1,NULL,NULL,NULL),(286,31,'Export Pledge','11','Export Pledge',NULL,0,0,11,NULL,0,1,1,NULL,NULL,NULL),(287,31,'Export Case','12','Export Case',NULL,0,0,12,NULL,0,1,1,NULL,NULL,NULL),(288,31,'Export Grant','13','Export Grant',NULL,0,0,13,NULL,0,1,1,NULL,NULL,NULL),(289,31,'Export Activity','14','Export Activity',NULL,0,0,14,NULL,0,1,1,NULL,NULL,NULL),(290,33,'day','day','day',NULL,0,NULL,1,NULL,0,1,1,NULL,NULL,NULL),(291,33,'week','week','week',NULL,0,NULL,2,NULL,0,1,1,NULL,NULL,NULL),(292,33,'month','month','month',NULL,0,NULL,3,NULL,0,1,1,NULL,NULL,NULL),(293,33,'year','year','year',NULL,0,NULL,4,NULL,0,1,1,NULL,NULL,NULL),(294,34,'Phone','1','Phone',NULL,0,NULL,1,NULL,0,0,1,NULL,NULL,NULL),(295,34,'Mobile','2','Mobile',NULL,0,NULL,2,NULL,0,0,1,NULL,NULL,NULL),(296,34,'Fax','3','Fax',NULL,0,NULL,3,NULL,0,0,1,NULL,NULL,NULL),(297,34,'Pager','4','Pager',NULL,0,NULL,4,NULL,0,0,1,NULL,NULL,NULL),(298,34,'Voicemail','5','Voicemail',NULL,0,NULL,5,NULL,0,0,1,NULL,NULL,NULL),(299,35,'Participant Role','1','ParticipantRole',NULL,0,NULL,1,NULL,0,0,1,NULL,NULL,NULL),(300,35,'Participant Event Name','2','ParticipantEventName',NULL,0,NULL,2,NULL,0,0,1,NULL,NULL,NULL),(301,35,'Participant Event Type','3','ParticipantEventType',NULL,0,NULL,3,NULL,0,0,1,NULL,NULL,NULL),(302,36,'Public','1','public',NULL,0,NULL,1,NULL,0,0,1,NULL,NULL,NULL),(303,36,'Admin','2','admin',NULL,0,NULL,2,NULL,0,0,1,NULL,NULL,NULL),(304,37,'IMAP','1','IMAP',NULL,0,NULL,1,NULL,0,0,1,NULL,NULL,NULL),(305,37,'Maildir','2','Maildir',NULL,0,NULL,2,NULL,0,0,1,NULL,NULL,NULL),(306,37,'POP3','3','POP3',NULL,0,NULL,3,NULL,0,0,1,NULL,NULL,NULL),(307,37,'Localdir','4','Localdir',NULL,0,NULL,4,NULL,0,0,1,NULL,NULL,NULL),(308,38,'Urgent','1','Urgent',NULL,0,NULL,1,NULL,0,0,1,NULL,NULL,NULL),(309,38,'Normal','2','Normal',NULL,0,NULL,2,NULL,0,0,1,NULL,NULL,NULL),(310,38,'Low','3','Low',NULL,0,NULL,3,NULL,0,0,1,NULL,NULL,NULL),(311,39,'Vancouver','city_',NULL,NULL,0,NULL,1,NULL,0,0,0,NULL,NULL,NULL),(312,39,'/(19|20)(\\d{2})-(\\d{1,2})-(\\d{1,2})/','date_',NULL,NULL,1,NULL,2,NULL,0,0,0,NULL,NULL,NULL),(313,41,'Dear {contact.first_name}','1','Dear {contact.first_name}',NULL,1,1,1,NULL,0,0,1,NULL,NULL,NULL),(314,41,'Dear {contact.individual_prefix} {contact.first_name} {contact.last_name}','2','Dear {contact.individual_prefix} {contact.first_name} {contact.last_name}',NULL,1,0,2,NULL,0,0,1,NULL,NULL,NULL),(315,41,'Dear {contact.individual_prefix} {contact.last_name}','3','Dear {contact.individual_prefix} {contact.last_name}',NULL,1,0,3,NULL,0,0,1,NULL,NULL,NULL),(316,41,'Customized','4','Customized',NULL,0,0,4,NULL,0,1,1,NULL,NULL,NULL),(317,41,'Dear {contact.household_name}','5','Dear {contact.househols_name}',NULL,2,1,5,NULL,0,0,1,NULL,NULL,NULL),(318,42,'Dear {contact.first_name}','1','Dear {contact.first_name}',NULL,1,1,1,NULL,0,0,1,NULL,NULL,NULL),(319,42,'Dear {contact.individual_prefix} {contact.first_name} {contact.last_name}','2','Dear {contact.individual_prefix} {contact.first_name} {contact.last_name}',NULL,1,0,2,NULL,0,0,1,NULL,NULL,NULL),(320,42,'Dear {contact.individual_prefix} {contact.last_name}','3','Dear {contact.individual_prefix} {contact.last_name}',NULL,1,0,3,NULL,0,0,1,NULL,NULL,NULL),(321,42,'Customized','4','Customized',NULL,0,0,4,NULL,0,1,1,NULL,NULL,NULL),(322,42,'Dear {contact.household_name}','5','Dear {contact.househols_name}',NULL,2,1,5,NULL,0,0,1,NULL,NULL,NULL),(323,43,'{contact.individual_prefix}{ } {contact.first_name}{ }{contact.middle_name}{ }{contact.last_name}{ }{contact.individual_suffix}','1','}{contact.individual_prefix}{ } {contact.first_name}{ }{contact.middle_name}{ }{contact.last_name}{ }{contact.individual_suffix}',NULL,1,1,1,NULL,0,0,1,NULL,NULL,NULL),(324,43,'{contact.household_name}','2','{contact.household_name}',NULL,2,1,2,NULL,0,0,1,NULL,NULL,NULL),(325,43,'{contact.organization_name}','3','{contact.organization_name}',NULL,3,1,3,NULL,0,0,1,NULL,NULL,NULL),(326,43,'Customized','4','Customized',NULL,0,0,4,NULL,0,1,1,NULL,NULL,NULL),(327,46,'Asset','1','Asset',NULL,0,NULL,1,NULL,0,0,1,NULL,NULL,NULL),(328,46,'Liability','2','Liability',NULL,0,NULL,1,NULL,0,0,1,NULL,NULL,NULL),(329,46,'Income','3','Income',NULL,0,NULL,1,NULL,0,0,1,NULL,NULL,NULL),(330,46,'Expense','4','Expense',NULL,0,NULL,1,NULL,0,0,1,NULL,NULL,NULL),(331,47,'Home','1','Home',NULL,0,NULL,1,NULL,0,0,1,NULL,NULL,NULL),(332,47,'Work','2','Work',NULL,0,NULL,2,NULL,0,0,1,NULL,NULL,NULL),(333,47,'Facebook','3','Facebook',NULL,0,NULL,3,NULL,0,0,1,NULL,NULL,NULL),(334,47,'Twitter','4','Twitter',NULL,0,NULL,4,NULL,0,0,1,NULL,NULL,NULL),(335,47,'MySpace','5','MySpace',NULL,0,NULL,5,NULL,0,0,1,NULL,NULL,NULL),(336,47,'Main','6','Main',NULL,0,NULL,6,NULL,0,0,1,NULL,NULL,NULL),(337,48,'Contacts','civicrm_contact','Contacts',NULL,0,NULL,1,NULL,0,0,1,NULL,NULL,NULL),(338,48,'Activities','civicrm_activity','Activities',NULL,0,NULL,2,NULL,0,0,1,NULL,NULL,NULL),(339,48,'Cases','civicrm_case','Cases',NULL,0,NULL,3,NULL,0,0,1,NULL,NULL,NULL),(340,48,'Attachments','civicrm_file','Attachements',NULL,0,NULL,4,NULL,0,0,1,NULL,NULL,NULL),(341,49,'USD ($)','USD','USD',NULL,0,1,1,NULL,0,0,1,NULL,NULL,NULL),(342,50,'Name Only','1','CRM_Event_Badge_Simple',NULL,0,0,1,'Simple Event Name Badge',0,1,1,NULL,NULL,NULL),(343,50,'Name Tent','2','CRM_Event_Badge_NameTent',NULL,0,0,2,'Name Tent',0,1,1,NULL,NULL,NULL),(344,50,'With Logo','3','CRM_Event_Badge_Logo',NULL,0,0,3,'You can set your own background image',0,1,1,NULL,NULL,NULL),(345,50,'5395 with Logo','4','CRM_Event_Badge_Logo5395',NULL,0,0,4,'Avery 5395 compatible labels with logo (4 up by 2, 59.2mm x 85.7mm)',0,1,1,NULL,NULL,NULL),(346,51,'None','0','',NULL,0,1,1,NULL,0,1,1,NULL,NULL,NULL),(347,51,'Author Only','1','',NULL,0,0,2,NULL,0,1,1,NULL,NULL,NULL),(348,52,'Direct Mail','1','Direct Mail',NULL,0,NULL,1,NULL,0,0,1,NULL,NULL,NULL),(349,52,'Referral Program','2','Referral Program',NULL,0,NULL,1,NULL,0,0,1,NULL,NULL,NULL),(350,52,'Constituent Engagement','3','Constituent Engagement',NULL,0,NULL,1,NULL,0,0,1,NULL,NULL,NULL),(351,53,'Planned','1','Planned',NULL,0,NULL,1,NULL,0,0,1,NULL,NULL,NULL),(352,53,'In Progress','2','In Progress',NULL,0,NULL,1,NULL,0,0,1,NULL,NULL,NULL),(353,53,'Completed','3','Completed',NULL,0,NULL,1,NULL,0,0,1,NULL,NULL,NULL),(354,53,'Cancelled','4','Cancelled',NULL,0,NULL,1,NULL,0,0,1,NULL,NULL,NULL),(355,56,'1','1','1',NULL,0,NULL,1,NULL,0,0,1,NULL,NULL,NULL),(356,56,'2','2','2',NULL,0,NULL,2,NULL,0,0,1,NULL,NULL,NULL),(357,56,'3','3','3',NULL,0,NULL,3,NULL,0,0,1,NULL,NULL,NULL),(358,56,'4','4','4',NULL,0,NULL,4,NULL,0,0,1,NULL,NULL,NULL),(359,56,'5','5','5',NULL,0,NULL,5,NULL,0,0,1,NULL,NULL,NULL),(360,58,'Letter','{\"metric\":\"in\",\"width\":8.5,\"height\":11}','letter',NULL,NULL,1,1,NULL,0,0,1,NULL,NULL,NULL),(361,58,'Legal','{\"metric\":\"in\",\"width\":8.5,\"height\":14}','legal',NULL,NULL,0,2,NULL,0,0,1,NULL,NULL,NULL),(362,58,'Ledger','{\"metric\":\"in\",\"width\":17,\"height\":11}','ledger',NULL,NULL,0,3,NULL,0,0,1,NULL,NULL,NULL),(363,58,'Tabloid','{\"metric\":\"in\",\"width\":11,\"height\":17}','tabloid',NULL,NULL,0,4,NULL,0,0,1,NULL,NULL,NULL),(364,58,'Executive','{\"metric\":\"in\",\"width\":7.25,\"height\":10.5}','executive',NULL,NULL,0,5,NULL,0,0,1,NULL,NULL,NULL),(365,58,'Folio','{\"metric\":\"in\",\"width\":8.5,\"height\":13}','folio',NULL,NULL,0,6,NULL,0,0,1,NULL,NULL,NULL),(366,58,'Envelope #9','{\"metric\":\"pt\",\"width\":638.93,\"height\":278.93}','envelope-9',NULL,NULL,0,7,NULL,0,0,1,NULL,NULL,NULL),(367,58,'Envelope #10','{\"metric\":\"pt\",\"width\":684,\"height\":297}','envelope-10',NULL,NULL,0,8,NULL,0,0,1,NULL,NULL,NULL),(368,58,'Envelope #11','{\"metric\":\"pt\",\"width\":747,\"height\":324}','envelope-11',NULL,NULL,0,9,NULL,0,0,1,NULL,NULL,NULL),(369,58,'Envelope #12','{\"metric\":\"pt\",\"width\":792,\"height\":342}','envelope-12',NULL,NULL,0,10,NULL,0,0,1,NULL,NULL,NULL),(370,58,'Envelope #14','{\"metric\":\"pt\",\"width\":828,\"height\":360}','envelope-14',NULL,NULL,0,11,NULL,0,0,1,NULL,NULL,NULL),(371,58,'Envelope ISO B4','{\"metric\":\"pt\",\"width\":1000.63,\"height\":708.66}','envelope-b4',NULL,NULL,0,12,NULL,0,0,1,NULL,NULL,NULL),(372,58,'Envelope ISO B5','{\"metric\":\"pt\",\"width\":708.66,\"height\":498.9}','envelope-b5',NULL,NULL,0,13,NULL,0,0,1,NULL,NULL,NULL),(373,58,'Envelope ISO B6','{\"metric\":\"pt\",\"width\":498.9,\"height\":354.33}','envelope-b6',NULL,NULL,0,14,NULL,0,0,1,NULL,NULL,NULL),(374,58,'Envelope ISO C3','{\"metric\":\"pt\",\"width\":1298.27,\"height\":918.42}','envelope-c3',NULL,NULL,0,15,NULL,0,0,1,NULL,NULL,NULL),(375,58,'Envelope ISO C4','{\"metric\":\"pt\",\"width\":918.42,\"height\":649.13}','envelope-c4',NULL,NULL,0,16,NULL,0,0,1,NULL,NULL,NULL),(376,58,'Envelope ISO C5','{\"metric\":\"pt\",\"width\":649.13,\"height\":459.21}','envelope-c5',NULL,NULL,0,17,NULL,0,0,1,NULL,NULL,NULL),(377,58,'Envelope ISO C6','{\"metric\":\"pt\",\"width\":459.21,\"height\":323.15}','envelope-c6',NULL,NULL,0,18,NULL,0,0,1,NULL,NULL,NULL),(378,58,'Envelope ISO DL','{\"metric\":\"pt\",\"width\":623.622,\"height\":311.811}','envelope-dl',NULL,NULL,0,19,NULL,0,0,1,NULL,NULL,NULL),(379,58,'ISO A0','{\"metric\":\"pt\",\"width\":2383.94,\"height\":3370.39}','a0',NULL,NULL,0,20,NULL,0,0,1,NULL,NULL,NULL),(380,58,'ISO A1','{\"metric\":\"pt\",\"width\":1683.78,\"height\":2383.94}','a1',NULL,NULL,0,21,NULL,0,0,1,NULL,NULL,NULL),(381,58,'ISO A2','{\"metric\":\"pt\",\"width\":1190.55,\"height\":1683.78}','a2',NULL,NULL,0,22,NULL,0,0,1,NULL,NULL,NULL),(382,58,'ISO A3','{\"metric\":\"pt\",\"width\":841.89,\"height\":1190.55}','a3',NULL,NULL,0,23,NULL,0,0,1,NULL,NULL,NULL),(383,58,'ISO A4','{\"metric\":\"pt\",\"width\":595.28,\"height\":841.89}','a4',NULL,NULL,0,24,NULL,0,0,1,NULL,NULL,NULL),(384,58,'ISO A5','{\"metric\":\"pt\",\"width\":419.53,\"height\":595.28}','a5',NULL,NULL,0,25,NULL,0,0,1,NULL,NULL,NULL),(385,58,'ISO A6','{\"metric\":\"pt\",\"width\":297.64,\"height\":419.53}','a6',NULL,NULL,0,26,NULL,0,0,1,NULL,NULL,NULL),(386,58,'ISO A7','{\"metric\":\"pt\",\"width\":209.76,\"height\":297.64}','a7',NULL,NULL,0,27,NULL,0,0,1,NULL,NULL,NULL),(387,58,'ISO A8','{\"metric\":\"pt\",\"width\":147.4,\"height\":209.76}','a8',NULL,NULL,0,28,NULL,0,0,1,NULL,NULL,NULL),(388,58,'ISO A9','{\"metric\":\"pt\",\"width\":104.88,\"height\":147.4}','a9',NULL,NULL,0,29,NULL,0,0,1,NULL,NULL,NULL),(389,58,'ISO A10','{\"metric\":\"pt\",\"width\":73.7,\"height\":104.88}','a10',NULL,NULL,0,30,NULL,0,0,1,NULL,NULL,NULL),(390,58,'ISO B0','{\"metric\":\"pt\",\"width\":2834.65,\"height\":4008.19}','b0',NULL,NULL,0,31,NULL,0,0,1,NULL,NULL,NULL),(391,58,'ISO B1','{\"metric\":\"pt\",\"width\":2004.09,\"height\":2834.65}','b1',NULL,NULL,0,32,NULL,0,0,1,NULL,NULL,NULL),(392,58,'ISO B2','{\"metric\":\"pt\",\"width\":1417.32,\"height\":2004.09}','b2',NULL,NULL,0,33,NULL,0,0,1,NULL,NULL,NULL),(393,58,'ISO B3','{\"metric\":\"pt\",\"width\":1000.63,\"height\":1417.32}','b3',NULL,NULL,0,34,NULL,0,0,1,NULL,NULL,NULL),(394,58,'ISO B4','{\"metric\":\"pt\",\"width\":708.66,\"height\":1000.63}','b4',NULL,NULL,0,35,NULL,0,0,1,NULL,NULL,NULL),(395,58,'ISO B5','{\"metric\":\"pt\",\"width\":498.9,\"height\":708.66}','b5',NULL,NULL,0,36,NULL,0,0,1,NULL,NULL,NULL),(396,58,'ISO B6','{\"metric\":\"pt\",\"width\":354.33,\"height\":498.9}','b6',NULL,NULL,0,37,NULL,0,0,1,NULL,NULL,NULL),(397,58,'ISO B7','{\"metric\":\"pt\",\"width\":249.45,\"height\":354.33}','b7',NULL,NULL,0,38,NULL,0,0,1,NULL,NULL,NULL),(398,58,'ISO B8','{\"metric\":\"pt\",\"width\":175.75,\"height\":249.45}','b8',NULL,NULL,0,39,NULL,0,0,1,NULL,NULL,NULL),(399,58,'ISO B9','{\"metric\":\"pt\",\"width\":124.72,\"height\":175.75}','b9',NULL,NULL,0,40,NULL,0,0,1,NULL,NULL,NULL),(400,58,'ISO B10','{\"metric\":\"pt\",\"width\":87.87,\"height\":124.72}','b10',NULL,NULL,0,41,NULL,0,0,1,NULL,NULL,NULL),(401,58,'ISO C0','{\"metric\":\"pt\",\"width\":2599.37,\"height\":3676.54}','c0',NULL,NULL,0,42,NULL,0,0,1,NULL,NULL,NULL),(402,58,'ISO C1','{\"metric\":\"pt\",\"width\":1836.85,\"height\":2599.37}','c1',NULL,NULL,0,43,NULL,0,0,1,NULL,NULL,NULL),(403,58,'ISO C2','{\"metric\":\"pt\",\"width\":1298.27,\"height\":1836.85}','c2',NULL,NULL,0,44,NULL,0,0,1,NULL,NULL,NULL),(404,58,'ISO C3','{\"metric\":\"pt\",\"width\":918.43,\"height\":1298.27}','c3',NULL,NULL,0,45,NULL,0,0,1,NULL,NULL,NULL),(405,58,'ISO C4','{\"metric\":\"pt\",\"width\":649.13,\"height\":918.43}','c4',NULL,NULL,0,46,NULL,0,0,1,NULL,NULL,NULL),(406,58,'ISO C5','{\"metric\":\"pt\",\"width\":459.21,\"height\":649.13}','c5',NULL,NULL,0,47,NULL,0,0,1,NULL,NULL,NULL),(407,58,'ISO C6','{\"metric\":\"pt\",\"width\":323.15,\"height\":459.21}','c6',NULL,NULL,0,48,NULL,0,0,1,NULL,NULL,NULL),(408,58,'ISO C7','{\"metric\":\"pt\",\"width\":229.61,\"height\":323.15}','c7',NULL,NULL,0,49,NULL,0,0,1,NULL,NULL,NULL),(409,58,'ISO C8','{\"metric\":\"pt\",\"width\":161.57,\"height\":229.61}','c8',NULL,NULL,0,50,NULL,0,0,1,NULL,NULL,NULL),(410,58,'ISO C9','{\"metric\":\"pt\",\"width\":113.39,\"height\":161.57}','c9',NULL,NULL,0,51,NULL,0,0,1,NULL,NULL,NULL),(411,58,'ISO C10','{\"metric\":\"pt\",\"width\":79.37,\"height\":113.39}','c10',NULL,NULL,0,52,NULL,0,0,1,NULL,NULL,NULL),(412,58,'ISO RA0','{\"metric\":\"pt\",\"width\":2437.8,\"height\":3458.27}','ra0',NULL,NULL,0,53,NULL,0,0,1,NULL,NULL,NULL),(413,58,'ISO RA1','{\"metric\":\"pt\",\"width\":1729.13,\"height\":2437.8}','ra1',NULL,NULL,0,54,NULL,0,0,1,NULL,NULL,NULL),(414,58,'ISO RA2','{\"metric\":\"pt\",\"width\":1218.9,\"height\":1729.13}','ra2',NULL,NULL,0,55,NULL,0,0,1,NULL,NULL,NULL),(415,58,'ISO RA3','{\"metric\":\"pt\",\"width\":864.57,\"height\":1218.9}','ra3',NULL,NULL,0,56,NULL,0,0,1,NULL,NULL,NULL),(416,58,'ISO RA4','{\"metric\":\"pt\",\"width\":609.45,\"height\":864.57}','ra4',NULL,NULL,0,57,NULL,0,0,1,NULL,NULL,NULL),(417,58,'ISO SRA0','{\"metric\":\"pt\",\"width\":2551.18,\"height\":3628.35}','sra0',NULL,NULL,0,58,NULL,0,0,1,NULL,NULL,NULL),(418,58,'ISO SRA1','{\"metric\":\"pt\",\"width\":1814.17,\"height\":2551.18}','sra1',NULL,NULL,0,59,NULL,0,0,1,NULL,NULL,NULL),(419,58,'ISO SRA2','{\"metric\":\"pt\",\"width\":1275.59,\"height\":1814.17}','sra2',NULL,NULL,0,60,NULL,0,0,1,NULL,NULL,NULL),(420,58,'ISO SRA3','{\"metric\":\"pt\",\"width\":907.09,\"height\":1275.59}','sra3',NULL,NULL,0,61,NULL,0,0,1,NULL,NULL,NULL),(421,58,'ISO SRA4','{\"metric\":\"pt\",\"width\":637.8,\"height\":907.09}','sra4',NULL,NULL,0,62,NULL,0,0,1,NULL,NULL,NULL),(422,61,'Activity Assignees','1','Activity Assignees',NULL,0,NULL,1,NULL,0,0,1,NULL,NULL,NULL),(423,61,'Activity Source','2','Activity Source',NULL,0,NULL,2,NULL,0,0,1,NULL,NULL,NULL),(424,61,'Activity Targets','3','Activity Targets',NULL,0,NULL,3,NULL,0,0,1,NULL,NULL,NULL),(425,70,'Asset','1','Asset',NULL,0,0,1,'Things you own',0,1,1,2,NULL,NULL),(426,70,'Liability','2','Liability',NULL,0,0,2,'Things you own, like a grant still to be disbursed',0,1,1,2,NULL,NULL),(427,70,'Revenue','3','Revenue',NULL,0,1,3,'Income from contributions and sales of tickets and memberships',0,1,1,2,NULL,NULL),(428,70,'Cost of Sales','4','Cost of Sales',NULL,0,0,4,'Costs incurred to get revenue, e.g. premiums for donations, dinner for a fundraising dinner ticket',0,1,1,2,NULL,NULL),(429,70,'Expenses','5','Expenses',NULL,0,0,5,'Things that are paid for that are consumable, e.g. grants disbursed',0,1,1,2,NULL,NULL),(430,62,'Income Account is','1','Income Account is',NULL,0,1,1,'Income Account is',0,1,1,2,NULL,NULL),(431,62,'Credit/Contra Account is','2','Credit/Contra Account is',NULL,0,0,2,'Credit/Contra Account is',0,1,0,2,NULL,NULL),(432,62,'AR Account is','3','AR Account is',NULL,0,0,3,'AR Account is',0,1,1,2,NULL,NULL),(433,62,'Credit Liability Account is','4','Credit Liability Account is',NULL,0,0,4,'Credit Liability Account is',0,1,0,2,NULL,NULL),(434,62,'Expense Account is','5','Expense Account is',NULL,0,0,5,'Expense Account is',0,1,1,2,NULL,NULL),(435,62,'Asset Account of','6','Asset Account of',NULL,0,0,6,'Asset Account of',0,1,1,2,NULL,NULL),(436,62,'Cost of Sales Account is','7','Cost of Sales Account is',NULL,0,0,7,'Cost of Sales Account is',0,1,1,2,NULL,NULL),(437,62,'Premiums Inventory Account is','8','Premiums Inventory Account is',NULL,0,0,8,'Premiums Inventory Account is',0,1,1,2,NULL,NULL),(438,62,'Discounts Account is','9','Discounts Account is',NULL,0,0,9,'Discounts Account is',0,1,1,2,NULL,NULL),(439,74,'Manual Batch','1','Manual Batch',NULL,0,0,1,'Manual Batch',0,1,1,2,NULL,NULL),(440,74,'Automatic Batch','2','Automatic Batch',NULL,0,0,2,'Automatic Batch',0,1,1,2,NULL,NULL),(441,63,'Participant Role','1','participant_role',NULL,0,NULL,1,NULL,0,0,1,NULL,NULL,NULL),(442,64,'Morning Sessions','1','Morning Sessions',NULL,0,NULL,1,NULL,0,0,1,NULL,NULL,NULL),(443,64,'Evening Sessions','2','Evening Sessions',NULL,0,NULL,2,NULL,0,0,1,NULL,NULL,NULL),(444,65,'Contribution','1','Contribution',NULL,0,NULL,1,NULL,0,0,1,NULL,NULL,NULL),(445,65,'Membership','2','Membership',NULL,0,NULL,2,NULL,0,0,1,NULL,NULL,NULL),(446,65,'Manual batch','3','Manual batch',NULL,0,0,3,'Manual batch',0,1,1,2,NULL,NULL),(447,65,'Automatic batch','4','Automatic batch',NULL,0,0,4,'Automatic batch',0,1,1,2,NULL,NULL),(448,66,'Open','1','Open',NULL,0,NULL,1,NULL,0,0,1,NULL,NULL,NULL),(449,66,'Closed','2','Closed',NULL,0,NULL,2,NULL,0,0,1,NULL,NULL,NULL),(450,66,'Data Entry','3','Data Entry',NULL,0,NULL,3,NULL,0,0,1,NULL,NULL,NULL),(451,66,'Reopened','4','Reopened',NULL,0,NULL,4,NULL,0,0,1,NULL,NULL,NULL),(452,66,'Exported','5','Exported',NULL,0,NULL,5,NULL,0,0,1,NULL,NULL,NULL),(453,71,'Paid','1','Paid',NULL,0,0,1,'Paid',0,1,1,2,NULL,NULL),(454,71,'Partially paid','2','Partially paid',NULL,0,0,2,'Partially paid',0,1,1,2,NULL,NULL),(455,71,'Unpaid','3','Unpaid',NULL,0,0,1,'Unpaid',0,1,1,2,NULL,NULL),(456,67,'http','1','http',NULL,NULL,0,1,NULL,0,1,1,NULL,NULL,NULL),(457,67,'xml','2','xml',NULL,NULL,0,2,NULL,0,1,1,NULL,NULL,NULL),(458,67,'smtp','3','smtp',NULL,NULL,0,3,NULL,0,1,1,NULL,NULL,NULL),(459,69,'Renewal Reminder (non-auto-renew memberships only)','1','Renewal Reminder (non-auto-renew memberships only)',NULL,0,NULL,1,NULL,0,0,1,NULL,NULL,NULL),(460,69,'Auto-renew Memberships Only','2','Auto-renew Memberships Only',NULL,0,NULL,2,NULL,0,0,1,NULL,NULL,NULL),(461,69,'Reminder for Both','3','Reminder for Both',NULL,0,NULL,3,NULL,0,0,1,NULL,NULL,NULL),(462,60,'Avery 3475','{\"paper-size\":\"a4\",\"orientation\":\"portrait\",\"font-name\":\"helvetica\",\"font-size\":10,\"font-style\":\"\",\"metric\":\"mm\",\"lMargin\":0,\"tMargin\":5,\"NX\":3,\"NY\":8,\"SpaceX\":0,\"SpaceY\":0,\"width\":70,\"height\":36,\"lPadding\":5.08,\"tPadding\":5.08}','3475','Avery',NULL,0,1,NULL,0,1,1,NULL,NULL,NULL),(463,60,'Avery 5160','{\"paper-size\":\"letter\",\"orientation\":\"portrait\",\"font-name\":\"helvetica\",\"font-size\":8,\"font-style\":\"\",\"metric\":\"in\",\"lMargin\":0.21975,\"tMargin\":0.5,\"NX\":3,\"NY\":10,\"SpaceX\":0.14,\"SpaceY\":0,\"width\":2.5935,\"height\":1,\"lPadding\":0.20,\"tPadding\":0.20}','5160','Avery',NULL,0,2,NULL,0,1,1,NULL,NULL,NULL),(464,60,'Avery 5161','{\"paper-size\":\"letter\",\"orientation\":\"portrait\",\"font-name\":\"helvetica\",\"font-size\":8,\"font-style\":\"\",\"metric\":\"in\",\"lMargin\":0.175,\"tMargin\":0.5,\"NX\":2,\"NY\":10,\"SpaceX\":0.15625,\"SpaceY\":0,\"width\":4,\"height\":1,\"lPadding\":0.20,\"tPadding\":0.20}','5161','Avery',NULL,0,3,NULL,0,1,1,NULL,NULL,NULL),(465,60,'Avery 5162','{\"paper-size\":\"letter\",\"orientation\":\"portrait\",\"font-name\":\"helvetica\",\"font-size\":8,\"font-style\":\"\",\"metric\":\"in\",\"lMargin\":0.1525,\"tMargin\":0.88,\"NX\":2,\"NY\":7,\"SpaceX\":0.195,\"SpaceY\":0,\"width\":4,\"height\":1.33,\"lPadding\":0.20,\"tPadding\":0.20}','5162','Avery',NULL,0,4,NULL,0,1,1,NULL,NULL,NULL),(466,60,'Avery 5163','{\"paper-size\":\"letter\",\"orientation\":\"portrait\",\"font-name\":\"helvetica\",\"font-size\":8,\"font-style\":\"\",\"metric\":\"in\",\"lMargin\":0.18,\"tMargin\":0.5,\"NX\":2,\"NY\":5,\"SpaceX\":0.14,\"SpaceY\":0,\"width\":4,\"height\":2,\"lPadding\":0.20,\"tPadding\":0.20}','5163','Avery',NULL,0,5,NULL,0,1,1,NULL,NULL,NULL),(467,60,'Avery 5164','{\"paper-size\":\"letter\",\"orientation\":\"portrait\",\"font-name\":\"helvetica\",\"font-size\":12,\"font-style\":\"\",\"metric\":\"in\",\"lMargin\":0.156,\"tMargin\":0.5,\"NX\":2,\"NY\":3,\"SpaceX\":0.1875,\"SpaceY\":0,\"width\":4,\"height\":3.33,\"lPadding\":0.20,\"tPadding\":0.20}','5164','Avery',NULL,0,6,NULL,0,1,1,NULL,NULL,NULL),(468,60,'Avery 8600','{\"paper-size\":\"letter\",\"orientation\":\"portrait\",\"font-name\":\"helvetica\",\"font-size\":8,\"font-style\":\"\",\"metric\":\"mm\",\"lMargin\":7.1,\"tMargin\":19,\"NX\":3,\"NY\":10,\"SpaceX\":9.5,\"SpaceY\":3.1,\"width\":66.6,\"height\":25.4,\"lPadding\":5.08,\"tPadding\":5.08}','8600','Avery',NULL,0,7,NULL,0,1,1,NULL,NULL,NULL),(469,60,'Avery L7160','{\"paper-size\":\"a4\",\"orientation\":\"portrait\",\"font-name\":\"helvetica\",\"font-size\":9,\"font-style\":\"\",\"metric\":\"in\",\"lMargin\":0.28,\"tMargin\":0.6,\"NX\":3,\"NY\":7,\"SpaceX\":0.1,\"SpaceY\":0,\"width\":2.5,\"height\":1.5,\"lPadding\":0.20,\"tPadding\":0.20}','L7160','Avery',NULL,0,8,NULL,0,1,1,NULL,NULL,NULL),(470,60,'Avery L7161','{\"paper-size\":\"a4\",\"orientation\":\"portrait\",\"font-name\":\"helvetica\",\"font-size\":9,\"font-style\":\"\",\"metric\":\"in\",\"lMargin\":0.28,\"tMargin\":0.35,\"NX\":3,\"NY\":6,\"SpaceX\":0.1,\"SpaceY\":0,\"width\":2.5,\"height\":1.83,\"lPadding\":0.20,\"tPadding\":0.20}','L7161','Avery',NULL,0,9,NULL,0,1,1,NULL,NULL,NULL),(471,60,'Avery L7162','{\"paper-size\":\"a4\",\"orientation\":\"portrait\",\"font-name\":\"helvetica\",\"font-size\":9,\"font-style\":\"\",\"metric\":\"in\",\"lMargin\":0.18,\"tMargin\":0.51,\"NX\":2,\"NY\":8,\"SpaceX\":0.1,\"SpaceY\":0,\"width\":3.9,\"height\":1.33,\"lPadding\":0.20,\"tPadding\":0.20}','L7162','Avery',NULL,0,10,NULL,0,1,1,NULL,NULL,NULL),(472,60,'Avery L7163','{\"paper-size\":\"a4\",\"orientation\":\"portrait\",\"font-name\":\"helvetica\",\"font-size\":9,\"font-style\":\"\",\"metric\":\"in\",\"lMargin\":0.18,\"tMargin\":0.6,\"NX\":2,\"NY\":7,\"SpaceX\":0.1,\"SpaceY\":0,\"width\":3.9,\"height\":1.5,\"lPadding\":0.20,\"tPadding\":0.20}','L7163','Avery',NULL,0,11,NULL,0,1,1,NULL,NULL,NULL),(473,30,'\"FIXME\" <info@EXAMPLE.ORG>','1','\"FIXME\" <info@EXAMPLE.ORG>',NULL,0,1,1,'Default domain email address and from name.',0,0,1,NULL,1,NULL),(474,22,'Emergency','1','Emergency',NULL,0,1,1,NULL,0,0,1,NULL,1,NULL),(475,22,'Family Support','2','Family Support',NULL,0,NULL,2,NULL,0,0,1,NULL,1,NULL),(476,22,'General Protection','3','General Protection',NULL,0,NULL,3,NULL,0,0,1,NULL,1,NULL),(477,22,'Impunity','4','Impunity',NULL,0,NULL,4,NULL,0,0,1,NULL,1,NULL),(478,72,'Accepting Applications','1','Accepting Applications',NULL,0,1,1,NULL,0,0,1,NULL,1,NULL),(479,72,'Trial Allocation','2','Trial Allocation',NULL,0,NULL,2,NULL,0,0,1,NULL,1,NULL),(480,72,'Allocation Finalized','3','Allocation Finalized',NULL,0,NULL,3,NULL,0,0,1,NULL,1,NULL),(481,73,'Over Threshold, Percentage of Request Funded','1','Over Threshold, Percentage of Request Funded',NULL,0,1,1,NULL,0,0,1,NULL,1,NULL),(482,73,'Best to Worst, Fully Funded','2','Best to Worst, Fully Funded',NULL,0,NULL,2,NULL,0,0,1,NULL,1,NULL),(483,55,'Approved','1','Approved',NULL,0,1,1,NULL,0,1,1,4,1,NULL),(484,55,'Rejected','2','Rejected',NULL,0,0,2,NULL,0,1,1,4,1,NULL),(485,55,'None','3','None',NULL,0,0,3,NULL,0,1,1,4,1,NULL),(486,57,'Survey','Survey','civicrm_survey',NULL,0,NULL,1,NULL,0,0,1,NULL,NULL,NULL),(487,57,'Cases','Case','civicrm_case',NULL,0,NULL,2,'CRM_Case_PseudoConstant::caseType;',0,0,1,NULL,NULL,NULL),(488,75,'Abkhaz','ab','ab_GE',NULL,NULL,0,1,NULL,0,0,0,NULL,NULL,NULL),(489,75,'Afar','aa','aa_ET',NULL,NULL,0,2,NULL,0,0,0,NULL,NULL,NULL),(490,75,'Afrikaans','af','af_ZA',NULL,NULL,0,3,NULL,0,0,1,NULL,NULL,NULL),(491,75,'Akan','ak','ak_GH',NULL,NULL,0,4,NULL,0,0,0,NULL,NULL,NULL),(492,75,'Albanian','sq','sq_AL',NULL,NULL,0,5,NULL,0,0,1,NULL,NULL,NULL),(493,75,'Amharic','am','am_ET',NULL,NULL,0,6,NULL,0,0,0,NULL,NULL,NULL),(494,75,'Arabic','ar','ar_EG',NULL,NULL,0,7,NULL,0,0,1,NULL,NULL,NULL),(495,75,'Aragonese','an','an_ES',NULL,NULL,0,8,NULL,0,0,0,NULL,NULL,NULL),(496,75,'Armenian','hy','hy_AM',NULL,NULL,0,9,NULL,0,0,0,NULL,NULL,NULL),(497,75,'Assamese','as','as_IN',NULL,NULL,0,10,NULL,0,0,0,NULL,NULL,NULL),(498,75,'Avaric','av','av_RU',NULL,NULL,0,11,NULL,0,0,0,NULL,NULL,NULL),(499,75,'Avestan','ae','ae_XX',NULL,NULL,0,12,NULL,0,0,0,NULL,NULL,NULL),(500,75,'Aymara','ay','ay_BO',NULL,NULL,0,13,NULL,0,0,0,NULL,NULL,NULL),(501,75,'Azerbaijani','az','az_AZ',NULL,NULL,0,14,NULL,0,0,0,NULL,NULL,NULL),(502,75,'Bambara','bm','bm_ML',NULL,NULL,0,15,NULL,0,0,0,NULL,NULL,NULL),(503,75,'Bashkir','ba','ba_RU',NULL,NULL,0,16,NULL,0,0,0,NULL,NULL,NULL),(504,75,'Basque','eu','eu_ES',NULL,NULL,0,17,NULL,0,0,0,NULL,NULL,NULL),(505,75,'Belarusian','be','be_BY',NULL,NULL,0,18,NULL,0,0,0,NULL,NULL,NULL),(506,75,'Bengali','bn','bn_BD',NULL,NULL,0,19,NULL,0,0,0,NULL,NULL,NULL),(507,75,'Bihari','bh','bh_IN',NULL,NULL,0,20,NULL,0,0,0,NULL,NULL,NULL),(508,75,'Bislama','bi','bi_VU',NULL,NULL,0,21,NULL,0,0,0,NULL,NULL,NULL),(509,75,'Bosnian','bs','bs_BA',NULL,NULL,0,22,NULL,0,0,0,NULL,NULL,NULL),(510,75,'Breton','br','br_FR',NULL,NULL,0,23,NULL,0,0,0,NULL,NULL,NULL),(511,75,'Bulgarian','bg','bg_BG',NULL,NULL,0,24,NULL,0,0,1,NULL,NULL,NULL),(512,75,'Burmese','my','my_MM',NULL,NULL,0,25,NULL,0,0,0,NULL,NULL,NULL),(513,75,'Catalan; Valencian','ca','ca_ES',NULL,NULL,0,26,NULL,0,0,1,NULL,NULL,NULL),(514,75,'Chamorro','ch','ch_GU',NULL,NULL,0,27,NULL,0,0,0,NULL,NULL,NULL),(515,75,'Chechen','ce','ce_RU',NULL,NULL,0,28,NULL,0,0,0,NULL,NULL,NULL),(516,75,'Chichewa; Chewa; Nyanja','ny','ny_MW',NULL,NULL,0,29,NULL,0,0,0,NULL,NULL,NULL),(517,75,'Chinese (China)','zh','zh_CN',NULL,NULL,0,30,NULL,0,0,1,NULL,NULL,NULL),(518,75,'Chinese (Taiwan)','zh','zh_TW',NULL,NULL,0,31,NULL,0,0,1,NULL,NULL,NULL),(519,75,'Chuvash','cv','cv_RU',NULL,NULL,0,32,NULL,0,0,0,NULL,NULL,NULL),(520,75,'Cornish','kw','kw_GB',NULL,NULL,0,33,NULL,0,0,0,NULL,NULL,NULL),(521,75,'Corsican','co','co_FR',NULL,NULL,0,34,NULL,0,0,0,NULL,NULL,NULL),(522,75,'Cree','cr','cr_CA',NULL,NULL,0,35,NULL,0,0,0,NULL,NULL,NULL),(523,75,'Croatian','hr','hr_HR',NULL,NULL,0,36,NULL,0,0,0,NULL,NULL,NULL),(524,75,'Czech','cs','cs_CZ',NULL,NULL,0,37,NULL,0,0,1,NULL,NULL,NULL),(525,75,'Danish','da','da_DK',NULL,NULL,0,38,NULL,0,0,1,NULL,NULL,NULL),(526,75,'Divehi; Dhivehi; Maldivian;','dv','dv_MV',NULL,NULL,0,39,NULL,0,0,0,NULL,NULL,NULL),(527,75,'Dutch','nl','nl_NL',NULL,NULL,0,40,NULL,0,0,1,NULL,NULL,NULL),(528,75,'Dzongkha','dz','dz_BT',NULL,NULL,0,41,NULL,0,0,0,NULL,NULL,NULL),(529,75,'English (Australia)','en','en_AU',NULL,NULL,0,42,NULL,0,0,1,NULL,NULL,NULL),(530,75,'English (Canada)','en','en_CA',NULL,NULL,0,43,NULL,0,0,1,NULL,NULL,NULL),(531,75,'English (United Kingdom)','en','en_GB',NULL,NULL,0,44,NULL,0,0,1,NULL,NULL,NULL),(532,75,'English (United States)','en','en_US',NULL,NULL,1,45,NULL,0,0,1,NULL,NULL,NULL),(533,75,'Esperanto','eo','eo_XX',NULL,NULL,0,46,NULL,0,0,0,NULL,NULL,NULL),(534,75,'Estonian','et','et_EE',NULL,NULL,0,47,NULL,0,0,1,NULL,NULL,NULL),(535,75,'Ewe','ee','ee_GH',NULL,NULL,0,48,NULL,0,0,0,NULL,NULL,NULL),(536,75,'Faroese','fo','fo_FO',NULL,NULL,0,49,NULL,0,0,0,NULL,NULL,NULL),(537,75,'Fijian','fj','fj_FJ',NULL,NULL,0,50,NULL,0,0,0,NULL,NULL,NULL),(538,75,'Finnish','fi','fi_FI',NULL,NULL,0,51,NULL,0,0,1,NULL,NULL,NULL),(539,75,'French (Canada)','fr','fr_CA',NULL,NULL,0,52,NULL,0,0,1,NULL,NULL,NULL),(540,75,'French (France)','fr','fr_FR',NULL,NULL,0,53,NULL,0,0,1,NULL,NULL,NULL),(541,75,'Fula; Fulah; Pulaar; Pular','ff','ff_SN',NULL,NULL,0,54,NULL,0,0,0,NULL,NULL,NULL),(542,75,'Galician','gl','gl_ES',NULL,NULL,0,55,NULL,0,0,0,NULL,NULL,NULL),(543,75,'Georgian','ka','ka_GE',NULL,NULL,0,56,NULL,0,0,0,NULL,NULL,NULL),(544,75,'German','de','de_DE',NULL,NULL,0,57,NULL,0,0,1,NULL,NULL,NULL),(545,75,'German (Swiss)','de','de_CH',NULL,NULL,0,58,NULL,0,0,1,NULL,NULL,NULL),(546,75,'Greek, Modern','el','el_GR',NULL,NULL,0,59,NULL,0,0,1,NULL,NULL,NULL),(547,75,'Guaran','gn','gn_PY',NULL,NULL,0,60,NULL,0,0,0,NULL,NULL,NULL),(548,75,'Gujarati','gu','gu_IN',NULL,NULL,0,61,NULL,0,0,0,NULL,NULL,NULL),(549,75,'Haitian; Haitian Creole','ht','ht_HT',NULL,NULL,0,62,NULL,0,0,0,NULL,NULL,NULL),(550,75,'Hausa','ha','ha_NG',NULL,NULL,0,63,NULL,0,0,0,NULL,NULL,NULL),(551,75,'Hebrew (modern)','he','he_IL',NULL,NULL,0,64,NULL,0,0,1,NULL,NULL,NULL),(552,75,'Herero','hz','hz_NA',NULL,NULL,0,65,NULL,0,0,0,NULL,NULL,NULL),(553,75,'Hindi','hi','hi_IN',NULL,NULL,0,66,NULL,0,0,1,NULL,NULL,NULL),(554,75,'Hiri Motu','ho','ho_PG',NULL,NULL,0,67,NULL,0,0,0,NULL,NULL,NULL),(555,75,'Hungarian','hu','hu_HU',NULL,NULL,0,68,NULL,0,0,1,NULL,NULL,NULL),(556,75,'Interlingua','ia','ia_XX',NULL,NULL,0,69,NULL,0,0,0,NULL,NULL,NULL),(557,75,'Indonesian','id','id_ID',NULL,NULL,0,70,NULL,0,0,1,NULL,NULL,NULL),(558,75,'Interlingue','ie','ie_XX',NULL,NULL,0,71,NULL,0,0,0,NULL,NULL,NULL),(559,75,'Irish','ga','ga_IE',NULL,NULL,0,72,NULL,0,0,0,NULL,NULL,NULL),(560,75,'Igbo','ig','ig_NG',NULL,NULL,0,73,NULL,0,0,0,NULL,NULL,NULL),(561,75,'Inupiaq','ik','ik_US',NULL,NULL,0,74,NULL,0,0,0,NULL,NULL,NULL),(562,75,'Ido','io','io_XX',NULL,NULL,0,75,NULL,0,0,0,NULL,NULL,NULL),(563,75,'Icelandic','is','is_IS',NULL,NULL,0,76,NULL,0,0,0,NULL,NULL,NULL),(564,75,'Italian','it','it_IT',NULL,NULL,0,77,NULL,0,0,1,NULL,NULL,NULL),(565,75,'Inuktitut','iu','iu_CA',NULL,NULL,0,78,NULL,0,0,0,NULL,NULL,NULL),(566,75,'Japanese','ja','ja_JP',NULL,NULL,0,79,NULL,0,0,1,NULL,NULL,NULL),(567,75,'Javanese','jv','jv_ID',NULL,NULL,0,80,NULL,0,0,0,NULL,NULL,NULL),(568,75,'Kalaallisut, Greenlandic','kl','kl_GL',NULL,NULL,0,81,NULL,0,0,0,NULL,NULL,NULL),(569,75,'Kannada','kn','kn_IN',NULL,NULL,0,82,NULL,0,0,0,NULL,NULL,NULL),(570,75,'Kanuri','kr','kr_NE',NULL,NULL,0,83,NULL,0,0,0,NULL,NULL,NULL),(571,75,'Kashmiri','ks','ks_IN',NULL,NULL,0,84,NULL,0,0,0,NULL,NULL,NULL),(572,75,'Kazakh','kk','kk_KZ',NULL,NULL,0,85,NULL,0,0,0,NULL,NULL,NULL),(573,75,'Khmer','km','km_KH',NULL,NULL,0,86,NULL,0,0,1,NULL,NULL,NULL),(574,75,'Kikuyu, Gikuyu','ki','ki_KE',NULL,NULL,0,87,NULL,0,0,0,NULL,NULL,NULL),(575,75,'Kinyarwanda','rw','rw_RW',NULL,NULL,0,88,NULL,0,0,0,NULL,NULL,NULL),(576,75,'Kirghiz, Kyrgyz','ky','ky_KG',NULL,NULL,0,89,NULL,0,0,0,NULL,NULL,NULL),(577,75,'Komi','kv','kv_RU',NULL,NULL,0,90,NULL,0,0,0,NULL,NULL,NULL),(578,75,'Kongo','kg','kg_CD',NULL,NULL,0,91,NULL,0,0,0,NULL,NULL,NULL),(579,75,'Korean','ko','ko_KR',NULL,NULL,0,92,NULL,0,0,0,NULL,NULL,NULL),(580,75,'Kurdish','ku','ku_IQ',NULL,NULL,0,93,NULL,0,0,0,NULL,NULL,NULL),(581,75,'Kwanyama, Kuanyama','kj','kj_NA',NULL,NULL,0,94,NULL,0,0,0,NULL,NULL,NULL),(582,75,'Latin','la','la_VA',NULL,NULL,0,95,NULL,0,0,0,NULL,NULL,NULL),(583,75,'Luxembourgish, Letzeburgesch','lb','lb_LU',NULL,NULL,0,96,NULL,0,0,0,NULL,NULL,NULL),(584,75,'Luganda','lg','lg_UG',NULL,NULL,0,97,NULL,0,0,0,NULL,NULL,NULL),(585,75,'Limburgish, Limburgan, Limburger','li','li_NL',NULL,NULL,0,98,NULL,0,0,0,NULL,NULL,NULL),(586,75,'Lingala','ln','ln_CD',NULL,NULL,0,99,NULL,0,0,0,NULL,NULL,NULL),(587,75,'Lao','lo','lo_LA',NULL,NULL,0,100,NULL,0,0,0,NULL,NULL,NULL),(588,75,'Lithuanian','lt','lt_LT',NULL,NULL,0,101,NULL,0,0,1,NULL,NULL,NULL),(589,75,'Luba-Katanga','lu','lu_CD',NULL,NULL,0,102,NULL,0,0,0,NULL,NULL,NULL),(590,75,'Latvian','lv','lv_LV',NULL,NULL,0,103,NULL,0,0,0,NULL,NULL,NULL),(591,75,'Manx','gv','gv_IM',NULL,NULL,0,104,NULL,0,0,0,NULL,NULL,NULL),(592,75,'Macedonian','mk','mk_MK',NULL,NULL,0,105,NULL,0,0,0,NULL,NULL,NULL),(593,75,'Malagasy','mg','mg_MG',NULL,NULL,0,106,NULL,0,0,0,NULL,NULL,NULL),(594,75,'Malay','ms','ms_MY',NULL,NULL,0,107,NULL,0,0,0,NULL,NULL,NULL),(595,75,'Malayalam','ml','ml_IN',NULL,NULL,0,108,NULL,0,0,0,NULL,NULL,NULL),(596,75,'Maltese','mt','mt_MT',NULL,NULL,0,109,NULL,0,0,0,NULL,NULL,NULL),(597,75,'Mori','mi','mi_NZ',NULL,NULL,0,110,NULL,0,0,0,NULL,NULL,NULL),(598,75,'Marathi','mr','mr_IN',NULL,NULL,0,111,NULL,0,0,0,NULL,NULL,NULL),(599,75,'Marshallese','mh','mh_MH',NULL,NULL,0,112,NULL,0,0,0,NULL,NULL,NULL),(600,75,'Mongolian','mn','mn_MN',NULL,NULL,0,113,NULL,0,0,0,NULL,NULL,NULL),(601,75,'Nauru','na','na_NR',NULL,NULL,0,114,NULL,0,0,0,NULL,NULL,NULL),(602,75,'Navajo, Navaho','nv','nv_US',NULL,NULL,0,115,NULL,0,0,0,NULL,NULL,NULL),(603,75,'Norwegian Bokml','nb','nb_NO',NULL,NULL,0,116,NULL,0,0,1,NULL,NULL,NULL),(604,75,'North Ndebele','nd','nd_ZW',NULL,NULL,0,117,NULL,0,0,0,NULL,NULL,NULL),(605,75,'Nepali','ne','ne_NP',NULL,NULL,0,118,NULL,0,0,0,NULL,NULL,NULL),(606,75,'Ndonga','ng','ng_NA',NULL,NULL,0,119,NULL,0,0,0,NULL,NULL,NULL),(607,75,'Norwegian Nynorsk','nn','nn_NO',NULL,NULL,0,120,NULL,0,0,0,NULL,NULL,NULL),(608,75,'Norwegian','no','no_NO',NULL,NULL,0,121,NULL,0,0,0,NULL,NULL,NULL),(609,75,'Nuosu','ii','ii_CN',NULL,NULL,0,122,NULL,0,0,0,NULL,NULL,NULL),(610,75,'South Ndebele','nr','nr_ZA',NULL,NULL,0,123,NULL,0,0,0,NULL,NULL,NULL),(611,75,'Occitan (after 1500)','oc','oc_FR',NULL,NULL,0,124,NULL,0,0,0,NULL,NULL,NULL),(612,75,'Ojibwa','oj','oj_CA',NULL,NULL,0,125,NULL,0,0,0,NULL,NULL,NULL),(613,75,'Old Church Slavonic, Church Slavic, Church Slavonic, Old Bulgarian, Old Slavonic','cu','cu_BG',NULL,NULL,0,126,NULL,0,0,0,NULL,NULL,NULL),(614,75,'Oromo','om','om_ET',NULL,NULL,0,127,NULL,0,0,0,NULL,NULL,NULL),(615,75,'Oriya','or','or_IN',NULL,NULL,0,128,NULL,0,0,0,NULL,NULL,NULL),(616,75,'Ossetian, Ossetic','os','os_GE',NULL,NULL,0,129,NULL,0,0,0,NULL,NULL,NULL),(617,75,'Panjabi, Punjabi','pa','pa_IN',NULL,NULL,0,130,NULL,0,0,0,NULL,NULL,NULL),(618,75,'Pli','pi','pi_KH',NULL,NULL,0,131,NULL,0,0,0,NULL,NULL,NULL),(619,75,'Persian (Iran)','fa','fa_IR',NULL,NULL,0,132,NULL,0,0,0,NULL,NULL,NULL),(620,75,'Polish','pl','pl_PL',NULL,NULL,0,133,NULL,0,0,1,NULL,NULL,NULL),(621,75,'Pashto, Pushto','ps','ps_AF',NULL,NULL,0,134,NULL,0,0,0,NULL,NULL,NULL),(622,75,'Portuguese (Brazil)','pt','pt_BR',NULL,NULL,0,135,NULL,0,0,1,NULL,NULL,NULL),(623,75,'Portuguese (Portugal)','pt','pt_PT',NULL,NULL,0,136,NULL,0,0,1,NULL,NULL,NULL),(624,75,'Quechua','qu','qu_PE',NULL,NULL,0,137,NULL,0,0,0,NULL,NULL,NULL),(625,75,'Romansh','rm','rm_CH',NULL,NULL,0,138,NULL,0,0,0,NULL,NULL,NULL),(626,75,'Kirundi','rn','rn_BI',NULL,NULL,0,139,NULL,0,0,0,NULL,NULL,NULL),(627,75,'Romanian, Moldavian, Moldovan','ro','ro_RO',NULL,NULL,0,140,NULL,0,0,1,NULL,NULL,NULL),(628,75,'Russian','ru','ru_RU',NULL,NULL,0,141,NULL,0,0,1,NULL,NULL,NULL),(629,75,'Sanskrit','sa','sa_IN',NULL,NULL,0,142,NULL,0,0,0,NULL,NULL,NULL),(630,75,'Sardinian','sc','sc_IT',NULL,NULL,0,143,NULL,0,0,0,NULL,NULL,NULL),(631,75,'Sindhi','sd','sd_IN',NULL,NULL,0,144,NULL,0,0,0,NULL,NULL,NULL),(632,75,'Northern Sami','se','se_NO',NULL,NULL,0,145,NULL,0,0,0,NULL,NULL,NULL),(633,75,'Samoan','sm','sm_WS',NULL,NULL,0,146,NULL,0,0,0,NULL,NULL,NULL),(634,75,'Sango','sg','sg_CF',NULL,NULL,0,147,NULL,0,0,0,NULL,NULL,NULL),(635,75,'Serbian','sr','sr_RS',NULL,NULL,0,148,NULL,0,0,0,NULL,NULL,NULL),(636,75,'Scottish Gaelic; Gaelic','gd','gd_GB',NULL,NULL,0,149,NULL,0,0,0,NULL,NULL,NULL),(637,75,'Shona','sn','sn_ZW',NULL,NULL,0,150,NULL,0,0,0,NULL,NULL,NULL),(638,75,'Sinhala, Sinhalese','si','si_LK',NULL,NULL,0,151,NULL,0,0,0,NULL,NULL,NULL),(639,75,'Slovak','sk','sk_SK',NULL,NULL,0,152,NULL,0,0,1,NULL,NULL,NULL),(640,75,'Slovene','sl','sl_SI',NULL,NULL,0,153,NULL,0,0,1,NULL,NULL,NULL),(641,75,'Somali','so','so_SO',NULL,NULL,0,154,NULL,0,0,0,NULL,NULL,NULL),(642,75,'Southern Sotho','st','st_ZA',NULL,NULL,0,155,NULL,0,0,0,NULL,NULL,NULL),(643,75,'Spanish; Castilian (Spain)','es','es_ES',NULL,NULL,0,156,NULL,0,0,1,NULL,NULL,NULL),(644,75,'Spanish; Castilian (Mexico)','es','es_MX',NULL,NULL,0,157,NULL,0,0,1,NULL,NULL,NULL),(645,75,'Spanish; Castilian (Puerto Rico)','es','es_PR',NULL,NULL,0,158,NULL,0,0,1,NULL,NULL,NULL),(646,75,'Sundanese','su','su_ID',NULL,NULL,0,159,NULL,0,0,0,NULL,NULL,NULL),(647,75,'Swahili','sw','sw_TZ',NULL,NULL,0,160,NULL,0,0,0,NULL,NULL,NULL),(648,75,'Swati','ss','ss_ZA',NULL,NULL,0,161,NULL,0,0,0,NULL,NULL,NULL),(649,75,'Swedish','sv','sv_SE',NULL,NULL,0,162,NULL,0,0,1,NULL,NULL,NULL),(650,75,'Tamil','ta','ta_IN',NULL,NULL,0,163,NULL,0,0,0,NULL,NULL,NULL),(651,75,'Telugu','te','te_IN',NULL,NULL,0,164,NULL,0,0,1,NULL,NULL,NULL),(652,75,'Tajik','tg','tg_TJ',NULL,NULL,0,165,NULL,0,0,0,NULL,NULL,NULL),(653,75,'Thai','th','th_TH',NULL,NULL,0,166,NULL,0,0,1,NULL,NULL,NULL),(654,75,'Tigrinya','ti','ti_ET',NULL,NULL,0,167,NULL,0,0,0,NULL,NULL,NULL),(655,75,'Tibetan Standard, Tibetan, Central','bo','bo_CN',NULL,NULL,0,168,NULL,0,0,0,NULL,NULL,NULL),(656,75,'Turkmen','tk','tk_TM',NULL,NULL,0,169,NULL,0,0,0,NULL,NULL,NULL),(657,75,'Tagalog','tl','tl_PH',NULL,NULL,0,170,NULL,0,0,0,NULL,NULL,NULL),(658,75,'Tswana','tn','tn_ZA',NULL,NULL,0,171,NULL,0,0,0,NULL,NULL,NULL),(659,75,'Tonga (Tonga Islands)','to','to_TO',NULL,NULL,0,172,NULL,0,0,0,NULL,NULL,NULL),(660,75,'Turkish','tr','tr_TR',NULL,NULL,0,173,NULL,0,0,1,NULL,NULL,NULL),(661,75,'Tsonga','ts','ts_ZA',NULL,NULL,0,174,NULL,0,0,0,NULL,NULL,NULL),(662,75,'Tatar','tt','tt_RU',NULL,NULL,0,175,NULL,0,0,0,NULL,NULL,NULL),(663,75,'Twi','tw','tw_GH',NULL,NULL,0,176,NULL,0,0,0,NULL,NULL,NULL),(664,75,'Tahitian','ty','ty_PF',NULL,NULL,0,177,NULL,0,0,0,NULL,NULL,NULL),(665,75,'Uighur, Uyghur','ug','ug_CN',NULL,NULL,0,178,NULL,0,0,0,NULL,NULL,NULL),(666,75,'Ukrainian','uk','uk_UA',NULL,NULL,0,179,NULL,0,0,0,NULL,NULL,NULL),(667,75,'Urdu','ur','ur_PK',NULL,NULL,0,180,NULL,0,0,0,NULL,NULL,NULL),(668,75,'Uzbek','uz','uz_UZ',NULL,NULL,0,181,NULL,0,0,0,NULL,NULL,NULL),(669,75,'Venda','ve','ve_ZA',NULL,NULL,0,182,NULL,0,0,0,NULL,NULL,NULL),(670,75,'Vietnamese','vi','vi_VN',NULL,NULL,0,183,NULL,0,0,1,NULL,NULL,NULL),(671,75,'Volapk','vo','vo_XX',NULL,NULL,0,184,NULL,0,0,0,NULL,NULL,NULL),(672,75,'Walloon','wa','wa_BE',NULL,NULL,0,185,NULL,0,0,0,NULL,NULL,NULL),(673,75,'Welsh','cy','cy_GB',NULL,NULL,0,186,NULL,0,0,0,NULL,NULL,NULL),(674,75,'Wolof','wo','wo_SN',NULL,NULL,0,187,NULL,0,0,0,NULL,NULL,NULL),(675,75,'Western Frisian','fy','fy_NL',NULL,NULL,0,188,NULL,0,0,0,NULL,NULL,NULL),(676,75,'Xhosa','xh','xh_ZA',NULL,NULL,0,189,NULL,0,0,0,NULL,NULL,NULL),(677,75,'Yiddish','yi','yi_US',NULL,NULL,0,190,NULL,0,0,0,NULL,NULL,NULL),(678,75,'Yoruba','yo','yo_NG',NULL,NULL,0,191,NULL,0,0,0,NULL,NULL,NULL),(679,75,'Zhuang, Chuang','za','za_CN',NULL,NULL,0,192,NULL,0,0,0,NULL,NULL,NULL),(680,75,'Zulu','zu','zu_ZA',NULL,NULL,0,193,NULL,0,0,0,NULL,NULL,NULL),(681,76,'In Person','1','in_person',NULL,0,0,1,NULL,0,1,1,NULL,NULL,NULL),(682,76,'Phone','2','phone',NULL,0,1,2,NULL,0,1,1,NULL,NULL,NULL),(683,76,'Email','3','email',NULL,0,0,3,NULL,0,1,1,NULL,NULL,NULL),(684,76,'Fax','4','fax',NULL,0,0,4,NULL,0,1,1,NULL,NULL,NULL),(685,76,'Letter Mail','5','letter_mail',NULL,0,0,5,NULL,0,1,1,NULL,NULL,NULL),(686,77,'Cases - Send Copy of an Activity','1','case_activity',NULL,NULL,0,1,NULL,0,0,1,NULL,NULL,NULL),(687,78,'Contributions - Duplicate Organization Alert','1','contribution_dupalert',NULL,NULL,0,1,NULL,0,0,1,NULL,NULL,NULL),(688,78,'Contributions - Receipt (off-line)','2','contribution_offline_receipt',NULL,NULL,0,2,NULL,0,0,1,NULL,NULL,NULL),(689,78,'Contributions - Receipt (on-line)','3','contribution_online_receipt',NULL,NULL,0,3,NULL,0,0,1,NULL,NULL,NULL),(690,78,'Contributions - Recurring Start and End Notification','4','contribution_recurring_notify',NULL,NULL,0,4,NULL,0,0,1,NULL,NULL,NULL),(691,78,'Contributions - Recurring Cancellation Notification','5','contribution_recurring_cancelled',NULL,NULL,0,5,NULL,0,0,1,NULL,NULL,NULL),(692,78,'Contributions - Recurring Billing Updates','6','contribution_recurring_billing',NULL,NULL,0,6,NULL,0,0,1,NULL,NULL,NULL),(693,78,'Contributions - Recurring Updates','7','contribution_recurring_edit',NULL,NULL,0,7,NULL,0,0,1,NULL,NULL,NULL),(694,78,'Personal Campaign Pages - Admin Notification','8','pcp_notify',NULL,NULL,0,8,NULL,0,0,1,NULL,NULL,NULL),(695,78,'Personal Campaign Pages - Supporter Status Change Notification','9','pcp_status_change',NULL,NULL,0,9,NULL,0,0,1,NULL,NULL,NULL),(696,78,'Personal Campaign Pages - Supporter Welcome','10','pcp_supporter_notify',NULL,NULL,0,10,NULL,0,0,1,NULL,NULL,NULL),(697,79,'Events - Registration Confirmation and Receipt (off-line)','1','event_offline_receipt',NULL,NULL,0,1,NULL,0,0,1,NULL,NULL,NULL),(698,79,'Events - Registration Confirmation and Receipt (on-line)','2','event_online_receipt',NULL,NULL,0,2,NULL,0,0,1,NULL,NULL,NULL),(699,79,'Events - Receipt only','3','event_registration_receipt',NULL,NULL,0,3,NULL,0,0,1,NULL,NULL,NULL),(700,79,'Events - Registration Cancellation Notice','4','participant_cancelled',NULL,NULL,0,4,NULL,0,0,1,NULL,NULL,NULL),(701,79,'Events - Registration Confirmation Invite','5','participant_confirm',NULL,NULL,0,5,NULL,0,0,1,NULL,NULL,NULL),(702,79,'Events - Pending Registration Expiration Notice','6','participant_expired',NULL,NULL,0,6,NULL,0,0,1,NULL,NULL,NULL),(703,80,'Tell-a-Friend Email','1','friend',NULL,NULL,0,1,NULL,0,0,1,NULL,NULL,NULL),(704,81,'Memberships - Signup and Renewal Receipts (off-line)','1','membership_offline_receipt',NULL,NULL,0,1,NULL,0,0,1,NULL,NULL,NULL),(705,81,'Memberships - Receipt (on-line)','2','membership_online_receipt',NULL,NULL,0,2,NULL,0,0,1,NULL,NULL,NULL),(706,81,'Memberships - Auto-renew Cancellation Notification','3','membership_autorenew_cancelled',NULL,NULL,0,3,NULL,0,0,1,NULL,NULL,NULL),(707,81,'Memberships - Auto-renew Billing Updates','4','membership_autorenew_billing',NULL,NULL,0,4,NULL,0,0,1,NULL,NULL,NULL),(708,82,'Test-drive - Receipt Header','1','test_preview',NULL,NULL,0,1,NULL,0,0,1,NULL,NULL,NULL),(709,83,'Pledges - Acknowledgement','1','pledge_acknowledge',NULL,NULL,0,1,NULL,0,0,1,NULL,NULL,NULL),(710,83,'Pledges - Payment Reminder','2','pledge_reminder',NULL,NULL,0,2,NULL,0,0,1,NULL,NULL,NULL),(711,84,'Profiles - Admin Notification','1','uf_notify',NULL,NULL,0,1,NULL,0,0,1,NULL,NULL,NULL),(712,85,'Petition - signature added','1','petition_sign',NULL,NULL,0,1,NULL,0,0,1,NULL,NULL,NULL),(713,85,'Petition - need verification','2','petition_confirmation_needed',NULL,NULL,0,2,NULL,0,0,1,NULL,NULL,NULL),(714,2,'Interview','41','Interview',NULL,0,NULL,41,'Conduct a phone or in person interview.',0,0,1,NULL,NULL,NULL);
/*!40000 ALTER TABLE `civicrm_option_value` ENABLE KEYS */;
UNLOCK TABLES;

--
-- Dumping data for table `civicrm_participant`
--

LOCK TABLES `civicrm_participant` WRITE;
/*!40000 ALTER TABLE `civicrm_participant` DISABLE KEYS */;
INSERT INTO `civicrm_participant` (`id`, `contact_id`, `event_id`, `status_id`, `role_id`, `register_date`, `source`, `fee_level`, `is_test`, `is_pay_later`, `fee_amount`, `registered_by_id`, `discount_id`, `fee_currency`, `campaign_id`, `discount_amount`, `cart_id`, `must_wait`) VALUES (1,9,1,1,'1','2009-01-21 00:00:00','Check','Single',0,0,'50.00',NULL,NULL,'USD',NULL,NULL,NULL,NULL),(2,170,2,2,'2','2008-05-07 00:00:00','Credit Card','Soprano',0,0,'50.00',NULL,NULL,'USD',NULL,NULL,NULL,NULL),(3,85,3,3,'3','2008-05-05 00:00:00','Credit Card','Tiny-tots (ages 5-8)',0,0,'800.00',NULL,NULL,'USD',NULL,NULL,NULL,NULL),(4,113,1,4,'4','2008-10-21 00:00:00','Direct Transfer','Single',0,0,'50.00',NULL,NULL,'USD',NULL,NULL,NULL,NULL),(5,178,2,1,'1','2008-01-10 00:00:00','Check','Soprano',0,0,'50.00',NULL,NULL,'USD',NULL,NULL,NULL,NULL),(6,55,3,2,'2','2008-03-05 00:00:00','Direct Transfer','Tiny-tots (ages 5-8)',0,0,'800.00',NULL,NULL,'USD',NULL,NULL,NULL,NULL),(7,189,1,3,'3','2009-07-21 00:00:00','Direct Transfer','Single',0,0,'50.00',NULL,NULL,'USD',NULL,NULL,NULL,NULL),(8,68,2,4,'4','2009-03-07 00:00:00','Credit Card','Soprano',0,0,'50.00',NULL,NULL,'USD',NULL,NULL,NULL,NULL),(9,72,3,1,'1','2008-02-05 00:00:00','Direct Transfer','Tiny-tots (ages 5-8)',0,0,'800.00',NULL,NULL,'USD',NULL,NULL,NULL,NULL),(10,195,1,2,'2','2008-02-01 00:00:00','Check','Single',0,0,'50.00',NULL,NULL,'USD',NULL,NULL,NULL,NULL),(11,166,2,3,'3','2009-01-10 00:00:00','Direct Transfer','Soprano',0,0,'50.00',NULL,NULL,'USD',NULL,NULL,NULL,NULL),(12,18,3,4,'4','2009-03-06 00:00:00','Credit Card','Tiny-tots (ages 5-8)',0,0,'800.00',NULL,NULL,'USD',NULL,NULL,NULL,NULL),(13,187,1,1,'2','2008-06-04 00:00:00','Credit Card','Single',0,0,'50.00',NULL,NULL,'USD',NULL,NULL,NULL,NULL),(14,156,2,2,'3','2008-01-10 00:00:00','Direct Transfer','Soprano',0,0,'50.00',NULL,NULL,'USD',NULL,NULL,NULL,NULL),(15,20,3,4,'1','2008-07-04 00:00:00','Check','Tiny-tots (ages 5-8)',0,0,'800.00',NULL,NULL,'USD',NULL,NULL,NULL,NULL),(16,33,1,4,'2','2009-01-21 00:00:00','Credit Card','Single',0,0,'50.00',NULL,NULL,'USD',NULL,NULL,NULL,NULL),(17,183,2,2,'3','2008-01-10 00:00:00','Credit Card','Soprano',0,0,'50.00',NULL,NULL,'USD',NULL,NULL,NULL,NULL),(18,141,3,3,'1','2009-03-05 00:00:00','Credit Card','Tiny-tots (ages 5-8)',0,0,'800.00',NULL,NULL,'USD',NULL,NULL,NULL,NULL),(19,83,1,2,'1','2008-10-21 00:00:00','Direct Transfer','Single',0,0,'50.00',NULL,NULL,'USD',NULL,NULL,NULL,NULL),(20,75,2,4,'1','2009-01-10 00:00:00','Credit Card','Soprano',0,0,'50.00',NULL,NULL,'USD',NULL,NULL,NULL,NULL),(21,70,3,1,'4','2008-03-25 00:00:00','Check','Tiny-tots (ages 5-8)',0,0,'800.00',NULL,NULL,'USD',NULL,NULL,NULL,NULL),(22,149,1,2,'3','2009-10-21 00:00:00','Direct Transfer','Single',0,0,'50.00',NULL,NULL,'USD',NULL,NULL,NULL,NULL),(23,158,2,4,'1','2008-01-10 00:00:00','Direct Transfer','Soprano',0,0,'50.00',NULL,NULL,'USD',NULL,NULL,NULL,NULL),(24,110,3,3,'1','2008-03-11 00:00:00','Credit Card','Tiny-tots (ages 5-8)',0,0,'800.00',NULL,NULL,'USD',NULL,NULL,NULL,NULL),(25,118,3,2,'2','2008-04-05 00:00:00','Direct Transfer','Tiny-tots (ages 5-8)',0,0,'800.00',NULL,NULL,'USD',NULL,NULL,NULL,NULL),(26,97,1,1,'1','2009-01-21 00:00:00','Check','Single',0,0,'50.00',NULL,NULL,'USD',NULL,NULL,NULL,NULL),(27,17,2,2,'2','2008-05-07 00:00:00','Credit Card','Soprano',0,0,'50.00',NULL,NULL,'USD',NULL,NULL,NULL,NULL),(28,135,3,3,'3','2009-12-12 00:00:00','Direct Transfer','Tiny-tots (ages 5-8)',0,0,'800.00',NULL,NULL,'USD',NULL,NULL,NULL,NULL),(29,49,1,4,'4','2009-12-13 00:00:00','Credit Card','Single',0,0,'50.00',NULL,NULL,'USD',NULL,NULL,NULL,NULL),(30,185,2,1,'1','2009-12-14 00:00:00','Direct Transfer','Soprano',0,0,'50.00',NULL,NULL,'USD',NULL,NULL,NULL,NULL),(31,92,3,2,'2','2009-12-15 00:00:00','Credit Card','Tiny-tots (ages 5-8)',0,0,'800.00',NULL,NULL,'USD',NULL,NULL,NULL,NULL),(32,78,1,3,'3','2009-07-21 00:00:00','Check','Single',0,0,'50.00',NULL,NULL,'USD',NULL,NULL,NULL,NULL),(33,26,2,4,'4','2009-03-07 00:00:00','Direct Transfer','Soprano',0,0,'50.00',NULL,NULL,'USD',NULL,NULL,NULL,NULL),(34,95,3,1,'1','2009-12-15 00:00:00','Credit Card','Tiny-tots (ages 5-8)',0,0,'800.00',NULL,NULL,'USD',NULL,NULL,NULL,NULL),(35,66,1,2,'2','2009-12-13 00:00:00','Direct Transfer','Single',0,0,'50.00',NULL,NULL,'USD',NULL,NULL,NULL,NULL),(36,27,2,3,'3','2009-01-10 00:00:00','Direct Transfer','Soprano',0,0,'50.00',NULL,NULL,'USD',NULL,NULL,NULL,NULL),(37,2,3,4,'4','2009-03-06 00:00:00','Check','Tiny-tots (ages 5-8)',0,0,'800.00',NULL,NULL,'USD',NULL,NULL,NULL,NULL),(38,54,1,1,'2','2009-12-13 00:00:00','Direct Transfer','Single',0,0,'50.00',NULL,NULL,'USD',NULL,NULL,NULL,NULL),(39,116,2,2,'3','2008-01-10 00:00:00','Direct Transfer','Soprano',0,0,'50.00',NULL,NULL,'USD',NULL,NULL,NULL,NULL),(40,134,3,4,'1','2009-12-14 00:00:00','Credit Card','Tiny-tots (ages 5-8)',0,0,'800.00',NULL,NULL,'USD',NULL,NULL,NULL,NULL),(41,74,1,4,'2','2009-01-21 00:00:00','Credit Card','Single',0,0,'50.00',NULL,NULL,'USD',NULL,NULL,NULL,NULL),(42,21,2,2,'3','2009-12-15 00:00:00','Credit Card','Soprano',0,0,'50.00',NULL,NULL,'USD',NULL,NULL,NULL,NULL),(43,177,3,3,'1','2009-03-05 00:00:00','Credit Card','Tiny-tots (ages 5-8)',0,0,'800.00',NULL,NULL,'USD',NULL,NULL,NULL,NULL),(44,8,1,2,'1','2009-12-13 00:00:00','Direct Transfer','Single',0,0,'50.00',NULL,NULL,'USD',NULL,NULL,NULL,NULL),(45,71,2,4,'1','2009-01-10 00:00:00','Direct Transfer','Soprano',0,0,'50.00',NULL,NULL,'USD',NULL,NULL,NULL,NULL),(46,45,3,1,'4','2009-12-13 00:00:00','Check','Tiny-tots (ages 5-8)',0,0,'800.00',NULL,NULL,'USD',NULL,NULL,NULL,NULL),(47,154,1,2,'3','2009-10-21 00:00:00','Credit Card','Single',0,0,'50.00',NULL,NULL,'USD',NULL,NULL,NULL,NULL),(48,168,2,4,'1','2009-12-10 00:00:00','Credit Card','Soprano',0,0,'50.00',NULL,NULL,'USD',NULL,NULL,NULL,NULL),(49,188,3,3,'1','2009-03-11 00:00:00','Credit Card','Tiny-tots (ages 5-8)',0,0,'800.00',NULL,NULL,'USD',NULL,NULL,NULL,NULL),(50,198,3,2,'2','2009-04-05 00:00:00','Check','Tiny-tots (ages 5-8)',0,0,'800.00',NULL,NULL,'USD',NULL,NULL,NULL,NULL);
/*!40000 ALTER TABLE `civicrm_participant` ENABLE KEYS */;
UNLOCK TABLES;

--
-- Dumping data for table `civicrm_participant_payment`
--

LOCK TABLES `civicrm_participant_payment` WRITE;
/*!40000 ALTER TABLE `civicrm_participant_payment` DISABLE KEYS */;
INSERT INTO `civicrm_participant_payment` (`id`, `participant_id`, `contribution_id`) VALUES (1,37,45),(2,44,46),(3,1,47),(4,27,48),(5,12,49),(6,15,50),(7,42,51),(8,33,52),(9,36,53),(10,16,54),(11,46,55),(12,29,56),(13,38,57),(14,6,58),(15,35,59),(16,8,60),(17,21,61),(18,45,62),(19,9,63),(20,41,64),(21,20,65),(22,32,66),(23,19,67),(24,3,68),(25,31,69),(26,34,70),(27,26,71),(28,24,72),(29,4,73),(30,39,74),(31,25,75),(32,40,76),(33,28,77),(34,18,78),(35,22,79),(36,47,80),(37,14,81),(38,23,82),(39,11,83),(40,48,84),(41,2,85),(42,43,86),(43,5,87),(44,17,88),(45,30,89),(46,13,90),(47,49,91),(48,7,92),(49,10,93),(50,50,94);
/*!40000 ALTER TABLE `civicrm_participant_payment` ENABLE KEYS */;
UNLOCK TABLES;

--
-- Dumping data for table `civicrm_participant_status_type`
--

LOCK TABLES `civicrm_participant_status_type` WRITE;
/*!40000 ALTER TABLE `civicrm_participant_status_type` DISABLE KEYS */;
INSERT INTO `civicrm_participant_status_type` (`id`, `name`, `label`, `class`, `is_reserved`, `is_active`, `is_counted`, `weight`, `visibility_id`) VALUES (1,'Registered','Registered','Positive',1,1,1,1,1),(2,'Attended','Attended','Positive',0,1,1,2,2),(3,'No-show','No-show','Negative',0,1,0,3,2),(4,'Cancelled','Cancelled','Negative',1,1,0,4,2),(5,'Pending from pay later','Pending from pay later','Pending',1,1,1,5,2),(6,'Pending from incomplete transaction','Pending from incomplete transaction','Pending',1,1,0,6,2),(7,'On waitlist','On waitlist','Waiting',1,0,0,7,2),(8,'Awaiting approval','Awaiting approval','Waiting',1,0,1,8,2),(9,'Pending from waitlist','Pending from waitlist','Pending',1,0,1,9,2),(10,'Pending from approval','Pending from approval','Pending',1,0,1,10,2),(11,'Rejected','Rejected','Negative',1,0,0,11,2),(12,'Expired','Expired','Negative',1,1,0,12,2),(13,'Pending in cart','Pending in cart','Pending',1,1,0,13,2);
/*!40000 ALTER TABLE `civicrm_participant_status_type` ENABLE KEYS */;
UNLOCK TABLES;

--
-- Dumping data for table `civicrm_payment`
--

LOCK TABLES `civicrm_payment` WRITE;
/*!40000 ALTER TABLE `civicrm_payment` DISABLE KEYS */;
/*!40000 ALTER TABLE `civicrm_payment` ENABLE KEYS */;
UNLOCK TABLES;

--
-- Dumping data for table `civicrm_payment_processor`
--

LOCK TABLES `civicrm_payment_processor` WRITE;
/*!40000 ALTER TABLE `civicrm_payment_processor` DISABLE KEYS */;
/*!40000 ALTER TABLE `civicrm_payment_processor` ENABLE KEYS */;
UNLOCK TABLES;

--
-- Dumping data for table `civicrm_payment_processor_type`
--

LOCK TABLES `civicrm_payment_processor_type` WRITE;
/*!40000 ALTER TABLE `civicrm_payment_processor_type` DISABLE KEYS */;
INSERT INTO `civicrm_payment_processor_type` (`id`, `name`, `title`, `description`, `is_active`, `is_default`, `user_name_label`, `password_label`, `signature_label`, `subject_label`, `class_name`, `url_site_default`, `url_api_default`, `url_recur_default`, `url_button_default`, `url_site_test_default`, `url_api_test_default`, `url_recur_test_default`, `url_button_test_default`, `billing_mode`, `is_recur`, `payment_type`) VALUES (1,'PayPal_Standard','PayPal - Website Payments Standard',NULL,1,0,'Merchant Account Email',NULL,NULL,NULL,'Payment_PayPalImpl','https://www.paypal.com/',NULL,'https://www.paypal.com/',NULL,'https://www.sandbox.paypal.com/',NULL,'https://www.sandbox.paypal.com/',NULL,4,1,1),(2,'PayPal','PayPal - Website Payments Pro',NULL,1,0,'User Name','Password','Signature',NULL,'Payment_PayPalImpl','https://www.paypal.com/','https://api-3t.paypal.com/','https://www.paypal.com/','https://www.paypal.com/en_US/i/btn/btn_xpressCheckout.gif','https://www.sandbox.paypal.com/','https://api-3t.sandbox.paypal.com/','https://www.sandbox.paypal.com/','https://www.paypal.com/en_US/i/btn/btn_xpressCheckout.gif',3,1,1),(3,'PayPal_Express','PayPal - Express',NULL,1,0,'User Name','Password','Signature',NULL,'Payment_PayPalImpl','https://www.paypal.com/','https://api-3t.paypal.com/',NULL,'https://www.paypal.com/en_US/i/btn/btn_xpressCheckout.gif','https://www.sandbox.paypal.com/','https://api-3t.sandbox.paypal.com/',NULL,'https://www.paypal.com/en_US/i/btn/btn_xpressCheckout.gif',2,NULL,1),(4,'Google_Checkout','Google Checkout',NULL,1,0,'Merchant ID','Key',NULL,NULL,'Payment_Google','https://checkout.google.com/',NULL,'https://checkout.google.com/','https://checkout.google.com/buttons/checkout.gif?merchant_id=YOURMERCHANTIDHERE&w=160&h=43&style=white&variant=text&loc=en_US','https://sandbox.google.com/checkout/',NULL,'https://sandbox.google.com/checkout/','https://sandbox.google.com/checkout/buttons/checkout.gif?merchant_id=YOURMERCHANTIDHERE&w=160&h=43&style=white&variant=text&loc=en_US',4,1,1),(5,'Moneris','Moneris',NULL,1,0,'User Name','Password','Store ID',NULL,'Payment_Moneris','https://www3.moneris.com/',NULL,NULL,NULL,'https://esqa.moneris.com/',NULL,NULL,NULL,1,1,1),(6,'AuthNet','Authorize.Net',NULL,1,0,'API Login','Payment Key','MD5 Hash',NULL,'Payment_AuthorizeNet','https://secure.authorize.net/gateway/transact.dll',NULL,'https://api.authorize.net/xml/v1/request.api',NULL,'https://test.authorize.net/gateway/transact.dll',NULL,'https://apitest.authorize.net/xml/v1/request.api',NULL,1,1,1),(7,'PayJunction','PayJunction',NULL,1,0,'User Name','Password',NULL,NULL,'Payment_PayJunction','https://payjunction.com/quick_link',NULL,NULL,NULL,'https://www.payjunctionlabs.com/quick_link',NULL,NULL,NULL,1,1,1),(8,'eWAY','eWAY (Single Currency)',NULL,1,0,'Customer ID',NULL,NULL,NULL,'Payment_eWAY','https://www.eway.com.au/gateway_cvn/xmlpayment.asp',NULL,NULL,NULL,'https://www.eway.com.au/gateway_cvn/xmltest/testpage.asp',NULL,NULL,NULL,1,0,1),(9,'Payment_Express','DPS Payment Express',NULL,1,0,'User ID','Key','Mac Key - pxaccess only',NULL,'Payment_PaymentExpress','https://www.paymentexpress.com/pleaseenteraurl',NULL,NULL,NULL,'https://www.paymentexpress.com/pleaseenteratesturl',NULL,NULL,NULL,4,0,1),(10,'Dummy','Dummy Payment Processor',NULL,1,1,'User Name',NULL,NULL,NULL,'Payment_Dummy',NULL,NULL,NULL,NULL,NULL,NULL,NULL,NULL,1,1,1),(11,'Elavon','Elavon Payment Processor','Elavon / Nova Virtual Merchant',1,0,'SSL Merchant ID ','SSL User ID','SSL PIN',NULL,'Payment_Elavon','https://www.myvirtualmerchant.com/VirtualMerchant/processxml.do',NULL,NULL,NULL,'https://www.myvirtualmerchant.com/VirtualMerchant/processxml.do',NULL,NULL,NULL,1,0,1),(12,'Realex','Realex Payment',NULL,1,0,'Merchant ID','Password',NULL,'Account','Payment_Realex','https://epage.payandshop.com/epage.cgi',NULL,NULL,NULL,'https://epage.payandshop.com/epage-remote.cgi',NULL,NULL,NULL,1,0,1),(13,'PayflowPro','PayflowPro',NULL,1,0,'Vendor ID','Password','Partner (merchant)','User','Payment_PayflowPro','https://Payflowpro.paypal.com',NULL,NULL,NULL,'https://pilot-Payflowpro.paypal.com',NULL,NULL,NULL,1,0,1),(14,'FirstData','FirstData (aka linkpoint)','FirstData (aka linkpoint)',1,0,'Store name','certificate path',NULL,NULL,'Payment_FirstData','https://secure.linkpt.net',NULL,NULL,NULL,'https://staging.linkpt.net',NULL,NULL,NULL,1,NULL,1);
/*!40000 ALTER TABLE `civicrm_payment_processor_type` ENABLE KEYS */;
UNLOCK TABLES;

--
-- Dumping data for table `civicrm_pcp`
--

LOCK TABLES `civicrm_pcp` WRITE;
/*!40000 ALTER TABLE `civicrm_pcp` DISABLE KEYS */;
INSERT INTO `civicrm_pcp` (`id`, `contact_id`, `status_id`, `title`, `intro_text`, `page_text`, `donate_link_text`, `page_id`, `page_type`, `pcp_block_id`, `is_thermometer`, `is_honor_roll`, `goal_amount`, `currency`, `is_active`) VALUES (1,160,2,'My Personal Civi Fundraiser','I\'m on a mission to get all my friends and family to help support my favorite open-source civic sector CRM.','<p>Friends and family - please help build much needed infrastructure for the civic sector by supporting my personal campaign!</p>\r\n<p><a href=\"http://civicrm.org\">You can learn more about CiviCRM here</a>.</p>\r\n<p>Then click the <strong>Contribute Now</strong> button to go to our easy-to-use online contribution form.</p>','Contribute Now',1,'contribute',1,1,1,'5000.00','USD',1);
/*!40000 ALTER TABLE `civicrm_pcp` ENABLE KEYS */;
UNLOCK TABLES;

--
-- Dumping data for table `civicrm_pcp_block`
--

LOCK TABLES `civicrm_pcp_block` WRITE;
/*!40000 ALTER TABLE `civicrm_pcp_block` DISABLE KEYS */;
INSERT INTO `civicrm_pcp_block` (`id`, `entity_table`, `entity_id`, `target_entity_type`, `target_entity_id`, `supporter_profile_id`, `is_approval_needed`, `is_tellfriend_enabled`, `tellfriend_limit`, `link_text`, `is_active`, `notify_email`) VALUES (1,'civicrm_contribution_page',1,'contribute',1,2,1,1,5,'Create your own Personal Campaign Page!',1,NULL);
/*!40000 ALTER TABLE `civicrm_pcp_block` ENABLE KEYS */;
UNLOCK TABLES;

--
-- Dumping data for table `civicrm_persistent`
--

LOCK TABLES `civicrm_persistent` WRITE;
/*!40000 ALTER TABLE `civicrm_persistent` DISABLE KEYS */;
/*!40000 ALTER TABLE `civicrm_persistent` ENABLE KEYS */;
UNLOCK TABLES;

--
-- Dumping data for table `civicrm_phone`
--

LOCK TABLES `civicrm_phone` WRITE;
/*!40000 ALTER TABLE `civicrm_phone` DISABLE KEYS */;
INSERT INTO `civicrm_phone` (`id`, `contact_id`, `location_type_id`, `is_primary`, `is_billing`, `mobile_provider_id`, `phone`, `phone_ext`, `phone_numeric`, `phone_type_id`) VALUES (1,186,1,1,0,NULL,'(495) 442-5864',NULL,'4954425864',2),(2,41,1,1,0,NULL,'306-4563',NULL,'3064563',2),(3,15,1,1,0,NULL,'(488) 250-5403',NULL,'4882505403',1),(4,15,1,0,0,NULL,'(214) 324-6917',NULL,'2143246917',2),(5,160,1,1,0,NULL,'369-2172',NULL,'3692172',1),(6,160,1,0,0,NULL,'267-2353',NULL,'2672353',2),(7,159,1,1,0,NULL,'437-3037',NULL,'4373037',1),(8,64,1,1,0,NULL,'259-4945',NULL,'2594945',1),(9,64,1,0,0,NULL,'(465) 542-6139',NULL,'4655426139',2),(10,120,1,1,0,NULL,'228-7096',NULL,'2287096',1),(11,192,1,1,0,NULL,'(301) 543-1968',NULL,'3015431968',2),(12,192,1,0,0,NULL,'(650) 251-1813',NULL,'6502511813',2),(13,103,1,1,0,NULL,'(810) 204-1024',NULL,'8102041024',2),(14,103,1,0,0,NULL,'437-4144',NULL,'4374144',1),(15,119,1,1,0,NULL,'213-6239',NULL,'2136239',2),(16,71,1,1,0,NULL,'721-2602',NULL,'7212602',1),(17,71,1,0,0,NULL,'846-4168',NULL,'8464168',2),(18,110,1,1,0,NULL,'670-7398',NULL,'6707398',1),(19,30,1,1,0,NULL,'(792) 245-4621',NULL,'7922454621',1),(20,191,1,1,0,NULL,'(616) 390-4729',NULL,'6163904729',1),(21,191,1,0,0,NULL,'542-1546',NULL,'5421546',1),(22,197,1,1,0,NULL,'384-7092',NULL,'3847092',1),(23,200,1,1,0,NULL,'(764) 392-2303',NULL,'7643922303',1),(24,200,1,0,0,NULL,'(899) 826-7735',NULL,'8998267735',1),(25,51,1,1,0,NULL,'897-4226',NULL,'8974226',1),(26,29,1,1,0,NULL,'258-4144',NULL,'2584144',2),(27,29,1,0,0,NULL,'355-9716',NULL,'3559716',1),(28,100,1,1,0,NULL,'(689) 854-5064',NULL,'6898545064',2),(29,100,1,0,0,NULL,'(849) 687-9006',NULL,'8496879006',2),(30,180,1,1,0,NULL,'374-7011',NULL,'3747011',2),(31,6,1,1,0,NULL,'(878) 388-8108',NULL,'8783888108',1),(32,6,1,0,0,NULL,'487-5346',NULL,'4875346',1),(33,114,1,1,0,NULL,'516-5649',NULL,'5165649',2),(34,114,1,0,0,NULL,'(669) 351-4942',NULL,'6693514942',1),(35,57,1,1,0,NULL,'317-3897',NULL,'3173897',2),(36,171,1,1,0,NULL,'(793) 525-2454',NULL,'7935252454',1),(37,171,1,0,0,NULL,'(874) 687-5034',NULL,'8746875034',2),(38,177,1,1,0,NULL,'766-2624',NULL,'7662624',2),(39,177,1,0,0,NULL,'426-1510',NULL,'4261510',2),(40,84,1,1,0,NULL,'(663) 273-6270',NULL,'6632736270',1),(41,27,1,1,0,NULL,'(332) 433-6379',NULL,'3324336379',1),(42,101,1,1,0,NULL,'861-7369',NULL,'8617369',2),(43,31,1,1,0,NULL,'(240) 696-7701',NULL,'2406967701',1),(44,31,1,0,0,NULL,'639-7909',NULL,'6397909',1),(45,167,1,1,0,NULL,'704-9625',NULL,'7049625',2),(46,167,1,0,0,NULL,'272-9716',NULL,'2729716',1),(47,40,1,1,0,NULL,'832-9111',NULL,'8329111',2),(48,40,1,0,0,NULL,'307-4821',NULL,'3074821',2),(49,99,1,1,0,NULL,'852-6486',NULL,'8526486',1),(50,99,1,0,0,NULL,'(580) 575-2570',NULL,'5805752570',2),(51,36,1,1,0,NULL,'589-2059',NULL,'5892059',1),(52,36,1,0,0,NULL,'(332) 424-3336',NULL,'3324243336',2),(53,22,1,1,0,NULL,'317-2341',NULL,'3172341',1),(54,22,1,0,0,NULL,'(767) 340-5933',NULL,'7673405933',1),(55,149,1,1,0,NULL,'266-9140',NULL,'2669140',1),(56,149,1,0,0,NULL,'(789) 531-6827',NULL,'7895316827',2),(57,118,1,1,0,NULL,'434-9351',NULL,'4349351',1),(58,145,1,1,0,NULL,'573-4468',NULL,'5734468',2),(59,145,1,0,0,NULL,'(579) 705-1038',NULL,'5797051038',1),(60,131,1,1,0,NULL,'(272) 346-4790',NULL,'2723464790',2),(61,25,1,1,0,NULL,'672-4864',NULL,'6724864',2),(62,151,1,1,0,NULL,'432-8722',NULL,'4328722',2),(63,151,1,0,0,NULL,'262-7192',NULL,'2627192',2),(64,70,1,1,0,NULL,'702-3431',NULL,'7023431',2),(65,70,1,0,0,NULL,'800-3057',NULL,'8003057',2),(66,107,1,1,0,NULL,'875-4220',NULL,'8754220',2),(67,107,1,0,0,NULL,'(616) 264-5959',NULL,'6162645959',1),(68,112,1,1,0,NULL,'315-2917',NULL,'3152917',1),(69,112,1,0,0,NULL,'420-9830',NULL,'4209830',1),(70,16,1,1,0,NULL,'(319) 706-1768',NULL,'3197061768',1),(71,21,1,1,0,NULL,'514-9738',NULL,'5149738',2),(72,21,1,0,0,NULL,'(402) 312-6777',NULL,'4023126777',2),(73,132,1,1,0,NULL,'(590) 275-7051',NULL,'5902757051',2),(74,132,1,0,0,NULL,'(688) 638-2841',NULL,'6886382841',1),(75,23,1,1,0,NULL,'528-7937',NULL,'5287937',1),(76,130,1,1,0,NULL,'443-5015',NULL,'4435015',1),(77,130,1,0,0,NULL,'742-7148',NULL,'7427148',2),(78,129,1,1,0,NULL,'(508) 831-4788',NULL,'5088314788',1),(79,37,1,1,0,NULL,'353-1789',NULL,'3531789',1),(80,37,1,0,0,NULL,'502-6516',NULL,'5026516',2),(81,19,1,1,0,NULL,'444-9967',NULL,'4449967',2),(82,19,1,0,0,NULL,'269-7543',NULL,'2697543',2),(83,54,1,1,0,NULL,'607-8399',NULL,'6078399',2),(84,54,1,0,0,NULL,'382-9268',NULL,'3829268',1),(85,193,1,1,0,NULL,'878-4033',NULL,'8784033',1),(86,193,1,0,0,NULL,'564-1462',NULL,'5641462',1),(87,3,1,1,0,NULL,'(687) 222-3927',NULL,'6872223927',1),(88,124,1,1,0,NULL,'270-9539',NULL,'2709539',1),(89,124,1,0,0,NULL,'820-5312',NULL,'8205312',1),(90,201,1,1,0,NULL,'522-6204',NULL,'5226204',2),(91,201,1,0,0,NULL,'294-1403',NULL,'2941403',2),(92,38,1,1,0,NULL,'807-2461',NULL,'8072461',2),(93,152,1,1,0,NULL,'(631) 433-5078',NULL,'6314335078',1),(94,122,1,1,0,NULL,'650-8661',NULL,'6508661',1),(95,58,1,1,0,NULL,'713-6250',NULL,'7136250',1),(96,10,1,1,0,NULL,'680-6955',NULL,'6806955',2),(97,10,1,0,0,NULL,'(221) 330-7768',NULL,'2213307768',2),(98,82,1,1,0,NULL,'293-9306',NULL,'2939306',1),(99,82,1,0,0,NULL,'(659) 226-1659',NULL,'6592261659',1),(100,34,1,1,0,NULL,'600-5231',NULL,'6005231',2),(101,2,1,1,0,NULL,'(732) 764-9945',NULL,'7327649945',1),(102,2,1,0,0,NULL,'253-7987',NULL,'2537987',1),(103,95,1,1,0,NULL,'(472) 379-8749',NULL,'4723798749',1),(104,111,1,1,0,NULL,'(805) 766-9239',NULL,'8057669239',2),(105,111,1,0,0,NULL,'290-5834',NULL,'2905834',1),(106,93,1,1,0,NULL,'(439) 286-3594',NULL,'4392863594',2),(107,20,1,1,0,NULL,'430-8621',NULL,'4308621',1),(108,20,1,0,0,NULL,'(441) 839-4576',NULL,'4418394576',2),(109,68,1,1,0,NULL,'(795) 476-3873',NULL,'7954763873',2),(110,68,1,0,0,NULL,'419-2299',NULL,'4192299',2),(111,170,1,1,0,NULL,'(331) 388-5743',NULL,'3313885743',1),(112,170,1,0,0,NULL,'819-8675',NULL,'8198675',1),(113,46,1,1,0,NULL,'452-7955',NULL,'4527955',2),(114,138,1,1,0,NULL,'(493) 436-9921',NULL,'4934369921',1),(115,138,1,0,0,NULL,'(433) 282-7099',NULL,'4332827099',2),(116,162,1,1,0,NULL,'(834) 527-7401',NULL,'8345277401',1),(117,87,1,1,0,NULL,'(601) 654-9382',NULL,'6016549382',2),(118,87,1,0,0,NULL,'(765) 600-5354',NULL,'7656005354',2),(119,72,1,1,0,NULL,'641-7228',NULL,'6417228',1),(120,92,1,1,0,NULL,'633-1751',NULL,'6331751',2),(121,140,1,1,0,NULL,'287-3954',NULL,'2873954',2),(122,140,1,0,0,NULL,'289-1375',NULL,'2891375',1),(123,60,1,1,0,NULL,'867-2848',NULL,'8672848',1),(124,74,1,1,0,NULL,'(744) 616-1145',NULL,'7446161145',2),(125,74,1,0,0,NULL,'(474) 610-6372',NULL,'4746106372',2),(126,190,1,1,0,NULL,'667-1289',NULL,'6671289',1),(127,65,1,1,0,NULL,'(686) 317-9290',NULL,'6863179290',1),(128,137,1,1,0,NULL,'(866) 466-4650',NULL,'8664664650',2),(129,137,1,0,0,NULL,'462-1391',NULL,'4621391',2),(130,115,1,1,0,NULL,'(251) 855-2126',NULL,'2518552126',1),(131,115,1,0,0,NULL,'571-8766',NULL,'5718766',1),(132,11,1,1,0,NULL,'(681) 676-8978',NULL,'6816768978',1),(133,98,1,1,0,NULL,'445-6610',NULL,'4456610',1),(134,8,1,1,0,NULL,'541-2849',NULL,'5412849',1),(135,86,1,1,0,NULL,'(461) 536-1626',NULL,'4615361626',1),(136,86,1,0,0,NULL,'(879) 328-5437',NULL,'8793285437',1),(137,181,1,1,0,NULL,'(469) 716-8602',NULL,'4697168602',1),(138,181,1,0,0,NULL,'690-4045',NULL,'6904045',2),(139,128,1,1,0,NULL,'555-2836',NULL,'5552836',1),(140,128,1,0,0,NULL,'619-6345',NULL,'6196345',2),(141,79,1,1,0,NULL,'(770) 540-7772',NULL,'7705407772',2),(142,121,1,1,0,NULL,'(262) 781-4454',NULL,'2627814454',2),(143,121,1,0,0,NULL,'(892) 809-5054',NULL,'8928095054',2),(144,105,1,1,0,NULL,'598-3887',NULL,'5983887',2),(145,45,1,1,0,NULL,'(893) 760-7941',NULL,'8937607941',1),(146,143,1,1,0,NULL,'(887) 773-3379',NULL,'8877733379',2),(147,164,1,1,0,NULL,'(467) 766-8465',NULL,'4677668465',2),(148,173,1,1,0,NULL,'(894) 680-1437',NULL,'8946801437',2),(149,173,1,0,0,NULL,'(505) 827-7578',NULL,'5058277578',1),(150,185,1,1,0,NULL,'(214) 486-4334',NULL,'2144864334',2),(151,161,1,1,0,NULL,'877-2035',NULL,'8772035',2),(152,169,1,1,0,NULL,'222-9556',NULL,'2229556',2),(153,116,1,1,0,NULL,'(298) 481-8597',NULL,'2984818597',2),(154,116,1,0,0,NULL,'442-8691',NULL,'4428691',1),(155,196,1,1,0,NULL,'487-6254',NULL,'4876254',1),(156,196,1,0,0,NULL,'(486) 600-6279',NULL,'4866006279',2),(157,14,1,1,0,NULL,'(585) 683-1456',NULL,'5856831456',2),(158,14,1,0,0,NULL,'(371) 386-9067',NULL,'3713869067',2),(159,183,1,1,0,NULL,'825-3198',NULL,'8253198',2),(160,28,1,1,0,NULL,'327-3693',NULL,'3273693',1),(161,102,1,1,0,NULL,'(786) 415-5339',NULL,'7864155339',1),(162,102,1,0,0,NULL,'(316) 238-2125',NULL,'3162382125',1),(163,158,1,1,0,NULL,'633-2476',NULL,'6332476',1),(164,NULL,1,0,0,NULL,'204 222-1000',NULL,'2042221000',1),(165,NULL,1,0,0,NULL,'204 223-1000',NULL,'2042231000',1),(166,NULL,1,0,0,NULL,'303 323-1000',NULL,'3033231000',1);
/*!40000 ALTER TABLE `civicrm_phone` ENABLE KEYS */;
UNLOCK TABLES;
/*!50003 SET @saved_cs_client      = @@character_set_client */ ;
/*!50003 SET @saved_cs_results     = @@character_set_results */ ;
/*!50003 SET @saved_col_connection = @@collation_connection */ ;
/*!50003 SET character_set_client  = utf8 */ ;
/*!50003 SET character_set_results = utf8 */ ;
/*!50003 SET collation_connection  = utf8_general_ci */ ;
/*!50003 SET @saved_sql_mode       = @@sql_mode */ ;
/*!50003 SET sql_mode              = 'STRICT_TRANS_TABLES' */ ;
DELIMITER ;;
/*!50003 CREATE*/ /*!50017 DEFINER=`root`@`localhost`*/ /*!50003 TRIGGER civicrm_phone_before_insert before insert ON civicrm_phone FOR EACH ROW BEGIN  
SET NEW.phone_numeric = civicrm_strip_non_numeric(NEW.phone);
 END */;;
DELIMITER ;
/*!50003 SET sql_mode              = @saved_sql_mode */ ;
/*!50003 SET character_set_client  = @saved_cs_client */ ;
/*!50003 SET character_set_results = @saved_cs_results */ ;
/*!50003 SET collation_connection  = @saved_col_connection */ ;
/*!50003 SET @saved_cs_client      = @@character_set_client */ ;
/*!50003 SET @saved_cs_results     = @@character_set_results */ ;
/*!50003 SET @saved_col_connection = @@collation_connection */ ;
/*!50003 SET character_set_client  = utf8 */ ;
/*!50003 SET character_set_results = utf8 */ ;
/*!50003 SET collation_connection  = utf8_general_ci */ ;
/*!50003 SET @saved_sql_mode       = @@sql_mode */ ;
/*!50003 SET sql_mode              = 'STRICT_TRANS_TABLES' */ ;
DELIMITER ;;
/*!50003 CREATE*/ /*!50017 DEFINER=`root`@`localhost`*/ /*!50003 TRIGGER civicrm_phone_after_insert after insert ON civicrm_phone FOR EACH ROW BEGIN  
UPDATE civicrm_contact SET modified_date = CURRENT_TIMESTAMP WHERE id = NEW.contact_id;
 END */;;
DELIMITER ;
/*!50003 SET sql_mode              = @saved_sql_mode */ ;
/*!50003 SET character_set_client  = @saved_cs_client */ ;
/*!50003 SET character_set_results = @saved_cs_results */ ;
/*!50003 SET collation_connection  = @saved_col_connection */ ;
/*!50003 SET @saved_cs_client      = @@character_set_client */ ;
/*!50003 SET @saved_cs_results     = @@character_set_results */ ;
/*!50003 SET @saved_col_connection = @@collation_connection */ ;
/*!50003 SET character_set_client  = utf8 */ ;
/*!50003 SET character_set_results = utf8 */ ;
/*!50003 SET collation_connection  = utf8_general_ci */ ;
/*!50003 SET @saved_sql_mode       = @@sql_mode */ ;
/*!50003 SET sql_mode              = 'STRICT_TRANS_TABLES' */ ;
DELIMITER ;;
/*!50003 CREATE*/ /*!50017 DEFINER=`root`@`localhost`*/ /*!50003 TRIGGER civicrm_phone_before_update before update ON civicrm_phone FOR EACH ROW BEGIN  
SET NEW.phone_numeric = civicrm_strip_non_numeric(NEW.phone);
 END */;;
DELIMITER ;
/*!50003 SET sql_mode              = @saved_sql_mode */ ;
/*!50003 SET character_set_client  = @saved_cs_client */ ;
/*!50003 SET character_set_results = @saved_cs_results */ ;
/*!50003 SET collation_connection  = @saved_col_connection */ ;
/*!50003 SET @saved_cs_client      = @@character_set_client */ ;
/*!50003 SET @saved_cs_results     = @@character_set_results */ ;
/*!50003 SET @saved_col_connection = @@collation_connection */ ;
/*!50003 SET character_set_client  = utf8 */ ;
/*!50003 SET character_set_results = utf8 */ ;
/*!50003 SET collation_connection  = utf8_general_ci */ ;
/*!50003 SET @saved_sql_mode       = @@sql_mode */ ;
/*!50003 SET sql_mode              = 'STRICT_TRANS_TABLES' */ ;
DELIMITER ;;
/*!50003 CREATE*/ /*!50017 DEFINER=`root`@`localhost`*/ /*!50003 TRIGGER civicrm_phone_after_update after update ON civicrm_phone FOR EACH ROW BEGIN  
UPDATE civicrm_contact SET modified_date = CURRENT_TIMESTAMP WHERE id = NEW.contact_id;
 END */;;
DELIMITER ;
/*!50003 SET sql_mode              = @saved_sql_mode */ ;
/*!50003 SET character_set_client  = @saved_cs_client */ ;
/*!50003 SET character_set_results = @saved_cs_results */ ;
/*!50003 SET collation_connection  = @saved_col_connection */ ;
/*!50003 SET @saved_cs_client      = @@character_set_client */ ;
/*!50003 SET @saved_cs_results     = @@character_set_results */ ;
/*!50003 SET @saved_col_connection = @@collation_connection */ ;
/*!50003 SET character_set_client  = utf8 */ ;
/*!50003 SET character_set_results = utf8 */ ;
/*!50003 SET collation_connection  = utf8_general_ci */ ;
/*!50003 SET @saved_sql_mode       = @@sql_mode */ ;
/*!50003 SET sql_mode              = 'STRICT_TRANS_TABLES' */ ;
DELIMITER ;;
/*!50003 CREATE*/ /*!50017 DEFINER=`root`@`localhost`*/ /*!50003 TRIGGER civicrm_phone_after_delete after delete ON civicrm_phone FOR EACH ROW BEGIN  
UPDATE civicrm_contact SET modified_date = CURRENT_TIMESTAMP WHERE id = OLD.contact_id;
 END */;;
DELIMITER ;
/*!50003 SET sql_mode              = @saved_sql_mode */ ;
/*!50003 SET character_set_client  = @saved_cs_client */ ;
/*!50003 SET character_set_results = @saved_cs_results */ ;
/*!50003 SET collation_connection  = @saved_col_connection */ ;

--
-- Dumping data for table `civicrm_pledge`
--

LOCK TABLES `civicrm_pledge` WRITE;
/*!40000 ALTER TABLE `civicrm_pledge` DISABLE KEYS */;
INSERT INTO `civicrm_pledge` (`id`, `contact_id`, `financial_type_id`, `contribution_page_id`, `amount`, `original_installment_amount`, `currency`, `frequency_unit`, `frequency_interval`, `frequency_day`, `installments`, `start_date`, `create_date`, `acknowledge_date`, `modified_date`, `cancel_date`, `end_date`, `honor_contact_id`, `honor_type_id`, `max_reminders`, `initial_reminder_day`, `additional_reminder_day`, `status_id`, `is_test`, `campaign_id`) VALUES (1,71,1,1,'500.00','500.00','USD','month',1,1,1,'2009-07-01 00:00:00','2009-06-26 00:00:00',NULL,NULL,NULL,'2009-07-01 00:00:00',NULL,NULL,1,5,5,1,0,NULL),(2,43,1,1,'800.00','200.00','USD','month',3,1,4,'2009-07-01 00:00:00','2009-06-23 00:00:00','2009-06-23 00:00:00',NULL,NULL,'2009-04-01 10:11:40',NULL,NULL,1,5,5,5,0,NULL),(3,32,1,1,'600.00','200.00','USD','month',1,1,3,'2009-10-01 00:00:00','2009-09-14 00:00:00','2009-09-14 00:00:00',NULL,NULL,'2009-12-01 00:00:00',NULL,NULL,1,5,5,5,0,NULL);
/*!40000 ALTER TABLE `civicrm_pledge` ENABLE KEYS */;
UNLOCK TABLES;

--
-- Dumping data for table `civicrm_pledge_block`
--

LOCK TABLES `civicrm_pledge_block` WRITE;
/*!40000 ALTER TABLE `civicrm_pledge_block` DISABLE KEYS */;
INSERT INTO `civicrm_pledge_block` (`id`, `entity_table`, `entity_id`, `pledge_frequency_unit`, `is_pledge_interval`, `max_reminders`, `initial_reminder_day`, `additional_reminder_day`) VALUES (1,'civicrm_contribution_page',3,'weekmonthyear',1,1,5,5),(2,'civicrm_contribution_page',1,'weekmonthyear',0,2,5,5);
/*!40000 ALTER TABLE `civicrm_pledge_block` ENABLE KEYS */;
UNLOCK TABLES;

--
-- Dumping data for table `civicrm_pledge_payment`
--

LOCK TABLES `civicrm_pledge_payment` WRITE;
/*!40000 ALTER TABLE `civicrm_pledge_payment` DISABLE KEYS */;
INSERT INTO `civicrm_pledge_payment` (`id`, `pledge_id`, `contribution_id`, `scheduled_amount`, `actual_amount`, `currency`, `scheduled_date`, `reminder_date`, `reminder_count`, `status_id`) VALUES (1,1,10,'500.00','500.00','USD','2009-07-01 00:00:00',NULL,0,1),(2,2,11,'200.00','200.00','USD','2009-07-01 00:00:00',NULL,0,1),(3,2,NULL,'200.00',NULL,'USD','2009-10-01 00:00:00',NULL,0,2),(4,2,NULL,'200.00',NULL,'USD','2009-01-01 00:00:00',NULL,0,2),(5,2,NULL,'200.00',NULL,'USD','2009-04-01 00:00:00',NULL,0,2),(6,3,12,'200.00','200.00','USD','2009-10-01 00:00:00',NULL,0,1),(7,3,13,'200.00','200.00','USD','2009-11-01 00:00:00','2009-10-28 00:00:00',1,1),(8,3,NULL,'200.00',NULL,'USD','2009-12-01 00:00:00',NULL,0,2);
/*!40000 ALTER TABLE `civicrm_pledge_payment` ENABLE KEYS */;
UNLOCK TABLES;

--
-- Dumping data for table `civicrm_preferences_date`
--

LOCK TABLES `civicrm_preferences_date` WRITE;
/*!40000 ALTER TABLE `civicrm_preferences_date` DISABLE KEYS */;
INSERT INTO `civicrm_preferences_date` (`id`, `name`, `description`, `start`, `end`, `date_format`, `time_format`) VALUES (1,'activityDate','Date for activities including contributions: receive, receipt, cancel. membership: join, start, renew. case: start, end.',20,10,'',''),(2,'activityDateTime','Date and time for activity: scheduled. participant: registered.',20,10,'','1'),(3,'birth','Birth and deceased dates. Only year, month and day fields are supported.',100,0,'',''),(4,'creditCard','Month and year only for credit card expiration.',0,10,'M Y',''),(5,'custom','Uses date range passed in by form field. Can pass in a posix date part parameter. Start and end offsets defined here are ignored.',20,20,'',''),(6,'mailing','Date and time. Used for scheduling mailings.',0,1,'',''),(7,'searchDate','Used in search forms.',20,20,'','');
/*!40000 ALTER TABLE `civicrm_preferences_date` ENABLE KEYS */;
UNLOCK TABLES;

--
-- Dumping data for table `civicrm_premiums`
--

LOCK TABLES `civicrm_premiums` WRITE;
/*!40000 ALTER TABLE `civicrm_premiums` DISABLE KEYS */;
INSERT INTO `civicrm_premiums` (`id`, `entity_table`, `entity_id`, `premiums_active`, `premiums_intro_title`, `premiums_intro_text`, `premiums_contact_email`, `premiums_contact_phone`, `premiums_display_min_contribution`, `premiums_nothankyou_label`, `premiums_nothankyou_position`) VALUES (1,'civicrm_contribution_page',1,1,'Thank-you Gifts','We appreciate your support and invite you to choose from the exciting collection of thank-you gifts below. Minimum contribution amounts for each selection are included in the descriptions. (NOTE: These gifts are shown as examples only. No gifts will be sent to donors.)','premiums@example.org',NULL,1,'No thank-you',1);
/*!40000 ALTER TABLE `civicrm_premiums` ENABLE KEYS */;
UNLOCK TABLES;

--
-- Dumping data for table `civicrm_premiums_product`
--

LOCK TABLES `civicrm_premiums_product` WRITE;
/*!40000 ALTER TABLE `civicrm_premiums_product` DISABLE KEYS */;
INSERT INTO `civicrm_premiums_product` (`id`, `premiums_id`, `product_id`, `weight`, `financial_type_id`) VALUES (1,1,1,1,NULL);
/*!40000 ALTER TABLE `civicrm_premiums_product` ENABLE KEYS */;
UNLOCK TABLES;

--
-- Dumping data for table `civicrm_prevnext_cache`
--

LOCK TABLES `civicrm_prevnext_cache` WRITE;
/*!40000 ALTER TABLE `civicrm_prevnext_cache` DISABLE KEYS */;
/*!40000 ALTER TABLE `civicrm_prevnext_cache` ENABLE KEYS */;
UNLOCK TABLES;

--
-- Dumping data for table `civicrm_price_field`
--

LOCK TABLES `civicrm_price_field` WRITE;
/*!40000 ALTER TABLE `civicrm_price_field` DISABLE KEYS */;
INSERT INTO `civicrm_price_field` (`id`, `price_set_id`, `name`, `label`, `html_type`, `is_enter_qty`, `help_pre`, `help_post`, `weight`, `is_display_amounts`, `options_per_line`, `is_active`, `is_required`, `active_on`, `expire_on`, `javascript`, `visibility_id`) VALUES (1,1,'contribution_amount','Contribution Amount','Text',0,NULL,NULL,1,1,1,1,1,NULL,NULL,NULL,1),(2,3,'contribution_amount','Contribution Amount','Radio',0,NULL,NULL,2,1,1,1,0,NULL,NULL,NULL,1),(3,3,'other_amount','Other Amount','Text',0,NULL,NULL,3,0,1,1,0,NULL,NULL,NULL,1),(4,2,'1','Membership Amount','Radio',0,NULL,NULL,1,1,1,1,1,NULL,NULL,NULL,1),(5,4,'membership_amount','Membership Amount','Radio',0,NULL,NULL,1,1,1,1,1,NULL,NULL,NULL,1),(6,5,'other_amount','Contribution Amount','Text',0,NULL,NULL,3,0,1,1,1,NULL,NULL,NULL,1),(7,6,'tournament_fees','Tournament Fees','Radio',0,NULL,NULL,1,1,1,1,1,NULL,NULL,NULL,1),(8,7,'dinner_contribution','Dinner Contribution','Radio',0,NULL,NULL,1,1,1,1,1,NULL,NULL,NULL,1),(9,8,'festival_fee','Festival Fee','Radio',0,NULL,NULL,1,1,1,1,1,NULL,NULL,NULL,1);
/*!40000 ALTER TABLE `civicrm_price_field` ENABLE KEYS */;
UNLOCK TABLES;

--
-- Dumping data for table `civicrm_price_field_value`
--

LOCK TABLES `civicrm_price_field_value` WRITE;
/*!40000 ALTER TABLE `civicrm_price_field_value` DISABLE KEYS */;
INSERT INTO `civicrm_price_field_value` (`id`, `price_field_id`, `name`, `label`, `description`, `amount`, `count`, `max_value`, `weight`, `membership_type_id`, `membership_num_terms`, `is_default`, `is_active`, `financial_type_id`, `deductible_amount`) VALUES (1,1,'contribution_amount','Contribution Amount',NULL,'1',NULL,NULL,1,NULL,NULL,0,1,1,'0.00'),(2,2,'friend','Friend',NULL,'1.00',NULL,NULL,1,NULL,NULL,0,1,1,'0.00'),(3,2,'supporter','Supporter',NULL,'5.00',NULL,NULL,2,NULL,NULL,0,1,1,'0.00'),(4,2,'booster','Booster',NULL,'10.00',NULL,NULL,3,NULL,NULL,1,1,1,'0.00'),(5,2,'sustainer','Sustainer',NULL,'50.00',NULL,NULL,4,NULL,NULL,0,1,1,'0.00'),(6,3,'other_amount','Other Amount',NULL,'1',NULL,NULL,3,NULL,NULL,0,1,1,'0.00'),(7,4,'general','General','Regular annual membership.','100.00',NULL,NULL,1,1,NULL,0,1,2,'0.00'),(8,4,'student','Student','Discount membership for full-time students.','50.00',NULL,NULL,2,2,NULL,0,1,2,'0.00'),(9,4,'lifetime','Lifetime','Lifetime membership.','1200.00',NULL,NULL,3,3,NULL,0,1,2,'0.00'),(10,5,'General','General',NULL,'100.00',NULL,NULL,1,1,NULL,1,1,2,'0.00'),(11,5,'Student','Student',NULL,'50.00',NULL,NULL,1,2,NULL,0,1,2,'0.00'),(12,6,'other_amount','Contribution Amount',NULL,'1',NULL,NULL,1,NULL,NULL,0,1,1,'0.00'),(13,7,'tiny_tots__ages_5_8_','Tiny-tots (ages 5-8)',NULL,'800',NULL,NULL,1,NULL,NULL,1,1,4,'0.00'),(14,7,'junior_Stars__ages_9_12_','Junior Stars (ages 9-12)',NULL,'1000',NULL,NULL,2,NULL,NULL,0,1,4,'0.00'),(15,7,'super_Stars__ages_13_18_','Super Stars (ages 13-18)',NULL,'1500',NULL,NULL,3,NULL,NULL,0,1,4,'0.00'),(16,8,'single','Single',NULL,'50',NULL,NULL,1,NULL,NULL,1,1,4,'0.00'),(17,8,'couple','Couple',NULL,'100',NULL,NULL,2,NULL,NULL,0,1,4,'0.00'),(18,8,'family','Family',NULL,'200',NULL,NULL,3,NULL,NULL,0,1,4,'0.00'),(19,9,'bass','Bass',NULL,'25',NULL,NULL,1,NULL,NULL,1,1,2,'0.00'),(20,9,'tenor','Tenor',NULL,'40',NULL,NULL,2,NULL,NULL,0,1,2,'0.00'),(21,9,'soprano','Soprano',NULL,'50',NULL,NULL,3,NULL,NULL,0,1,2,'0.00');
/*!40000 ALTER TABLE `civicrm_price_field_value` ENABLE KEYS */;
UNLOCK TABLES;

--
-- Dumping data for table `civicrm_price_set`
--

LOCK TABLES `civicrm_price_set` WRITE;
/*!40000 ALTER TABLE `civicrm_price_set` DISABLE KEYS */;
INSERT INTO `civicrm_price_set` (`id`, `domain_id`, `name`, `title`, `is_active`, `help_pre`, `help_post`, `javascript`, `extends`, `financial_type_id`, `is_quick_config`, `is_reserved`) VALUES (1,NULL,'default_contribution_amount','Contribution Amount',1,NULL,NULL,NULL,'2',NULL,1,1),(2,NULL,'default_membership_type_amount','Membership Amount',1,NULL,NULL,NULL,'3',2,1,1),(3,NULL,'help_support_civicrm_amount','Help Support CiviCRM!',1,NULL,NULL,NULL,'2',NULL,1,0),(4,NULL,'member_signup_and_renewal','Member Signup and Renewal',1,NULL,NULL,NULL,'3',2,1,0),(5,NULL,'pledge_for_civicrm','Pledge for CiviCRM!',1,NULL,NULL,NULL,'2',NULL,1,0),(6,NULL,'rain_forest_cup_youth_soccer_tournament','Rain-forest Cup Youth Soccer Tournament',1,NULL,NULL,NULL,'1',NULL,1,0),(7,NULL,'fall_fundraiser_dinner','Fall Fundraiser Dinner',1,NULL,NULL,NULL,'1',NULL,1,0),(8,NULL,'summer_solstice_festival_day_concert','Summer Solstice Festival Day Concert',1,NULL,NULL,NULL,'1',NULL,1,0);
/*!40000 ALTER TABLE `civicrm_price_set` ENABLE KEYS */;
UNLOCK TABLES;

--
-- Dumping data for table `civicrm_price_set_entity`
--

LOCK TABLES `civicrm_price_set_entity` WRITE;
/*!40000 ALTER TABLE `civicrm_price_set_entity` DISABLE KEYS */;
INSERT INTO `civicrm_price_set_entity` (`id`, `entity_table`, `entity_id`, `price_set_id`) VALUES (1,'civicrm_contribution_page',1,3),(2,'civicrm_contribution_page',2,4),(3,'civicrm_contribution_page',3,5),(4,'civicrm_event',3,6),(5,'civicrm_event',1,7),(6,'civicrm_event',2,8);
/*!40000 ALTER TABLE `civicrm_price_set_entity` ENABLE KEYS */;
UNLOCK TABLES;

--
-- Dumping data for table `civicrm_product`
--

LOCK TABLES `civicrm_product` WRITE;
/*!40000 ALTER TABLE `civicrm_product` DISABLE KEYS */;
INSERT INTO `civicrm_product` (`id`, `name`, `description`, `sku`, `options`, `image`, `thumbnail`, `price`, `currency`, `financial_type_id`, `min_contribution`, `cost`, `is_active`, `period_type`, `fixed_period_start_day`, `duration_unit`, `duration_interval`, `frequency_unit`, `frequency_interval`) VALUES (1,'Coffee Mug','This heavy-duty mug is great for home or office, coffee or tea or hot chocolate. Show your support to family, friends and colleagues. Choose from three great colors.','MUG-101','White, Black, Green',NULL,NULL,'12.50','USD',NULL,'5.00','2.25',1,NULL,NULL,NULL,NULL,NULL,NULL);
/*!40000 ALTER TABLE `civicrm_product` ENABLE KEYS */;
UNLOCK TABLES;

--
-- Dumping data for table `civicrm_project`
--

LOCK TABLES `civicrm_project` WRITE;
/*!40000 ALTER TABLE `civicrm_project` DISABLE KEYS */;
/*!40000 ALTER TABLE `civicrm_project` ENABLE KEYS */;
UNLOCK TABLES;

--
-- Dumping data for table `civicrm_queue_item`
--

LOCK TABLES `civicrm_queue_item` WRITE;
/*!40000 ALTER TABLE `civicrm_queue_item` DISABLE KEYS */;
/*!40000 ALTER TABLE `civicrm_queue_item` ENABLE KEYS */;
UNLOCK TABLES;

--
-- Dumping data for table `civicrm_relationship`
--

LOCK TABLES `civicrm_relationship` WRITE;
/*!40000 ALTER TABLE `civicrm_relationship` DISABLE KEYS */;
INSERT INTO `civicrm_relationship` (`id`, `contact_id_a`, `contact_id_b`, `relationship_type_id`, `start_date`, `end_date`, `is_active`, `description`, `is_permission_a_b`, `is_permission_b_a`, `case_id`) VALUES (1,54,189,1,NULL,NULL,1,NULL,0,0,NULL),(2,193,189,1,NULL,NULL,1,NULL,0,0,NULL),(3,54,78,1,NULL,NULL,1,NULL,0,0,NULL),(4,193,78,1,NULL,NULL,1,NULL,0,0,NULL),(5,193,54,3,NULL,NULL,1,NULL,0,0,NULL),(6,78,125,7,NULL,NULL,1,NULL,0,0,NULL),(7,54,125,7,NULL,NULL,1,NULL,0,0,NULL),(8,193,125,7,NULL,NULL,1,NULL,0,0,NULL),(9,189,125,6,NULL,NULL,0,NULL,0,0,NULL),(10,78,189,2,NULL,NULL,0,NULL,0,0,NULL),(11,201,3,1,NULL,NULL,1,NULL,0,0,NULL),(12,38,3,1,NULL,NULL,1,NULL,0,0,NULL),(13,201,124,1,NULL,NULL,1,NULL,0,0,NULL),(14,38,124,1,NULL,NULL,1,NULL,0,0,NULL),(15,38,201,3,NULL,NULL,1,NULL,0,0,NULL),(16,124,179,7,NULL,NULL,1,NULL,0,0,NULL),(17,201,179,7,NULL,NULL,1,NULL,0,0,NULL),(18,38,179,7,NULL,NULL,1,NULL,0,0,NULL),(19,3,179,6,NULL,NULL,1,NULL,0,0,NULL),(20,124,3,2,NULL,NULL,1,NULL,0,0,NULL),(21,43,152,1,NULL,NULL,1,NULL,0,0,NULL),(22,58,152,1,NULL,NULL,1,NULL,0,0,NULL),(23,43,122,1,NULL,NULL,1,NULL,0,0,NULL),(24,58,122,1,NULL,NULL,1,NULL,0,0,NULL),(25,58,43,3,NULL,NULL,1,NULL,0,0,NULL),(26,122,53,7,NULL,NULL,1,NULL,0,0,NULL),(27,43,53,7,NULL,NULL,1,NULL,0,0,NULL),(28,58,53,7,NULL,NULL,1,NULL,0,0,NULL),(29,152,53,6,NULL,NULL,1,NULL,0,0,NULL),(30,122,152,2,NULL,NULL,1,NULL,0,0,NULL),(31,134,10,1,NULL,NULL,1,NULL,0,0,NULL),(32,34,10,1,NULL,NULL,1,NULL,0,0,NULL),(33,134,82,1,NULL,NULL,1,NULL,0,0,NULL),(34,34,82,1,NULL,NULL,1,NULL,0,0,NULL),(35,34,134,3,NULL,NULL,1,NULL,0,0,NULL),(36,82,182,7,NULL,NULL,1,NULL,0,0,NULL),(37,134,182,7,NULL,NULL,1,NULL,0,0,NULL),(38,34,182,7,NULL,NULL,1,NULL,0,0,NULL),(39,10,182,6,NULL,NULL,0,NULL,0,0,NULL),(40,82,10,2,NULL,NULL,0,NULL,0,0,NULL),(41,69,2,1,NULL,NULL,1,NULL,0,0,NULL),(42,111,2,1,NULL,NULL,1,NULL,0,0,NULL),(43,69,95,1,NULL,NULL,1,NULL,0,0,NULL),(44,111,95,1,NULL,NULL,1,NULL,0,0,NULL),(45,111,69,3,NULL,NULL,1,NULL,0,0,NULL),(46,95,187,7,NULL,NULL,1,NULL,0,0,NULL),(47,69,187,7,NULL,NULL,1,NULL,0,0,NULL),(48,111,187,7,NULL,NULL,1,NULL,0,0,NULL),(49,2,187,6,NULL,NULL,0,NULL,0,0,NULL),(50,95,2,2,NULL,NULL,0,NULL,0,0,NULL),(51,68,93,1,NULL,NULL,1,NULL,0,0,NULL),(52,88,93,1,NULL,NULL,1,NULL,0,0,NULL),(53,68,20,1,NULL,NULL,1,NULL,0,0,NULL),(54,88,20,1,NULL,NULL,1,NULL,0,0,NULL),(55,88,68,3,NULL,NULL,1,NULL,0,0,NULL),(56,20,194,7,NULL,NULL,1,NULL,0,0,NULL),(57,68,194,7,NULL,NULL,1,NULL,0,0,NULL),(58,88,194,7,NULL,NULL,1,NULL,0,0,NULL),(59,93,194,6,NULL,NULL,0,NULL,0,0,NULL),(60,20,93,2,NULL,NULL,0,NULL,0,0,NULL),(61,9,199,1,NULL,NULL,1,NULL,0,0,NULL),(62,46,199,1,NULL,NULL,1,NULL,0,0,NULL),(63,9,170,1,NULL,NULL,1,NULL,0,0,NULL),(64,46,170,1,NULL,NULL,1,NULL,0,0,NULL),(65,46,9,3,NULL,NULL,1,NULL,0,0,NULL),(66,170,39,7,NULL,NULL,1,NULL,0,0,NULL),(67,9,39,7,NULL,NULL,1,NULL,0,0,NULL),(68,46,39,7,NULL,NULL,1,NULL,0,0,NULL),(69,199,39,6,NULL,NULL,0,NULL,0,0,NULL),(70,170,199,2,NULL,NULL,0,NULL,0,0,NULL),(71,67,184,1,NULL,NULL,1,NULL,0,0,NULL),(72,162,184,1,NULL,NULL,1,NULL,0,0,NULL),(73,67,138,1,NULL,NULL,1,NULL,0,0,NULL),(74,162,138,1,NULL,NULL,1,NULL,0,0,NULL),(75,162,67,3,NULL,NULL,1,NULL,0,0,NULL),(76,138,80,7,NULL,NULL,1,NULL,0,0,NULL),(77,67,80,7,NULL,NULL,1,NULL,0,0,NULL),(78,162,80,7,NULL,NULL,1,NULL,0,0,NULL),(79,184,80,6,NULL,NULL,0,NULL,0,0,NULL),(80,138,184,2,NULL,NULL,0,NULL,0,0,NULL),(81,156,144,1,NULL,NULL,1,NULL,0,0,NULL),(82,72,144,1,NULL,NULL,1,NULL,0,0,NULL),(83,156,87,1,NULL,NULL,1,NULL,0,0,NULL),(84,72,87,1,NULL,NULL,1,NULL,0,0,NULL),(85,72,156,3,NULL,NULL,1,NULL,0,0,NULL),(86,87,12,7,NULL,NULL,1,NULL,0,0,NULL),(87,156,12,7,NULL,NULL,1,NULL,0,0,NULL),(88,72,12,7,NULL,NULL,1,NULL,0,0,NULL),(89,144,12,6,NULL,NULL,1,NULL,0,0,NULL),(90,87,144,2,NULL,NULL,1,NULL,0,0,NULL),(91,140,92,1,NULL,NULL,1,NULL,0,0,NULL),(92,60,92,1,NULL,NULL,1,NULL,0,0,NULL),(93,140,155,1,NULL,NULL,1,NULL,0,0,NULL),(94,60,155,1,NULL,NULL,1,NULL,0,0,NULL),(95,60,140,3,NULL,NULL,1,NULL,0,0,NULL),(96,155,168,7,NULL,NULL,1,NULL,0,0,NULL),(97,140,168,7,NULL,NULL,1,NULL,0,0,NULL),(98,60,168,7,NULL,NULL,1,NULL,0,0,NULL),(99,92,168,6,NULL,NULL,0,NULL,0,0,NULL),(100,155,92,2,NULL,NULL,0,NULL,0,0,NULL),(101,190,33,1,NULL,NULL,1,NULL,0,0,NULL),(102,94,33,1,NULL,NULL,1,NULL,0,0,NULL),(103,190,74,1,NULL,NULL,1,NULL,0,0,NULL),(104,94,74,1,NULL,NULL,1,NULL,0,0,NULL),(105,94,190,3,NULL,NULL,1,NULL,0,0,NULL),(106,74,32,7,NULL,NULL,1,NULL,0,0,NULL),(107,190,32,7,NULL,NULL,1,NULL,0,0,NULL),(108,94,32,7,NULL,NULL,1,NULL,0,0,NULL),(109,33,32,6,NULL,NULL,0,NULL,0,0,NULL),(110,74,33,2,NULL,NULL,0,NULL,0,0,NULL),(111,139,108,1,NULL,NULL,1,NULL,0,0,NULL),(112,65,108,1,NULL,NULL,1,NULL,0,0,NULL),(113,139,7,1,NULL,NULL,1,NULL,0,0,NULL),(114,65,7,1,NULL,NULL,1,NULL,0,0,NULL),(115,65,139,3,NULL,NULL,1,NULL,0,0,NULL),(116,7,44,7,NULL,NULL,1,NULL,0,0,NULL),(117,139,44,7,NULL,NULL,1,NULL,0,0,NULL),(118,65,44,7,NULL,NULL,1,NULL,0,0,NULL),(119,108,44,6,NULL,NULL,1,NULL,0,0,NULL),(120,7,108,2,NULL,NULL,1,NULL,0,0,NULL),(121,115,137,1,NULL,NULL,1,NULL,0,0,NULL),(122,11,137,1,NULL,NULL,1,NULL,0,0,NULL),(123,115,175,1,NULL,NULL,1,NULL,0,0,NULL),(124,11,175,1,NULL,NULL,1,NULL,0,0,NULL),(125,11,115,3,NULL,NULL,1,NULL,0,0,NULL),(126,175,150,7,NULL,NULL,1,NULL,0,0,NULL),(127,115,150,7,NULL,NULL,1,NULL,0,0,NULL),(128,11,150,7,NULL,NULL,1,NULL,0,0,NULL),(129,137,150,6,NULL,NULL,0,NULL,0,0,NULL),(130,175,137,2,NULL,NULL,0,NULL,0,0,NULL),(131,104,98,1,NULL,NULL,1,NULL,0,0,NULL),(132,8,98,1,NULL,NULL,1,NULL,0,0,NULL),(133,104,174,1,NULL,NULL,1,NULL,0,0,NULL),(134,8,174,1,NULL,NULL,1,NULL,0,0,NULL),(135,8,104,3,NULL,NULL,1,NULL,0,0,NULL),(136,174,66,7,NULL,NULL,1,NULL,0,0,NULL),(137,104,66,7,NULL,NULL,1,NULL,0,0,NULL),(138,8,66,7,NULL,NULL,1,NULL,0,0,NULL),(139,98,66,6,NULL,NULL,1,NULL,0,0,NULL),(140,174,98,2,NULL,NULL,1,NULL,0,0,NULL),(141,181,163,1,NULL,NULL,1,NULL,0,0,NULL),(142,128,163,1,NULL,NULL,1,NULL,0,0,NULL),(143,181,86,1,NULL,NULL,1,NULL,0,0,NULL),(144,128,86,1,NULL,NULL,1,NULL,0,0,NULL),(145,128,181,3,NULL,NULL,1,NULL,0,0,NULL),(146,86,117,7,NULL,NULL,1,NULL,0,0,NULL),(147,181,117,7,NULL,NULL,1,NULL,0,0,NULL),(148,128,117,7,NULL,NULL,1,NULL,0,0,NULL),(149,163,117,6,NULL,NULL,0,NULL,0,0,NULL),(150,86,163,2,NULL,NULL,0,NULL,0,0,NULL),(151,105,79,1,NULL,NULL,1,NULL,0,0,NULL),(152,45,79,1,NULL,NULL,1,NULL,0,0,NULL),(153,105,121,1,NULL,NULL,1,NULL,0,0,NULL),(154,45,121,1,NULL,NULL,1,NULL,0,0,NULL),(155,45,105,3,NULL,NULL,1,NULL,0,0,NULL),(156,121,123,7,NULL,NULL,1,NULL,0,0,NULL),(157,105,123,7,NULL,NULL,1,NULL,0,0,NULL),(158,45,123,7,NULL,NULL,1,NULL,0,0,NULL),(159,79,123,6,NULL,NULL,1,NULL,0,0,NULL),(160,121,79,2,NULL,NULL,1,NULL,0,0,NULL),(161,97,143,1,NULL,NULL,1,NULL,0,0,NULL),(162,173,143,1,NULL,NULL,1,NULL,0,0,NULL),(163,97,164,1,NULL,NULL,1,NULL,0,0,NULL),(164,173,164,1,NULL,NULL,1,NULL,0,0,NULL),(165,173,97,3,NULL,NULL,1,NULL,0,0,NULL),(166,164,154,7,NULL,NULL,1,NULL,0,0,NULL),(167,97,154,7,NULL,NULL,1,NULL,0,0,NULL),(168,173,154,7,NULL,NULL,1,NULL,0,0,NULL),(169,143,154,6,NULL,NULL,0,NULL,0,0,NULL),(170,164,143,2,NULL,NULL,0,NULL,0,0,NULL),(171,133,185,1,NULL,NULL,1,NULL,0,0,NULL),(172,169,185,1,NULL,NULL,1,NULL,0,0,NULL),(173,133,161,1,NULL,NULL,1,NULL,0,0,NULL),(174,169,161,1,NULL,NULL,1,NULL,0,0,NULL),(175,169,133,3,NULL,NULL,1,NULL,0,0,NULL),(176,161,52,7,NULL,NULL,1,NULL,0,0,NULL),(177,133,52,7,NULL,NULL,1,NULL,0,0,NULL),(178,169,52,7,NULL,NULL,1,NULL,0,0,NULL),(179,185,52,6,NULL,NULL,1,NULL,0,0,NULL),(180,161,185,2,NULL,NULL,1,NULL,0,0,NULL),(181,14,116,1,NULL,NULL,1,NULL,0,0,NULL),(182,183,116,1,NULL,NULL,1,NULL,0,0,NULL),(183,14,196,1,NULL,NULL,1,NULL,0,0,NULL),(184,183,196,1,NULL,NULL,1,NULL,0,0,NULL),(185,183,14,3,NULL,NULL,1,NULL,0,0,NULL),(186,196,76,7,NULL,NULL,1,NULL,0,0,NULL),(187,14,76,7,NULL,NULL,1,NULL,0,0,NULL),(188,183,76,7,NULL,NULL,1,NULL,0,0,NULL),(189,116,76,6,NULL,NULL,0,NULL,0,0,NULL),(190,196,116,2,NULL,NULL,0,NULL,0,0,NULL),(191,102,157,1,NULL,NULL,1,NULL,0,0,NULL),(192,158,157,1,NULL,NULL,1,NULL,0,0,NULL),(193,102,28,1,NULL,NULL,1,NULL,0,0,NULL),(194,158,28,1,NULL,NULL,1,NULL,0,0,NULL),(195,158,102,3,NULL,NULL,1,NULL,0,0,NULL),(196,28,178,7,NULL,NULL,1,NULL,0,0,NULL),(197,102,178,7,NULL,NULL,1,NULL,0,0,NULL),(198,158,178,7,NULL,NULL,1,NULL,0,0,NULL),(199,157,178,6,NULL,NULL,1,NULL,0,0,NULL),(200,28,157,2,NULL,NULL,1,NULL,0,0,NULL),(201,155,4,4,NULL,NULL,1,NULL,0,0,NULL),(202,149,18,4,NULL,NULL,1,NULL,0,0,NULL),(203,14,26,4,NULL,NULL,1,NULL,0,0,NULL),(204,55,35,4,NULL,NULL,1,NULL,0,0,NULL),(205,27,50,4,NULL,NULL,1,NULL,0,0,NULL),(206,174,56,4,NULL,NULL,1,NULL,0,0,NULL),(207,20,59,4,NULL,NULL,1,NULL,0,0,NULL),(208,10,63,4,NULL,NULL,1,NULL,0,0,NULL),(209,72,77,4,NULL,NULL,1,NULL,0,0,NULL),(210,159,81,4,NULL,NULL,1,NULL,0,0,NULL),(211,176,90,4,NULL,NULL,1,NULL,0,0,NULL),(212,190,109,4,NULL,NULL,1,NULL,0,0,NULL),(213,107,113,4,NULL,NULL,1,NULL,0,0,NULL),(214,145,127,4,NULL,NULL,1,NULL,0,0,NULL),(215,82,136,4,NULL,NULL,1,NULL,0,0,NULL),(216,163,142,4,NULL,NULL,1,NULL,0,0,NULL),(217,21,165,4,NULL,NULL,1,NULL,0,0,NULL),(218,40,198,4,NULL,NULL,1,NULL,0,0,NULL);
/*!40000 ALTER TABLE `civicrm_relationship` ENABLE KEYS */;
UNLOCK TABLES;

--
-- Dumping data for table `civicrm_relationship_type`
--

LOCK TABLES `civicrm_relationship_type` WRITE;
/*!40000 ALTER TABLE `civicrm_relationship_type` DISABLE KEYS */;
INSERT INTO `civicrm_relationship_type` (`id`, `name_a_b`, `label_a_b`, `name_b_a`, `label_b_a`, `description`, `contact_type_a`, `contact_type_b`, `contact_sub_type_a`, `contact_sub_type_b`, `is_reserved`, `is_active`) VALUES (1,'Child of','Child of','Parent of','Parent of','Parent/child relationship.','Individual','Individual',NULL,NULL,0,1),(2,'Spouse of','Spouse of','Spouse of','Spouse of','Spousal relationship.','Individual','Individual',NULL,NULL,0,1),(3,'Sibling of','Sibling of','Sibling of','Sibling of','Sibling relationship.','Individual','Individual',NULL,NULL,0,1),(4,'Employee of','Employee of','Employer of','Employer of','Employment relationship.','Individual','Organization',NULL,NULL,1,1),(5,'Volunteer for','Volunteer for','Volunteer is','Volunteer is','Volunteer relationship.','Individual','Organization',NULL,NULL,0,1),(6,'Head of Household for','Head of Household for','Head of Household is','Head of Household is','Head of household.','Individual','Household',NULL,NULL,1,1),(7,'Household Member of','Household Member of','Household Member is','Household Member is','Household membership.','Individual','Household',NULL,NULL,1,1),(8,'Case Coordinator is','Case Coordinator is','Case Coordinator','Case Coordinator','Case Coordinator','Individual','Individual',NULL,NULL,0,1),(9,'Supervised by','Supervised by','Supervisor','Supervisor','Immediate workplace supervisor','Individual','Individual',NULL,NULL,0,1);
/*!40000 ALTER TABLE `civicrm_relationship_type` ENABLE KEYS */;
UNLOCK TABLES;

--
-- Dumping data for table `civicrm_report_instance`
--

LOCK TABLES `civicrm_report_instance` WRITE;
/*!40000 ALTER TABLE `civicrm_report_instance` DISABLE KEYS */;
INSERT INTO `civicrm_report_instance` (`id`, `domain_id`, `title`, `report_id`, `name`, `args`, `description`, `permission`, `grouprole`, `form_values`, `is_active`, `email_subject`, `email_to`, `email_cc`, `header`, `footer`, `navigation_id`, `drilldown_id`, `is_reserved`) VALUES (1,1,'Constituent Summary','contact/summary',NULL,NULL,'Provides a list of address and telephone information for constituent records in your system.','administer CiviCRM',NULL,'a:31:{s:6:\"fields\";a:4:{s:9:\"sort_name\";s:1:\"1\";s:14:\"street_address\";s:1:\"1\";s:4:\"city\";s:1:\"1\";s:10:\"country_id\";s:1:\"1\";}s:12:\"sort_name_op\";s:3:\"has\";s:15:\"sort_name_value\";s:0:\"\";s:9:\"source_op\";s:3:\"has\";s:12:\"source_value\";s:0:\"\";s:6:\"id_min\";s:0:\"\";s:6:\"id_max\";s:0:\"\";s:5:\"id_op\";s:3:\"lte\";s:8:\"id_value\";s:0:\"\";s:13:\"country_id_op\";s:2:\"in\";s:16:\"country_id_value\";a:0:{}s:20:\"state_province_id_op\";s:2:\"in\";s:23:\"state_province_id_value\";a:0:{}s:6:\"gid_op\";s:2:\"in\";s:9:\"gid_value\";a:0:{}s:8:\"tagid_op\";s:2:\"in\";s:11:\"tagid_value\";a:0:{}s:11:\"custom_1_op\";s:2:\"in\";s:14:\"custom_1_value\";a:0:{}s:11:\"custom_2_op\";s:2:\"in\";s:14:\"custom_2_value\";a:0:{}s:17:\"custom_3_relative\";s:1:\"0\";s:13:\"custom_3_from\";s:0:\"\";s:11:\"custom_3_to\";s:0:\"\";s:11:\"description\";s:92:\"Provides a list of address and telephone information for constituent records in your system.\";s:13:\"email_subject\";s:0:\"\";s:8:\"email_to\";s:0:\"\";s:8:\"email_cc\";s:0:\"\";s:10:\"permission\";s:18:\"administer CiviCRM\";s:6:\"groups\";s:0:\"\";s:9:\"domain_id\";i:1;}',NULL,NULL,NULL,NULL,NULL,NULL,NULL,NULL,0),(2,1,'Constituent Detail','contact/detail',NULL,NULL,'Provides contact-related information on contributions, memberships, events and activities.','administer CiviCRM',NULL,'a:25:{s:6:\"fields\";a:30:{s:9:\"sort_name\";s:1:\"1\";s:10:\"country_id\";s:1:\"1\";s:15:\"contribution_id\";s:1:\"1\";s:12:\"total_amount\";s:1:\"1\";s:20:\"contribution_type_id\";s:1:\"1\";s:12:\"receive_date\";s:1:\"1\";s:22:\"contribution_status_id\";s:1:\"1\";s:13:\"membership_id\";s:1:\"1\";s:18:\"membership_type_id\";s:1:\"1\";s:21:\"membership_start_date\";s:1:\"1\";s:19:\"membership_end_date\";s:1:\"1\";s:20:\"membership_status_id\";s:1:\"1\";s:14:\"participant_id\";s:1:\"1\";s:8:\"event_id\";s:1:\"1\";s:21:\"participant_status_id\";s:1:\"1\";s:7:\"role_id\";s:1:\"1\";s:25:\"participant_register_date\";s:1:\"1\";s:9:\"fee_level\";s:1:\"1\";s:10:\"fee_amount\";s:1:\"1\";s:15:\"relationship_id\";s:1:\"1\";s:20:\"relationship_type_id\";s:1:\"1\";s:12:\"contact_id_b\";s:1:\"1\";s:2:\"id\";s:1:\"1\";s:16:\"activity_type_id\";s:1:\"1\";s:7:\"subject\";s:1:\"1\";s:17:\"source_contact_id\";s:1:\"1\";s:18:\"activity_date_time\";s:1:\"1\";s:18:\"activity_status_id\";s:1:\"1\";s:17:\"target_contact_id\";s:1:\"1\";s:19:\"assignee_contact_id\";s:1:\"1\";}s:6:\"id_min\";s:0:\"\";s:6:\"id_max\";s:0:\"\";s:5:\"id_op\";s:3:\"lte\";s:8:\"id_value\";s:0:\"\";s:12:\"sort_name_op\";s:3:\"has\";s:15:\"sort_name_value\";s:0:\"\";s:6:\"gid_op\";s:2:\"in\";s:9:\"gid_value\";a:0:{}s:8:\"tagid_op\";s:2:\"in\";s:11:\"tagid_value\";a:0:{}s:11:\"custom_1_op\";s:2:\"in\";s:14:\"custom_1_value\";a:0:{}s:11:\"custom_2_op\";s:2:\"in\";s:14:\"custom_2_value\";a:0:{}s:17:\"custom_3_relative\";s:1:\"0\";s:13:\"custom_3_from\";s:0:\"\";s:11:\"custom_3_to\";s:0:\"\";s:11:\"description\";s:90:\"Provides contact-related information on contributions, memberships, events and activities.\";s:13:\"email_subject\";s:0:\"\";s:8:\"email_to\";s:0:\"\";s:8:\"email_cc\";s:0:\"\";s:10:\"permission\";s:18:\"administer CiviCRM\";s:6:\"groups\";s:0:\"\";s:9:\"domain_id\";i:1;}',NULL,NULL,NULL,NULL,NULL,NULL,NULL,NULL,0),(3,1,'Activities','activity',NULL,NULL,'Provides a list of constituent activity including activity statistics for one/all contacts during a given date range(required)','administer CiviCRM',NULL,'a:26:{s:6:\"fields\";a:6:{s:16:\"contact_assignee\";s:1:\"1\";s:14:\"contact_target\";s:1:\"1\";s:16:\"activity_type_id\";s:1:\"1\";s:16:\"activity_subject\";s:1:\"1\";s:18:\"activity_date_time\";s:1:\"1\";s:9:\"status_id\";s:1:\"1\";}s:17:\"contact_source_op\";s:3:\"has\";s:20:\"contact_source_value\";s:0:\"\";s:19:\"contact_assignee_op\";s:3:\"has\";s:22:\"contact_assignee_value\";s:0:\"\";s:17:\"contact_target_op\";s:3:\"has\";s:20:\"contact_target_value\";s:0:\"\";s:15:\"current_user_op\";s:2:\"eq\";s:18:\"current_user_value\";s:1:\"0\";s:27:\"activity_date_time_relative\";s:10:\"this.month\";s:23:\"activity_date_time_from\";s:0:\"\";s:21:\"activity_date_time_to\";s:0:\"\";s:19:\"activity_subject_op\";s:3:\"has\";s:22:\"activity_subject_value\";s:0:\"\";s:19:\"activity_type_id_op\";s:2:\"in\";s:22:\"activity_type_id_value\";a:0:{}s:12:\"status_id_op\";s:2:\"in\";s:15:\"status_id_value\";a:0:{}s:11:\"description\";s:126:\"Provides a list of constituent activity including activity statistics for one/all contacts during a given date range(required)\";s:13:\"email_subject\";s:0:\"\";s:8:\"email_to\";s:0:\"\";s:8:\"email_cc\";s:0:\"\";s:10:\"permission\";s:18:\"administer CiviCRM\";s:6:\"groups\";s:0:\"\";s:9:\"group_bys\";N;s:9:\"domain_id\";i:1;}',NULL,NULL,NULL,NULL,NULL,NULL,NULL,NULL,0),(4,1,'Current Employers','contact/currentEmployer',NULL,NULL,'Provides detail list of employer employee relationships along with employment details.','administer CiviCRM',NULL,'a:33:{s:6:\"fields\";a:5:{s:17:\"organization_name\";s:1:\"1\";s:9:\"sort_name\";s:1:\"1\";s:9:\"job_title\";s:1:\"1\";s:10:\"start_date\";s:1:\"1\";s:5:\"email\";s:1:\"1\";}s:20:\"organization_name_op\";s:3:\"has\";s:23:\"organization_name_value\";s:0:\"\";s:12:\"sort_name_op\";s:3:\"has\";s:15:\"sort_name_value\";s:0:\"\";s:6:\"id_min\";s:0:\"\";s:6:\"id_max\";s:0:\"\";s:5:\"id_op\";s:3:\"lte\";s:8:\"id_value\";s:0:\"\";s:19:\"start_date_relative\";s:1:\"0\";s:15:\"start_date_from\";s:0:\"\";s:13:\"start_date_to\";s:0:\"\";s:13:\"country_id_op\";s:2:\"in\";s:16:\"country_id_value\";a:0:{}s:20:\"state_province_id_op\";s:2:\"in\";s:23:\"state_province_id_value\";a:0:{}s:6:\"gid_op\";s:2:\"in\";s:9:\"gid_value\";a:0:{}s:8:\"tagid_op\";s:2:\"in\";s:11:\"tagid_value\";a:0:{}s:11:\"custom_1_op\";s:2:\"in\";s:14:\"custom_1_value\";a:0:{}s:11:\"custom_2_op\";s:2:\"in\";s:14:\"custom_2_value\";a:0:{}s:17:\"custom_3_relative\";s:1:\"0\";s:13:\"custom_3_from\";s:0:\"\";s:11:\"custom_3_to\";s:0:\"\";s:11:\"description\";s:98:\"Provides detail list of employer employee relationships along with employment details Ex Join Date\";s:13:\"email_subject\";s:0:\"\";s:8:\"email_to\";s:0:\"\";s:8:\"email_cc\";s:0:\"\";s:10:\"permission\";s:18:\"administer CiviCRM\";s:9:\"domain_id\";i:1;}',NULL,NULL,NULL,NULL,NULL,NULL,NULL,NULL,0),(5,1,'Relationships','contact/relationship',NULL,NULL,'Gives relationship details between two contacts','administer CiviCRM',NULL,'a:28:{s:6:\"fields\";a:4:{s:11:\"sort_name_a\";s:1:\"1\";s:11:\"sort_name_b\";s:1:\"1\";s:9:\"label_a_b\";s:1:\"1\";s:9:\"label_b_a\";s:1:\"1\";}s:14:\"sort_name_a_op\";s:3:\"has\";s:17:\"sort_name_a_value\";s:0:\"\";s:14:\"sort_name_b_op\";s:3:\"has\";s:17:\"sort_name_b_value\";s:0:\"\";s:17:\"contact_type_a_op\";s:2:\"in\";s:20:\"contact_type_a_value\";a:0:{}s:17:\"contact_type_b_op\";s:2:\"in\";s:20:\"contact_type_b_value\";a:0:{}s:12:\"is_active_op\";s:2:\"eq\";s:15:\"is_active_value\";s:0:\"\";s:23:\"relationship_type_id_op\";s:2:\"eq\";s:26:\"relationship_type_id_value\";s:0:\"\";s:13:\"country_id_op\";s:2:\"in\";s:16:\"country_id_value\";a:0:{}s:20:\"state_province_id_op\";s:2:\"in\";s:23:\"state_province_id_value\";a:0:{}s:6:\"gid_op\";s:2:\"in\";s:9:\"gid_value\";a:0:{}s:8:\"tagid_op\";s:2:\"in\";s:11:\"tagid_value\";a:0:{}s:11:\"description\";s:19:\"Relationship Report\";s:13:\"email_subject\";s:0:\"\";s:8:\"email_to\";s:0:\"\";s:8:\"email_cc\";s:0:\"\";s:10:\"permission\";s:18:\"administer CiviCRM\";s:6:\"groups\";s:0:\"\";s:9:\"domain_id\";i:1;}',NULL,NULL,NULL,NULL,NULL,NULL,NULL,NULL,0),(6,1,'Contribution Summary','contribute/summary',NULL,NULL,'Groups and totals contributions by criteria including contact, time period, contribution type, contributor location, etc.','access CiviContribute',NULL,'a:42:{s:6:\"fields\";a:1:{s:12:\"total_amount\";s:1:\"1\";}s:13:\"country_id_op\";s:2:\"in\";s:16:\"country_id_value\";a:0:{}s:20:\"state_province_id_op\";s:2:\"in\";s:23:\"state_province_id_value\";a:0:{}s:21:\"receive_date_relative\";s:1:\"0\";s:17:\"receive_date_from\";s:0:\"\";s:15:\"receive_date_to\";s:0:\"\";s:25:\"contribution_status_id_op\";s:2:\"in\";s:28:\"contribution_status_id_value\";a:1:{i:0;s:1:\"1\";}s:23:\"contribution_type_id_op\";s:2:\"in\";s:26:\"contribution_type_id_value\";a:0:{}s:16:\"total_amount_min\";s:0:\"\";s:16:\"total_amount_max\";s:0:\"\";s:15:\"total_amount_op\";s:3:\"lte\";s:18:\"total_amount_value\";s:0:\"\";s:13:\"total_sum_min\";s:0:\"\";s:13:\"total_sum_max\";s:0:\"\";s:12:\"total_sum_op\";s:3:\"lte\";s:15:\"total_sum_value\";s:0:\"\";s:15:\"total_count_min\";s:0:\"\";s:15:\"total_count_max\";s:0:\"\";s:14:\"total_count_op\";s:3:\"lte\";s:17:\"total_count_value\";s:0:\"\";s:13:\"total_avg_min\";s:0:\"\";s:13:\"total_avg_max\";s:0:\"\";s:12:\"total_avg_op\";s:3:\"lte\";s:15:\"total_avg_value\";s:0:\"\";s:6:\"gid_op\";s:2:\"in\";s:9:\"gid_value\";a:0:{}s:8:\"tagid_op\";s:2:\"in\";s:11:\"tagid_value\";a:0:{}s:9:\"group_bys\";a:1:{s:12:\"receive_date\";s:1:\"1\";}s:14:\"group_bys_freq\";a:1:{s:12:\"receive_date\";s:5:\"MONTH\";}s:11:\"description\";s:80:\"Shows contribution statistics by month / week / year .. country / state .. type.\";s:13:\"email_subject\";s:0:\"\";s:8:\"email_to\";s:0:\"\";s:8:\"email_cc\";s:0:\"\";s:10:\"permission\";s:21:\"access CiviContribute\";s:6:\"groups\";s:0:\"\";s:6:\"charts\";s:0:\"\";s:9:\"domain_id\";i:1;}',NULL,NULL,NULL,NULL,NULL,NULL,NULL,NULL,0),(7,1,'Contribution Details','contribute/detail',NULL,NULL,'Lists specific contributions by criteria including contact, time period, contribution type, contributor location, etc. Contribution summary report points to this report for contribution details.','access CiviContribute',NULL,'a:34:{s:6:\"fields\";a:7:{s:9:\"sort_name\";s:1:\"1\";s:5:\"email\";s:1:\"1\";s:5:\"phone\";s:1:\"1\";s:10:\"country_id\";s:1:\"1\";s:20:\"contribution_type_id\";s:1:\"1\";s:12:\"receive_date\";s:1:\"1\";s:12:\"total_amount\";s:1:\"1\";}s:12:\"sort_name_op\";s:3:\"has\";s:15:\"sort_name_value\";s:0:\"\";s:6:\"id_min\";s:0:\"\";s:6:\"id_max\";s:0:\"\";s:5:\"id_op\";s:3:\"lte\";s:8:\"id_value\";s:0:\"\";s:13:\"country_id_op\";s:2:\"in\";s:16:\"country_id_value\";a:0:{}s:20:\"state_province_id_op\";s:2:\"in\";s:23:\"state_province_id_value\";a:0:{}s:21:\"receive_date_relative\";s:1:\"0\";s:17:\"receive_date_from\";s:0:\"\";s:15:\"receive_date_to\";s:0:\"\";s:23:\"contribution_type_id_op\";s:2:\"in\";s:26:\"contribution_type_id_value\";a:0:{}s:25:\"contribution_status_id_op\";s:2:\"in\";s:28:\"contribution_status_id_value\";a:1:{i:0;s:1:\"1\";}s:16:\"total_amount_min\";s:0:\"\";s:16:\"total_amount_max\";s:0:\"\";s:15:\"total_amount_op\";s:3:\"lte\";s:18:\"total_amount_value\";s:0:\"\";s:6:\"gid_op\";s:2:\"in\";s:9:\"gid_value\";a:0:{}s:13:\"ordinality_op\";s:2:\"in\";s:16:\"ordinality_value\";a:0:{}s:8:\"tagid_op\";s:2:\"in\";s:11:\"tagid_value\";a:0:{}s:11:\"description\";s:126:\"Lists detailed contribution(s) for one / all contacts. Contribution summary report points to this report for specific details.\";s:13:\"email_subject\";s:0:\"\";s:8:\"email_to\";s:0:\"\";s:8:\"email_cc\";s:0:\"\";s:10:\"permission\";s:21:\"access CiviContribute\";s:9:\"domain_id\";i:1;}',NULL,NULL,NULL,NULL,NULL,NULL,NULL,NULL,0),(8,1,'Repeat Contributions','contribute/repeat',NULL,NULL,'Given two date ranges, shows contacts who contributed in both the date ranges with the amount contributed in each and the percentage increase / decrease.','access CiviContribute',NULL,'a:29:{s:6:\"fields\";a:3:{s:9:\"sort_name\";s:1:\"1\";s:13:\"total_amount1\";s:1:\"1\";s:13:\"total_amount2\";s:1:\"1\";}s:22:\"receive_date1_relative\";s:13:\"previous.year\";s:18:\"receive_date1_from\";s:0:\"\";s:16:\"receive_date1_to\";s:0:\"\";s:22:\"receive_date2_relative\";s:9:\"this.year\";s:18:\"receive_date2_from\";s:0:\"\";s:16:\"receive_date2_to\";s:0:\"\";s:17:\"total_amount1_min\";s:0:\"\";s:17:\"total_amount1_max\";s:0:\"\";s:16:\"total_amount1_op\";s:3:\"lte\";s:19:\"total_amount1_value\";s:0:\"\";s:17:\"total_amount2_min\";s:0:\"\";s:17:\"total_amount2_max\";s:0:\"\";s:16:\"total_amount2_op\";s:3:\"lte\";s:19:\"total_amount2_value\";s:0:\"\";s:25:\"contribution_status_id_op\";s:2:\"in\";s:28:\"contribution_status_id_value\";a:1:{i:0;s:1:\"1\";}s:6:\"gid_op\";s:2:\"in\";s:9:\"gid_value\";a:0:{}s:8:\"tagid_op\";s:2:\"in\";s:11:\"tagid_value\";a:0:{}s:9:\"group_bys\";a:1:{s:2:\"id\";s:1:\"1\";}s:11:\"description\";s:140:\"Given two date ranges, shows contacts (and their contributions) who contributed in both the date ranges with percentage increase / decrease.\";s:13:\"email_subject\";s:0:\"\";s:8:\"email_to\";s:0:\"\";s:8:\"email_cc\";s:0:\"\";s:10:\"permission\";s:21:\"access CiviContribute\";s:6:\"groups\";s:0:\"\";s:9:\"domain_id\";i:1;}',NULL,NULL,NULL,NULL,NULL,NULL,NULL,NULL,0),(9,1,'SYBUNT (some year but not this year)','contribute/sybunt',NULL,NULL,'Some year(s) but not this year. Provides a list of constituents who donated at some time in the history of your organization but did not donate during the time period you specify.','access CiviContribute',NULL,'a:18:{s:6:\"fields\";a:3:{s:9:\"sort_name\";s:1:\"1\";s:5:\"email\";s:1:\"1\";s:5:\"phone\";s:1:\"1\";}s:12:\"sort_name_op\";s:3:\"has\";s:15:\"sort_name_value\";s:0:\"\";s:6:\"yid_op\";s:2:\"eq\";s:9:\"yid_value\";s:4:\"2011\";s:25:\"contribution_status_id_op\";s:2:\"in\";s:28:\"contribution_status_id_value\";a:1:{i:0;s:1:\"1\";}s:6:\"gid_op\";s:2:\"in\";s:9:\"gid_value\";a:0:{}s:8:\"tagid_op\";s:2:\"in\";s:11:\"tagid_value\";a:0:{}s:11:\"description\";s:179:\"Some year(s) but not this year. Provides a list of constituents who donated at some time in the history of your organization but did not donate during the time period you specify.\";s:13:\"email_subject\";s:0:\"\";s:8:\"email_to\";s:0:\"\";s:8:\"email_cc\";s:0:\"\";s:10:\"permission\";s:21:\"access CiviContribute\";s:6:\"charts\";s:0:\"\";s:9:\"domain_id\";i:1;}',NULL,NULL,NULL,NULL,NULL,NULL,NULL,NULL,0),(10,1,'LYBUNT (last year but not this year)','contribute/lybunt',NULL,NULL,'Last year but not this year. Provides a list of constituents who donated last year but did not donate during the time period you specify as the current year.','access CiviContribute',NULL,'a:19:{s:6:\"fields\";a:3:{s:9:\"sort_name\";s:1:\"1\";s:5:\"email\";s:1:\"1\";s:5:\"phone\";s:1:\"1\";}s:12:\"sort_name_op\";s:3:\"has\";s:15:\"sort_name_value\";s:0:\"\";s:6:\"yid_op\";s:2:\"eq\";s:9:\"yid_value\";s:4:\"2011\";s:25:\"contribution_status_id_op\";s:2:\"in\";s:28:\"contribution_status_id_value\";a:1:{i:0;s:1:\"1\";}s:6:\"gid_op\";s:2:\"in\";s:9:\"gid_value\";a:0:{}s:8:\"tagid_op\";s:2:\"in\";s:11:\"tagid_value\";a:0:{}s:11:\"description\";s:157:\"Last year but not this year. Provides a list of constituents who donated last year but did not donate during the time period you specify as the current year.\";s:13:\"email_subject\";s:0:\"\";s:8:\"email_to\";s:0:\"\";s:8:\"email_cc\";s:0:\"\";s:10:\"permission\";s:21:\"access CiviContribute\";s:6:\"groups\";s:0:\"\";s:6:\"charts\";s:0:\"\";s:9:\"domain_id\";i:1;}',NULL,NULL,NULL,NULL,NULL,NULL,NULL,NULL,0),(11,1,'Contributions by Organization','contribute/organizationSummary',NULL,NULL,'Displays a detailed list of contributions grouped by organization, which includes contributions made by employees for the organisation.','access CiviContribute',NULL,'a:20:{s:6:\"fields\";a:5:{s:17:\"organization_name\";s:1:\"1\";s:9:\"sort_name\";s:1:\"1\";s:12:\"total_amount\";s:1:\"1\";s:22:\"contribution_status_id\";s:1:\"1\";s:12:\"receive_date\";s:1:\"1\";}s:20:\"organization_name_op\";s:3:\"has\";s:23:\"organization_name_value\";s:0:\"\";s:23:\"relationship_type_id_op\";s:2:\"eq\";s:26:\"relationship_type_id_value\";s:5:\"4_b_a\";s:21:\"receive_date_relative\";s:1:\"0\";s:17:\"receive_date_from\";s:0:\"\";s:15:\"receive_date_to\";s:0:\"\";s:16:\"total_amount_min\";s:0:\"\";s:16:\"total_amount_max\";s:0:\"\";s:15:\"total_amount_op\";s:3:\"lte\";s:18:\"total_amount_value\";s:0:\"\";s:25:\"contribution_status_id_op\";s:2:\"in\";s:28:\"contribution_status_id_value\";a:1:{i:0;s:1:\"1\";}s:11:\"description\";s:193:\"Displays a detailed contribution report for Organization relationships with contributors, as to if contribution done was  from an employee of some organization or from that Organization itself.\";s:13:\"email_subject\";s:0:\"\";s:8:\"email_to\";s:0:\"\";s:8:\"email_cc\";s:0:\"\";s:10:\"permission\";s:21:\"access CiviContribute\";s:9:\"domain_id\";i:1;}',NULL,NULL,NULL,NULL,NULL,NULL,NULL,NULL,0),(12,1,'Contributions by Household','contribute/householdSummary',NULL,NULL,'Displays a detailed list of contributions grouped by household which includes contributions made by members of the household.','access CiviContribute',NULL,'a:21:{s:6:\"fields\";a:5:{s:14:\"household_name\";s:1:\"1\";s:9:\"sort_name\";s:1:\"1\";s:12:\"total_amount\";s:1:\"1\";s:22:\"contribution_status_id\";s:1:\"1\";s:12:\"receive_date\";s:1:\"1\";}s:17:\"household_name_op\";s:3:\"has\";s:20:\"household_name_value\";s:0:\"\";s:23:\"relationship_type_id_op\";s:2:\"eq\";s:26:\"relationship_type_id_value\";s:5:\"6_b_a\";s:21:\"receive_date_relative\";s:1:\"0\";s:17:\"receive_date_from\";s:0:\"\";s:15:\"receive_date_to\";s:0:\"\";s:16:\"total_amount_min\";s:0:\"\";s:16:\"total_amount_max\";s:0:\"\";s:15:\"total_amount_op\";s:3:\"lte\";s:18:\"total_amount_value\";s:0:\"\";s:25:\"contribution_status_id_op\";s:2:\"in\";s:28:\"contribution_status_id_value\";a:1:{i:0;s:1:\"1\";}s:11:\"description\";s:213:\"Provides a detailed report for Contributions made by contributors(Or Household itself) who are having a relationship with household (For ex a Contributor is Head of Household for some household or is a member of.)\";s:13:\"email_subject\";s:0:\"\";s:8:\"email_to\";s:0:\"\";s:8:\"email_cc\";s:0:\"\";s:10:\"permission\";s:21:\"access CiviContribute\";s:6:\"groups\";s:0:\"\";s:9:\"domain_id\";i:1;}',NULL,NULL,NULL,NULL,NULL,NULL,NULL,NULL,0),(13,1,'Top Donors','contribute/topDonor',NULL,NULL,'Provides a list of the top donors during a time period you define. You can include as many donors as you want (for example, top 100 of your donors).','access CiviContribute',NULL,'a:20:{s:6:\"fields\";a:2:{s:12:\"display_name\";s:1:\"1\";s:12:\"total_amount\";s:1:\"1\";}s:21:\"receive_date_relative\";s:9:\"this.year\";s:17:\"receive_date_from\";s:0:\"\";s:15:\"receive_date_to\";s:0:\"\";s:15:\"total_range_min\";s:0:\"\";s:15:\"total_range_max\";s:0:\"\";s:14:\"total_range_op\";s:2:\"eq\";s:17:\"total_range_value\";s:0:\"\";s:23:\"contribution_type_id_op\";s:2:\"in\";s:26:\"contribution_type_id_value\";a:0:{}s:25:\"contribution_status_id_op\";s:2:\"in\";s:28:\"contribution_status_id_value\";a:1:{i:0;s:1:\"1\";}s:6:\"gid_op\";s:2:\"in\";s:9:\"gid_value\";a:0:{}s:11:\"description\";s:148:\"Provides a list of the top donors during a time period you define. You can include as many donors as you want (for example, top 100 of your donors).\";s:13:\"email_subject\";s:0:\"\";s:8:\"email_to\";s:0:\"\";s:8:\"email_cc\";s:0:\"\";s:10:\"permission\";s:21:\"access CiviContribute\";s:6:\"groups\";s:0:\"\";}',NULL,NULL,NULL,NULL,NULL,NULL,NULL,NULL,0),(14,1,'Soft Credits','contribute/softcredit',NULL,NULL,'Shows contributions made by contacts that have been soft-credited to other contacts.','access CiviContribute',NULL,'a:23:{s:6:\"fields\";a:5:{s:21:\"display_name_creditor\";s:1:\"1\";s:24:\"display_name_constituent\";s:1:\"1\";s:14:\"email_creditor\";s:1:\"1\";s:14:\"phone_creditor\";s:1:\"1\";s:12:\"total_amount\";s:1:\"1\";}s:5:\"id_op\";s:2:\"in\";s:8:\"id_value\";a:0:{}s:21:\"receive_date_relative\";s:1:\"0\";s:17:\"receive_date_from\";s:0:\"\";s:15:\"receive_date_to\";s:0:\"\";s:25:\"contribution_status_id_op\";s:2:\"in\";s:28:\"contribution_status_id_value\";a:1:{i:0;s:1:\"1\";}s:16:\"total_amount_min\";s:0:\"\";s:16:\"total_amount_max\";s:0:\"\";s:15:\"total_amount_op\";s:3:\"lte\";s:18:\"total_amount_value\";s:0:\"\";s:6:\"gid_op\";s:2:\"in\";s:9:\"gid_value\";a:0:{}s:8:\"tagid_op\";s:2:\"in\";s:11:\"tagid_value\";a:0:{}s:11:\"description\";s:20:\"Soft Credit details.\";s:13:\"email_subject\";s:0:\"\";s:8:\"email_to\";s:0:\"\";s:8:\"email_cc\";s:0:\"\";s:10:\"permission\";s:21:\"access CiviContribute\";s:6:\"groups\";s:0:\"\";s:9:\"domain_id\";i:1;}',NULL,NULL,NULL,NULL,NULL,NULL,NULL,NULL,0),(15,1,'Personal Campaign Page Summary','contribute/pcp',NULL,NULL,'Summarizes amount raised and number of contributors for each Personal Campaign Page.','access CiviContribute',NULL,'a:22:{s:6:\"fields\";a:8:{s:9:\"sort_name\";s:1:\"1\";s:10:\"page_title\";s:1:\"1\";s:5:\"title\";s:1:\"1\";s:11:\"goal_amount\";s:1:\"1\";s:8:\"amount_1\";s:1:\"1\";s:8:\"amount_2\";s:1:\"1\";s:7:\"soft_id\";s:1:\"1\";s:12:\"receive_date\";s:1:\"1\";}s:12:\"sort_name_op\";s:3:\"has\";s:15:\"sort_name_value\";s:0:\"\";s:6:\"id_min\";s:0:\"\";s:6:\"id_max\";s:0:\"\";s:5:\"id_op\";s:3:\"lte\";s:8:\"id_value\";s:0:\"\";s:13:\"page_title_op\";s:3:\"has\";s:16:\"page_title_value\";s:0:\"\";s:8:\"title_op\";s:3:\"has\";s:11:\"title_value\";s:0:\"\";s:12:\"amount_2_min\";s:0:\"\";s:12:\"amount_2_max\";s:0:\"\";s:11:\"amount_2_op\";s:3:\"lte\";s:14:\"amount_2_value\";s:0:\"\";s:11:\"description\";s:35:\"Shows Personal Campaign Page Report\";s:13:\"email_subject\";s:0:\"\";s:8:\"email_to\";s:0:\"\";s:8:\"email_cc\";s:0:\"\";s:10:\"permission\";s:21:\"access CiviContribute\";s:6:\"groups\";s:0:\"\";s:9:\"domain_id\";i:1;}',NULL,NULL,NULL,NULL,NULL,NULL,NULL,NULL,0),(16,1,'Pledge Summary','pledge/detail',NULL,NULL,'Summary of pledges including amount pledged, pledge status, next payment date, balance due, total amount paid etc.','access CiviPledge',NULL,'a:27:{s:6:\"fields\";a:4:{s:9:\"sort_name\";s:1:\"1\";s:10:\"country_id\";s:1:\"1\";s:6:\"amount\";s:1:\"1\";s:9:\"status_id\";s:1:\"1\";}s:12:\"sort_name_op\";s:3:\"has\";s:15:\"sort_name_value\";s:0:\"\";s:6:\"id_min\";s:0:\"\";s:6:\"id_max\";s:0:\"\";s:5:\"id_op\";s:3:\"lte\";s:8:\"id_value\";s:0:\"\";s:27:\"pledge_create_date_relative\";s:1:\"0\";s:23:\"pledge_create_date_from\";s:0:\"\";s:21:\"pledge_create_date_to\";s:0:\"\";s:17:\"pledge_amount_min\";s:0:\"\";s:17:\"pledge_amount_max\";s:0:\"\";s:16:\"pledge_amount_op\";s:3:\"lte\";s:19:\"pledge_amount_value\";s:0:\"\";s:6:\"sid_op\";s:2:\"in\";s:9:\"sid_value\";a:0:{}s:6:\"gid_op\";s:2:\"in\";s:9:\"gid_value\";a:0:{}s:8:\"tagid_op\";s:2:\"in\";s:11:\"tagid_value\";a:0:{}s:11:\"description\";s:13:\"Pledge Report\";s:13:\"email_subject\";s:0:\"\";s:8:\"email_to\";s:0:\"\";s:8:\"email_cc\";s:0:\"\";s:10:\"permission\";s:17:\"access CiviPledge\";s:6:\"groups\";s:0:\"\";s:9:\"domain_id\";i:1;}',NULL,NULL,NULL,NULL,NULL,NULL,NULL,NULL,0),(17,1,'Pledged But not Paid','pledge/pbnp',NULL,NULL,'Pledged but not Paid Report','access CiviPledge',NULL,'a:17:{s:6:\"fields\";a:5:{s:9:\"sort_name\";s:1:\"1\";s:18:\"pledge_create_date\";s:1:\"1\";s:6:\"amount\";s:1:\"1\";s:14:\"scheduled_date\";s:1:\"1\";s:10:\"country_id\";s:1:\"1\";}s:27:\"pledge_create_date_relative\";s:1:\"0\";s:23:\"pledge_create_date_from\";s:0:\"\";s:21:\"pledge_create_date_to\";s:0:\"\";s:23:\"contribution_type_id_op\";s:2:\"in\";s:26:\"contribution_type_id_value\";a:0:{}s:6:\"gid_op\";s:2:\"in\";s:9:\"gid_value\";a:0:{}s:8:\"tagid_op\";s:2:\"in\";s:11:\"tagid_value\";a:0:{}s:11:\"description\";s:27:\"Pledged but not Paid Report\";s:13:\"email_subject\";s:0:\"\";s:8:\"email_to\";s:0:\"\";s:8:\"email_cc\";s:0:\"\";s:10:\"permission\";s:17:\"access CiviPledge\";s:6:\"groups\";s:0:\"\";s:9:\"domain_id\";i:1;}',NULL,NULL,NULL,NULL,NULL,NULL,NULL,NULL,0),(18,1,'Bookkeeping Transactions','contribute/bookkeeping',NULL,NULL,'Provides transaction details for all contributions and payments, including Transaction #, Invoice ID, Payment Instrument and Check #.','access CiviContribute',NULL,'a:25:{s:6:\"fields\";a:10:{s:9:\"sort_name\";s:1:\"1\";s:12:\"receive_date\";s:1:\"1\";s:12:\"total_amount\";s:1:\"1\";s:20:\"contribution_type_id\";s:1:\"1\";s:7:\"trxn_id\";s:1:\"1\";s:10:\"invoice_id\";s:1:\"1\";s:12:\"check_number\";s:1:\"1\";s:21:\"payment_instrument_id\";s:1:\"1\";s:22:\"contribution_status_id\";s:1:\"1\";s:2:\"id\";s:1:\"1\";}s:12:\"sort_name_op\";s:3:\"has\";s:15:\"sort_name_value\";s:0:\"\";s:6:\"id_min\";s:0:\"\";s:6:\"id_max\";s:0:\"\";s:5:\"id_op\";s:3:\"lte\";s:8:\"id_value\";s:0:\"\";s:21:\"receive_date_relative\";s:1:\"0\";s:17:\"receive_date_from\";s:0:\"\";s:15:\"receive_date_to\";s:0:\"\";s:23:\"contribution_type_id_op\";s:2:\"in\";s:26:\"contribution_type_id_value\";a:0:{}s:25:\"contribution_status_id_op\";s:2:\"in\";s:28:\"contribution_status_id_value\";a:1:{i:0;s:1:\"1\";}s:16:\"total_amount_min\";s:0:\"\";s:16:\"total_amount_max\";s:0:\"\";s:15:\"total_amount_op\";s:3:\"lte\";s:18:\"total_amount_value\";s:0:\"\";s:11:\"description\";s:37:\"Shows Bookkeeping Transactions Report\";s:13:\"email_subject\";s:0:\"\";s:8:\"email_to\";s:0:\"\";s:8:\"email_cc\";s:0:\"\";s:10:\"permission\";s:21:\"access CiviContribute\";s:6:\"groups\";s:0:\"\";s:9:\"domain_id\";i:1;}',NULL,NULL,NULL,NULL,NULL,NULL,NULL,NULL,0),(19,1,'Membership Summary','member/summary',NULL,NULL,'Provides a summary of memberships by type and join date.','access CiviMember',NULL,'a:18:{s:6:\"fields\";a:2:{s:18:\"membership_type_id\";s:1:\"1\";s:12:\"total_amount\";s:1:\"1\";}s:18:\"join_date_relative\";s:1:\"0\";s:14:\"join_date_from\";s:0:\"\";s:12:\"join_date_to\";s:0:\"\";s:21:\"membership_type_id_op\";s:2:\"in\";s:24:\"membership_type_id_value\";a:0:{}s:12:\"status_id_op\";s:2:\"in\";s:15:\"status_id_value\";a:0:{}s:25:\"contribution_status_id_op\";s:2:\"in\";s:28:\"contribution_status_id_value\";a:0:{}s:9:\"group_bys\";a:2:{s:9:\"join_date\";s:1:\"1\";s:18:\"membership_type_id\";s:1:\"1\";}s:14:\"group_bys_freq\";a:1:{s:9:\"join_date\";s:5:\"MONTH\";}s:11:\"description\";s:56:\"Provides a summary of memberships by type and join date.\";s:13:\"email_subject\";s:0:\"\";s:8:\"email_to\";s:0:\"\";s:8:\"email_cc\";s:0:\"\";s:10:\"permission\";s:17:\"access CiviMember\";s:9:\"domain_id\";i:1;}',NULL,NULL,NULL,NULL,NULL,NULL,NULL,NULL,0),(20,1,'Membership Details','member/detail',NULL,NULL,'Provides a list of members along with their membership status and membership details (Join Date, Start Date, End Date). Can also display contributions (payments) associated with each membership.','access CiviMember',NULL,'a:28:{s:6:\"fields\";a:5:{s:9:\"sort_name\";s:1:\"1\";s:18:\"membership_type_id\";s:1:\"1\";s:21:\"membership_start_date\";s:1:\"1\";s:19:\"membership_end_date\";s:1:\"1\";s:4:\"name\";s:1:\"1\";}s:12:\"sort_name_op\";s:3:\"has\";s:15:\"sort_name_value\";s:0:\"\";s:6:\"id_min\";s:0:\"\";s:6:\"id_max\";s:0:\"\";s:5:\"id_op\";s:3:\"lte\";s:8:\"id_value\";s:0:\"\";s:18:\"join_date_relative\";s:1:\"0\";s:14:\"join_date_from\";s:0:\"\";s:12:\"join_date_to\";s:0:\"\";s:23:\"owner_membership_id_min\";s:0:\"\";s:23:\"owner_membership_id_max\";s:0:\"\";s:22:\"owner_membership_id_op\";s:3:\"lte\";s:25:\"owner_membership_id_value\";s:0:\"\";s:6:\"tid_op\";s:2:\"in\";s:9:\"tid_value\";a:0:{}s:6:\"sid_op\";s:2:\"in\";s:9:\"sid_value\";a:0:{}s:6:\"gid_op\";s:2:\"in\";s:9:\"gid_value\";a:0:{}s:8:\"tagid_op\";s:2:\"in\";s:11:\"tagid_value\";a:0:{}s:11:\"description\";s:119:\"Provides a list of members along with their membership status and membership details (Join Date, Start Date, End Date).\";s:13:\"email_subject\";s:0:\"\";s:8:\"email_to\";s:0:\"\";s:8:\"email_cc\";s:0:\"\";s:10:\"permission\";s:17:\"access CiviMember\";s:9:\"domain_id\";i:1;}',NULL,NULL,NULL,NULL,NULL,NULL,NULL,NULL,0),(21,1,'Contribution and Membership Details','member/contributionDetail',NULL,NULL,'Contribution details for any type of contribution, plus associated membership information for contributions which are in payment for memberships.','access CiviMember',NULL,'a:67:{s:6:\"fields\";a:12:{s:9:\"sort_name\";s:1:\"1\";s:5:\"email\";s:1:\"1\";s:5:\"phone\";s:1:\"1\";s:20:\"financial_type_id\";s:1:\"1\";s:12:\"receive_date\";s:1:\"1\";s:12:\"total_amount\";s:1:\"1\";s:18:\"membership_type_id\";s:1:\"1\";s:21:\"membership_start_date\";s:1:\"1\";s:19:\"membership_end_date\";s:1:\"1\";s:9:\"join_date\";s:1:\"1\";s:22:\"membership_status_name\";s:1:\"1\";s:10:\"country_id\";s:1:\"1\";}s:12:\"sort_name_op\";s:3:\"has\";s:15:\"sort_name_value\";s:0:\"\";s:6:\"id_min\";s:0:\"\";s:6:\"id_max\";s:0:\"\";s:5:\"id_op\";s:3:\"lte\";s:8:\"id_value\";s:0:\"\";s:21:\"receive_date_relative\";s:1:\"0\";s:17:\"receive_date_from\";s:0:\"\";s:15:\"receive_date_to\";s:0:\"\";s:23:\"financial_type_id_op\";s:2:\"in\";s:26:\"financial_type_id_value\";a:0:{}s:24:\"payment_instrument_id_op\";s:2:\"in\";s:27:\"payment_instrument_id_value\";a:0:{}s:25:\"contribution_status_id_op\";s:2:\"in\";s:28:\"contribution_status_id_value\";a:0:{}s:16:\"total_amount_min\";s:0:\"\";s:16:\"total_amount_max\";s:0:\"\";s:15:\"total_amount_op\";s:3:\"lte\";s:18:\"total_amount_value\";s:0:\"\";s:6:\"gid_op\";s:2:\"in\";s:9:\"gid_value\";a:0:{}s:13:\"ordinality_op\";s:2:\"in\";s:16:\"ordinality_value\";a:0:{}s:18:\"join_date_relative\";s:1:\"0\";s:14:\"join_date_from\";s:0:\"\";s:12:\"join_date_to\";s:0:\"\";s:30:\"membership_start_date_relative\";s:1:\"0\";s:26:\"membership_start_date_from\";s:0:\"\";s:24:\"membership_start_date_to\";s:0:\"\";s:28:\"membership_end_date_relative\";s:1:\"0\";s:24:\"membership_end_date_from\";s:0:\"\";s:22:\"membership_end_date_to\";s:0:\"\";s:23:\"owner_membership_id_min\";s:0:\"\";s:23:\"owner_membership_id_max\";s:0:\"\";s:22:\"owner_membership_id_op\";s:3:\"lte\";s:25:\"owner_membership_id_value\";s:0:\"\";s:6:\"tid_op\";s:2:\"in\";s:9:\"tid_value\";a:0:{}s:6:\"sid_op\";s:2:\"in\";s:9:\"sid_value\";a:0:{}s:17:\"street_number_min\";s:0:\"\";s:17:\"street_number_max\";s:0:\"\";s:16:\"street_number_op\";s:3:\"lte\";s:19:\"street_number_value\";s:0:\"\";s:14:\"street_name_op\";s:3:\"has\";s:17:\"street_name_value\";s:0:\"\";s:15:\"postal_code_min\";s:0:\"\";s:15:\"postal_code_max\";s:0:\"\";s:14:\"postal_code_op\";s:3:\"lte\";s:17:\"postal_code_value\";s:0:\"\";s:7:\"city_op\";s:3:\"has\";s:10:\"city_value\";s:0:\"\";s:12:\"county_id_op\";s:2:\"in\";s:15:\"county_id_value\";a:0:{}s:20:\"state_province_id_op\";s:2:\"in\";s:23:\"state_province_id_value\";a:0:{}s:13:\"country_id_op\";s:2:\"in\";s:16:\"country_id_value\";a:0:{}s:8:\"tagid_op\";s:2:\"in\";s:11:\"tagid_value\";a:0:{}s:11:\"description\";s:35:\"Contribution and Membership Details\";s:13:\"email_subject\";s:0:\"\";s:8:\"email_to\";s:0:\"\";s:8:\"email_cc\";s:0:\"\";s:10:\"permission\";s:1:\"0\";s:9:\"domain_id\";i:1;}{s:6:\"fields\";a:12:{s:9:\"sort_name\";s:1:\"1\";s:5:\"email\";s:1:\"1\";s:5:\"phone\";s:1:\"1\";s:20:\"financial_type_id\";s:1:\"1\";s:12:\"receive_date\";s:1:\"1\";s:12:\"total_amount\";s:1:\"1\";s:18:\"membership_type_id\";s:1:\"1\";s:21:\"membership_start_date\";s:1:\"1\";s:19:\"membership_end_date\";s:1:\"1\";s:9:\"join_date\";s:1:\"1\";s:22:\"membership_status_name\";s:1:\"1\";s:10:\"country_id\";s:1:\"1\";}s:12:\"sort_name_op\";s:3:\"has\";s:15:\"sort_name_value\";s:0:\"\";s:6:\"id_min\";s:0:\"\";s:6:\"id_max\";s:0:\"\";s:5:\"id_op\";s:3:\"lte\";s:8:\"id_value\";s:0:\"\";s:21:\"receive_date_relative\";s:1:\"0\";s:17:\"receive_date_from\";s:0:\"\";s:15:\"receive_date_to\";s:0:\"\";s:23:\"financial_type_id_op\";s:2:\"in\";s:26:\"financial_type_id_value\";a:0:{}s:24:\"payment_instrument_id_op\";s:2:\"in\";s:27:\"payment_instrument_id_value\";a:0:{}s:25:\"contribution_status_id_op\";s:2:\"in\";s:28:\"contribution_status_id_value\";a:0:{}s:16:\"total_amount_min\";s:0:\"\";s:16:\"total_amount_max\";s:0:\"\";s:15:\"total_amount_op\";s:3:\"lte\";s:18:\"total_amount_value\";s:0:\"\";s:6:\"gid_op\";s:2:\"in\";s:9:\"gid_value\";a:0:{}s:13:\"ordinality_op\";s:2:\"in\";s:16:\"ordinality_value\";a:0:{}s:18:\"join_date_relative\";s:1:\"0\";s:14:\"join_date_from\";s:0:\"\";s:12:\"join_date_to\";s:0:\"\";s:30:\"membership_start_date_relative\";s:1:\"0\";s:26:\"membership_start_date_from\";s:0:\"\";s:24:\"membership_start_date_to\";s:0:\"\";s:28:\"membership_end_date_relative\";s:1:\"0\";s:24:\"membership_end_date_from\";s:0:\"\";s:22:\"membership_end_date_to\";s:0:\"\";s:23:\"owner_membership_id_min\";s:0:\"\";s:23:\"owner_membership_id_max\";s:0:\"\";s:22:\"owner_membership_id_op\";s:3:\"lte\";s:25:\"owner_membership_id_value\";s:0:\"\";s:6:\"tid_op\";s:2:\"in\";s:9:\"tid_value\";a:0:{}s:6:\"sid_op\";s:2:\"in\";s:9:\"sid_value\";a:0:{}s:17:\"street_number_min\";s:0:\"\";s:17:\"street_number_max\";s:0:\"\";s:16:\"street_number_op\";s:3:\"lte\";s:19:\"street_number_value\";s:0:\"\";s:14:\"street_name_op\";s:3:\"has\";s:17:\"street_name_value\";s:0:\"\";s:15:\"postal_code_min\";s:0:\"\";s:15:\"postal_code_max\";s:0:\"\";s:14:\"postal_code_op\";s:3:\"lte\";s:17:\"postal_code_value\";s:0:\"\";s:7:\"city_op\";s:3:\"has\";s:10:\"city_value\";s:0:\"\";s:12:\"county_id_op\";s:2:\"in\";s:15:\"county_id_value\";a:0:{}s:20:\"state_province_id_op\";s:2:\"in\";s:23:\"state_province_id_value\";a:0:{}s:13:\"country_id_op\";s:2:\"in\";s:16:\"country_id_value\";a:0:{}s:8:\"tagid_op\";s:2:\"in\";s:11:\"tagid_value\";a:0:{}s:11:\"description\";s:35:\"Contribution and Membership Details\";s:13:\"email_subject\";s:0:\"\";s:8:\"email_to\";s:0:\"\";s:8:\"email_cc\";s:0:\"\";s:10:\"permission\";s:17:\"access CiviMember\";s:9:\"domain_id\";i:1;}',NULL,NULL,NULL,NULL,NULL,NULL,NULL,NULL,0),(22,1,'Lapsed Memberships','member/lapse',NULL,NULL,'Provides a list of memberships that have lapsed or will lapse by the date you specify.','access CiviMember',NULL,'a:16:{s:6:\"fields\";a:5:{s:9:\"sort_name\";s:1:\"1\";s:18:\"membership_type_id\";s:1:\"1\";s:19:\"membership_end_date\";s:1:\"1\";s:4:\"name\";s:1:\"1\";s:10:\"country_id\";s:1:\"1\";}s:6:\"tid_op\";s:2:\"in\";s:9:\"tid_value\";a:0:{}s:28:\"membership_end_date_relative\";s:1:\"0\";s:24:\"membership_end_date_from\";s:0:\"\";s:22:\"membership_end_date_to\";s:0:\"\";s:6:\"gid_op\";s:2:\"in\";s:9:\"gid_value\";a:0:{}s:8:\"tagid_op\";s:2:\"in\";s:11:\"tagid_value\";a:0:{}s:11:\"description\";s:85:\"Provides a list of memberships that lapsed or will lapse before the date you specify.\";s:13:\"email_subject\";s:0:\"\";s:8:\"email_to\";s:0:\"\";s:8:\"email_cc\";s:0:\"\";s:10:\"permission\";s:17:\"access CiviMember\";s:9:\"domain_id\";i:1;}',NULL,NULL,NULL,NULL,NULL,NULL,NULL,NULL,0),(23,1,'Event Participants List','event/participantListing',NULL,NULL,'Provides lists of participants for an event.','access CiviEvent',NULL,'a:27:{s:6:\"fields\";a:4:{s:9:\"sort_name\";s:1:\"1\";s:8:\"event_id\";s:1:\"1\";s:9:\"status_id\";s:1:\"1\";s:7:\"role_id\";s:1:\"1\";}s:12:\"sort_name_op\";s:3:\"has\";s:15:\"sort_name_value\";s:0:\"\";s:8:\"email_op\";s:3:\"has\";s:11:\"email_value\";s:0:\"\";s:11:\"event_id_op\";s:2:\"in\";s:14:\"event_id_value\";a:0:{}s:6:\"sid_op\";s:2:\"in\";s:9:\"sid_value\";a:0:{}s:6:\"rid_op\";s:2:\"in\";s:9:\"rid_value\";a:0:{}s:34:\"participant_register_date_relative\";s:1:\"0\";s:30:\"participant_register_date_from\";s:0:\"\";s:28:\"participant_register_date_to\";s:0:\"\";s:6:\"eid_op\";s:2:\"in\";s:9:\"eid_value\";a:0:{}s:11:\"custom_4_op\";s:2:\"in\";s:14:\"custom_4_value\";a:0:{}s:16:\"blank_column_end\";s:0:\"\";s:11:\"description\";s:44:\"Provides lists of participants for an event.\";s:13:\"email_subject\";s:0:\"\";s:8:\"email_to\";s:0:\"\";s:8:\"email_cc\";s:0:\"\";s:10:\"permission\";s:16:\"access CiviEvent\";s:6:\"groups\";s:0:\"\";s:7:\"options\";N;s:9:\"domain_id\";i:1;}',NULL,NULL,NULL,NULL,NULL,NULL,NULL,NULL,0),(24,1,'Event Income Summary','event/summary',NULL,NULL,'Provides an overview of event income. You can include key information such as event ID, registration, attendance, and income generated to help you determine the success of an event.','access CiviEvent',NULL,'a:18:{s:6:\"fields\";a:2:{s:5:\"title\";s:1:\"1\";s:13:\"event_type_id\";s:1:\"1\";}s:5:\"id_op\";s:2:\"in\";s:8:\"id_value\";a:0:{}s:16:\"event_type_id_op\";s:2:\"in\";s:19:\"event_type_id_value\";a:0:{}s:25:\"event_start_date_relative\";s:1:\"0\";s:21:\"event_start_date_from\";s:0:\"\";s:19:\"event_start_date_to\";s:0:\"\";s:23:\"event_end_date_relative\";s:1:\"0\";s:19:\"event_end_date_from\";s:0:\"\";s:17:\"event_end_date_to\";s:0:\"\";s:11:\"description\";s:181:\"Provides an overview of event income. You can include key information such as event ID, registration, attendance, and income generated to help you determine the success of an event.\";s:13:\"email_subject\";s:0:\"\";s:8:\"email_to\";s:0:\"\";s:8:\"email_cc\";s:0:\"\";s:10:\"permission\";s:16:\"access CiviEvent\";s:6:\"charts\";s:0:\"\";s:9:\"domain_id\";i:1;}',NULL,NULL,NULL,NULL,NULL,NULL,NULL,NULL,0),(25,1,'Event Income Details','event/income',NULL,NULL,'Helps you to analyze the income generated by an event. The report can include details by participant type, status and payment method.','access CiviEvent',NULL,'a:7:{s:5:\"id_op\";s:2:\"in\";s:8:\"id_value\";N;s:11:\"description\";s:133:\"Helps you to analyze the income generated by an event. The report can include details by participant type, status and payment method.\";s:13:\"email_subject\";s:0:\"\";s:8:\"email_to\";s:0:\"\";s:8:\"email_cc\";s:0:\"\";s:10:\"permission\";s:16:\"access CiviEvent\";}',NULL,NULL,NULL,NULL,NULL,NULL,NULL,NULL,0),(26,1,'Attendee List','event/participantListing',NULL,NULL,'Provides lists of event attendees.','access CiviEvent',NULL,'a:27:{s:6:\"fields\";a:4:{s:9:\"sort_name\";s:1:\"1\";s:8:\"event_id\";s:1:\"1\";s:9:\"status_id\";s:1:\"1\";s:7:\"role_id\";s:1:\"1\";}s:12:\"sort_name_op\";s:3:\"has\";s:15:\"sort_name_value\";s:0:\"\";s:8:\"email_op\";s:3:\"has\";s:11:\"email_value\";s:0:\"\";s:11:\"event_id_op\";s:2:\"in\";s:14:\"event_id_value\";a:0:{}s:6:\"sid_op\";s:2:\"in\";s:9:\"sid_value\";a:0:{}s:6:\"rid_op\";s:2:\"in\";s:9:\"rid_value\";a:0:{}s:34:\"participant_register_date_relative\";s:1:\"0\";s:30:\"participant_register_date_from\";s:0:\"\";s:28:\"participant_register_date_to\";s:0:\"\";s:6:\"eid_op\";s:2:\"in\";s:9:\"eid_value\";a:0:{}s:11:\"custom_4_op\";s:2:\"in\";s:14:\"custom_4_value\";a:0:{}s:16:\"blank_column_end\";s:0:\"\";s:11:\"description\";s:44:\"Provides lists of participants for an event.\";s:13:\"email_subject\";s:0:\"\";s:8:\"email_to\";s:0:\"\";s:8:\"email_cc\";s:0:\"\";s:10:\"permission\";s:16:\"access CiviEvent\";s:6:\"groups\";s:0:\"\";s:7:\"options\";N;s:9:\"domain_id\";i:1;}',NULL,NULL,NULL,NULL,NULL,NULL,NULL,NULL,0),(27,1,'Grant Details','grant/detail',NULL,NULL,'Grant Report Detail','access CiviGrant',NULL,'a:40:{s:6:\"fields\";a:2:{s:9:\"sort_name\";s:1:\"1\";s:25:\"application_received_date\";s:1:\"1\";}s:12:\"sort_name_op\";s:3:\"has\";s:15:\"sort_name_value\";s:0:\"\";s:12:\"gender_id_op\";s:2:\"in\";s:15:\"gender_id_value\";a:0:{}s:6:\"id_min\";s:0:\"\";s:6:\"id_max\";s:0:\"\";s:5:\"id_op\";s:3:\"lte\";s:8:\"id_value\";s:0:\"\";s:13:\"country_id_op\";s:2:\"in\";s:16:\"country_id_value\";a:0:{}s:20:\"state_province_id_op\";s:2:\"in\";s:23:\"state_province_id_value\";a:0:{}s:13:\"grant_type_op\";s:2:\"in\";s:16:\"grant_type_value\";a:0:{}s:12:\"status_id_op\";s:2:\"in\";s:15:\"status_id_value\";a:0:{}s:18:\"amount_granted_min\";s:0:\"\";s:18:\"amount_granted_max\";s:0:\"\";s:17:\"amount_granted_op\";s:3:\"lte\";s:20:\"amount_granted_value\";s:0:\"\";s:20:\"amount_requested_min\";s:0:\"\";s:20:\"amount_requested_max\";s:0:\"\";s:19:\"amount_requested_op\";s:3:\"lte\";s:22:\"amount_requested_value\";s:0:\"\";s:34:\"application_received_date_relative\";s:1:\"0\";s:30:\"application_received_date_from\";s:0:\"\";s:28:\"application_received_date_to\";s:0:\"\";s:28:\"money_transfer_date_relative\";s:1:\"0\";s:24:\"money_transfer_date_from\";s:0:\"\";s:22:\"money_transfer_date_to\";s:0:\"\";s:23:\"grant_due_date_relative\";s:1:\"0\";s:19:\"grant_due_date_from\";s:0:\"\";s:17:\"grant_due_date_to\";s:0:\"\";s:11:\"description\";s:19:\"Grant Report Detail\";s:13:\"email_subject\";s:0:\"\";s:8:\"email_to\";s:0:\"\";s:8:\"email_cc\";s:0:\"\";s:10:\"permission\";s:16:\"access CiviGrant\";s:9:\"domain_id\";i:1;}',NULL,NULL,NULL,NULL,NULL,NULL,NULL,NULL,0),(28,1,'Grant Statistics','grant/statistics',NULL,NULL,'Grant Report Statistics','access CiviGrant',NULL,'a:42:{s:6:\"fields\";a:2:{s:18:\"summary_statistics\";s:1:\"1\";s:13:\"grant_type_id\";s:1:\"1\";}s:34:\"application_received_date_relative\";s:1:\"0\";s:30:\"application_received_date_from\";s:0:\"\";s:28:\"application_received_date_to\";s:0:\"\";s:22:\"decision_date_relative\";s:1:\"0\";s:18:\"decision_date_from\";s:0:\"\";s:16:\"decision_date_to\";s:0:\"\";s:28:\"money_transfer_date_relative\";s:1:\"0\";s:24:\"money_transfer_date_from\";s:0:\"\";s:22:\"money_transfer_date_to\";s:0:\"\";s:23:\"grant_due_date_relative\";s:1:\"0\";s:19:\"grant_due_date_from\";s:0:\"\";s:17:\"grant_due_date_to\";s:0:\"\";s:13:\"grant_type_op\";s:2:\"in\";s:16:\"grant_type_value\";a:0:{}s:12:\"status_id_op\";s:2:\"in\";s:15:\"status_id_value\";a:0:{}s:20:\"amount_requested_min\";s:0:\"\";s:20:\"amount_requested_max\";s:0:\"\";s:19:\"amount_requested_op\";s:3:\"lte\";s:22:\"amount_requested_value\";s:0:\"\";s:18:\"amount_granted_min\";s:0:\"\";s:18:\"amount_granted_max\";s:0:\"\";s:17:\"amount_granted_op\";s:3:\"lte\";s:20:\"amount_granted_value\";s:0:\"\";s:24:\"grant_report_received_op\";s:2:\"eq\";s:27:\"grant_report_received_value\";s:0:\"\";s:12:\"gender_id_op\";s:2:\"in\";s:15:\"gender_id_value\";a:0:{}s:15:\"contact_type_op\";s:2:\"in\";s:18:\"contact_type_value\";a:0:{}s:12:\"region_id_op\";s:2:\"in\";s:15:\"region_id_value\";a:0:{}s:13:\"country_id_op\";s:2:\"in\";s:16:\"country_id_value\";a:0:{}s:11:\"description\";s:23:\"Grant Report Statistics\";s:13:\"email_subject\";s:0:\"\";s:8:\"email_to\";s:0:\"\";s:8:\"email_cc\";s:0:\"\";s:10:\"permission\";s:16:\"access CiviGrant\";s:9:\"parent_id\";s:0:\"\";s:9:\"domain_id\";i:1;}',NULL,NULL,NULL,NULL,NULL,NULL,NULL,NULL,0),(29,1,'Mail Bounces','Mailing/bounce',NULL,NULL,'Bounce Report for mailings','access CiviMail',NULL,'a:33:{s:6:\"fields\";a:5:{s:2:\"id\";s:1:\"1\";s:10:\"first_name\";s:1:\"1\";s:9:\"last_name\";s:1:\"1\";s:11:\"bounce_name\";s:1:\"1\";s:5:\"email\";s:1:\"1\";}s:12:\"sort_name_op\";s:3:\"has\";s:15:\"sort_name_value\";s:0:\"\";s:9:\"source_op\";s:3:\"has\";s:12:\"source_value\";s:0:\"\";s:6:\"id_min\";s:0:\"\";s:6:\"id_max\";s:0:\"\";s:5:\"id_op\";s:3:\"lte\";s:8:\"id_value\";s:0:\"\";s:15:\"mailing_name_op\";s:2:\"in\";s:18:\"mailing_name_value\";a:0:{}s:19:\"bounce_type_name_op\";s:2:\"eq\";s:22:\"bounce_type_name_value\";s:0:\"\";s:6:\"gid_op\";s:2:\"in\";s:9:\"gid_value\";a:0:{}s:8:\"tagid_op\";s:2:\"in\";s:11:\"tagid_value\";a:0:{}s:11:\"custom_1_op\";s:2:\"in\";s:14:\"custom_1_value\";a:0:{}s:11:\"custom_2_op\";s:2:\"in\";s:14:\"custom_2_value\";a:0:{}s:17:\"custom_3_relative\";s:1:\"0\";s:13:\"custom_3_from\";s:0:\"\";s:11:\"custom_3_to\";s:0:\"\";s:9:\"order_bys\";a:1:{i:1;a:1:{s:6:\"column\";s:1:\"-\";}}s:11:\"description\";s:26:\"Bounce Report for mailings\";s:13:\"email_subject\";s:0:\"\";s:8:\"email_to\";s:0:\"\";s:8:\"email_cc\";s:0:\"\";s:10:\"permission\";s:15:\"access CiviMail\";s:6:\"groups\";s:0:\"\";s:6:\"charts\";s:0:\"\";s:9:\"domain_id\";i:1;}',NULL,NULL,NULL,NULL,NULL,NULL,NULL,NULL,0),(30,1,'Mailing Summary','Mailing/summary',NULL,NULL,'Summary statistics for mailings','access CiviMail',NULL,'a:25:{s:6:\"fields\";a:5:{s:4:\"name\";s:1:\"1\";s:11:\"queue_count\";s:1:\"1\";s:15:\"delivered_count\";s:1:\"1\";s:12:\"bounce_count\";s:1:\"1\";s:10:\"open_count\";s:1:\"1\";}s:15:\"is_completed_op\";s:2:\"eq\";s:18:\"is_completed_value\";s:1:\"1\";s:15:\"mailing_name_op\";s:2:\"in\";s:18:\"mailing_name_value\";a:0:{}s:9:\"status_op\";s:3:\"has\";s:12:\"status_value\";s:8:\"Complete\";s:11:\"is_test_min\";s:0:\"\";s:11:\"is_test_max\";s:0:\"\";s:10:\"is_test_op\";s:3:\"lte\";s:13:\"is_test_value\";s:1:\"0\";s:19:\"start_date_relative\";s:9:\"this.year\";s:15:\"start_date_from\";s:0:\"\";s:13:\"start_date_to\";s:0:\"\";s:17:\"end_date_relative\";s:9:\"this.year\";s:13:\"end_date_from\";s:0:\"\";s:11:\"end_date_to\";s:0:\"\";s:11:\"description\";s:31:\"Summary statistics for mailings\";s:13:\"email_subject\";s:0:\"\";s:8:\"email_to\";s:0:\"\";s:8:\"email_cc\";s:0:\"\";s:10:\"permission\";s:15:\"access CiviMail\";s:6:\"groups\";s:0:\"\";s:6:\"charts\";s:0:\"\";s:9:\"domain_id\";i:1;}',NULL,NULL,NULL,NULL,NULL,NULL,NULL,NULL,0),(31,1,'Mail Opened','Mailing/opened',NULL,NULL,'Display contacts who opened emails from a mailing','access CiviMail',NULL,'a:31:{s:6:\"fields\";a:5:{s:2:\"id\";s:1:\"1\";s:10:\"first_name\";s:1:\"1\";s:9:\"last_name\";s:1:\"1\";s:12:\"mailing_name\";s:1:\"1\";s:5:\"email\";s:1:\"1\";}s:12:\"sort_name_op\";s:3:\"has\";s:15:\"sort_name_value\";s:0:\"\";s:9:\"source_op\";s:3:\"has\";s:12:\"source_value\";s:0:\"\";s:6:\"id_min\";s:0:\"\";s:6:\"id_max\";s:0:\"\";s:5:\"id_op\";s:3:\"lte\";s:8:\"id_value\";s:0:\"\";s:15:\"mailing_name_op\";s:2:\"in\";s:18:\"mailing_name_value\";a:0:{}s:6:\"gid_op\";s:2:\"in\";s:9:\"gid_value\";a:0:{}s:8:\"tagid_op\";s:2:\"in\";s:11:\"tagid_value\";a:0:{}s:11:\"custom_1_op\";s:2:\"in\";s:14:\"custom_1_value\";a:0:{}s:11:\"custom_2_op\";s:2:\"in\";s:14:\"custom_2_value\";a:0:{}s:17:\"custom_3_relative\";s:1:\"0\";s:13:\"custom_3_from\";s:0:\"\";s:11:\"custom_3_to\";s:0:\"\";s:9:\"order_bys\";a:1:{i:1;a:1:{s:6:\"column\";s:1:\"-\";}}s:11:\"description\";s:49:\"Display contacts who opened emails from a mailing\";s:13:\"email_subject\";s:0:\"\";s:8:\"email_to\";s:0:\"\";s:8:\"email_cc\";s:0:\"\";s:10:\"permission\";s:15:\"access CiviMail\";s:6:\"groups\";s:0:\"\";s:6:\"charts\";s:0:\"\";s:9:\"domain_id\";i:1;}',NULL,NULL,NULL,NULL,NULL,NULL,NULL,NULL,0),(32,1,'Mail Clickthroughs','Mailing/clicks',NULL,NULL,'Display clicks from each mailing','access CiviMail',NULL,'a:31:{s:6:\"fields\";a:6:{s:2:\"id\";s:1:\"1\";s:10:\"first_name\";s:1:\"1\";s:9:\"last_name\";s:1:\"1\";s:12:\"mailing_name\";s:1:\"1\";s:5:\"email\";s:1:\"1\";s:3:\"url\";s:1:\"1\";}s:12:\"sort_name_op\";s:3:\"has\";s:15:\"sort_name_value\";s:0:\"\";s:9:\"source_op\";s:3:\"has\";s:12:\"source_value\";s:0:\"\";s:6:\"id_min\";s:0:\"\";s:6:\"id_max\";s:0:\"\";s:5:\"id_op\";s:3:\"lte\";s:8:\"id_value\";s:0:\"\";s:15:\"mailing_name_op\";s:2:\"in\";s:18:\"mailing_name_value\";a:0:{}s:6:\"gid_op\";s:2:\"in\";s:9:\"gid_value\";a:0:{}s:8:\"tagid_op\";s:2:\"in\";s:11:\"tagid_value\";a:0:{}s:11:\"custom_1_op\";s:2:\"in\";s:14:\"custom_1_value\";a:0:{}s:11:\"custom_2_op\";s:2:\"in\";s:14:\"custom_2_value\";a:0:{}s:17:\"custom_3_relative\";s:1:\"0\";s:13:\"custom_3_from\";s:0:\"\";s:11:\"custom_3_to\";s:0:\"\";s:9:\"order_bys\";a:1:{i:1;a:1:{s:6:\"column\";s:1:\"-\";}}s:11:\"description\";s:32:\"Display clicks from each mailing\";s:13:\"email_subject\";s:0:\"\";s:8:\"email_to\";s:0:\"\";s:8:\"email_cc\";s:0:\"\";s:10:\"permission\";s:15:\"access CiviMail\";s:6:\"groups\";s:0:\"\";s:6:\"charts\";s:0:\"\";s:9:\"domain_id\";i:1;}',NULL,NULL,NULL,NULL,NULL,NULL,NULL,NULL,0),(33,1,'Mailing Details','mailing/detail',NULL,NULL,'Provides reporting on Intended and Successful Deliveries, Unsubscribes and Opt-outs, Replies and Forwards.','access CiviMail',NULL,'a:30:{s:6:\"fields\";a:6:{s:9:\"sort_name\";s:1:\"1\";s:12:\"mailing_name\";s:1:\"1\";s:11:\"delivery_id\";s:1:\"1\";s:14:\"unsubscribe_id\";s:1:\"1\";s:9:\"optout_id\";s:1:\"1\";s:5:\"email\";s:1:\"1\";}s:12:\"sort_name_op\";s:3:\"has\";s:15:\"sort_name_value\";s:0:\"\";s:6:\"id_min\";s:0:\"\";s:6:\"id_max\";s:0:\"\";s:5:\"id_op\";s:3:\"lte\";s:8:\"id_value\";s:0:\"\";s:13:\"mailing_id_op\";s:2:\"in\";s:16:\"mailing_id_value\";a:0:{}s:18:\"delivery_status_op\";s:2:\"eq\";s:21:\"delivery_status_value\";s:0:\"\";s:18:\"is_unsubscribed_op\";s:2:\"eq\";s:21:\"is_unsubscribed_value\";s:0:\"\";s:12:\"is_optout_op\";s:2:\"eq\";s:15:\"is_optout_value\";s:0:\"\";s:13:\"is_replied_op\";s:2:\"eq\";s:16:\"is_replied_value\";s:0:\"\";s:15:\"is_forwarded_op\";s:2:\"eq\";s:18:\"is_forwarded_value\";s:0:\"\";s:6:\"gid_op\";s:2:\"in\";s:9:\"gid_value\";a:0:{}s:9:\"order_bys\";a:1:{i:1;a:2:{s:6:\"column\";s:9:\"sort_name\";s:5:\"order\";s:3:\"ASC\";}}s:11:\"description\";s:21:\"Mailing Detail Report\";s:13:\"email_subject\";s:0:\"\";s:8:\"email_to\";s:0:\"\";s:8:\"email_cc\";s:0:\"\";s:10:\"permission\";s:15:\"access CiviMail\";s:9:\"parent_id\";s:0:\"\";s:6:\"groups\";s:0:\"\";s:9:\"domain_id\";i:1;}',NULL,NULL,NULL,NULL,NULL,NULL,NULL,NULL,0),(34,1,'Survey Details','survey/detail',NULL,NULL,'Detailed report for canvassing, phone-banking, walk lists or other surveys.','access CiviReport',NULL,'a:39:{s:6:\"fields\";a:2:{s:9:\"sort_name\";s:1:\"1\";s:6:\"result\";s:1:\"1\";}s:22:\"assignee_contact_id_op\";s:2:\"eq\";s:25:\"assignee_contact_id_value\";s:0:\"\";s:12:\"sort_name_op\";s:3:\"has\";s:15:\"sort_name_value\";s:0:\"\";s:17:\"street_number_min\";s:0:\"\";s:17:\"street_number_max\";s:0:\"\";s:16:\"street_number_op\";s:3:\"lte\";s:19:\"street_number_value\";s:0:\"\";s:14:\"street_name_op\";s:3:\"has\";s:17:\"street_name_value\";s:0:\"\";s:15:\"postal_code_min\";s:0:\"\";s:15:\"postal_code_max\";s:0:\"\";s:14:\"postal_code_op\";s:3:\"lte\";s:17:\"postal_code_value\";s:0:\"\";s:7:\"city_op\";s:3:\"has\";s:10:\"city_value\";s:0:\"\";s:20:\"state_province_id_op\";s:2:\"in\";s:23:\"state_province_id_value\";a:0:{}s:13:\"country_id_op\";s:2:\"in\";s:16:\"country_id_value\";a:0:{}s:12:\"survey_id_op\";s:2:\"in\";s:15:\"survey_id_value\";a:0:{}s:12:\"status_id_op\";s:2:\"eq\";s:15:\"status_id_value\";s:1:\"1\";s:11:\"custom_1_op\";s:2:\"in\";s:14:\"custom_1_value\";a:0:{}s:11:\"custom_2_op\";s:2:\"in\";s:14:\"custom_2_value\";a:0:{}s:17:\"custom_3_relative\";s:1:\"0\";s:13:\"custom_3_from\";s:0:\"\";s:11:\"custom_3_to\";s:0:\"\";s:11:\"description\";s:75:\"Detailed report for canvassing, phone-banking, walk lists or other surveys.\";s:13:\"email_subject\";s:0:\"\";s:8:\"email_to\";s:0:\"\";s:8:\"email_cc\";s:0:\"\";s:10:\"permission\";s:17:\"access CiviReport\";s:6:\"groups\";s:0:\"\";s:9:\"domain_id\";i:1;}',NULL,NULL,NULL,NULL,NULL,NULL,NULL,NULL,0);
/*!40000 ALTER TABLE `civicrm_report_instance` ENABLE KEYS */;
UNLOCK TABLES;

--
-- Dumping data for table `civicrm_saved_search`
--

LOCK TABLES `civicrm_saved_search` WRITE;
/*!40000 ALTER TABLE `civicrm_saved_search` DISABLE KEYS */;
/*!40000 ALTER TABLE `civicrm_saved_search` ENABLE KEYS */;
UNLOCK TABLES;

--
-- Dumping data for table `civicrm_setting`
--

LOCK TABLES `civicrm_setting` WRITE;
/*!40000 ALTER TABLE `civicrm_setting` DISABLE KEYS */;
INSERT INTO `civicrm_setting` (`id`, `group_name`, `name`, `value`, `domain_id`, `contact_id`, `is_domain`, `component_id`, `created_date`, `created_id`) VALUES (1,'CiviCRM Preferences','contact_view_options','s:28:\"123456789101113\";',1,NULL,1,NULL,NULL,NULL),(2,'CiviCRM Preferences','contact_edit_options','s:22:\"12345678911\";',1,NULL,1,NULL,NULL,NULL),(3,'CiviCRM Preferences','advanced_search_options','s:46:\"123456789101112131516171819\";',1,NULL,1,NULL,NULL,NULL),(4,'CiviCRM Preferences','user_dashboard_options','s:15:\"1234578\";',1,NULL,1,NULL,NULL,NULL),(5,'CiviCRM Preferences','address_options','s:23:\"123456891011\";',1,NULL,1,NULL,NULL,NULL),(6,'CiviCRM Preferences','address_format','s:198:\"{contact.address_name}\n{contact.street_address}\n{contact.supplemental_address_1}\n{contact.supplemental_address_2}\n{contact.city}{, }{contact.state_province}{ }{contact.postal_code}\n{contact.country}\";',1,NULL,1,NULL,NULL,NULL),(7,'CiviCRM Preferences','mailing_format','s:195:\"{contact.addressee}\n{contact.street_address}\n{contact.supplemental_address_1}\n{contact.supplemental_address_2}\n{contact.city}{, }{contact.state_province}{ }{contact.postal_code}\n{contact.country}\";',1,NULL,1,NULL,NULL,NULL),(8,'CiviCRM Preferences','display_name_format','s:102:\"{contact.individual_prefix}{ }{contact.first_name}{ }{contact.last_name}{ }{contact.individual_suffix}\";',1,NULL,1,NULL,NULL,NULL),(9,'CiviCRM Preferences','sort_name_format','s:43:\"{contact.last_name}{, }{contact.first_name}\";',1,NULL,1,NULL,NULL,NULL),(10,'CiviCRM Preferences','editor_id','s:1:\"2\";',1,NULL,1,NULL,NULL,NULL),(11,'CiviCRM Preferences','contact_ajax_check_similar','s:1:\"1\";',1,NULL,1,NULL,NULL,NULL),(12,'CiviCRM Preferences','activity_assignee_notification','s:1:\"1\";',1,NULL,1,NULL,NULL,NULL),(13,'CiviCRM Preferences','activity_assignee_notification_ics','s:1:\"0\";',1,NULL,1,NULL,NULL,NULL),(14,'CiviCRM Preferences','contact_autocomplete_options','s:5:\"12\";',1,NULL,1,NULL,NULL,NULL),(15,'CiviCRM Preferences','contact_reference_options','s:5:\"12\";',1,NULL,1,NULL,NULL,NULL),(16,'Address Standardization Preferences','address_standardization_provider',NULL,1,NULL,1,NULL,NULL,NULL),(17,'Address Standardization Preferences','address_standardization_userid',NULL,1,NULL,1,NULL,NULL,NULL),(18,'Address Standardization Preferences','address_standardization_url',NULL,1,NULL,1,NULL,NULL,NULL),(19,'Campaign Preferences','tag_unconfirmed','s:11:\"Unconfirmed\";',1,NULL,1,NULL,NULL,NULL),(20,'Campaign Preferences','petition_contacts','s:17:\"Petition Contacts\";',1,NULL,1,NULL,NULL,NULL),(21,'Event Preferences','enable_cart','s:1:\"0\";',1,NULL,1,NULL,NULL,NULL),(22,'Mailing Preferences','profile_double_optin','s:1:\"1\";',1,NULL,1,NULL,NULL,NULL),(23,'Mailing Preferences','profile_add_to_group_double_optin','s:1:\"0\";',1,NULL,1,NULL,NULL,NULL),(24,'Mailing Preferences','track_civimail_replies','s:1:\"0\";',1,NULL,1,NULL,NULL,NULL),(25,'Mailing Preferences','civimail_workflow','s:1:\"0\";',1,NULL,1,NULL,NULL,NULL),(26,'Mailing Preferences','civimail_server_wide_lock','s:1:\"0\";',1,NULL,1,NULL,NULL,NULL),(27,'Mailing Preferences','mailing_backend','a:1:{s:15:\"outBound_option\";s:1:\"3\";}',1,NULL,1,NULL,NULL,NULL),(28,'Member Preferences','default_renewal_contribution_page',NULL,1,NULL,1,NULL,NULL,NULL),(29,'Multi Site Preferences','is_enabled','s:1:\"0\";',1,NULL,1,NULL,NULL,NULL),(30,'Multi Site Preferences','uniq_email_per_site','s:1:\"0\";',1,NULL,1,NULL,NULL,NULL),(31,'Multi Site Preferences','domain_group_id','s:1:\"0\";',1,NULL,1,NULL,NULL,NULL),(32,'Multi Site Preferences','event_price_set_domain_id','s:1:\"0\";',1,NULL,1,NULL,NULL,NULL),(33,'Directory Preferences','uploadDir','s:7:\"upload/\";',1,NULL,1,NULL,'2012-12-04 02:36:35',NULL),(34,'Directory Preferences','imageUploadDir','s:19:\"persist/contribute/\";',1,NULL,1,NULL,'2012-12-04 02:36:35',NULL),(35,'Directory Preferences','customFileUploadDir','s:7:\"custom/\";',1,NULL,1,NULL,'2012-12-04 02:36:35',NULL),(36,'Directory Preferences','customTemplateDir',NULL,1,NULL,1,NULL,NULL,NULL),(37,'Directory Preferences','customPHPPathDir',NULL,1,NULL,1,NULL,NULL,NULL),(38,'Directory Preferences','extensionsDir',NULL,1,NULL,1,NULL,NULL,NULL),(39,'URL Preferences','userFrameworkResourceURL',NULL,1,NULL,1,NULL,'2012-12-04 02:36:35',NULL),(40,'URL Preferences','imageUploadURL','s:47:\"sites/default/files/civicrm/persist/contribute/\";',1,NULL,1,NULL,'2012-12-04 02:36:35',NULL),(41,'URL Preferences','customCSSURL',NULL,1,NULL,1,NULL,NULL,NULL),(42,'URL Preferences','extensionsURL',NULL,1,NULL,1,NULL,NULL,NULL),(43,'Contribute Preferences','cvv_backoffice_required','s:1:\"1\";',1,NULL,1,NULL,'2012-12-04 02:37:03',NULL),(44,'CiviCRM Preferences','max_attachments','i:3;',1,NULL,1,NULL,'2012-12-04 02:37:04',NULL),(45,'CiviCRM Preferences','contact_undelete','i:1;',1,NULL,1,NULL,'2012-12-04 02:37:05',NULL),(46,'Event Preferences','event_enable_cart','i:0;',1,NULL,1,NULL,'2012-12-04 02:37:06',NULL),(47,'Search Preferences','search_autocomplete_count','i:10;',1,NULL,1,NULL,'2012-12-04 02:37:07',NULL);
/*!40000 ALTER TABLE `civicrm_setting` ENABLE KEYS */;
UNLOCK TABLES;

--
-- Dumping data for table `civicrm_sms_provider`
--

LOCK TABLES `civicrm_sms_provider` WRITE;
/*!40000 ALTER TABLE `civicrm_sms_provider` DISABLE KEYS */;
/*!40000 ALTER TABLE `civicrm_sms_provider` ENABLE KEYS */;
UNLOCK TABLES;

--
-- Dumping data for table `civicrm_state_province`
--

LOCK TABLES `civicrm_state_province` WRITE;
/*!40000 ALTER TABLE `civicrm_state_province` DISABLE KEYS */;
INSERT INTO `civicrm_state_province` (`id`, `name`, `abbreviation`, `country_id`) VALUES (1000,'Alabama','AL',1228),(1001,'Alaska','AK',1228),(1002,'Arizona','AZ',1228),(1003,'Arkansas','AR',1228),(1004,'California','CA',1228),(1005,'Colorado','CO',1228),(1006,'Connecticut','CT',1228),(1007,'Delaware','DE',1228),(1008,'Florida','FL',1228),(1009,'Georgia','GA',1228),(1010,'Hawaii','HI',1228),(1011,'Idaho','ID',1228),(1012,'Illinois','IL',1228),(1013,'Indiana','IN',1228),(1014,'Iowa','IA',1228),(1015,'Kansas','KS',1228),(1016,'Kentucky','KY',1228),(1017,'Louisiana','LA',1228),(1018,'Maine','ME',1228),(1019,'Maryland','MD',1228),(1020,'Massachusetts','MA',1228),(1021,'Michigan','MI',1228),(1022,'Minnesota','MN',1228),(1023,'Mississippi','MS',1228),(1024,'Missouri','MO',1228),(1025,'Montana','MT',1228),(1026,'Nebraska','NE',1228),(1027,'Nevada','NV',1228),(1028,'New Hampshire','NH',1228),(1029,'New Jersey','NJ',1228),(1030,'New Mexico','NM',1228),(1031,'New York','NY',1228),(1032,'North Carolina','NC',1228),(1033,'North Dakota','ND',1228),(1034,'Ohio','OH',1228),(1035,'Oklahoma','OK',1228),(1036,'Oregon','OR',1228),(1037,'Pennsylvania','PA',1228),(1038,'Rhode Island','RI',1228),(1039,'South Carolina','SC',1228),(1040,'South Dakota','SD',1228),(1041,'Tennessee','TN',1228),(1042,'Texas','TX',1228),(1043,'Utah','UT',1228),(1044,'Vermont','VT',1228),(1045,'Virginia','VA',1228),(1046,'Washington','WA',1228),(1047,'West Virginia','WV',1228),(1048,'Wisconsin','WI',1228),(1049,'Wyoming','WY',1228),(1050,'District of Columbia','DC',1228),(1052,'American Samoa','AS',1228),(1053,'Guam','GU',1228),(1055,'Northern Mariana Islands','MP',1228),(1056,'Puerto Rico','PR',1228),(1057,'Virgin Islands','VI',1228),(1058,'United States Minor Outlying Islands','UM',1228),(1059,'Armed Forces Europe','AE',1228),(1060,'Armed Forces Americas','AA',1228),(1061,'Armed Forces Pacific','AP',1228),(1100,'Alberta','AB',1039),(1101,'British Columbia','BC',1039),(1102,'Manitoba','MB',1039),(1103,'New Brunswick','NB',1039),(1104,'Newfoundland and Labrador','NL',1039),(1105,'Northwest Territories','NT',1039),(1106,'Nova Scotia','NS',1039),(1107,'Nunavut','NU',1039),(1108,'Ontario','ON',1039),(1109,'Prince Edward Island','PE',1039),(1110,'Quebec','QC',1039),(1111,'Saskatchewan','SK',1039),(1112,'Yukon Territory','YT',1039),(1200,'Maharashtra','MM',1101),(1201,'Karnataka','KA',1101),(1202,'Andhra Pradesh','AP',1101),(1203,'Arunachal Pradesh','AR',1101),(1204,'Assam','AS',1101),(1205,'Bihar','BR',1101),(1206,'Chhattisgarh','CH',1101),(1207,'Goa','GA',1101),(1208,'Gujarat','GJ',1101),(1209,'Haryana','HR',1101),(1210,'Himachal Pradesh','HP',1101),(1211,'Jammu and Kashmir','JK',1101),(1212,'Jharkhand','JH',1101),(1213,'Kerala','KL',1101),(1214,'Madhya Pradesh','MP',1101),(1215,'Manipur','MN',1101),(1216,'Meghalaya','ML',1101),(1217,'Mizoram','MZ',1101),(1218,'Nagaland','NL',1101),(1219,'Orissa','OR',1101),(1220,'Punjab','PB',1101),(1221,'Rajasthan','RJ',1101),(1222,'Sikkim','SK',1101),(1223,'Tamil Nadu','TN',1101),(1224,'Tripura','TR',1101),(1225,'Uttaranchal','UL',1101),(1226,'Uttar Pradesh','UP',1101),(1227,'West Bengal','WB',1101),(1228,'Andaman and Nicobar Islands','AN',1101),(1229,'Dadra and Nagar Haveli','DN',1101),(1230,'Daman and Diu','DD',1101),(1231,'Delhi','DL',1101),(1232,'Lakshadweep','LD',1101),(1233,'Pondicherry','PY',1101),(1300,'mazowieckie','MZ',1172),(1301,'pomorskie','PM',1172),(1302,'dolnolskie','DS',1172),(1303,'kujawsko-pomorskie','KP',1172),(1304,'lubelskie','LU',1172),(1305,'lubuskie','LB',1172),(1306,'dzkie','LD',1172),(1307,'maopolskie','MA',1172),(1308,'opolskie','OP',1172),(1309,'podkarpackie','PK',1172),(1310,'podlaskie','PD',1172),(1311,'lskie','SL',1172),(1312,'witokrzyskie','SK',1172),(1313,'warmisko-mazurskie','WN',1172),(1314,'wielkopolskie','WP',1172),(1315,'zachodniopomorskie','ZP',1172),(1500,'Abu Zaby','AZ',1225),(1501,'\'Ajman','AJ',1225),(1502,'Al Fujayrah','FU',1225),(1503,'Ash Shariqah','SH',1225),(1504,'Dubayy','DU',1225),(1505,'Ra\'s al Khaymah','RK',1225),(1506,'Dac Lac','33',1233),(1507,'Umm al Qaywayn','UQ',1225),(1508,'Badakhshan','BDS',1001),(1509,'Badghis','BDG',1001),(1510,'Baghlan','BGL',1001),(1511,'Balkh','BAL',1001),(1512,'Bamian','BAM',1001),(1513,'Farah','FRA',1001),(1514,'Faryab','FYB',1001),(1515,'Ghazni','GHA',1001),(1516,'Ghowr','GHO',1001),(1517,'Helmand','HEL',1001),(1518,'Herat','HER',1001),(1519,'Jowzjan','JOW',1001),(1520,'Kabul','KAB',1001),(1521,'Kandahar','KAN',1001),(1522,'Kapisa','KAP',1001),(1523,'Khowst','KHO',1001),(1524,'Konar','KNR',1001),(1525,'Kondoz','KDZ',1001),(1526,'Laghman','LAG',1001),(1527,'Lowgar','LOW',1001),(1528,'Nangrahar','NAN',1001),(1529,'Nimruz','NIM',1001),(1530,'Nurestan','NUR',1001),(1531,'Oruzgan','ORU',1001),(1532,'Paktia','PIA',1001),(1533,'Paktika','PKA',1001),(1534,'Parwan','PAR',1001),(1535,'Samangan','SAM',1001),(1536,'Sar-e Pol','SAR',1001),(1537,'Takhar','TAK',1001),(1538,'Wardak','WAR',1001),(1539,'Zabol','ZAB',1001),(1540,'Berat','BR',1002),(1541,'Bulqiz','BU',1002),(1542,'Delvin','DL',1002),(1543,'Devoll','DV',1002),(1544,'Dibr','DI',1002),(1545,'Durrs','DR',1002),(1546,'Elbasan','EL',1002),(1547,'Fier','FR',1002),(1548,'Gramsh','GR',1002),(1549,'Gjirokastr','GJ',1002),(1550,'Has','HA',1002),(1551,'Kavaj','KA',1002),(1552,'Kolonj','ER',1002),(1553,'Kor','KO',1002),(1554,'Kruj','KR',1002),(1555,'Kuov','KC',1002),(1556,'Kuks','KU',1002),(1557,'Kurbin','KB',1002),(1558,'Lezh','LE',1002),(1559,'Librazhd','LB',1002),(1560,'Lushnj','LU',1002),(1561,'Malsi e Madhe','MM',1002),(1562,'Mallakastr','MK',1002),(1563,'Mat','MT',1002),(1564,'Mirdit','MR',1002),(1565,'Peqin','PQ',1002),(1566,'Prmet','PR',1002),(1567,'Pogradec','PG',1002),(1568,'Puk','PU',1002),(1569,'Sarand','SR',1002),(1570,'Skrapar','SK',1002),(1571,'Shkodr','SH',1002),(1572,'Tepelen','TE',1002),(1573,'Tiran','TR',1002),(1574,'Tropoj','TP',1002),(1575,'Vlor','VL',1002),(1576,'Erevan','ER',1011),(1577,'Aragacotn','AG',1011),(1578,'Ararat','AR',1011),(1579,'Armavir','AV',1011),(1580,'Gegarkunik\'','GR',1011),(1581,'Kotayk\'','KT',1011),(1582,'Lory','LO',1011),(1583,'Sirak','SH',1011),(1584,'Syunik\'','SU',1011),(1585,'Tavus','TV',1011),(1586,'Vayoc Jor','VD',1011),(1587,'Bengo','BGO',1006),(1588,'Benguela','BGU',1006),(1589,'Bie','BIE',1006),(1590,'Cabinda','CAB',1006),(1591,'Cuando-Cubango','CCU',1006),(1592,'Cuanza Norte','CNO',1006),(1593,'Cuanza Sul','CUS',1006),(1594,'Cunene','CNN',1006),(1595,'Huambo','HUA',1006),(1596,'Huila','HUI',1006),(1597,'Luanda','LUA',1006),(1598,'Lunda Norte','LNO',1006),(1599,'Lunda Sul','LSU',1006),(1600,'Malange','MAL',1006),(1601,'Moxico','MOX',1006),(1602,'Namibe','NAM',1006),(1603,'Uige','UIG',1006),(1604,'Zaire','ZAI',1006),(1605,'Capital federal','C',1010),(1606,'Buenos Aires','B',1010),(1607,'Catamarca','K',1010),(1608,'Cordoba','X',1010),(1609,'Corrientes','W',1010),(1610,'Chaco','H',1010),(1611,'Chubut','U',1010),(1612,'Entre Rios','E',1010),(1613,'Formosa','P',1010),(1614,'Jujuy','Y',1010),(1615,'La Pampa','L',1010),(1616,'Mendoza','M',1010),(1617,'Misiones','N',1010),(1618,'Neuquen','Q',1010),(1619,'Rio Negro','R',1010),(1620,'Salta','A',1010),(1621,'San Juan','J',1010),(1622,'San Luis','D',1010),(1623,'Santa Cruz','Z',1010),(1624,'Santa Fe','S',1010),(1625,'Santiago del Estero','G',1010),(1626,'Tierra del Fuego','V',1010),(1627,'Tucuman','T',1010),(1628,'Burgenland','1',1014),(1629,'Krnten','2',1014),(1630,'Niederosterreich','3',1014),(1631,'Oberosterreich','4',1014),(1632,'Salzburg','5',1014),(1633,'Steiermark','6',1014),(1634,'Tirol','7',1014),(1635,'Vorarlberg','8',1014),(1636,'Wien','9',1014),(1637,'Australian Antarctic Territory','AAT',1008),(1638,'Australian Capital Territory','ACT',1013),(1639,'Northern Territory','NT',1013),(1640,'New South Wales','NSW',1013),(1641,'Queensland','QLD',1013),(1642,'South Australia','SA',1013),(1643,'Tasmania','TAS',1013),(1644,'Victoria','VIC',1013),(1645,'Western Australia','WA',1013),(1646,'Naxcivan','NX',1015),(1647,'Ali Bayramli','AB',1015),(1648,'Baki','BA',1015),(1649,'Ganca','GA',1015),(1650,'Lankaran','LA',1015),(1651,'Mingacevir','MI',1015),(1652,'Naftalan','NA',1015),(1653,'Saki','SA',1015),(1654,'Sumqayit','SM',1015),(1655,'Susa','SS',1015),(1656,'Xankandi','XA',1015),(1657,'Yevlax','YE',1015),(1658,'Abseron','ABS',1015),(1659,'Agcabadi','AGC',1015),(1660,'Agdam','AGM',1015),(1661,'Agdas','AGS',1015),(1662,'Agstafa','AGA',1015),(1663,'Agsu','AGU',1015),(1664,'Astara','AST',1015),(1665,'Babak','BAB',1015),(1666,'Balakan','BAL',1015),(1667,'Barda','BAR',1015),(1668,'Beylagan','BEY',1015),(1669,'Bilasuvar','BIL',1015),(1670,'Cabrayll','CAB',1015),(1671,'Calilabad','CAL',1015),(1672,'Culfa','CUL',1015),(1673,'Daskasan','DAS',1015),(1674,'Davaci','DAV',1015),(1675,'Fuzuli','FUZ',1015),(1676,'Gadabay','GAD',1015),(1677,'Goranboy','GOR',1015),(1678,'Goycay','GOY',1015),(1679,'Haciqabul','HAC',1015),(1680,'Imisli','IMI',1015),(1681,'Ismayilli','ISM',1015),(1682,'Kalbacar','KAL',1015),(1683,'Kurdamir','KUR',1015),(1684,'Lacin','LAC',1015),(1685,'Lerik','LER',1015),(1686,'Masalli','MAS',1015),(1687,'Neftcala','NEF',1015),(1688,'Oguz','OGU',1015),(1689,'Ordubad','ORD',1015),(1690,'Qabala','QAB',1015),(1691,'Qax','QAX',1015),(1692,'Qazax','QAZ',1015),(1693,'Qobustan','QOB',1015),(1694,'Quba','QBA',1015),(1695,'Qubadli','QBI',1015),(1696,'Qusar','QUS',1015),(1697,'Saatli','SAT',1015),(1698,'Sabirabad','SAB',1015),(1699,'Sadarak','SAD',1015),(1700,'Sahbuz','SAH',1015),(1701,'Salyan','SAL',1015),(1702,'Samaxi','SMI',1015),(1703,'Samkir','SKR',1015),(1704,'Samux','SMX',1015),(1705,'Sarur','SAR',1015),(1706,'Siyazan','SIY',1015),(1707,'Tartar','TAR',1015),(1708,'Tovuz','TOV',1015),(1709,'Ucar','UCA',1015),(1710,'Xacmaz','XAC',1015),(1711,'Xanlar','XAN',1015),(1712,'Xizi','XIZ',1015),(1713,'Xocali','XCI',1015),(1714,'Xocavand','XVD',1015),(1715,'Yardimli','YAR',1015),(1716,'Zangilan','ZAN',1015),(1717,'Zaqatala','ZAQ',1015),(1718,'Zardab','ZAR',1015),(1719,'Federacija Bosna i Hercegovina','BIH',1026),(1720,'Republika Srpska','SRP',1026),(1721,'Bagerhat zila','05',1017),(1722,'Bandarban zila','01',1017),(1723,'Barguna zila','02',1017),(1724,'Barisal zila','06',1017),(1725,'Bhola zila','07',1017),(1726,'Bogra zila','03',1017),(1727,'Brahmanbaria zila','04',1017),(1728,'Chandpur zila','09',1017),(1729,'Chittagong zila','10',1017),(1730,'Chuadanga zila','12',1017),(1731,'Comilla zila','08',1017),(1732,'Cox\'s Bazar zila','11',1017),(1733,'Dhaka zila','13',1017),(1734,'Dinajpur zila','14',1017),(1735,'Faridpur zila','15',1017),(1736,'Feni zila','16',1017),(1737,'Gaibandha zila','19',1017),(1738,'Gazipur zila','18',1017),(1739,'Gopalganj zila','17',1017),(1740,'Habiganj zila','20',1017),(1741,'Jaipurhat zila','24',1017),(1742,'Jamalpur zila','21',1017),(1743,'Jessore zila','22',1017),(1744,'Jhalakati zila','25',1017),(1745,'Jhenaidah zila','23',1017),(1746,'Khagrachari zila','29',1017),(1747,'Khulna zila','27',1017),(1748,'Kishorganj zila','26',1017),(1749,'Kurigram zila','28',1017),(1750,'Kushtia zila','30',1017),(1751,'Lakshmipur zila','31',1017),(1752,'Lalmonirhat zila','32',1017),(1753,'Madaripur zila','36',1017),(1754,'Magura zila','37',1017),(1755,'Manikganj zila','33',1017),(1756,'Meherpur zila','39',1017),(1757,'Moulvibazar zila','38',1017),(1758,'Munshiganj zila','35',1017),(1759,'Mymensingh zila','34',1017),(1760,'Naogaon zila','48',1017),(1761,'Narail zila','43',1017),(1762,'Narayanganj zila','40',1017),(1763,'Narsingdi zila','42',1017),(1764,'Natore zila','44',1017),(1765,'Nawabganj zila','45',1017),(1766,'Netrakona zila','41',1017),(1767,'Nilphamari zila','46',1017),(1768,'Noakhali zila','47',1017),(1769,'Pabna zila','49',1017),(1770,'Panchagarh zila','52',1017),(1771,'Patuakhali zila','51',1017),(1772,'Pirojpur zila','50',1017),(1773,'Rajbari zila','53',1017),(1774,'Rajshahi zila','54',1017),(1775,'Rangamati zila','56',1017),(1776,'Rangpur zila','55',1017),(1777,'Satkhira zila','58',1017),(1778,'Shariatpur zila','62',1017),(1779,'Sherpur zila','57',1017),(1780,'Sirajganj zila','59',1017),(1781,'Sunamganj zila','61',1017),(1782,'Sylhet zila','60',1017),(1783,'Tangail zila','63',1017),(1784,'Thakurgaon zila','64',1017),(1785,'Antwerpen','VAN',1020),(1786,'Brabant Wallon','WBR',1020),(1787,'Hainaut','WHT',1020),(1788,'Liege','WLG',1020),(1789,'Limburg','VLI',1020),(1790,'Luxembourg','WLX',1020),(1791,'Namur','WNA',1020),(1792,'Oost-Vlaanderen','VOV',1020),(1793,'Vlaams-Brabant','VBR',1020),(1794,'West-Vlaanderen','VWV',1020),(1795,'Bale','BAL',1034),(1796,'Bam','BAM',1034),(1797,'Banwa','BAN',1034),(1798,'Bazega','BAZ',1034),(1799,'Bougouriba','BGR',1034),(1800,'Boulgou','BLG',1034),(1801,'Boulkiemde','BLK',1034),(1802,'Comoe','COM',1034),(1803,'Ganzourgou','GAN',1034),(1804,'Gnagna','GNA',1034),(1805,'Gourma','GOU',1034),(1806,'Houet','HOU',1034),(1807,'Ioba','IOB',1034),(1808,'Kadiogo','KAD',1034),(1809,'Kenedougou','KEN',1034),(1810,'Komondjari','KMD',1034),(1811,'Kompienga','KMP',1034),(1812,'Kossi','KOS',1034),(1813,'Koulpulogo','KOP',1034),(1814,'Kouritenga','KOT',1034),(1815,'Kourweogo','KOW',1034),(1816,'Leraba','LER',1034),(1817,'Loroum','LOR',1034),(1818,'Mouhoun','MOU',1034),(1819,'Nahouri','NAO',1034),(1820,'Namentenga','NAM',1034),(1821,'Nayala','NAY',1034),(1822,'Noumbiel','NOU',1034),(1823,'Oubritenga','OUB',1034),(1824,'Oudalan','OUD',1034),(1825,'Passore','PAS',1034),(1826,'Poni','PON',1034),(1827,'Sanguie','SNG',1034),(1828,'Sanmatenga','SMT',1034),(1829,'Seno','SEN',1034),(1830,'Siasili','SIS',1034),(1831,'Soum','SOM',1034),(1832,'Sourou','SOR',1034),(1833,'Tapoa','TAP',1034),(1834,'Tui','TUI',1034),(1835,'Yagha','YAG',1034),(1836,'Yatenga','YAT',1034),(1837,'Ziro','ZIR',1034),(1838,'Zondoma','ZON',1034),(1839,'Zoundweogo','ZOU',1034),(1840,'Blagoevgrad','01',1033),(1841,'Burgas','02',1033),(1842,'Dobric','08',1033),(1843,'Gabrovo','07',1033),(1844,'Haskovo','26',1033),(1845,'Jambol','28',1033),(1846,'Kardzali','09',1033),(1847,'Kjstendil','10',1033),(1848,'Lovec','11',1033),(1849,'Montana','12',1033),(1850,'Pazardzik','13',1033),(1851,'Pernik','14',1033),(1852,'Pleven','15',1033),(1853,'Plovdiv','16',1033),(1854,'Razgrad','17',1033),(1855,'Ruse','18',1033),(1856,'Silistra','19',1033),(1857,'Sliven','20',1033),(1858,'Smoljan','21',1033),(1859,'Sofia','23',1033),(1860,'Stara Zagora','24',1033),(1861,'Sumen','27',1033),(1862,'Targoviste','25',1033),(1863,'Varna','03',1033),(1864,'Veliko Tarnovo','04',1033),(1865,'Vidin','05',1033),(1866,'Vraca','06',1033),(1867,'Al Hadd','01',1016),(1868,'Al Manamah','03',1016),(1869,'Al Mintaqah al Gharbiyah','10',1016),(1870,'Al Mintagah al Wusta','07',1016),(1871,'Al Mintaqah ash Shamaliyah','05',1016),(1872,'Al Muharraq','02',1016),(1873,'Ar Rifa','09',1016),(1874,'Jidd Hafs','04',1016),(1875,'Madluat Jamad','12',1016),(1876,'Madluat Isa','08',1016),(1877,'Mintaqat Juzur tawar','11',1016),(1878,'Sitrah','06',1016),(1879,'Bubanza','BB',1036),(1880,'Bujumbura','BJ',1036),(1881,'Bururi','BR',1036),(1882,'Cankuzo','CA',1036),(1883,'Cibitoke','CI',1036),(1884,'Gitega','GI',1036),(1885,'Karuzi','KR',1036),(1886,'Kayanza','KY',1036),(1887,'Makamba','MA',1036),(1888,'Muramvya','MU',1036),(1889,'Mwaro','MW',1036),(1890,'Ngozi','NG',1036),(1891,'Rutana','RT',1036),(1892,'Ruyigi','RY',1036),(1893,'Alibori','AL',1022),(1894,'Atakora','AK',1022),(1895,'Atlantique','AQ',1022),(1896,'Borgou','BO',1022),(1897,'Collines','CO',1022),(1898,'Donga','DO',1022),(1899,'Kouffo','KO',1022),(1900,'Littoral','LI',1022),(1901,'Mono','MO',1022),(1902,'Oueme','OU',1022),(1903,'Plateau','PL',1022),(1904,'Zou','ZO',1022),(1905,'Belait','BE',1032),(1906,'Brunei-Muara','BM',1032),(1907,'Temburong','TE',1032),(1908,'Tutong','TU',1032),(1909,'Cochabamba','C',1025),(1910,'Chuquisaca','H',1025),(1911,'El Beni','B',1025),(1912,'La Paz','L',1025),(1913,'Oruro','O',1025),(1914,'Pando','N',1025),(1915,'Potosi','P',1025),(1916,'Tarija','T',1025),(1917,'Acre','AC',1029),(1918,'Alagoas','AL',1029),(1919,'Amazonas','AM',1029),(1920,'Amapa','AP',1029),(1921,'Bahia','BA',1029),(1922,'Ceara','CE',1029),(1923,'Distrito Federal','DF',1029),(1924,'Espirito Santo','ES',1029),(1925,'Fernando de Noronha','FN',1029),(1926,'Goias','GO',1029),(1927,'Maranhao','MA',1029),(1928,'Minas Gerais','MG',1029),(1929,'Mato Grosso do Sul','MS',1029),(1930,'Mato Grosso','MT',1029),(1931,'Para','PA',1029),(1932,'Paraiba','PB',1029),(1933,'Pernambuco','PE',1029),(1934,'Piaui','PI',1029),(1935,'Parana','PR',1029),(1936,'Rio de Janeiro','RJ',1029),(1937,'Rio Grande do Norte','RN',1029),(1938,'Rondonia','RO',1029),(1939,'Roraima','RR',1029),(1940,'Rio Grande do Sul','RS',1029),(1941,'Santa Catarina','SC',1029),(1942,'Sergipe','SE',1029),(1943,'Sao Paulo','SP',1029),(1944,'Tocantins','TO',1029),(1945,'Acklins and Crooked Islands','AC',1212),(1946,'Bimini','BI',1212),(1947,'Cat Island','CI',1212),(1948,'Exuma','EX',1212),(1955,'Inagua','IN',1212),(1957,'Long Island','LI',1212),(1959,'Mayaguana','MG',1212),(1960,'New Providence','NP',1212),(1962,'Ragged Island','RI',1212),(1966,'Bumthang','33',1024),(1967,'Chhukha','12',1024),(1968,'Dagana','22',1024),(1969,'Gasa','GA',1024),(1970,'Ha','13',1024),(1971,'Lhuentse','44',1024),(1972,'Monggar','42',1024),(1973,'Paro','11',1024),(1974,'Pemagatshel','43',1024),(1975,'Punakha','23',1024),(1976,'Samdrup Jongkha','45',1024),(1977,'Samtee','14',1024),(1978,'Sarpang','31',1024),(1979,'Thimphu','15',1024),(1980,'Trashigang','41',1024),(1981,'Trashi Yangtse','TY',1024),(1982,'Trongsa','32',1024),(1983,'Tsirang','21',1024),(1984,'Wangdue Phodrang','24',1024),(1985,'Zhemgang','34',1024),(1986,'Central','CE',1027),(1987,'Ghanzi','GH',1027),(1988,'Kgalagadi','KG',1027),(1989,'Kgatleng','KL',1027),(1990,'Kweneng','KW',1027),(1991,'Ngamiland','NG',1027),(1992,'North-East','NE',1027),(1993,'North-West','NW',1027),(1994,'South-East','SE',1027),(1995,'Southern','SO',1027),(1996,'Brsckaja voblasc\'','BR',1019),(1997,'Homel\'skaja voblasc\'','HO',1019),(1998,'Hrodzenskaja voblasc\'','HR',1019),(1999,'Mahiluskaja voblasc\'','MA',1019),(2000,'Minskaja voblasc\'','MI',1019),(2001,'Vicebskaja voblasc\'','VI',1019),(2002,'Belize','BZ',1021),(2003,'Cayo','CY',1021),(2004,'Corozal','CZL',1021),(2005,'Orange Walk','OW',1021),(2006,'Stann Creek','SC',1021),(2007,'Toledo','TOL',1021),(2008,'Kinshasa','KN',1050),(2011,'Equateur','EQ',1050),(2014,'Kasai-Oriental','KE',1050),(2016,'Maniema','MA',1050),(2017,'Nord-Kivu','NK',1050),(2019,'Sud-Kivu','SK',1050),(2020,'Bangui','BGF',1042),(2021,'Bamingui-Bangoran','BB',1042),(2022,'Basse-Kotto','BK',1042),(2023,'Haute-Kotto','HK',1042),(2024,'Haut-Mbomou','HM',1042),(2025,'Kemo','KG',1042),(2026,'Lobaye','LB',1042),(2027,'Mambere-Kadei','HS',1042),(2028,'Mbomou','MB',1042),(2029,'Nana-Grebizi','KB',1042),(2030,'Nana-Mambere','NM',1042),(2031,'Ombella-Mpoko','MP',1042),(2032,'Ouaka','UK',1042),(2033,'Ouham','AC',1042),(2034,'Ouham-Pende','OP',1042),(2035,'Sangha-Mbaere','SE',1042),(2036,'Vakaga','VR',1042),(2037,'Brazzaville','BZV',1051),(2038,'Bouenza','11',1051),(2039,'Cuvette','8',1051),(2040,'Cuvette-Ouest','15',1051),(2041,'Kouilou','5',1051),(2042,'Lekoumou','2',1051),(2043,'Likouala','7',1051),(2044,'Niari','9',1051),(2045,'Plateaux','14',1051),(2046,'Pool','12',1051),(2047,'Sangha','13',1051),(2048,'Aargau','AG',1205),(2049,'Appenzell Innerrhoden','AI',1205),(2050,'Appenzell Ausserrhoden','AR',1205),(2051,'Bern','BE',1205),(2052,'Basel-Landschaft','BL',1205),(2053,'Basel-Stadt','BS',1205),(2054,'Fribourg','FR',1205),(2055,'Geneva','GE',1205),(2056,'Glarus','GL',1205),(2057,'Graubunden','GR',1205),(2058,'Jura','JU',1205),(2059,'Luzern','LU',1205),(2060,'Neuchatel','NE',1205),(2061,'Nidwalden','NW',1205),(2062,'Obwalden','OW',1205),(2063,'Sankt Gallen','SG',1205),(2064,'Schaffhausen','SH',1205),(2065,'Solothurn','SO',1205),(2066,'Schwyz','SZ',1205),(2067,'Thurgau','TG',1205),(2068,'Ticino','TI',1205),(2069,'Uri','UR',1205),(2070,'Vaud','VD',1205),(2071,'Valais','VS',1205),(2072,'Zug','ZG',1205),(2073,'Zurich','ZH',1205),(2074,'18 Montagnes','06',1054),(2075,'Agnebi','16',1054),(2076,'Bas-Sassandra','09',1054),(2077,'Denguele','10',1054),(2078,'Haut-Sassandra','02',1054),(2079,'Lacs','07',1054),(2080,'Lagunes','01',1054),(2081,'Marahoue','12',1054),(2082,'Moyen-Comoe','05',1054),(2083,'Nzi-Comoe','11',1054),(2084,'Savanes','03',1054),(2085,'Sud-Bandama','15',1054),(2086,'Sud-Comoe','13',1054),(2087,'Vallee du Bandama','04',1054),(2088,'Worodouqou','14',1054),(2089,'Zanzan','08',1054),(2090,'Aisen del General Carlos Ibanez del Campo','AI',1044),(2091,'Antofagasta','AN',1044),(2092,'Araucania','AR',1044),(2093,'Atacama','AT',1044),(2094,'Bio-Bio','BI',1044),(2095,'Coquimbo','CO',1044),(2096,'Libertador General Bernardo O\'Higgins','LI',1044),(2097,'Los Lagos','LL',1044),(2098,'Magallanes','MA',1044),(2099,'Maule','ML',1044),(2100,'Region Metropolitana de Santiago','RM',1044),(2101,'Tarapaca','TA',1044),(2102,'Valparaiso','VS',1044),(2103,'Adamaoua','AD',1038),(2104,'Centre','CE',1038),(2105,'East','ES',1038),(2106,'Far North','EN',1038),(2107,'North','NO',1038),(2108,'South','SW',1038),(2109,'South-West','SW',1038),(2110,'West','OU',1038),(2111,'Beijing','11',1045),(2112,'Chongqing','50',1045),(2113,'Shanghai','31',1045),(2114,'Tianjin','12',1045),(2115,'Anhui','34',1045),(2116,'Fujian','35',1045),(2117,'Gansu','62',1045),(2118,'Guangdong','44',1045),(2119,'Guizhou','52',1045),(2120,'Hainan','46',1045),(2121,'Hebei','13',1045),(2122,'Heilongjiang','23',1045),(2123,'Henan','41',1045),(2124,'Hubei','42',1045),(2125,'Hunan','43',1045),(2126,'Jiangsu','32',1045),(2127,'Jiangxi','36',1045),(2128,'Jilin','22',1045),(2129,'Liaoning','21',1045),(2130,'Qinghai','63',1045),(2131,'Shaanxi','61',1045),(2132,'Shandong','37',1045),(2133,'Shanxi','14',1045),(2134,'Sichuan','51',1045),(2135,'Taiwan','71',1045),(2136,'Yunnan','53',1045),(2137,'Zhejiang','33',1045),(2138,'Guangxi','45',1045),(2139,'Neia Mongol (mn)','15',1045),(2140,'Xinjiang','65',1045),(2141,'Xizang','54',1045),(2142,'Hong Kong','91',1045),(2143,'Macau','92',1045),(2144,'Distrito Capital de Bogot','DC',1048),(2145,'Amazonea','AMA',1048),(2146,'Antioquia','ANT',1048),(2147,'Arauca','ARA',1048),(2148,'Atlntico','ATL',1048),(2149,'Bolvar','BOL',1048),(2150,'Boyac','BOY',1048),(2151,'Caldea','CAL',1048),(2152,'Caquet','CAQ',1048),(2153,'Casanare','CAS',1048),(2154,'Cauca','CAU',1048),(2155,'Cesar','CES',1048),(2156,'Crdoba','COR',1048),(2157,'Cundinamarca','CUN',1048),(2158,'Choc','CHO',1048),(2159,'Guaina','GUA',1048),(2160,'Guaviare','GUV',1048),(2161,'La Guajira','LAG',1048),(2162,'Magdalena','MAG',1048),(2163,'Meta','MET',1048),(2164,'Nario','NAR',1048),(2165,'Norte de Santander','NSA',1048),(2166,'Putumayo','PUT',1048),(2167,'Quindio','QUI',1048),(2168,'Risaralda','RIS',1048),(2169,'San Andrs, Providencia y Santa Catalina','SAP',1048),(2170,'Santander','SAN',1048),(2171,'Sucre','SUC',1048),(2172,'Tolima','TOL',1048),(2173,'Valle del Cauca','VAC',1048),(2174,'Vaups','VAU',1048),(2175,'Vichada','VID',1048),(2176,'Alajuela','A',1053),(2177,'Cartago','C',1053),(2178,'Guanacaste','G',1053),(2179,'Heredia','H',1053),(2180,'Limon','L',1053),(2181,'Puntarenas','P',1053),(2182,'San Jose','SJ',1053),(2183,'Camagey','09',1056),(2184,'Ciego de `vila','08',1056),(2185,'Cienfuegos','06',1056),(2186,'Ciudad de La Habana','03',1056),(2187,'Granma','12',1056),(2188,'Guantanamo','14',1056),(2189,'Holquin','11',1056),(2190,'La Habana','02',1056),(2191,'Las Tunas','10',1056),(2192,'Matanzas','04',1056),(2193,'Pinar del Rio','01',1056),(2194,'Sancti Spiritus','07',1056),(2195,'Santiago de Cuba','13',1056),(2196,'Villa Clara','05',1056),(2197,'Isla de la Juventud','99',1056),(2198,'Pinar del Roo','PR',1056),(2199,'Ciego de Avila','CA',1056),(2200,'Camagoey','CG',1056),(2201,'Holgun','HO',1056),(2202,'Sancti Spritus','SS',1056),(2203,'Municipio Especial Isla de la Juventud','IJ',1056),(2204,'Boa Vista','BV',1040),(2205,'Brava','BR',1040),(2206,'Calheta de Sao Miguel','CS',1040),(2207,'Fogo','FO',1040),(2208,'Maio','MA',1040),(2209,'Mosteiros','MO',1040),(2210,'Paul','PA',1040),(2211,'Porto Novo','PN',1040),(2212,'Praia','PR',1040),(2213,'Ribeira Grande','RG',1040),(2214,'Sal','SL',1040),(2215,'Sao Domingos','SD',1040),(2216,'Sao Filipe','SF',1040),(2217,'Sao Nicolau','SN',1040),(2218,'Sao Vicente','SV',1040),(2219,'Tarrafal','TA',1040),(2220,'Ammochostos Magusa','04',1057),(2221,'Keryneia','06',1057),(2222,'Larnaka','03',1057),(2223,'Lefkosia','01',1057),(2224,'Lemesos','02',1057),(2225,'Pafos','05',1057),(2226,'Jihoesk kraj','JC',1058),(2227,'Jihomoravsk kraj','JM',1058),(2228,'Karlovarsk kraj','KA',1058),(2229,'Krlovhradeck kraj','KR',1058),(2230,'Libereck kraj','LI',1058),(2231,'Moravskoslezsk kraj','MO',1058),(2232,'Olomouck kraj','OL',1058),(2233,'Pardubick kraj','PA',1058),(2234,'Plzesk kraj','PL',1058),(2235,'Praha, hlavn msto','PR',1058),(2236,'Stedoesk kraj','ST',1058),(2237,'steck kraj','US',1058),(2238,'Vysoina','VY',1058),(2239,'Zlnsk kraj','ZL',1058),(2240,'Baden-Wuerttemberg','BW',1082),(2241,'Bayern','BY',1082),(2242,'Bremen','HB',1082),(2243,'Hamburg','HH',1082),(2244,'Hessen','HE',1082),(2245,'Niedersachsen','NI',1082),(2246,'Nordrhein-Westfalen','NW',1082),(2247,'Rheinland-Pfalz','RP',1082),(2248,'Saarland','SL',1082),(2249,'Schleswig-Holstein','SH',1082),(2250,'Berlin','BR',1082),(2251,'Brandenburg','BB',1082),(2252,'Mecklenburg-Vorpommern','MV',1082),(2253,'Sachsen','SN',1082),(2254,'Sachsen-Anhalt','ST',1082),(2255,'Thueringen','TH',1082),(2256,'Ali Sabiah','AS',1060),(2257,'Dikhil','DI',1060),(2258,'Djibouti','DJ',1060),(2259,'Obock','OB',1060),(2260,'Tadjoura','TA',1060),(2261,'Frederiksberg','147',1059),(2262,'Copenhagen City','101',1059),(2263,'Copenhagen','015',1059),(2264,'Frederiksborg','020',1059),(2265,'Roskilde','025',1059),(2266,'Vestsjlland','030',1059),(2267,'Storstrm','035',1059),(2268,'Bornholm','040',1059),(2269,'Fyn','042',1059),(2270,'South Jutland','050',1059),(2271,'Ribe','055',1059),(2272,'Vejle','060',1059),(2273,'Ringkjbing','065',1059),(2274,'rhus','070',1059),(2275,'Viborg','076',1059),(2276,'North Jutland','080',1059),(2277,'Distrito Nacional (Santo Domingo)','01',1062),(2278,'Azua','02',1062),(2279,'Bahoruco','03',1062),(2280,'Barahona','04',1062),(2281,'Dajabn','05',1062),(2282,'Duarte','06',1062),(2283,'El Seybo [El Seibo]','08',1062),(2284,'Espaillat','09',1062),(2285,'Hato Mayor','30',1062),(2286,'Independencia','10',1062),(2287,'La Altagracia','11',1062),(2288,'La Estrelleta [Elias Pina]','07',1062),(2289,'La Romana','12',1062),(2290,'La Vega','13',1062),(2291,'Maroia Trinidad Snchez','14',1062),(2292,'Monseor Nouel','28',1062),(2293,'Monte Cristi','15',1062),(2294,'Monte Plata','29',1062),(2295,'Pedernales','16',1062),(2296,'Peravia','17',1062),(2297,'Puerto Plata','18',1062),(2298,'Salcedo','19',1062),(2299,'Saman','20',1062),(2300,'San Cristbal','21',1062),(2301,'San Pedro de Macors','23',1062),(2302,'Snchez Ramrez','24',1062),(2303,'Santiago','25',1062),(2304,'Santiago Rodrguez','26',1062),(2305,'Valverde','27',1062),(2306,'Adrar','01',1003),(2307,'Ain Defla','44',1003),(2308,'Ain Tmouchent','46',1003),(2309,'Alger','16',1003),(2310,'Annaba','23',1003),(2311,'Batna','05',1003),(2312,'Bechar','08',1003),(2313,'Bejaia','06',1003),(2314,'Biskra','07',1003),(2315,'Blida','09',1003),(2316,'Bordj Bou Arreridj','34',1003),(2317,'Bouira','10',1003),(2318,'Boumerdes','35',1003),(2319,'Chlef','02',1003),(2320,'Constantine','25',1003),(2321,'Djelfa','17',1003),(2322,'El Bayadh','32',1003),(2323,'El Oued','39',1003),(2324,'El Tarf','36',1003),(2325,'Ghardaia','47',1003),(2326,'Guelma','24',1003),(2327,'Illizi','33',1003),(2328,'Jijel','18',1003),(2329,'Khenchela','40',1003),(2330,'Laghouat','03',1003),(2331,'Mascara','29',1003),(2332,'Medea','26',1003),(2333,'Mila','43',1003),(2334,'Mostaganem','27',1003),(2335,'Msila','28',1003),(2336,'Naama','45',1003),(2337,'Oran','31',1003),(2338,'Ouargla','30',1003),(2339,'Oum el Bouaghi','04',1003),(2340,'Relizane','48',1003),(2341,'Saida','20',1003),(2342,'Setif','19',1003),(2343,'Sidi Bel Abbes','22',1003),(2344,'Skikda','21',1003),(2345,'Souk Ahras','41',1003),(2346,'Tamanghasset','11',1003),(2347,'Tebessa','12',1003),(2348,'Tiaret','14',1003),(2349,'Tindouf','37',1003),(2350,'Tipaza','42',1003),(2351,'Tissemsilt','38',1003),(2352,'Tizi Ouzou','15',1003),(2353,'Tlemcen','13',1003),(2354,'Azuay','A',1064),(2355,'Bolivar','B',1064),(2356,'Canar','F',1064),(2357,'Carchi','C',1064),(2358,'Cotopaxi','X',1064),(2359,'Chimborazo','H',1064),(2360,'El Oro','O',1064),(2361,'Esmeraldas','E',1064),(2362,'Galapagos','W',1064),(2363,'Guayas','G',1064),(2364,'Imbabura','I',1064),(2365,'Loja','L',1064),(2366,'Los Rios','R',1064),(2367,'Manabi','M',1064),(2368,'Morona-Santiago','S',1064),(2369,'Napo','N',1064),(2370,'Orellana','D',1064),(2371,'Pastaza','Y',1064),(2372,'Pichincha','P',1064),(2373,'Sucumbios','U',1064),(2374,'Tungurahua','T',1064),(2375,'Zamora-Chinchipe','Z',1064),(2376,'Harjumsa','37',1069),(2377,'Hitumea','39',1069),(2378,'Ida-Virumsa','44',1069),(2379,'Jogevamsa','49',1069),(2380,'Jarvamsa','51',1069),(2381,'Lasnemsa','57',1069),(2382,'Laane-Virumaa','59',1069),(2383,'Polvamea','65',1069),(2384,'Parnumsa','67',1069),(2385,'Raplamsa','70',1069),(2386,'Saaremsa','74',1069),(2387,'Tartumsa','7B',1069),(2388,'Valgamaa','82',1069),(2389,'Viljandimsa','84',1069),(2390,'Vorumaa','86',1069),(2391,'Ad Daqahllyah','DK',1065),(2392,'Al Bahr al Ahmar','BA',1065),(2393,'Al Buhayrah','BH',1065),(2394,'Al Fayym','FYM',1065),(2395,'Al Gharbiyah','GH',1065),(2396,'Al Iskandarlyah','ALX',1065),(2397,'Al Isma illyah','IS',1065),(2398,'Al Jizah','GZ',1065),(2399,'Al Minuflyah','MNF',1065),(2400,'Al Minya','MN',1065),(2401,'Al Qahirah','C',1065),(2402,'Al Qalyublyah','KB',1065),(2403,'Al Wadi al Jadid','WAD',1065),(2404,'Ash Sharqiyah','SHR',1065),(2405,'As Suways','SUZ',1065),(2406,'Aswan','ASN',1065),(2407,'Asyut','AST',1065),(2408,'Bani Suwayf','BNS',1065),(2409,'Bur Sa\'id','PTS',1065),(2410,'Dumyat','DT',1065),(2411,'Janub Sina\'','JS',1065),(2412,'Kafr ash Shaykh','KFS',1065),(2413,'Matruh','MT',1065),(2414,'Qina','KN',1065),(2415,'Shamal Sina\'','SIN',1065),(2416,'Suhaj','SHG',1065),(2417,'Anseba','AN',1068),(2418,'Debub','DU',1068),(2419,'Debubawi Keyih Bahri [Debub-Keih-Bahri]','DK',1068),(2420,'Gash-Barka','GB',1068),(2421,'Maakel [Maekel]','MA',1068),(2422,'Semenawi Keyih Bahri [Semien-Keih-Bahri]','SK',1068),(2423,'lava','VI',1198),(2424,'Albacete','AB',1198),(2425,'Alicante','A',1198),(2426,'Almera','AL',1198),(2427,'Asturias','O',1198),(2428,'vila','AV',1198),(2429,'Badajoz','BA',1198),(2430,'Baleares','PM',1198),(2431,'Barcelona','B',1198),(2432,'Burgos','BU',1198),(2433,'Cceres','CC',1198),(2434,'Cdiz','CA',1198),(2435,'Cantabria','S',1198),(2436,'Castelln','CS',1198),(2437,'Ciudad Real','CR',1198),(2438,'Cuenca','CU',1198),(2439,'Girona [Gerona]','GE',1198),(2440,'Granada','GR',1198),(2441,'Guadalajara','GU',1198),(2442,'Guipzcoa','SS',1198),(2443,'Huelva','H',1198),(2444,'Huesca','HU',1198),(2445,'Jan','J',1198),(2446,'La Corua','C',1198),(2447,'La Rioja','LO',1198),(2448,'Las Palmas','GC',1198),(2449,'Len','LE',1198),(2450,'Lleida [Lrida]','L',1198),(2451,'Lugo','LU',1198),(2452,'Madrid','M',1198),(2453,'Mlaga','MA',1198),(2454,'Murcia','MU',1198),(2455,'Navarra','NA',1198),(2456,'Ourense','OR',1198),(2457,'Palencia','P',1198),(2458,'Pontevedra','PO',1198),(2459,'Salamanca','SA',1198),(2460,'Santa Cruz de Tenerife','TF',1198),(2461,'Segovia','SG',1198),(2462,'Sevilla','SE',1198),(2463,'Soria','SO',1198),(2464,'Tarragona','T',1198),(2465,'Teruel','TE',1198),(2466,'Valencia','V',1198),(2467,'Valladolid','VA',1198),(2468,'Vizcaya','BI',1198),(2469,'Zamora','ZA',1198),(2470,'Zaragoza','Z',1198),(2471,'Ceuta','CE',1198),(2472,'Melilla','ML',1198),(2473,'Addis Ababa','AA',1070),(2474,'Dire Dawa','DD',1070),(2475,'Afar','AF',1070),(2476,'Amara','AM',1070),(2477,'Benshangul-Gumaz','BE',1070),(2478,'Gambela Peoples','GA',1070),(2479,'Harari People','HA',1070),(2480,'Oromia','OR',1070),(2481,'Somali','SO',1070),(2482,'Southern Nations, Nationalities and Peoples','SN',1070),(2483,'Tigrai','TI',1070),(2490,'Eastern','E',1074),(2491,'Northern','N',1074),(2492,'Western','W',1074),(2493,'Rotuma','R',1074),(2494,'Chuuk','TRK',1141),(2495,'Kosrae','KSA',1141),(2496,'Pohnpei','PNI',1141),(2497,'Yap','YAP',1141),(2498,'Ain','01',1076),(2499,'Aisne','02',1076),(2500,'Allier','03',1076),(2501,'Alpes-de-Haute-Provence','04',1076),(2502,'Alpes-Maritimes','06',1076),(2503,'Ardche','07',1076),(2504,'Ardennes','08',1076),(2505,'Arige','09',1076),(2506,'Aube','10',1076),(2507,'Aude','11',1076),(2508,'Aveyron','12',1076),(2509,'Bas-Rhin','67',1076),(2510,'Bouches-du-Rhne','13',1076),(2511,'Calvados','14',1076),(2512,'Cantal','15',1076),(2513,'Charente','16',1076),(2514,'Charente-Maritime','17',1076),(2515,'Cher','18',1076),(2516,'Corrze','19',1076),(2517,'Corse-du-Sud','20A',1076),(2518,'Cte-d\'Or','21',1076),(2519,'Ctes-d\'Armor','22',1076),(2520,'Creuse','23',1076),(2521,'Deux-Svres','79',1076),(2522,'Dordogne','24',1076),(2523,'Doubs','25',1076),(2524,'Drme','26',1076),(2525,'Essonne','91',1076),(2526,'Eure','27',1076),(2527,'Eure-et-Loir','28',1076),(2528,'Finistre','29',1076),(2529,'Gard','30',1076),(2530,'Gers','32',1076),(2531,'Gironde','33',1076),(2532,'Haut-Rhin','68',1076),(2533,'Haute-Corse','20B',1076),(2534,'Haute-Garonne','31',1076),(2535,'Haute-Loire','43',1076),(2536,'Haute-Sane','70',1076),(2537,'Haute-Savoie','74',1076),(2538,'Haute-Vienne','87',1076),(2539,'Hautes-Alpes','05',1076),(2540,'Hautes-Pyrnes','65',1076),(2541,'Hauts-de-Seine','92',1076),(2542,'Hrault','34',1076),(2543,'Indre','36',1076),(2544,'Ille-et-Vilaine','35',1076),(2545,'Indre-et-Loire','37',1076),(2546,'Isre','38',1076),(2547,'Landes','40',1076),(2548,'Loir-et-Cher','41',1076),(2549,'Loire','42',1076),(2550,'Loire-Atlantique','44',1076),(2551,'Loiret','45',1076),(2552,'Lot','46',1076),(2553,'Lot-et-Garonne','47',1076),(2554,'Lozre','48',1076),(2555,'Maine-et-Loire','49',1076),(2556,'Manche','50',1076),(2557,'Marne','51',1076),(2558,'Mayenne','53',1076),(2559,'Meurthe-et-Moselle','54',1076),(2560,'Meuse','55',1076),(2561,'Morbihan','56',1076),(2562,'Moselle','57',1076),(2563,'Nivre','58',1076),(2564,'Nord','59',1076),(2565,'Oise','60',1076),(2566,'Orne','61',1076),(2567,'Paris','75',1076),(2568,'Pas-de-Calais','62',1076),(2569,'Puy-de-Dme','63',1076),(2570,'Pyrnes-Atlantiques','64',1076),(2571,'Pyrnes-Orientales','66',1076),(2572,'Rhne','69',1076),(2573,'Sane-et-Loire','71',1076),(2574,'Sarthe','72',1076),(2575,'Savoie','73',1076),(2576,'Seine-et-Marne','77',1076),(2577,'Seine-Maritime','76',1076),(2578,'Seine-Saint-Denis','93',1076),(2579,'Somme','80',1076),(2580,'Tarn','81',1076),(2581,'Tarn-et-Garonne','82',1076),(2582,'Val d\'Oise','95',1076),(2583,'Territoire de Belfort','90',1076),(2584,'Val-de-Marne','94',1076),(2585,'Var','83',1076),(2586,'Vaucluse','84',1076),(2587,'Vende','85',1076),(2588,'Vienne','86',1076),(2589,'Vosges','88',1076),(2590,'Yonne','89',1076),(2591,'Yvelines','78',1076),(2592,'Aberdeen City','ABE',1226),(2593,'Aberdeenshire','ABD',1226),(2594,'Angus','ANS',1226),(2595,'Co Antrim','ANT',1226),(2597,'Argyll and Bute','AGB',1226),(2598,'Co Armagh','ARM',1226),(2606,'Bedfordshire','BDF',1226),(2612,'Gwent','BGW',1226),(2620,'Bristol, City of','BST',1226),(2622,'Buckinghamshire','BKM',1226),(2626,'Cambridgeshire','CAM',1226),(2634,'Cheshire','CHS',1226),(2635,'Clackmannanshire','CLK',1226),(2639,'Cornwall','CON',1226),(2643,'Cumbria','CMA',1226),(2647,'Derbyshire','DBY',1226),(2648,'Co Londonderry','DRY',1226),(2649,'Devon','DEV',1226),(2651,'Dorset','DOR',1226),(2652,'Co Down','DOW',1226),(2654,'Dumfries and Galloway','DGY',1226),(2655,'Dundee City','DND',1226),(2657,'County Durham','DUR',1226),(2659,'East Ayrshire','EAY',1226),(2660,'East Dunbartonshire','EDU',1226),(2661,'East Lothian','ELN',1226),(2662,'East Renfrewshire','ERW',1226),(2663,'East Riding of Yorkshire','ERY',1226),(2664,'East Sussex','ESX',1226),(2665,'Edinburgh, City of','EDH',1226),(2666,'Na h-Eileanan Siar','ELS',1226),(2668,'Essex','ESS',1226),(2669,'Falkirk','FAL',1226),(2670,'Co Fermanagh','FER',1226),(2671,'Fife','FIF',1226),(2674,'Glasgow City','GLG',1226),(2675,'Gloucestershire','GLS',1226),(2678,'Gwynedd','GWN',1226),(2682,'Hampshire','HAM',1226),(2687,'Herefordshire','HEF',1226),(2688,'Hertfordshire','HRT',1226),(2689,'Highland','HED',1226),(2692,'Inverclyde','IVC',1226),(2694,'Isle of Wight','IOW',1226),(2699,'Kent','KEN',1226),(2705,'Lancashire','LAN',1226),(2709,'Leicestershire','LEC',1226),(2712,'Lincolnshire','LIN',1226),(2723,'Midlothian','MLN',1226),(2726,'Moray','MRY',1226),(2734,'Norfolk','NFK',1226),(2735,'North Ayrshire','NAY',1226),(2738,'North Lanarkshire','NLK',1226),(2742,'North Yorkshire','NYK',1226),(2743,'Northamptonshire','NTH',1226),(2744,'Northumberland','NBL',1226),(2746,'Nottinghamshire','NTT',1226),(2747,'Oldham','OLD',1226),(2748,'Omagh','OMH',1226),(2749,'Orkney Islands','ORR',1226),(2750,'Oxfordshire','OXF',1226),(2752,'Perth and Kinross','PKN',1226),(2757,'Powys','POW',1226),(2761,'Renfrewshire','RFW',1226),(2766,'Rutland','RUT',1226),(2770,'Scottish Borders','SCB',1226),(2773,'Shetland Islands','ZET',1226),(2774,'Shropshire','SHR',1226),(2777,'Somerset','SOM',1226),(2778,'South Ayrshire','SAY',1226),(2779,'South Gloucestershire','SGC',1226),(2780,'South Lanarkshire','SLK',1226),(2785,'Staffordshire','STS',1226),(2786,'Stirling','STG',1226),(2791,'Suffolk','SFK',1226),(2793,'Surrey','SRY',1226),(2804,'Mid Glamorgan','VGL',1226),(2811,'Warwickshire','WAR',1226),(2813,'West Dunbartonshire','WDU',1226),(2814,'West Lothian','WLN',1226),(2815,'West Sussex','WSX',1226),(2818,'Wiltshire','WIL',1226),(2823,'Worcestershire','WOR',1226),(2826,'Ashanti','AH',1083),(2827,'Brong-Ahafo','BA',1083),(2828,'Greater Accra','AA',1083),(2829,'Upper East','UE',1083),(2830,'Upper West','UW',1083),(2831,'Volta','TV',1083),(2832,'Banjul','B',1213),(2833,'Lower River','L',1213),(2834,'MacCarthy Island','M',1213),(2835,'North Bank','N',1213),(2836,'Upper River','U',1213),(2837,'Beyla','BE',1091),(2838,'Boffa','BF',1091),(2839,'Boke','BK',1091),(2840,'Coyah','CO',1091),(2841,'Dabola','DB',1091),(2842,'Dalaba','DL',1091),(2843,'Dinguiraye','DI',1091),(2844,'Dubreka','DU',1091),(2845,'Faranah','FA',1091),(2846,'Forecariah','FO',1091),(2847,'Fria','FR',1091),(2848,'Gaoual','GA',1091),(2849,'Guekedou','GU',1091),(2850,'Kankan','KA',1091),(2851,'Kerouane','KE',1091),(2852,'Kindia','KD',1091),(2853,'Kissidougou','KS',1091),(2854,'Koubia','KB',1091),(2855,'Koundara','KN',1091),(2856,'Kouroussa','KO',1091),(2857,'Labe','LA',1091),(2858,'Lelouma','LE',1091),(2859,'Lola','LO',1091),(2860,'Macenta','MC',1091),(2861,'Mali','ML',1091),(2862,'Mamou','MM',1091),(2863,'Mandiana','MD',1091),(2864,'Nzerekore','NZ',1091),(2865,'Pita','PI',1091),(2866,'Siguiri','SI',1091),(2867,'Telimele','TE',1091),(2868,'Tougue','TO',1091),(2869,'Yomou','YO',1091),(2870,'Region Continental','C',1067),(2871,'Region Insular','I',1067),(2872,'Annobon','AN',1067),(2873,'Bioko Norte','BN',1067),(2874,'Bioko Sur','BS',1067),(2875,'Centro Sur','CS',1067),(2876,'Kie-Ntem','KN',1067),(2877,'Litoral','LI',1067),(2878,'Wele-Nzas','WN',1067),(2879,'Achaa','13',1085),(2880,'Aitolia-Akarnania','01',1085),(2881,'Argolis','11',1085),(2882,'Arkadia','12',1085),(2883,'Arta','31',1085),(2884,'Attiki','A1',1085),(2885,'Chalkidiki','64',1085),(2886,'Chania','94',1085),(2887,'Chios','85',1085),(2888,'Dodekanisos','81',1085),(2889,'Drama','52',1085),(2890,'Evros','71',1085),(2891,'Evrytania','05',1085),(2892,'Evvoia','04',1085),(2893,'Florina','63',1085),(2894,'Fokis','07',1085),(2895,'Fthiotis','06',1085),(2896,'Grevena','51',1085),(2897,'Ileia','14',1085),(2898,'Imathia','53',1085),(2899,'Ioannina','33',1085),(2900,'Irakleion','91',1085),(2901,'Karditsa','41',1085),(2902,'Kastoria','56',1085),(2903,'Kavalla','55',1085),(2904,'Kefallinia','23',1085),(2905,'Kerkyra','22',1085),(2906,'Kilkis','57',1085),(2907,'Korinthia','15',1085),(2908,'Kozani','58',1085),(2909,'Kyklades','82',1085),(2910,'Lakonia','16',1085),(2911,'Larisa','42',1085),(2912,'Lasithion','92',1085),(2913,'Lefkas','24',1085),(2914,'Lesvos','83',1085),(2915,'Magnisia','43',1085),(2916,'Messinia','17',1085),(2917,'Pella','59',1085),(2918,'Preveza','34',1085),(2919,'Rethymnon','93',1085),(2920,'Rodopi','73',1085),(2921,'Samos','84',1085),(2922,'Serrai','62',1085),(2923,'Thesprotia','32',1085),(2924,'Thessaloniki','54',1085),(2925,'Trikala','44',1085),(2926,'Voiotia','03',1085),(2927,'Xanthi','72',1085),(2928,'Zakynthos','21',1085),(2929,'Agio Oros','69',1085),(2930,'Alta Verapez','AV',1090),(2931,'Baja Verapez','BV',1090),(2932,'Chimaltenango','CM',1090),(2933,'Chiquimula','CQ',1090),(2934,'El Progreso','PR',1090),(2935,'Escuintla','ES',1090),(2936,'Guatemala','GU',1090),(2937,'Huehuetenango','HU',1090),(2938,'Izabal','IZ',1090),(2939,'Jalapa','JA',1090),(2940,'Jutiapa','JU',1090),(2941,'Peten','PE',1090),(2942,'Quetzaltenango','QZ',1090),(2943,'Quiche','QC',1090),(2944,'Reta.thuleu','RE',1090),(2945,'Sacatepequez','SA',1090),(2946,'San Marcos','SM',1090),(2947,'Santa Rosa','SR',1090),(2948,'Solol6','SO',1090),(2949,'Suchitepequez','SU',1090),(2950,'Totonicapan','TO',1090),(2951,'Zacapa','ZA',1090),(2952,'Bissau','BS',1092),(2953,'Bafata','BA',1092),(2954,'Biombo','BM',1092),(2955,'Bolama','BL',1092),(2956,'Cacheu','CA',1092),(2957,'Gabu','GA',1092),(2958,'Oio','OI',1092),(2959,'Quloara','QU',1092),(2960,'Tombali S','TO',1092),(2961,'Barima-Waini','BA',1093),(2962,'Cuyuni-Mazaruni','CU',1093),(2963,'Demerara-Mahaica','DE',1093),(2964,'East Berbice-Corentyne','EB',1093),(2965,'Essequibo Islands-West Demerara','ES',1093),(2966,'Mahaica-Berbice','MA',1093),(2967,'Pomeroon-Supenaam','PM',1093),(2968,'Potaro-Siparuni','PT',1093),(2969,'Upper Demerara-Berbice','UD',1093),(2970,'Upper Takutu-Upper Essequibo','UT',1093),(2971,'Atlantida','AT',1097),(2972,'Colon','CL',1097),(2973,'Comayagua','CM',1097),(2974,'Copan','CP',1097),(2975,'Cortes','CR',1097),(2976,'Choluteca','CH',1097),(2977,'El Paraiso','EP',1097),(2978,'Francisco Morazan','FM',1097),(2979,'Gracias a Dios','GD',1097),(2980,'Intibuca','IN',1097),(2981,'Islas de la Bahia','IB',1097),(2982,'Lempira','LE',1097),(2983,'Ocotepeque','OC',1097),(2984,'Olancho','OL',1097),(2985,'Santa Barbara','SB',1097),(2986,'Valle','VA',1097),(2987,'Yoro','YO',1097),(2988,'Bjelovarsko-bilogorska zupanija','07',1055),(2989,'Brodsko-posavska zupanija','12',1055),(2990,'Dubrovacko-neretvanska zupanija','19',1055),(2991,'Istarska zupanija','18',1055),(2992,'Karlovacka zupanija','04',1055),(2993,'Koprivnickco-krizevacka zupanija','06',1055),(2994,'Krapinako-zagorska zupanija','02',1055),(2995,'Licko-senjska zupanija','09',1055),(2996,'Medimurska zupanija','20',1055),(2997,'Osjecko-baranjska zupanija','14',1055),(2998,'Pozesko-slavonska zupanija','11',1055),(2999,'Primorsko-goranska zupanija','08',1055),(3000,'Sisacko-moelavacka Iupanija','03',1055),(3001,'Splitako-dalmatinska zupanija','17',1055),(3002,'Sibenako-kninska zupanija','15',1055),(3003,'Varaidinska zupanija','05',1055),(3004,'VirovitiEko-podravska zupanija','10',1055),(3005,'VuRovarako-srijemska zupanija','16',1055),(3006,'Zadaraka','13',1055),(3007,'Zagrebacka zupanija','01',1055),(3008,'Grande-Anse','GA',1094),(3009,'Nord-Est','NE',1094),(3010,'Nord-Ouest','NO',1094),(3011,'Ouest','OU',1094),(3012,'Sud','SD',1094),(3013,'Sud-Est','SE',1094),(3014,'Budapest','BU',1099),(3015,'Bcs-Kiskun','BK',1099),(3016,'Baranya','BA',1099),(3017,'Bks','BE',1099),(3018,'Borsod-Abaj-Zempln','BZ',1099),(3019,'Csongrd','CS',1099),(3020,'Fejr','FE',1099),(3021,'Gyr-Moson-Sopron','GS',1099),(3022,'Hajdu-Bihar','HB',1099),(3023,'Heves','HE',1099),(3024,'Jsz-Nagykun-Szolnok','JN',1099),(3025,'Komrom-Esztergom','KE',1099),(3026,'Nogrd','NO',1099),(3027,'Pest','PE',1099),(3028,'Somogy','SO',1099),(3029,'Szabolcs-Szatmr-Bereg','SZ',1099),(3030,'Tolna','TO',1099),(3031,'Vas','VA',1099),(3032,'Veszprm','VE',1099),(3033,'Zala','ZA',1099),(3034,'Bkscsaba','BC',1099),(3035,'Debrecen','DE',1099),(3036,'Dunajvros','DU',1099),(3037,'Eger','EG',1099),(3038,'Gyr','GY',1099),(3039,'Hdmezvsrhely','HV',1099),(3040,'Kaposvr','KV',1099),(3041,'Kecskemt','KM',1099),(3042,'Miskolc','MI',1099),(3043,'Nagykanizsa','NK',1099),(3044,'Nyiregyhza','NY',1099),(3045,'Pcs','PS',1099),(3046,'Salgtarjn','ST',1099),(3047,'Sopron','SN',1099),(3048,'Szeged','SD',1099),(3049,'Szkesfehrvr','SF',1099),(3050,'Szekszrd','SS',1099),(3051,'Szolnok','SK',1099),(3052,'Szombathely','SH',1099),(3053,'Tatabnya','TB',1099),(3054,'Zalaegerszeg','ZE',1099),(3055,'Bali','BA',1102),(3056,'Bangka Belitung','BB',1102),(3057,'Banten','BT',1102),(3058,'Bengkulu','BE',1102),(3059,'Gorontalo','GO',1102),(3060,'Irian Jaya','IJ',1102),(3061,'Jambi','JA',1102),(3062,'Jawa Barat','JB',1102),(3063,'Jawa Tengah','JT',1102),(3064,'Jawa Timur','JI',1102),(3065,'Kalimantan Barat','KB',1102),(3066,'Kalimantan Timur','KT',1102),(3067,'Kalimantan Selatan','KS',1102),(3068,'Kepulauan Riau','KR',1102),(3069,'Lampung','LA',1102),(3070,'Maluku','MA',1102),(3071,'Maluku Utara','MU',1102),(3072,'Nusa Tenggara Barat','NB',1102),(3073,'Nusa Tenggara Timur','NT',1102),(3074,'Papua','PA',1102),(3075,'Riau','RI',1102),(3076,'Sulawesi Selatan','SN',1102),(3077,'Sulawesi Tengah','ST',1102),(3078,'Sulawesi Tenggara','SG',1102),(3079,'Sulawesi Utara','SA',1102),(3080,'Sumatra Barat','SB',1102),(3081,'Sumatra Selatan','SS',1102),(3082,'Sumatera Utara','SU',1102),(3083,'Jakarta Raya','JK',1102),(3084,'Aceh','AC',1102),(3085,'Yogyakarta','YO',1102),(3086,'Cork','C',1105),(3087,'Clare','CE',1105),(3088,'Cavan','CN',1105),(3089,'Carlow','CW',1105),(3090,'Dublin','D',1105),(3091,'Donegal','DL',1105),(3092,'Galway','G',1105),(3093,'Kildare','KE',1105),(3094,'Kilkenny','KK',1105),(3095,'Kerry','KY',1105),(3096,'Longford','LD',1105),(3097,'Louth','LH',1105),(3098,'Limerick','LK',1105),(3099,'Leitrim','LM',1105),(3100,'Laois','LS',1105),(3101,'Meath','MH',1105),(3102,'Monaghan','MN',1105),(3103,'Mayo','MO',1105),(3104,'Offaly','OY',1105),(3105,'Roscommon','RN',1105),(3106,'Sligo','SO',1105),(3107,'Tipperary','TA',1105),(3108,'Waterford','WD',1105),(3109,'Westmeath','WH',1105),(3110,'Wicklow','WW',1105),(3111,'Wexford','WX',1105),(3112,'HaDarom','D',1106),(3113,'HaMerkaz','M',1106),(3114,'HaZafon','Z',1106),(3115,'Haifa','HA',1106),(3116,'Tel-Aviv','TA',1106),(3117,'Jerusalem','JM',1106),(3118,'Al Anbar','AN',1104),(3119,'Al Ba,rah','BA',1104),(3120,'Al Muthanna','MU',1104),(3121,'Al Qadisiyah','QA',1104),(3122,'An Najef','NA',1104),(3123,'Arbil','AR',1104),(3124,'As Sulaymaniyah','SW',1104),(3125,'At Ta\'mim','TS',1104),(3126,'Babil','BB',1104),(3127,'Baghdad','BG',1104),(3128,'Dahuk','DA',1104),(3129,'Dhi Qar','DQ',1104),(3130,'Diyala','DI',1104),(3131,'Karbala\'','KA',1104),(3132,'Maysan','MA',1104),(3133,'Ninawa','NI',1104),(3134,'Salah ad Din','SD',1104),(3135,'Wasit','WA',1104),(3136,'Ardabil','03',1103),(3137,'Azarbayjan-e Gharbi','02',1103),(3138,'Azarbayjan-e Sharqi','01',1103),(3139,'Bushehr','06',1103),(3140,'Chahar Mahall va Bakhtiari','08',1103),(3141,'Esfahan','04',1103),(3142,'Fars','14',1103),(3143,'Gilan','19',1103),(3144,'Golestan','27',1103),(3145,'Hamadan','24',1103),(3146,'Hormozgan','23',1103),(3147,'Iiam','05',1103),(3148,'Kerman','15',1103),(3149,'Kermanshah','17',1103),(3150,'Khorasan','09',1103),(3151,'Khuzestan','10',1103),(3152,'Kohjiluyeh va Buyer Ahmad','18',1103),(3153,'Kordestan','16',1103),(3154,'Lorestan','20',1103),(3155,'Markazi','22',1103),(3156,'Mazandaran','21',1103),(3157,'Qazvin','28',1103),(3158,'Qom','26',1103),(3159,'Semnan','12',1103),(3160,'Sistan va Baluchestan','13',1103),(3161,'Tehran','07',1103),(3162,'Yazd','25',1103),(3163,'Zanjan','11',1103),(3164,'Austurland','7',1100),(3165,'Hofuoborgarsvaeoi utan Reykjavikur','1',1100),(3166,'Norourland eystra','6',1100),(3167,'Norourland vestra','5',1100),(3168,'Reykjavik','0',1100),(3169,'Suourland','8',1100),(3170,'Suournes','2',1100),(3171,'Vestfirolr','4',1100),(3172,'Vesturland','3',1100),(3173,'Agrigento','AG',1107),(3174,'Alessandria','AL',1107),(3175,'Ancona','AN',1107),(3176,'Aosta','AO',1107),(3177,'Arezzo','AR',1107),(3178,'Ascoli Piceno','AP',1107),(3179,'Asti','AT',1107),(3180,'Avellino','AV',1107),(3181,'Bari','BA',1107),(3182,'Belluno','BL',1107),(3183,'Benevento','BN',1107),(3184,'Bergamo','BG',1107),(3185,'Biella','BI',1107),(3186,'Bologna','BO',1107),(3187,'Bolzano','BZ',1107),(3188,'Brescia','BS',1107),(3189,'Brindisi','BR',1107),(3190,'Cagliari','CA',1107),(3191,'Caltanissetta','CL',1107),(3192,'Campobasso','CB',1107),(3193,'Caserta','CE',1107),(3194,'Catania','CT',1107),(3195,'Catanzaro','CZ',1107),(3196,'Chieti','CH',1107),(3197,'Como','CO',1107),(3198,'Cosenza','CS',1107),(3199,'Cremona','CR',1107),(3200,'Crotone','KR',1107),(3201,'Cuneo','CN',1107),(3202,'Enna','EN',1107),(3203,'Ferrara','FE',1107),(3204,'Firenze','FI',1107),(3205,'Foggia','FG',1107),(3206,'Forl-Cesena','FC',1107),(3207,'Frosinone','FR',1107),(3208,'Genova','GE',1107),(3209,'Gorizia','GO',1107),(3210,'Grosseto','GR',1107),(3211,'Imperia','IM',1107),(3212,'Isernia','IS',1107),(3213,'L\'Aquila','AQ',1107),(3214,'La Spezia','SP',1107),(3215,'Latina','LT',1107),(3216,'Lecce','LE',1107),(3217,'Lecco','LC',1107),(3218,'Livorno','LI',1107),(3219,'Lodi','LO',1107),(3220,'Lucca','LU',1107),(3221,'Macerata','MC',1107),(3222,'Mantova','MN',1107),(3223,'Massa-Carrara','MS',1107),(3224,'Matera','MT',1107),(3225,'Messina','ME',1107),(3226,'Milano','MI',1107),(3227,'Modena','MO',1107),(3228,'Napoli','NA',1107),(3229,'Novara','NO',1107),(3230,'Nuoro','NU',1107),(3231,'Oristano','OR',1107),(3232,'Padova','PD',1107),(3233,'Palermo','PA',1107),(3234,'Parma','PR',1107),(3235,'Pavia','PV',1107),(3236,'Perugia','PG',1107),(3237,'Pesaro e Urbino','PU',1107),(3238,'Pescara','PE',1107),(3239,'Piacenza','PC',1107),(3240,'Pisa','PI',1107),(3241,'Pistoia','PT',1107),(3242,'Pordenone','PN',1107),(3243,'Potenza','PZ',1107),(3244,'Prato','PO',1107),(3245,'Ragusa','RG',1107),(3246,'Ravenna','RA',1107),(3247,'Reggio Calabria','RC',1107),(3248,'Reggio Emilia','RE',1107),(3249,'Rieti','RI',1107),(3250,'Rimini','RN',1107),(3251,'Roma','RM',1107),(3252,'Rovigo','RO',1107),(3253,'Salerno','SA',1107),(3254,'Sassari','SS',1107),(3255,'Savona','SV',1107),(3256,'Siena','SI',1107),(3257,'Siracusa','SR',1107),(3258,'Sondrio','SO',1107),(3259,'Taranto','TA',1107),(3260,'Teramo','TE',1107),(3261,'Terni','TR',1107),(3262,'Torino','TO',1107),(3263,'Trapani','TP',1107),(3264,'Trento','TN',1107),(3265,'Treviso','TV',1107),(3266,'Trieste','TS',1107),(3267,'Udine','UD',1107),(3268,'Varese','VA',1107),(3269,'Venezia','VE',1107),(3270,'Verbano-Cusio-Ossola','VB',1107),(3271,'Vercelli','VC',1107),(3272,'Verona','VR',1107),(3273,'Vibo Valentia','VV',1107),(3274,'Vicenza','VI',1107),(3275,'Viterbo','VT',1107),(3276,'Aichi','23',1109),(3277,'Akita','05',1109),(3278,'Aomori','02',1109),(3279,'Chiba','12',1109),(3280,'Ehime','38',1109),(3281,'Fukui','18',1109),(3282,'Fukuoka','40',1109),(3283,'Fukusima','07',1109),(3284,'Gifu','21',1109),(3285,'Gunma','10',1109),(3286,'Hiroshima','34',1109),(3287,'Hokkaido','01',1109),(3288,'Hyogo','28',1109),(3289,'Ibaraki','08',1109),(3290,'Ishikawa','17',1109),(3291,'Iwate','03',1109),(3292,'Kagawa','37',1109),(3293,'Kagoshima','46',1109),(3294,'Kanagawa','14',1109),(3295,'Kochi','39',1109),(3296,'Kumamoto','43',1109),(3297,'Kyoto','26',1109),(3298,'Mie','24',1109),(3299,'Miyagi','04',1109),(3300,'Miyazaki','45',1109),(3301,'Nagano','20',1109),(3302,'Nagasaki','42',1109),(3303,'Nara','29',1109),(3304,'Niigata','15',1109),(3305,'Oita','44',1109),(3306,'Okayama','33',1109),(3307,'Okinawa','47',1109),(3308,'Osaka','27',1109),(3309,'Saga','41',1109),(3310,'Saitama','11',1109),(3311,'Shiga','25',1109),(3312,'Shimane','32',1109),(3313,'Shizuoka','22',1109),(3314,'Tochigi','09',1109),(3315,'Tokushima','36',1109),(3316,'Tokyo','13',1109),(3317,'Tottori','31',1109),(3318,'Toyama','16',1109),(3319,'Wakayama','30',1109),(3320,'Yamagata','06',1109),(3321,'Yamaguchi','35',1109),(3322,'Yamanashi','19',1109),(3323,'Clarendon','CN',1108),(3324,'Hanover','HR',1108),(3325,'Kingston','KN',1108),(3326,'Portland','PD',1108),(3327,'Saint Andrew','AW',1108),(3328,'Saint Ann','AN',1108),(3329,'Saint Catherine','CE',1108),(3330,'Saint Elizabeth','EH',1108),(3331,'Saint James','JS',1108),(3332,'Saint Mary','MY',1108),(3333,'Saint Thomas','TS',1108),(3334,'Trelawny','TY',1108),(3335,'Westmoreland','WD',1108),(3336,'Ajln','AJ',1110),(3337,'Al \'Aqaba','AQ',1110),(3338,'Al Balqa\'','BA',1110),(3339,'Al Karak','KA',1110),(3340,'Al Mafraq','MA',1110),(3341,'Amman','AM',1110),(3342,'At Tafilah','AT',1110),(3343,'Az Zarga','AZ',1110),(3344,'Irbid','JR',1110),(3345,'Jarash','JA',1110),(3346,'Ma\'an','MN',1110),(3347,'Madaba','MD',1110),(3348,'Nairobi Municipality','110',1112),(3349,'Coast','300',1112),(3350,'North-Eastern Kaskazini Mashariki','500',1112),(3351,'Rift Valley','700',1112),(3352,'Western Magharibi','900',1112),(3353,'Bishkek','GB',1117),(3354,'Batken','B',1117),(3355,'Chu','C',1117),(3356,'Jalal-Abad','J',1117),(3357,'Naryn','N',1117),(3358,'Osh','O',1117),(3359,'Talas','T',1117),(3360,'Ysyk-Kol','Y',1117),(3361,'Krong Kaeb','23',1037),(3362,'Krong Pailin','24',1037),(3363,'Xrong Preah Sihanouk','18',1037),(3364,'Phnom Penh','12',1037),(3365,'Baat Dambang','2',1037),(3366,'Banteay Mean Chey','1',1037),(3367,'Rampong Chaam','3',1037),(3368,'Kampong Chhnang','4',1037),(3369,'Kampong Spueu','5',1037),(3370,'Kampong Thum','6',1037),(3371,'Kampot','7',1037),(3372,'Kandaal','8',1037),(3373,'Kach Kong','9',1037),(3374,'Krachoh','10',1037),(3375,'Mondol Kiri','11',1037),(3376,'Otdar Mean Chey','22',1037),(3377,'Pousaat','15',1037),(3378,'Preah Vihear','13',1037),(3379,'Prey Veaeng','14',1037),(3380,'Rotanak Kiri','16',1037),(3381,'Siem Reab','17',1037),(3382,'Stueng Traeng','19',1037),(3383,'Svaay Rieng','20',1037),(3384,'Taakaev','21',1037),(3385,'Gilbert Islands','G',1113),(3386,'Line Islands','L',1113),(3387,'Phoenix Islands','P',1113),(3388,'Anjouan Ndzouani','A',1049),(3389,'Grande Comore Ngazidja','G',1049),(3390,'Moheli Moili','M',1049),(3391,'Kaesong-si','KAE',1114),(3392,'Nampo-si','NAM',1114),(3393,'Pyongyang-ai','PYO',1114),(3394,'Chagang-do','CHA',1114),(3395,'Hamgyongbuk-do','HAB',1114),(3396,'Hamgyongnam-do','HAN',1114),(3397,'Hwanghaebuk-do','HWB',1114),(3398,'Hwanghaenam-do','HWN',1114),(3399,'Kangwon-do','KAN',1114),(3400,'Pyonganbuk-do','PYB',1114),(3401,'Pyongannam-do','PYN',1114),(3402,'Yanggang-do','YAN',1114),(3403,'Najin Sonbong-si','NAJ',1114),(3404,'Seoul Teugbyeolsi','11',1115),(3405,'Busan Gwang\'yeogsi','26',1115),(3406,'Daegu Gwang\'yeogsi','27',1115),(3407,'Daejeon Gwang\'yeogsi','30',1115),(3408,'Gwangju Gwang\'yeogsi','29',1115),(3409,'Incheon Gwang\'yeogsi','28',1115),(3410,'Ulsan Gwang\'yeogsi','31',1115),(3411,'Chungcheongbugdo','43',1115),(3412,'Chungcheongnamdo','44',1115),(3413,'Gang\'weondo','42',1115),(3414,'Gyeonggido','41',1115),(3415,'Gyeongsangbugdo','47',1115),(3416,'Gyeongsangnamdo','48',1115),(3417,'Jejudo','49',1115),(3418,'Jeonrabugdo','45',1115),(3419,'Jeonranamdo','46',1115),(3420,'Al Ahmadi','AH',1116),(3421,'Al Farwanlyah','FA',1116),(3422,'Al Jahrah','JA',1116),(3423,'Al Kuwayt','KU',1116),(3424,'Hawalli','HA',1116),(3425,'Almaty','ALA',1111),(3426,'Astana','AST',1111),(3427,'Almaty oblysy','ALM',1111),(3428,'Aqmola oblysy','AKM',1111),(3429,'Aqtobe oblysy','AKT',1111),(3430,'Atyrau oblyfiy','ATY',1111),(3431,'Batys Quzaqstan oblysy','ZAP',1111),(3432,'Mangghystau oblysy','MAN',1111),(3433,'Ongtustik Quzaqstan oblysy','YUZ',1111),(3434,'Pavlodar oblysy','PAV',1111),(3435,'Qaraghandy oblysy','KAR',1111),(3436,'Qostanay oblysy','KUS',1111),(3437,'Qyzylorda oblysy','KZY',1111),(3438,'Shyghys Quzaqstan oblysy','VOS',1111),(3439,'Soltustik Quzaqstan oblysy','SEV',1111),(3440,'Zhambyl oblysy Zhambylskaya oblast\'','ZHA',1111),(3441,'Vientiane','VT',1118),(3442,'Attapu','AT',1118),(3443,'Bokeo','BK',1118),(3444,'Bolikhamxai','BL',1118),(3445,'Champasak','CH',1118),(3446,'Houaphan','HO',1118),(3447,'Khammouan','KH',1118),(3448,'Louang Namtha','LM',1118),(3449,'Louangphabang','LP',1118),(3450,'Oudomxai','OU',1118),(3451,'Phongsali','PH',1118),(3452,'Salavan','SL',1118),(3453,'Savannakhet','SV',1118),(3454,'Xaignabouli','XA',1118),(3455,'Xiasomboun','XN',1118),(3456,'Xekong','XE',1118),(3457,'Xiangkhoang','XI',1118),(3458,'Beirut','BA',1120),(3459,'Beqaa','BI',1120),(3460,'Mount Lebanon','JL',1120),(3461,'North Lebanon','AS',1120),(3462,'South Lebanon','JA',1120),(3463,'Nabatieh','NA',1120),(3464,'Ampara','52',1199),(3465,'Anuradhapura','71',1199),(3466,'Badulla','81',1199),(3467,'Batticaloa','51',1199),(3468,'Colombo','11',1199),(3469,'Galle','31',1199),(3470,'Gampaha','12',1199),(3471,'Hambantota','33',1199),(3472,'Jaffna','41',1199),(3473,'Kalutara','13',1199),(3474,'Kandy','21',1199),(3475,'Kegalla','92',1199),(3476,'Kilinochchi','42',1199),(3477,'Kurunegala','61',1199),(3478,'Mannar','43',1199),(3479,'Matale','22',1199),(3480,'Matara','32',1199),(3481,'Monaragala','82',1199),(3482,'Mullaittivu','45',1199),(3483,'Nuwara Eliya','23',1199),(3484,'Polonnaruwa','72',1199),(3485,'Puttalum','62',1199),(3486,'Ratnapura','91',1199),(3487,'Trincomalee','53',1199),(3488,'VavunLya','44',1199),(3489,'Bomi','BM',1122),(3490,'Bong','BG',1122),(3491,'Grand Basaa','GB',1122),(3492,'Grand Cape Mount','CM',1122),(3493,'Grand Gedeh','GG',1122),(3494,'Grand Kru','GK',1122),(3495,'Lofa','LO',1122),(3496,'Margibi','MG',1122),(3497,'Maryland','MY',1122),(3498,'Montserrado','MO',1122),(3499,'Nimba','NI',1122),(3500,'Rivercess','RI',1122),(3501,'Sinoe','SI',1122),(3502,'Berea','D',1121),(3503,'Butha-Buthe','B',1121),(3504,'Leribe','C',1121),(3505,'Mafeteng','E',1121),(3506,'Maseru','A',1121),(3507,'Mohale\'s Hoek','F',1121),(3508,'Mokhotlong','J',1121),(3509,'Qacha\'s Nek','H',1121),(3510,'Quthing','G',1121),(3511,'Thaba-Tseka','K',1121),(3512,'Alytaus Apskritis','AL',1125),(3513,'Kauno Apskritis','KU',1125),(3514,'Klaipedos Apskritis','KL',1125),(3515,'Marijampoles Apskritis','MR',1125),(3516,'Panevezio Apskritis','PN',1125),(3517,'Sisuliu Apskritis','SA',1125),(3518,'Taurages Apskritis','TA',1125),(3519,'Telsiu Apskritis','TE',1125),(3520,'Utenos Apskritis','UT',1125),(3521,'Vilniaus Apskritis','VL',1125),(3522,'Diekirch','D',1126),(3523,'GreveNmacher','G',1126),(3524,'Aizkraukles Apripkis','AI',1119),(3525,'Alkanes Apripkis','AL',1119),(3526,'Balvu Apripkis','BL',1119),(3527,'Bauskas Apripkis','BU',1119),(3528,'Cesu Aprikis','CE',1119),(3529,'Daugavpile Apripkis','DA',1119),(3530,'Dobeles Apripkis','DO',1119),(3531,'Gulbenes Aprlpkis','GU',1119),(3532,'Jelgavas Apripkis','JL',1119),(3533,'Jekabpils Apripkis','JK',1119),(3534,'Kraslavas Apripkis','KR',1119),(3535,'Kuldlgas Apripkis','KU',1119),(3536,'Limbazu Apripkis','LM',1119),(3537,'Liepajas Apripkis','LE',1119),(3538,'Ludzas Apripkis','LU',1119),(3539,'Madonas Apripkis','MA',1119),(3540,'Ogres Apripkis','OG',1119),(3541,'Preilu Apripkis','PR',1119),(3542,'Rezaknes Apripkis','RE',1119),(3543,'Rigas Apripkis','RI',1119),(3544,'Saldus Apripkis','SA',1119),(3545,'Talsu Apripkis','TA',1119),(3546,'Tukuma Apriplcis','TU',1119),(3547,'Valkas Apripkis','VK',1119),(3548,'Valmieras Apripkis','VM',1119),(3549,'Ventspils Apripkis','VE',1119),(3550,'Daugavpils','DGV',1119),(3551,'Jelgava','JEL',1119),(3552,'Jurmala','JUR',1119),(3553,'Liepaja','LPX',1119),(3554,'Rezekne','REZ',1119),(3555,'Riga','RIX',1119),(3556,'Ventspils','VEN',1119),(3557,'Ajdbiy','AJ',1123),(3558,'Al Bunn','BU',1123),(3559,'Al Hizm al Akhdar','HZ',1123),(3560,'Al Jabal al Akhdar','JA',1123),(3561,'Al Jifrah','JI',1123),(3562,'Al Jufrah','JU',1123),(3563,'Al Kufrah','KF',1123),(3564,'Al Marj','MJ',1123),(3565,'Al Marqab','MB',1123),(3566,'Al Qarn','QT',1123),(3567,'Al Qubbah','QB',1123),(3568,'Al Whah','WA',1123),(3569,'An Nuqa al Khams','NQ',1123),(3570,'Ash Shi\'','SH',1123),(3571,'Az Zwiyah','ZA',1123),(3572,'Banghz','BA',1123),(3573,'Ban Wald','BW',1123),(3574,'Darnah','DR',1123),(3575,'Ghadmis','GD',1123),(3576,'Gharyn','GR',1123),(3577,'Ght','GT',1123),(3578,'Jaghbb','JB',1123),(3579,'Mirtah','MI',1123),(3580,'Mizdah','MZ',1123),(3581,'Murzuq','MQ',1123),(3582,'Nlt','NL',1123),(3583,'Sabh','SB',1123),(3584,'abrtah urmn','SS',1123),(3585,'Surt','SR',1123),(3586,'Tjr\' wa an Nawh al Arbh','TN',1123),(3587,'arbulus','TB',1123),(3588,'Tarhnah-Masalltah','TM',1123),(3589,'Wd al hayt','WD',1123),(3590,'Yafran-Jd','YJ',1123),(3591,'Agadir','AGD',1146),(3592,'At Baha','BAH',1146),(3593,'At Melloul','MEL',1146),(3594,'Al Haouz','HAO',1146),(3595,'Al Hocema','HOC',1146),(3596,'Assa-Zag','ASZ',1146),(3597,'Azilal','AZI',1146),(3598,'Beni Mellal','BEM',1146),(3599,'Ben Sllmane','BES',1146),(3600,'Berkane','BER',1146),(3601,'Boujdour','BOD',1146),(3602,'Boulemane','BOM',1146),(3603,'Casablanca  [Dar el Beda]','CAS',1146),(3604,'Chefchaouene','CHE',1146),(3605,'Chichaoua','CHI',1146),(3606,'El Hajeb','HAJ',1146),(3607,'El Jadida','JDI',1146),(3608,'Errachidia','ERR',1146),(3609,'Essaouira','ESI',1146),(3610,'Es Smara','ESM',1146),(3611,'Fs','FES',1146),(3612,'Figuig','FIG',1146),(3613,'Guelmim','GUE',1146),(3614,'Ifrane','IFR',1146),(3615,'Jerada','JRA',1146),(3616,'Kelaat Sraghna','KES',1146),(3617,'Knitra','KEN',1146),(3618,'Khemisaet','KHE',1146),(3619,'Khenifra','KHN',1146),(3620,'Khouribga','KHO',1146),(3621,'Layoune (EH)','LAA',1146),(3622,'Larache','LAP',1146),(3623,'Marrakech','MAR',1146),(3624,'Meknss','MEK',1146),(3625,'Nador','NAD',1146),(3626,'Ouarzazate','OUA',1146),(3627,'Oued ed Dahab (EH)','OUD',1146),(3628,'Oujda','OUJ',1146),(3629,'Rabat-Sal','RBA',1146),(3630,'Safi','SAF',1146),(3631,'Sefrou','SEF',1146),(3632,'Settat','SET',1146),(3633,'Sidl Kacem','SIK',1146),(3634,'Tanger','TNG',1146),(3635,'Tan-Tan','TNT',1146),(3636,'Taounate','TAO',1146),(3637,'Taroudannt','TAR',1146),(3638,'Tata','TAT',1146),(3639,'Taza','TAZ',1146),(3640,'Ttouan','TET',1146),(3641,'Tiznit','TIZ',1146),(3642,'Gagauzia, Unitate Teritoriala Autonoma','GA',1142),(3643,'Chisinau','CU',1142),(3644,'Stinga Nistrului, unitatea teritoriala din','SN',1142),(3645,'Balti','BA',1142),(3646,'Cahul','CA',1142),(3647,'Edinet','ED',1142),(3648,'Lapusna','LA',1142),(3649,'Orhei','OR',1142),(3650,'Soroca','SO',1142),(3651,'Taraclia','TA',1142),(3652,'Tighina [Bender]','TI',1142),(3653,'Ungheni','UN',1142),(3654,'Antananarivo','T',1129),(3655,'Antsiranana','D',1129),(3656,'Fianarantsoa','F',1129),(3657,'Mahajanga','M',1129),(3658,'Toamasina','A',1129),(3659,'Toliara','U',1129),(3660,'Ailinglapalap','ALL',1135),(3661,'Ailuk','ALK',1135),(3662,'Arno','ARN',1135),(3663,'Aur','AUR',1135),(3664,'Ebon','EBO',1135),(3665,'Eniwetok','ENI',1135),(3666,'Jaluit','JAL',1135),(3667,'Kili','KIL',1135),(3668,'Kwajalein','KWA',1135),(3669,'Lae','LAE',1135),(3670,'Lib','LIB',1135),(3671,'Likiep','LIK',1135),(3672,'Majuro','MAJ',1135),(3673,'Maloelap','MAL',1135),(3674,'Mejit','MEJ',1135),(3675,'Mili','MIL',1135),(3676,'Namorik','NMK',1135),(3677,'Namu','NMU',1135),(3678,'Rongelap','RON',1135),(3679,'Ujae','UJA',1135),(3680,'Ujelang','UJL',1135),(3681,'Utirik','UTI',1135),(3682,'Wotho','WTN',1135),(3683,'Wotje','WTJ',1135),(3684,'Bamako','BK0',1133),(3685,'Gao','7',1133),(3686,'Kayes','1',1133),(3687,'Kidal','8',1133),(3688,'Xoulikoro','2',1133),(3689,'Mopti','5',1133),(3690,'S69ou','4',1133),(3691,'Sikasso','3',1133),(3692,'Tombouctou','6',1133),(3693,'Ayeyarwady','07',1035),(3694,'Bago','02',1035),(3695,'Magway','03',1035),(3696,'Mandalay','04',1035),(3697,'Sagaing','01',1035),(3698,'Tanintharyi','05',1035),(3699,'Yangon','06',1035),(3700,'Chin','14',1035),(3701,'Kachin','11',1035),(3702,'Kayah','12',1035),(3703,'Kayin','13',1035),(3704,'Mon','15',1035),(3705,'Rakhine','16',1035),(3706,'Shan','17',1035),(3707,'Ulaanbaatar','1',1144),(3708,'Arhangay','073',1144),(3709,'Bayanhongor','069',1144),(3710,'Bayan-Olgiy','071',1144),(3711,'Bulgan','067',1144),(3712,'Darhan uul','037',1144),(3713,'Dornod','061',1144),(3714,'Dornogov,','063',1144),(3715,'DundgovL','059',1144),(3716,'Dzavhan','057',1144),(3717,'Govi-Altay','065',1144),(3718,'Govi-Smber','064',1144),(3719,'Hentiy','039',1144),(3720,'Hovd','043',1144),(3721,'Hovsgol','041',1144),(3722,'Omnogovi','053',1144),(3723,'Orhon','035',1144),(3724,'Ovorhangay','055',1144),(3725,'Selenge','049',1144),(3726,'Shbaatar','051',1144),(3727,'Tov','047',1144),(3728,'Uvs','046',1144),(3729,'Nouakchott','NKC',1137),(3730,'Assaba','03',1137),(3731,'Brakna','05',1137),(3732,'Dakhlet Nouadhibou','08',1137),(3733,'Gorgol','04',1137),(3734,'Guidimaka','10',1137),(3735,'Hodh ech Chargui','01',1137),(3736,'Hodh el Charbi','02',1137),(3737,'Inchiri','12',1137),(3738,'Tagant','09',1137),(3739,'Tiris Zemmour','11',1137),(3740,'Trarza','06',1137),(3741,'Beau Bassin-Rose Hill','BR',1138),(3742,'Curepipe','CU',1138),(3743,'Port Louis','PU',1138),(3744,'Quatre Bornes','QB',1138),(3745,'Vacosa-Phoenix','VP',1138),(3746,'Black River','BL',1138),(3747,'Flacq','FL',1138),(3748,'Grand Port','GP',1138),(3749,'Moka','MO',1138),(3750,'Pamplemousses','PA',1138),(3751,'Plaines Wilhems','PW',1138),(3752,'Riviere du Rempart','RP',1138),(3753,'Savanne','SA',1138),(3754,'Agalega Islands','AG',1138),(3755,'Cargados Carajos Shoals','CC',1138),(3756,'Rodrigues Island','RO',1138),(3757,'Male','MLE',1132),(3758,'Alif','02',1132),(3759,'Baa','20',1132),(3760,'Dhaalu','17',1132),(3761,'Faafu','14',1132),(3762,'Gaaf Alif','27',1132),(3763,'Gaefu Dhaalu','28',1132),(3764,'Gnaviyani','29',1132),(3765,'Haa Alif','07',1132),(3766,'Haa Dhaalu','23',1132),(3767,'Kaafu','26',1132),(3768,'Laamu','05',1132),(3769,'Lhaviyani','03',1132),(3770,'Meemu','12',1132),(3771,'Noonu','25',1132),(3772,'Raa','13',1132),(3773,'Seenu','01',1132),(3774,'Shaviyani','24',1132),(3775,'Thaa','08',1132),(3776,'Vaavu','04',1132),(3777,'Balaka','BA',1130),(3778,'Blantyre','BL',1130),(3779,'Chikwawa','CK',1130),(3780,'Chiradzulu','CR',1130),(3781,'Chitipa','CT',1130),(3782,'Dedza','DE',1130),(3783,'Dowa','DO',1130),(3784,'Karonga','KR',1130),(3785,'Kasungu','KS',1130),(3786,'Likoma Island','LK',1130),(3787,'Lilongwe','LI',1130),(3788,'Machinga','MH',1130),(3789,'Mangochi','MG',1130),(3790,'Mchinji','MC',1130),(3791,'Mulanje','MU',1130),(3792,'Mwanza','MW',1130),(3793,'Mzimba','MZ',1130),(3794,'Nkhata Bay','NB',1130),(3795,'Nkhotakota','NK',1130),(3796,'Nsanje','NS',1130),(3797,'Ntcheu','NU',1130),(3798,'Ntchisi','NI',1130),(3799,'Phalomba','PH',1130),(3800,'Rumphi','RU',1130),(3801,'Salima','SA',1130),(3802,'Thyolo','TH',1130),(3803,'Zomba','ZO',1130),(3804,'Aguascalientes','AGU',1140),(3805,'Baja California','BCN',1140),(3806,'Baja California Sur','BCS',1140),(3807,'Campeche','CAM',1140),(3808,'Coahuila','COA',1140),(3809,'Colima','COL',1140),(3810,'Chiapas','CHP',1140),(3811,'Chihuahua','CHH',1140),(3812,'Durango','DUR',1140),(3813,'Guanajuato','GUA',1140),(3814,'Guerrero','GRO',1140),(3815,'Hidalgo','HID',1140),(3816,'Jalisco','JAL',1140),(3817,'Mexico','MEX',1140),(3818,'Michoacin','MIC',1140),(3819,'Morelos','MOR',1140),(3820,'Nayarit','NAY',1140),(3821,'Nuevo Leon','NLE',1140),(3822,'Oaxaca','OAX',1140),(3823,'Puebla','PUE',1140),(3824,'Queretaro','QUE',1140),(3825,'Quintana Roo','ROO',1140),(3826,'San Luis Potosi','SLP',1140),(3827,'Sinaloa','SIN',1140),(3828,'Sonora','SON',1140),(3829,'Tabasco','TAB',1140),(3830,'Tamaulipas','TAM',1140),(3831,'Tlaxcala','TLA',1140),(3832,'Veracruz','VER',1140),(3833,'Yucatan','YUC',1140),(3834,'Zacatecas','ZAC',1140),(3835,'Wilayah Persekutuan Kuala Lumpur','14',1131),(3836,'Wilayah Persekutuan Labuan','15',1131),(3837,'Wilayah Persekutuan Putrajaya','16',1131),(3838,'Johor','01',1131),(3839,'Kedah','02',1131),(3840,'Kelantan','03',1131),(3841,'Melaka','04',1131),(3842,'Negeri Sembilan','05',1131),(3843,'Pahang','06',1131),(3844,'Perak','08',1131),(3845,'Perlis','09',1131),(3846,'Pulau Pinang','07',1131),(3847,'Sabah','12',1131),(3848,'Sarawak','13',1131),(3849,'Selangor','10',1131),(3850,'Terengganu','11',1131),(3851,'Maputo','MPM',1147),(3852,'Cabo Delgado','P',1147),(3853,'Gaza','G',1147),(3854,'Inhambane','I',1147),(3855,'Manica','B',1147),(3856,'Numpula','N',1147),(3857,'Niaaea','A',1147),(3858,'Sofala','S',1147),(3859,'Tete','T',1147),(3860,'Zambezia','Q',1147),(3861,'Caprivi','CA',1148),(3862,'Erongo','ER',1148),(3863,'Hardap','HA',1148),(3864,'Karas','KA',1148),(3865,'Khomas','KH',1148),(3866,'Kunene','KU',1148),(3867,'Ohangwena','OW',1148),(3868,'Okavango','OK',1148),(3869,'Omaheke','OH',1148),(3870,'Omusati','OS',1148),(3871,'Oshana','ON',1148),(3872,'Oshikoto','OT',1148),(3873,'Otjozondjupa','OD',1148),(3874,'Niamey','8',1156),(3875,'Agadez','1',1156),(3876,'Diffa','2',1156),(3877,'Dosso','3',1156),(3878,'Maradi','4',1156),(3879,'Tahoua','S',1156),(3880,'Tillaberi','6',1156),(3881,'Zinder','7',1156),(3882,'Abuja Capital Territory','FC',1157),(3883,'Abia','AB',1157),(3884,'Adamawa','AD',1157),(3885,'Akwa Ibom','AK',1157),(3886,'Anambra','AN',1157),(3887,'Bauchi','BA',1157),(3888,'Bayelsa','BY',1157),(3889,'Benue','BE',1157),(3890,'Borno','BO',1157),(3891,'Cross River','CR',1157),(3892,'Delta','DE',1157),(3893,'Ebonyi','EB',1157),(3894,'Edo','ED',1157),(3895,'Ekiti','EK',1157),(3896,'Enugu','EN',1157),(3897,'Gombe','GO',1157),(3898,'Imo','IM',1157),(3899,'Jigawa','JI',1157),(3900,'Kaduna','KD',1157),(3901,'Kano','KN',1157),(3902,'Katsina','KT',1157),(3903,'Kebbi','KE',1157),(3904,'Kogi','KO',1157),(3905,'Kwara','KW',1157),(3906,'Lagos','LA',1157),(3907,'Nassarawa','NA',1157),(3908,'Niger','NI',1157),(3909,'Ogun','OG',1157),(3910,'Ondo','ON',1157),(3911,'Osun','OS',1157),(3912,'Oyo','OY',1157),(3913,'Rivers','RI',1157),(3914,'Sokoto','SO',1157),(3915,'Taraba','TA',1157),(3916,'Yobe','YO',1157),(3917,'Zamfara','ZA',1157),(3918,'Boaco','BO',1155),(3919,'Carazo','CA',1155),(3920,'Chinandega','CI',1155),(3921,'Chontales','CO',1155),(3922,'Esteli','ES',1155),(3923,'Jinotega','JI',1155),(3924,'Leon','LE',1155),(3925,'Madriz','MD',1155),(3926,'Managua','MN',1155),(3927,'Masaya','MS',1155),(3928,'Matagalpa','MT',1155),(3929,'Nueva Segovia','NS',1155),(3930,'Rio San Juan','SJ',1155),(3931,'Rivas','RI',1155),(3932,'Atlantico Norte','AN',1155),(3933,'Atlantico Sur','AS',1155),(3934,'Drente','DR',1152),(3935,'Flevoland','FL',1152),(3936,'Friesland','FR',1152),(3937,'Gelderland','GL',1152),(3938,'Groningen','GR',1152),(3939,'Noord-Brabant','NB',1152),(3940,'Noord-Holland','NH',1152),(3941,'Overijssel','OV',1152),(3942,'Utrecht','UT',1152),(3943,'Zuid-Holland','ZH',1152),(3944,'Zeeland','ZL',1152),(3945,'Akershus','02',1161),(3946,'Aust-Agder','09',1161),(3947,'Buskerud','06',1161),(3948,'Finnmark','20',1161),(3949,'Hedmark','04',1161),(3950,'Hordaland','12',1161),(3951,'Mre ag Romsdal','15',1161),(3952,'Nordland','18',1161),(3953,'Nord-Trndelag','17',1161),(3954,'Oppland','05',1161),(3955,'Oslo','03',1161),(3956,'Rogaland','11',1161),(3957,'Sogn og Fjordane','14',1161),(3958,'Sr-Trndelag','16',1161),(3959,'Telemark','06',1161),(3960,'Troms','19',1161),(3961,'Vest-Agder','10',1161),(3962,'Vestfold','07',1161),(3963,'stfold','01',1161),(3964,'Jan Mayen','22',1161),(3965,'Svalbard','21',1161),(3966,'Auckland','AUK',1154),(3967,'Bay of Plenty','BOP',1154),(3968,'Canterbury','CAN',1154),(3969,'Gisborne','GIS',1154),(3970,'Hawkes Bay','HKB',1154),(3971,'Manawatu-Wanganui','MWT',1154),(3972,'Marlborough','MBH',1154),(3973,'Nelson','NSN',1154),(3974,'Northland','NTL',1154),(3975,'Otago','OTA',1154),(3976,'Southland','STL',1154),(3977,'Taranaki','TKI',1154),(3978,'Tasman','TAS',1154),(3979,'waikato','WKO',1154),(3980,'Wellington','WGN',1154),(3981,'West Coast','WTC',1154),(3982,'Ad Dakhillyah','DA',1162),(3983,'Al Batinah','BA',1162),(3984,'Al Janblyah','JA',1162),(3985,'Al Wusta','WU',1162),(3986,'Ash Sharqlyah','SH',1162),(3987,'Az Zahirah','ZA',1162),(3988,'Masqat','MA',1162),(3989,'Musandam','MU',1162),(3990,'Bocas del Toro','1',1166),(3991,'Cocle','2',1166),(3992,'Chiriqui','4',1166),(3993,'Darien','5',1166),(3994,'Herrera','6',1166),(3995,'Loa Santoa','7',1166),(3996,'Panama','8',1166),(3997,'Veraguas','9',1166),(3998,'Comarca de San Blas','Q',1166),(3999,'El Callao','CAL',1169),(4000,'Ancash','ANC',1169),(4001,'Apurimac','APU',1169),(4002,'Arequipa','ARE',1169),(4003,'Ayacucho','AYA',1169),(4004,'Cajamarca','CAJ',1169),(4005,'Cuzco','CUS',1169),(4006,'Huancavelica','HUV',1169),(4007,'Huanuco','HUC',1169),(4008,'Ica','ICA',1169),(4009,'Junin','JUN',1169),(4010,'La Libertad','LAL',1169),(4011,'Lambayeque','LAM',1169),(4012,'Lima','LIM',1169),(4013,'Loreto','LOR',1169),(4014,'Madre de Dios','MDD',1169),(4015,'Moquegua','MOQ',1169),(4016,'Pasco','PAS',1169),(4017,'Piura','PIU',1169),(4018,'Puno','PUN',1169),(4019,'San Martin','SAM',1169),(4020,'Tacna','TAC',1169),(4021,'Tumbes','TUM',1169),(4022,'Ucayali','UCA',1169),(4023,'National Capital District (Port Moresby)','NCD',1167),(4024,'Chimbu','CPK',1167),(4025,'Eastern Highlands','EHG',1167),(4026,'East New Britain','EBR',1167),(4027,'East Sepik','ESW',1167),(4028,'Enga','EPW',1167),(4029,'Gulf','GPK',1167),(4030,'Madang','MPM',1167),(4031,'Manus','MRL',1167),(4032,'Milne Bay','MBA',1167),(4033,'Morobe','MPL',1167),(4034,'New Ireland','NIK',1167),(4035,'North Solomons','NSA',1167),(4036,'Santaun','SAN',1167),(4037,'Southern Highlands','SHM',1167),(4038,'Western Highlands','WHM',1167),(4039,'West New Britain','WBK',1167),(4040,'Abra','ABR',1170),(4041,'Agusan del Norte','AGN',1170),(4042,'Agusan del Sur','AGS',1170),(4043,'Aklan','AKL',1170),(4044,'Albay','ALB',1170),(4045,'Antique','ANT',1170),(4046,'Apayao','APA',1170),(4047,'Aurora','AUR',1170),(4048,'Basilan','BAS',1170),(4049,'Batasn','BAN',1170),(4050,'Batanes','BTN',1170),(4051,'Batangas','BTG',1170),(4052,'Benguet','BEN',1170),(4053,'Biliran','BIL',1170),(4054,'Bohol','BOH',1170),(4055,'Bukidnon','BUK',1170),(4056,'Bulacan','BUL',1170),(4057,'Cagayan','CAG',1170),(4058,'Camarines Norte','CAN',1170),(4059,'Camarines Sur','CAS',1170),(4060,'Camiguin','CAM',1170),(4061,'Capiz','CAP',1170),(4062,'Catanduanes','CAT',1170),(4063,'Cavite','CAV',1170),(4064,'Cebu','CEB',1170),(4065,'Compostela Valley','COM',1170),(4066,'Davao','DAV',1170),(4067,'Davao del Sur','DAS',1170),(4068,'Davao Oriental','DAO',1170),(4069,'Eastern Samar','EAS',1170),(4070,'Guimaras','GUI',1170),(4071,'Ifugao','IFU',1170),(4072,'Ilocos Norte','ILN',1170),(4073,'Ilocos Sur','ILS',1170),(4074,'Iloilo','ILI',1170),(4075,'Isabela','ISA',1170),(4076,'Kalinga-Apayso','KAL',1170),(4077,'Laguna','LAG',1170),(4078,'Lanao del Norte','LAN',1170),(4079,'Lanao del Sur','LAS',1170),(4080,'La Union','LUN',1170),(4081,'Leyte','LEY',1170),(4082,'Maguindanao','MAG',1170),(4083,'Marinduque','MAD',1170),(4084,'Masbate','MAS',1170),(4085,'Mindoro Occidental','MDC',1170),(4086,'Mindoro Oriental','MDR',1170),(4087,'Misamis Occidental','MSC',1170),(4088,'Misamis Oriental','MSR',1170),(4089,'Mountain Province','MOU',1170),(4090,'Negroe Occidental','NEC',1170),(4091,'Negros Oriental','NER',1170),(4092,'North Cotabato','NCO',1170),(4093,'Northern Samar','NSA',1170),(4094,'Nueva Ecija','NUE',1170),(4095,'Nueva Vizcaya','NUV',1170),(4096,'Palawan','PLW',1170),(4097,'Pampanga','PAM',1170),(4098,'Pangasinan','PAN',1170),(4099,'Quezon','QUE',1170),(4100,'Quirino','QUI',1170),(4101,'Rizal','RIZ',1170),(4102,'Romblon','ROM',1170),(4103,'Sarangani','SAR',1170),(4104,'Siquijor','SIG',1170),(4105,'Sorsogon','SOR',1170),(4106,'South Cotabato','SCO',1170),(4107,'Southern Leyte','SLE',1170),(4108,'Sultan Kudarat','SUK',1170),(4109,'Sulu','SLU',1170),(4110,'Surigao del Norte','SUN',1170),(4111,'Surigao del Sur','SUR',1170),(4112,'Tarlac','TAR',1170),(4113,'Tawi-Tawi','TAW',1170),(4114,'Western Samar','WSA',1170),(4115,'Zambales','ZMB',1170),(4116,'Zamboanga del Norte','ZAN',1170),(4117,'Zamboanga del Sur','ZAS',1170),(4118,'Zamboanga Sibiguey','ZSI',1170),(4119,'Islamabad','IS',1163),(4120,'Baluchistan (en)','BA',1163),(4121,'North-West Frontier','NW',1163),(4122,'Sind (en)','SD',1163),(4123,'Federally Administered Tribal Aresa','TA',1163),(4124,'Azad Rashmir','JK',1163),(4125,'Northern Areas','NA',1163),(4126,'Aveiro','01',1173),(4127,'Beja','02',1173),(4128,'Braga','03',1173),(4129,'Braganca','04',1173),(4130,'Castelo Branco','05',1173),(4131,'Colmbra','06',1173),(4132,'Ovora','07',1173),(4133,'Faro','08',1173),(4134,'Guarda','09',1173),(4135,'Leiria','10',1173),(4136,'Lisboa','11',1173),(4137,'Portalegre','12',1173),(4138,'Porto','13',1173),(4139,'Santarem','14',1173),(4140,'Setubal','15',1173),(4141,'Viana do Castelo','16',1173),(4142,'Vila Real','17',1173),(4143,'Viseu','18',1173),(4144,'Regiao Autonoma dos Acores','20',1173),(4145,'Regiao Autonoma da Madeira','30',1173),(4146,'Asuncion','ASU',1168),(4147,'Alto Paraguay','16',1168),(4148,'Alto Parana','10',1168),(4149,'Amambay','13',1168),(4150,'Boqueron','19',1168),(4151,'Caeguazu','5',1168),(4152,'Caazapl','6',1168),(4153,'Canindeyu','14',1168),(4154,'Concepcion','1',1168),(4155,'Cordillera','3',1168),(4156,'Guaira','4',1168),(4157,'Itapua','7',1168),(4158,'Miaiones','8',1168),(4159,'Neembucu','12',1168),(4160,'Paraguari','9',1168),(4161,'Presidente Hayes','15',1168),(4162,'San Pedro','2',1168),(4163,'Ad Dawhah','DA',1175),(4164,'Al Ghuwayriyah','GH',1175),(4165,'Al Jumayliyah','JU',1175),(4166,'Al Khawr','KH',1175),(4167,'Al Wakrah','WA',1175),(4168,'Ar Rayyan','RA',1175),(4169,'Jariyan al Batnah','JB',1175),(4170,'Madinat ash Shamal','MS',1175),(4171,'Umm Salal','US',1175),(4172,'Bucuresti','B',1176),(4173,'Alba','AB',1176),(4174,'Arad','AR',1176),(4175,'Arges','AG',1176),(4176,'Bacau','BC',1176),(4177,'Bihor','BH',1176),(4178,'Bistrita-Nasaud','BN',1176),(4179,'Boto\'ani','BT',1176),(4180,'Bra\'ov','BV',1176),(4181,'Braila','BR',1176),(4182,'Buzau','BZ',1176),(4183,'Caras-Severin','CS',1176),(4184,'Ca la ras\'i','CL',1176),(4185,'Cluj','CJ',1176),(4186,'Constant\'a','CT',1176),(4187,'Covasna','CV',1176),(4188,'Dambovit\'a','DB',1176),(4189,'Dolj','DJ',1176),(4190,'Galat\'i','GL',1176),(4191,'Giurgiu','GR',1176),(4192,'Gorj','GJ',1176),(4193,'Harghita','HR',1176),(4194,'Hunedoara','HD',1176),(4195,'Ialomit\'a','IL',1176),(4196,'Ias\'i','IS',1176),(4197,'Ilfov','IF',1176),(4198,'Maramures','MM',1176),(4199,'Mehedint\'i','MH',1176),(4200,'Mures','MS',1176),(4201,'Neamt','NT',1176),(4202,'Olt','OT',1176),(4203,'Prahova','PH',1176),(4204,'Satu Mare','SM',1176),(4205,'Sa laj','SJ',1176),(4206,'Sibiu','SB',1176),(4207,'Suceava','SV',1176),(4208,'Teleorman','TR',1176),(4209,'Timis','TM',1176),(4210,'Tulcea','TL',1176),(4211,'Vaslui','VS',1176),(4212,'Valcea','VL',1176),(4213,'Vrancea','VN',1176),(4214,'Adygeya, Respublika','AD',1177),(4215,'Altay, Respublika','AL',1177),(4216,'Bashkortostan, Respublika','BA',1177),(4217,'Buryatiya, Respublika','BU',1177),(4218,'Chechenskaya Respublika','CE',1177),(4219,'Chuvashskaya Respublika','CU',1177),(4220,'Dagestan, Respublika','DA',1177),(4221,'Ingushskaya Respublika','IN',1177),(4222,'Kabardino-Balkarskaya','KB',1177),(4223,'Kalmykiya, Respublika','KL',1177),(4224,'Karachayevo-Cherkesskaya Respublika','KC',1177),(4225,'Kareliya, Respublika','KR',1177),(4226,'Khakasiya, Respublika','KK',1177),(4227,'Komi, Respublika','KO',1177),(4228,'Mariy El, Respublika','ME',1177),(4229,'Mordoviya, Respublika','MO',1177),(4230,'Sakha, Respublika [Yakutiya]','SA',1177),(4231,'Severnaya Osetiya, Respublika','SE',1177),(4232,'Tatarstan, Respublika','TA',1177),(4233,'Tyva, Respublika [Tuva]','TY',1177),(4234,'Udmurtskaya Respublika','UD',1177),(4235,'Altayskiy kray','ALT',1177),(4236,'Khabarovskiy kray','KHA',1177),(4237,'Krasnodarskiy kray','KDA',1177),(4238,'Krasnoyarskiy kray','KYA',1177),(4239,'Primorskiy kray','PRI',1177),(4240,'Stavropol\'skiy kray','STA',1177),(4241,'Amurskaya oblast\'','AMU',1177),(4242,'Arkhangel\'skaya oblast\'','ARK',1177),(4243,'Astrakhanskaya oblast\'','AST',1177),(4244,'Belgorodskaya oblast\'','BEL',1177),(4245,'Bryanskaya oblast\'','BRY',1177),(4246,'Chelyabinskaya oblast\'','CHE',1177),(4247,'Chitinskaya oblast\'','CHI',1177),(4248,'Irkutskaya oblast\'','IRK',1177),(4249,'Ivanovskaya oblast\'','IVA',1177),(4250,'Kaliningradskaya oblast\'','KGD',1177),(4251,'Kaluzhskaya oblast\'','KLU',1177),(4252,'Kamchatskaya oblast\'','KAM',1177),(4253,'Kemerovskaya oblast\'','KEM',1177),(4254,'Kirovskaya oblast\'','KIR',1177),(4255,'Kostromskaya oblast\'','KOS',1177),(4256,'Kurganskaya oblast\'','KGN',1177),(4257,'Kurskaya oblast\'','KRS',1177),(4258,'Leningradskaya oblast\'','LEN',1177),(4259,'Lipetskaya oblast\'','LIP',1177),(4260,'Magadanskaya oblast\'','MAG',1177),(4261,'Moskovskaya oblast\'','MOS',1177),(4262,'Murmanskaya oblast\'','MUR',1177),(4263,'Nizhegorodskaya oblast\'','NIZ',1177),(4264,'Novgorodskaya oblast\'','NGR',1177),(4265,'Novosibirskaya oblast\'','NVS',1177),(4266,'Omskaya oblast\'','OMS',1177),(4267,'Orenburgskaya oblast\'','ORE',1177),(4268,'Orlovskaya oblast\'','ORL',1177),(4269,'Penzenskaya oblast\'','PNZ',1177),(4270,'Permskaya oblast\'','PER',1177),(4271,'Pskovskaya oblast\'','PSK',1177),(4272,'Rostovskaya oblast\'','ROS',1177),(4273,'Ryazanskaya oblast\'','RYA',1177),(4274,'Sakhalinskaya oblast\'','SAK',1177),(4275,'Samarskaya oblast\'','SAM',1177),(4276,'Saratovskaya oblast\'','SAR',1177),(4277,'Smolenskaya oblast\'','SMO',1177),(4278,'Sverdlovskaya oblast\'','SVE',1177),(4279,'Tambovskaya oblast\'','TAM',1177),(4280,'Tomskaya oblast\'','TOM',1177),(4281,'Tul\'skaya oblast\'','TUL',1177),(4282,'Tverskaya oblast\'','TVE',1177),(4283,'Tyumenskaya oblast\'','TYU',1177),(4284,'Ul\'yanovskaya oblast\'','ULY',1177),(4285,'Vladimirskaya oblast\'','VLA',1177),(4286,'Volgogradskaya oblast\'','VGG',1177),(4287,'Vologodskaya oblast\'','VLG',1177),(4288,'Voronezhskaya oblast\'','VOR',1177),(4289,'Yaroslavskaya oblast\'','YAR',1177),(4290,'Moskva','MOW',1177),(4291,'Sankt-Peterburg','SPE',1177),(4292,'Yevreyskaya avtonomnaya oblast\'','YEV',1177),(4293,'Aginskiy Buryatskiy avtonomnyy','AGB',1177),(4294,'Chukotskiy avtonomnyy okrug','CHU',1177),(4295,'Evenkiyskiy avtonomnyy okrug','EVE',1177),(4296,'Khanty-Mansiyskiy avtonomnyy okrug','KHM',1177),(4297,'Komi-Permyatskiy avtonomnyy okrug','KOP',1177),(4298,'Koryakskiy avtonomnyy okrug','KOR',1177),(4299,'Nenetskiy avtonomnyy okrug','NEN',1177),(4300,'Taymyrskiy (Dolgano-Nenetskiy)','TAY',1177),(4301,'Ust\'-Ordynskiy Buryatskiy','UOB',1177),(4302,'Yamalo-Nenetskiy avtonomnyy okrug','YAN',1177),(4303,'Butare','C',1178),(4304,'Byumba','I',1178),(4305,'Cyangugu','E',1178),(4306,'Gikongoro','D',1178),(4307,'Gisenyi','G',1178),(4308,'Gitarama','B',1178),(4309,'Kibungo','J',1178),(4310,'Kibuye','F',1178),(4311,'Kigali-Rural Kigali y\' Icyaro','K',1178),(4312,'Kigali-Ville Kigali Ngari','L',1178),(4313,'Mutara','M',1178),(4314,'Ruhengeri','H',1178),(4315,'Al Batah','11',1187),(4316,'Al H,udd ash Shamallyah','08',1187),(4317,'Al Jawf','12',1187),(4318,'Al Madinah','03',1187),(4319,'Al Qasim','05',1187),(4320,'Ar Riyad','01',1187),(4321,'Asir','14',1187),(4322,'Ha\'il','06',1187),(4323,'Jlzan','09',1187),(4324,'Makkah','02',1187),(4325,'Najran','10',1187),(4326,'Tabuk','07',1187),(4327,'Capital Territory (Honiara)','CT',1194),(4328,'Guadalcanal','GU',1194),(4329,'Isabel','IS',1194),(4330,'Makira','MK',1194),(4331,'Malaita','ML',1194),(4332,'Temotu','TE',1194),(4333,'A\'ali an Nil','23',1200),(4334,'Al Bah al Ahmar','26',1200),(4335,'Al Buhayrat','18',1200),(4336,'Al Jazirah','07',1200),(4337,'Al Khartum','03',1200),(4338,'Al Qadarif','06',1200),(4339,'Al Wahdah','22',1200),(4340,'An Nil','04',1200),(4341,'An Nil al Abyaq','08',1200),(4342,'An Nil al Azraq','24',1200),(4343,'Ash Shamallyah','01',1200),(4344,'Bahr al Jabal','17',1200),(4345,'Gharb al Istiwa\'iyah','16',1200),(4346,'Gharb Ba~r al Ghazal','14',1200),(4347,'Gharb Darfur','12',1200),(4348,'Gharb Kurdufan','10',1200),(4349,'Janub Darfur','11',1200),(4350,'Janub Rurdufan','13',1200),(4351,'Jnqall','20',1200),(4352,'Kassala','05',1200),(4353,'Shamal Batr al Ghazal','15',1200),(4354,'Shamal Darfur','02',1200),(4355,'Shamal Kurdufan','09',1200),(4356,'Sharq al Istiwa\'iyah','19',1200),(4357,'Sinnar','25',1200),(4358,'Warab','21',1200),(4359,'Blekinge lan','K',1204),(4360,'Dalarnas lan','W',1204),(4361,'Gotlands lan','I',1204),(4362,'Gavleborge lan','X',1204),(4363,'Hallands lan','N',1204),(4364,'Jamtlande lan','Z',1204),(4365,'Jonkopings lan','F',1204),(4366,'Kalmar lan','H',1204),(4367,'Kronoberge lan','G',1204),(4368,'Norrbottena lan','BD',1204),(4369,'Skane lan','M',1204),(4370,'Stockholms lan','AB',1204),(4371,'Sodermanlands lan','D',1204),(4372,'Uppsala lan','C',1204),(4373,'Varmlanda lan','S',1204),(4374,'Vasterbottens lan','AC',1204),(4375,'Vasternorrlands lan','Y',1204),(4376,'Vastmanlanda lan','U',1204),(4377,'Vastra Gotalands lan','Q',1204),(4378,'Orebro lan','T',1204),(4379,'Ostergotlands lan','E',1204),(4380,'Saint Helena','SH',1180),(4381,'Ascension','AC',1180),(4382,'Tristan da Cunha','TA',1180),(4383,'Ajdovscina','001',1193),(4384,'Beltinci','002',1193),(4385,'Benedikt','148',1193),(4386,'Bistrica ob Sotli','149',1193),(4387,'Bled','003',1193),(4388,'Bloke','150',1193),(4389,'Bohinj','004',1193),(4390,'Borovnica','005',1193),(4391,'Bovec','006',1193),(4392,'Braslovce','151',1193),(4393,'Brda','007',1193),(4394,'Brezovica','008',1193),(4395,'Brezica','009',1193),(4396,'Cankova','152',1193),(4397,'Celje','011',1193),(4398,'Cerklje na Gorenjskem','012',1193),(4399,'Cerknica','013',1193),(4400,'Cerkno','014',1193),(4401,'Cerkvenjak','153',1193),(4402,'Crensovci','015',1193),(4403,'Crna na Koroskem','016',1193),(4404,'Crnomelj','017',1193),(4405,'Destrnik','018',1193),(4406,'Divaca','019',1193),(4407,'Dobje','154',1193),(4408,'Dobrepolje','020',1193),(4409,'Dobrna','155',1193),(4410,'Dobrova-Polhov Gradec','021',1193),(4411,'Dobrovnik','156',1193),(4412,'Dol pri Ljubljani','022',1193),(4413,'Dolenjske Toplice','157',1193),(4414,'Domzale','023',1193),(4415,'Dornava','024',1193),(4416,'Dravograd','025',1193),(4417,'Duplek','026',1193),(4418,'Gorenja vas-Poljane','027',1193),(4419,'Gorsnica','028',1193),(4420,'Gornja Radgona','029',1193),(4421,'Gornji Grad','030',1193),(4422,'Gornji Petrovci','031',1193),(4423,'Grad','158',1193),(4424,'Grosuplje','032',1193),(4425,'Hajdina','159',1193),(4426,'Hoce-Slivnica','160',1193),(4427,'Hodos','161',1193),(4428,'Jorjul','162',1193),(4429,'Hrastnik','034',1193),(4430,'Hrpelje-Kozina','035',1193),(4431,'Idrija','036',1193),(4432,'Ig','037',1193),(4433,'IIrska Bistrica','038',1193),(4434,'Ivancna Gorica','039',1193),(4435,'Izola','040',1193),(4436,'Jesenice','041',1193),(4437,'Jezersko','163',1193),(4438,'Jursinci','042',1193),(4439,'Kamnik','043',1193),(4440,'Kanal','044',1193),(4441,'Kidricevo','045',1193),(4442,'Kobarid','046',1193),(4443,'Kobilje','047',1193),(4444,'Jovevje','048',1193),(4445,'Komen','049',1193),(4446,'Komenda','164',1193),(4447,'Koper','050',1193),(4448,'Kostel','165',1193),(4449,'Kozje','051',1193),(4450,'Kranj','052',1193),(4451,'Kranjska Gora','053',1193),(4452,'Krizevci','166',1193),(4453,'Krsko','054',1193),(4454,'Kungota','055',1193),(4455,'Kuzma','056',1193),(4456,'Lasko','057',1193),(4457,'Lenart','058',1193),(4458,'Lendava','059',1193),(4459,'Litija','060',1193),(4460,'Ljubljana','061',1193),(4461,'Ljubno','062',1193),(4462,'Ljutomer','063',1193),(4463,'Logatec','064',1193),(4464,'Loska dolina','065',1193),(4465,'Loski Potok','066',1193),(4466,'Lovrenc na Pohorju','167',1193),(4467,'Luce','067',1193),(4468,'Lukovica','068',1193),(4469,'Majsperk','069',1193),(4470,'Maribor','070',1193),(4471,'Markovci','168',1193),(4472,'Medvode','071',1193),(4473,'Menges','072',1193),(4474,'Metlika','073',1193),(4475,'Mezica','074',1193),(4476,'Miklavz na Dravskern polju','169',1193),(4477,'Miren-Kostanjevica','075',1193),(4478,'Mirna Pec','170',1193),(4479,'Mislinja','076',1193),(4480,'Moravce','077',1193),(4481,'Moravske Toplice','078',1193),(4482,'Mozirje','079',1193),(4483,'Murska Sobota','080',1193),(4484,'Muta','081',1193),(4485,'Naklo','082',1193),(4486,'Nazarje','083',1193),(4487,'Nova Gorica','084',1193),(4488,'Nova mesto','085',1193),(4489,'Sveta Ana','181',1193),(4490,'Sveti Andraz v Slovenskih goricah','182',1193),(4491,'Sveti Jurij','116',1193),(4492,'Salovci','033',1193),(4493,'Sempeter-Vrtojba','183',1193),(4494,'Sencur','117',1193),(4495,'Sentilj','118',1193),(4496,'Sentjernej','119',1193),(4497,'Sentjur pri Celju','120',1193),(4498,'Skocjan','121',1193),(4499,'Skofja Loka','122',1193),(4500,'Skoftjica','123',1193),(4501,'Smarje pri Jelsah','124',1193),(4502,'Smartno ob Paki','125',1193),(4503,'Smartno pri Litiji','194',1193),(4504,'Sostanj','126',1193),(4505,'Store','127',1193),(4506,'Tabor','184',1193),(4507,'Tisina','010',1193),(4508,'Tolmin','128',1193),(4509,'Trbovje','129',1193),(4510,'Trebnje','130',1193),(4511,'Trnovska vas','185',1193),(4512,'Trzic','131',1193),(4513,'Trzin','186',1193),(4514,'Turnisce','132',1193),(4515,'Velenje','133',1193),(4516,'Velika Polana','187',1193),(4517,'Velika Lasce','134',1193),(4518,'Verzej','188',1193),(4519,'Videm','135',1193),(4520,'Vipava','136',1193),(4521,'Vitanje','137',1193),(4522,'Vojnik','138',1193),(4523,'Vransko','189',1193),(4524,'Vrhnika','140',1193),(4525,'Vuzenica','141',1193),(4526,'Zagorje ob Savi','142',1193),(4527,'Zavrc','143',1193),(4528,'Zrece','144',1193),(4529,'Zalec','190',1193),(4530,'Zelezniki','146',1193),(4531,'Zetale','191',1193),(4532,'Ziri','147',1193),(4533,'Zirovnica','192',1193),(4534,'Zuzemberk','193',1193),(4535,'Banskobystrick kraj','BC',1192),(4536,'Bratislavsk kraj','BL',1192),(4537,'Koick kraj','KI',1192),(4538,'Nitriansky kraj','NJ',1192),(4539,'Preovsk kraj','PV',1192),(4540,'Treniansky kraj','TC',1192),(4541,'Trnavsk kraj','TA',1192),(4542,'ilinsk kraj','ZI',1192),(4543,'Western Area (Freetown)','W',1190),(4544,'Dakar','DK',1188),(4545,'Diourbel','DB',1188),(4546,'Fatick','FK',1188),(4547,'Kaolack','KL',1188),(4548,'Kolda','KD',1188),(4549,'Louga','LG',1188),(4550,'Matam','MT',1188),(4551,'Saint-Louis','SL',1188),(4552,'Tambacounda','TC',1188),(4553,'Thies','TH',1188),(4554,'Ziguinchor','ZG',1188),(4555,'Awdal','AW',1195),(4556,'Bakool','BK',1195),(4557,'Banaadir','BN',1195),(4558,'Bay','BY',1195),(4559,'Galguduud','GA',1195),(4560,'Gedo','GE',1195),(4561,'Hiirsan','HI',1195),(4562,'Jubbada Dhexe','JD',1195),(4563,'Jubbada Hoose','JH',1195),(4564,'Mudug','MU',1195),(4565,'Nugaal','NU',1195),(4566,'Saneag','SA',1195),(4567,'Shabeellaha Dhexe','SD',1195),(4568,'Shabeellaha Hoose','SH',1195),(4569,'Sool','SO',1195),(4570,'Togdheer','TO',1195),(4571,'Woqooyi Galbeed','WO',1195),(4572,'Brokopondo','BR',1201),(4573,'Commewijne','CM',1201),(4574,'Coronie','CR',1201),(4575,'Marowijne','MA',1201),(4576,'Nickerie','NI',1201),(4577,'Paramaribo','PM',1201),(4578,'Saramacca','SA',1201),(4579,'Sipaliwini','SI',1201),(4580,'Wanica','WA',1201),(4581,'Principe','P',1207),(4582,'Sao Tome','S',1207),(4583,'Ahuachapan','AH',1066),(4584,'Cabanas','CA',1066),(4585,'Cuscatlan','CU',1066),(4586,'Chalatenango','CH',1066),(4587,'Morazan','MO',1066),(4588,'San Miguel','SM',1066),(4589,'San Salvador','SS',1066),(4590,'Santa Ana','SA',1066),(4591,'San Vicente','SV',1066),(4592,'Sonsonate','SO',1066),(4593,'Usulutan','US',1066),(4594,'Al Hasakah','HA',1206),(4595,'Al Ladhiqiyah','LA',1206),(4596,'Al Qunaytirah','QU',1206),(4597,'Ar Raqqah','RA',1206),(4598,'As Suwayda\'','SU',1206),(4599,'Dar\'a','DR',1206),(4600,'Dayr az Zawr','DY',1206),(4601,'Dimashq','DI',1206),(4602,'Halab','HL',1206),(4603,'Hamah','HM',1206),(4604,'Jim\'','HI',1206),(4605,'Idlib','ID',1206),(4606,'Rif Dimashq','RD',1206),(4607,'Tarts','TA',1206),(4608,'Hhohho','HH',1203),(4609,'Lubombo','LU',1203),(4610,'Manzini','MA',1203),(4611,'Shiselweni','SH',1203),(4612,'Batha','BA',1043),(4613,'Biltine','BI',1043),(4614,'Borkou-Ennedi-Tibesti','BET',1043),(4615,'Chari-Baguirmi','CB',1043),(4616,'Guera','GR',1043),(4617,'Kanem','KA',1043),(4618,'Lac','LC',1043),(4619,'Logone-Occidental','LO',1043),(4620,'Logone-Oriental','LR',1043),(4621,'Mayo-Kebbi','MK',1043),(4622,'Moyen-Chari','MC',1043),(4623,'Ouaddai','OD',1043),(4624,'Salamat','SA',1043),(4625,'Tandjile','TA',1043),(4626,'Kara','K',1214),(4627,'Maritime (Region)','M',1214),(4628,'Savannes','S',1214),(4629,'Krung Thep Maha Nakhon Bangkok','10',1211),(4630,'Phatthaya','S',1211),(4631,'Amnat Charoen','37',1211),(4632,'Ang Thong','15',1211),(4633,'Buri Ram','31',1211),(4634,'Chachoengsao','24',1211),(4635,'Chai Nat','18',1211),(4636,'Chaiyaphum','36',1211),(4637,'Chanthaburi','22',1211),(4638,'Chiang Mai','50',1211),(4639,'Chiang Rai','57',1211),(4640,'Chon Buri','20',1211),(4641,'Chumphon','86',1211),(4642,'Kalasin','46',1211),(4643,'Kamphasng Phet','62',1211),(4644,'Kanchanaburi','71',1211),(4645,'Khon Kaen','40',1211),(4646,'Krabi','81',1211),(4647,'Lampang','52',1211),(4648,'Lamphun','51',1211),(4649,'Loei','42',1211),(4650,'Lop Buri','16',1211),(4651,'Mae Hong Son','58',1211),(4652,'Maha Sarakham','44',1211),(4653,'Mukdahan','49',1211),(4654,'Nakhon Nayok','26',1211),(4655,'Nakhon Pathom','73',1211),(4656,'Nakhon Phanom','48',1211),(4657,'Nakhon Ratchasima','30',1211),(4658,'Nakhon Sawan','60',1211),(4659,'Nakhon Si Thammarat','80',1211),(4660,'Nan','55',1211),(4661,'Narathiwat','96',1211),(4662,'Nong Bua Lam Phu','39',1211),(4663,'Nong Khai','43',1211),(4664,'Nonthaburi','12',1211),(4665,'Pathum Thani','13',1211),(4666,'Pattani','94',1211),(4667,'Phangnga','82',1211),(4668,'Phatthalung','93',1211),(4669,'Phayao','56',1211),(4670,'Phetchabun','67',1211),(4671,'Phetchaburi','76',1211),(4672,'Phichit','66',1211),(4673,'Phitsanulok','65',1211),(4674,'Phrae','54',1211),(4675,'Phra Nakhon Si Ayutthaya','14',1211),(4676,'Phaket','83',1211),(4677,'Prachin Buri','25',1211),(4678,'Prachuap Khiri Khan','77',1211),(4679,'Ranong','85',1211),(4680,'Ratchaburi','70',1211),(4681,'Rayong','21',1211),(4682,'Roi Et','45',1211),(4683,'Sa Kaeo','27',1211),(4684,'Sakon Nakhon','47',1211),(4685,'Samut Prakan','11',1211),(4686,'Samut Sakhon','74',1211),(4687,'Samut Songkhram','75',1211),(4688,'Saraburi','19',1211),(4689,'Satun','91',1211),(4690,'Sing Buri','17',1211),(4691,'Si Sa Ket','33',1211),(4692,'Songkhla','90',1211),(4693,'Sukhothai','64',1211),(4694,'Suphan Buri','72',1211),(4695,'Surat Thani','84',1211),(4696,'Surin','32',1211),(4697,'Tak','63',1211),(4698,'Trang','92',1211),(4699,'Trat','23',1211),(4700,'Ubon Ratchathani','34',1211),(4701,'Udon Thani','41',1211),(4702,'Uthai Thani','61',1211),(4703,'Uttaradit','53',1211),(4704,'Yala','95',1211),(4705,'Yasothon','35',1211),(4706,'Sughd','SU',1209),(4707,'Khatlon','KT',1209),(4708,'Gorno-Badakhshan','GB',1209),(4709,'Ahal','A',1220),(4710,'Balkan','B',1220),(4711,'Dasoguz','D',1220),(4712,'Lebap','L',1220),(4713,'Mary','M',1220),(4714,'Bja','31',1218),(4715,'Ben Arous','13',1218),(4716,'Bizerte','23',1218),(4717,'Gabs','81',1218),(4718,'Gafsa','71',1218),(4719,'Jendouba','32',1218),(4720,'Kairouan','41',1218),(4721,'Rasserine','42',1218),(4722,'Kebili','73',1218),(4723,'L\'Ariana','12',1218),(4724,'Le Ref','33',1218),(4725,'Mahdia','53',1218),(4726,'La Manouba','14',1218),(4727,'Medenine','82',1218),(4728,'Moneatir','52',1218),(4729,'Naboul','21',1218),(4730,'Sfax','61',1218),(4731,'Sidi Bouxid','43',1218),(4732,'Siliana','34',1218),(4733,'Sousse','51',1218),(4734,'Tataouine','83',1218),(4735,'Tozeur','72',1218),(4736,'Tunis','11',1218),(4737,'Zaghouan','22',1218),(4738,'Adana','01',1219),(4739,'Ad yaman','02',1219),(4740,'Afyon','03',1219),(4741,'Ag r','04',1219),(4742,'Aksaray','68',1219),(4743,'Amasya','05',1219),(4744,'Ankara','06',1219),(4745,'Antalya','07',1219),(4746,'Ardahan','75',1219),(4747,'Artvin','08',1219),(4748,'Aydin','09',1219),(4749,'Bal kesir','10',1219),(4750,'Bartin','74',1219),(4751,'Batman','72',1219),(4752,'Bayburt','69',1219),(4753,'Bilecik','11',1219),(4754,'Bingol','12',1219),(4755,'Bitlis','13',1219),(4756,'Bolu','14',1219),(4757,'Burdur','15',1219),(4758,'Bursa','16',1219),(4759,'Canakkale','17',1219),(4760,'Cankir','18',1219),(4761,'Corum','19',1219),(4762,'Denizli','20',1219),(4763,'Diyarbakir','21',1219),(4764,'Duzce','81',1219),(4765,'Edirne','22',1219),(4766,'Elazig','23',1219),(4767,'Erzincan','24',1219),(4768,'Erzurum','25',1219),(4769,'Eskis\'ehir','26',1219),(4770,'Gaziantep','27',1219),(4771,'Giresun','28',1219),(4772,'Gms\'hane','29',1219),(4773,'Hakkari','30',1219),(4774,'Hatay','31',1219),(4775,'Igidir','76',1219),(4776,'Isparta','32',1219),(4777,'Icel','33',1219),(4778,'Istanbul','34',1219),(4779,'Izmir','35',1219),(4780,'Kahramanmaras','46',1219),(4781,'Karabk','78',1219),(4782,'Karaman','70',1219),(4783,'Kars','36',1219),(4784,'Kastamonu','37',1219),(4785,'Kayseri','38',1219),(4786,'Kirikkale','71',1219),(4787,'Kirklareli','39',1219),(4788,'Kirs\'ehir','40',1219),(4789,'Kilis','79',1219),(4790,'Kocaeli','41',1219),(4791,'Konya','42',1219),(4792,'Ktahya','43',1219),(4793,'Malatya','44',1219),(4794,'Manisa','45',1219),(4795,'Mardin','47',1219),(4796,'Mugila','48',1219),(4797,'Mus','49',1219),(4798,'Nevs\'ehir','50',1219),(4799,'Nigide','51',1219),(4800,'Ordu','52',1219),(4801,'Osmaniye','80',1219),(4802,'Rize','53',1219),(4803,'Sakarya','54',1219),(4804,'Samsun','55',1219),(4805,'Siirt','56',1219),(4806,'Sinop','57',1219),(4807,'Sivas','58',1219),(4808,'S\'anliurfa','63',1219),(4809,'S\'rnak','73',1219),(4810,'Tekirdag','59',1219),(4811,'Tokat','60',1219),(4812,'Trabzon','61',1219),(4813,'Tunceli','62',1219),(4814,'Us\'ak','64',1219),(4815,'Van','65',1219),(4816,'Yalova','77',1219),(4817,'Yozgat','66',1219),(4818,'Zonguldak','67',1219),(4819,'Couva-Tabaquite-Talparo','CTT',1217),(4820,'Diego Martin','DMN',1217),(4821,'Eastern Tobago','ETO',1217),(4822,'Penal-Debe','PED',1217),(4823,'Princes Town','PRT',1217),(4824,'Rio Claro-Mayaro','RCM',1217),(4825,'Sangre Grande','SGE',1217),(4826,'San Juan-Laventille','SJL',1217),(4827,'Siparia','SIP',1217),(4828,'Tunapuna-Piarco','TUP',1217),(4829,'Western Tobago','WTO',1217),(4830,'Arima','ARI',1217),(4831,'Chaguanas','CHA',1217),(4832,'Point Fortin','PTF',1217),(4833,'Port of Spain','POS',1217),(4834,'San Fernando','SFO',1217),(4835,'Aileu','AL',1063),(4836,'Ainaro','AN',1063),(4837,'Bacucau','BA',1063),(4838,'Bobonaro','BO',1063),(4839,'Cova Lima','CO',1063),(4840,'Dili','DI',1063),(4841,'Ermera','ER',1063),(4842,'Laulem','LA',1063),(4843,'Liquica','LI',1063),(4844,'Manatuto','MT',1063),(4845,'Manafahi','MF',1063),(4846,'Oecussi','OE',1063),(4847,'Viqueque','VI',1063),(4848,'Changhua County','CHA',1208),(4849,'Chiayi County','CYQ',1208),(4850,'Hsinchu County','HSQ',1208),(4851,'Hualien County','HUA',1208),(4852,'Ilan County','ILA',1208),(4853,'Kaohsiung County','KHQ',1208),(4854,'Miaoli County','MIA',1208),(4855,'Nantou County','NAN',1208),(4856,'Penghu County','PEN',1208),(4857,'Pingtung County','PIF',1208),(4858,'Taichung County','TXQ',1208),(4859,'Tainan County','TNQ',1208),(4860,'Taipei County','TPQ',1208),(4861,'Taitung County','TTT',1208),(4862,'Taoyuan County','TAO',1208),(4863,'Yunlin Conuty','YUN',1208),(4864,'Keelung City','KEE',1208),(4865,'Arusha','01',1210),(4866,'Dar-es-Salaam','02',1210),(4867,'Dodoma','03',1210),(4868,'Iringa','04',1210),(4869,'Kagera','05',1210),(4870,'Kaskazini Pemba','06',1210),(4871,'Kaskazini Unguja','07',1210),(4872,'Xigoma','08',1210),(4873,'Kilimanjaro','09',1210),(4874,'Rusini Pemba','10',1210),(4875,'Kusini Unguja','11',1210),(4876,'Lindi','12',1210),(4877,'Manyara','26',1210),(4878,'Mara','13',1210),(4879,'Mbeya','14',1210),(4880,'Mjini Magharibi','15',1210),(4881,'Morogoro','16',1210),(4882,'Mtwara','17',1210),(4883,'Pwani','19',1210),(4884,'Rukwa','20',1210),(4885,'Ruvuma','21',1210),(4886,'Shinyanga','22',1210),(4887,'Singida','23',1210),(4888,'Tabora','24',1210),(4889,'Tanga','25',1210),(4890,'Cherkas\'ka Oblast\'','71',1224),(4891,'Chernihivs\'ka Oblast\'','74',1224),(4892,'Chernivets\'ka Oblast\'','77',1224),(4893,'Dnipropetrovs\'ka Oblast\'','12',1224),(4894,'Donets\'ka Oblast\'','14',1224),(4895,'Ivano-Frankivs\'ka Oblast\'','26',1224),(4896,'Kharkivs\'ka Oblast\'','63',1224),(4897,'Khersons\'ka Oblast\'','65',1224),(4898,'Khmel\'nyts\'ka Oblast\'','68',1224),(4899,'Kirovohrads\'ka Oblast\'','35',1224),(4900,'Kyivs\'ka Oblast\'','32',1224),(4901,'Luhans\'ka Oblast\'','09',1224),(4902,'L\'vivs\'ka Oblast\'','46',1224),(4903,'Mykolaivs\'ka Oblast\'','48',1224),(4904,'Odes \'ka Oblast\'','51',1224),(4905,'Poltavs\'ka Oblast\'','53',1224),(4906,'Rivnens\'ka Oblast\'','56',1224),(4907,'Sums \'ka Oblast\'','59',1224),(4908,'Ternopil\'s\'ka Oblast\'','61',1224),(4909,'Vinnyts\'ka Oblast\'','05',1224),(4910,'Volyos\'ka Oblast\'','07',1224),(4911,'Zakarpats\'ka Oblast\'','21',1224),(4912,'Zaporiz\'ka Oblast\'','23',1224),(4913,'Zhytomyrs\'ka Oblast\'','18',1224),(4914,'Respublika Krym','43',1224),(4915,'Kyiv','30',1224),(4916,'Sevastopol','40',1224),(4917,'Adjumani','301',1223),(4918,'Apac','302',1223),(4919,'Arua','303',1223),(4920,'Bugiri','201',1223),(4921,'Bundibugyo','401',1223),(4922,'Bushenyi','402',1223),(4923,'Busia','202',1223),(4924,'Gulu','304',1223),(4925,'Hoima','403',1223),(4926,'Iganga','203',1223),(4927,'Jinja','204',1223),(4928,'Kabale','404',1223),(4929,'Kabarole','405',1223),(4930,'Kaberamaido','213',1223),(4931,'Kalangala','101',1223),(4932,'Kampala','102',1223),(4933,'Kamuli','205',1223),(4934,'Kamwenge','413',1223),(4935,'Kanungu','414',1223),(4936,'Kapchorwa','206',1223),(4937,'Kasese','406',1223),(4938,'Katakwi','207',1223),(4939,'Kayunga','112',1223),(4940,'Kibaale','407',1223),(4941,'Kiboga','103',1223),(4942,'Kisoro','408',1223),(4943,'Kitgum','305',1223),(4944,'Kotido','306',1223),(4945,'Kumi','208',1223),(4946,'Kyenjojo','415',1223),(4947,'Lira','307',1223),(4948,'Luwero','104',1223),(4949,'Masaka','105',1223),(4950,'Masindi','409',1223),(4951,'Mayuge','214',1223),(4952,'Mbale','209',1223),(4953,'Mbarara','410',1223),(4954,'Moroto','308',1223),(4955,'Moyo','309',1223),(4956,'Mpigi','106',1223),(4957,'Mubende','107',1223),(4958,'Mukono','108',1223),(4959,'Nakapiripirit','311',1223),(4960,'Nakasongola','109',1223),(4961,'Nebbi','310',1223),(4962,'Ntungamo','411',1223),(4963,'Pader','312',1223),(4964,'Pallisa','210',1223),(4965,'Rakai','110',1223),(4966,'Rukungiri','412',1223),(4967,'Sembabule','111',1223),(4968,'Sironko','215',1223),(4969,'Soroti','211',1223),(4970,'Tororo','212',1223),(4971,'Wakiso','113',1223),(4972,'Yumbe','313',1223),(4973,'Baker Island','81',1227),(4974,'Howland Island','84',1227),(4975,'Jarvis Island','86',1227),(4976,'Johnston Atoll','67',1227),(4977,'Kingman Reef','89',1227),(4978,'Midway Islands','71',1227),(4979,'Navassa Island','76',1227),(4980,'Palmyra Atoll','95',1227),(4981,'Wake Ialand','79',1227),(4982,'Artigsa','AR',1229),(4983,'Canelones','CA',1229),(4984,'Cerro Largo','CL',1229),(4985,'Colonia','CO',1229),(4986,'Durazno','DU',1229),(4987,'Flores','FS',1229),(4988,'Lavalleja','LA',1229),(4989,'Maldonado','MA',1229),(4990,'Montevideo','MO',1229),(4991,'Paysandu','PA',1229),(4992,'Rivera','RV',1229),(4993,'Rocha','RO',1229),(4994,'Salto','SA',1229),(4995,'Soriano','SO',1229),(4996,'Tacuarembo','TA',1229),(4997,'Treinta y Tres','TT',1229),(4998,'Toshkent (city)','TK',1230),(4999,'Qoraqalpogiston Respublikasi','QR',1230),(5000,'Andijon','AN',1230),(5001,'Buxoro','BU',1230),(5002,'Farg\'ona','FA',1230),(5003,'Jizzax','JI',1230),(5004,'Khorazm','KH',1230),(5005,'Namangan','NG',1230),(5006,'Navoiy','NW',1230),(5007,'Qashqadaryo','QA',1230),(5008,'Samarqand','SA',1230),(5009,'Sirdaryo','SI',1230),(5010,'Surxondaryo','SU',1230),(5011,'Toshkent','TO',1230),(5012,'Xorazm','XO',1230),(5013,'Diatrito Federal','A',1232),(5014,'Anzoategui','B',1232),(5015,'Apure','C',1232),(5016,'Aragua','D',1232),(5017,'Barinas','E',1232),(5018,'Carabobo','G',1232),(5019,'Cojedes','H',1232),(5020,'Falcon','I',1232),(5021,'Guarico','J',1232),(5022,'Lara','K',1232),(5023,'Merida','L',1232),(5024,'Miranda','M',1232),(5025,'Monagas','N',1232),(5026,'Nueva Esparta','O',1232),(5027,'Portuguesa','P',1232),(5028,'Tachira','S',1232),(5029,'Trujillo','T',1232),(5030,'Vargas','X',1232),(5031,'Yaracuy','U',1232),(5032,'Zulia','V',1232),(5033,'Delta Amacuro','Y',1232),(5034,'Dependencias Federales','W',1232),(5035,'An Giang','44',1233),(5036,'Ba Ria - Vung Tau','43',1233),(5037,'Bac Can','53',1233),(5038,'Bac Giang','54',1233),(5039,'Bac Lieu','55',1233),(5040,'Bac Ninh','56',1233),(5041,'Ben Tre','50',1233),(5042,'Binh Dinh','31',1233),(5043,'Binh Duong','57',1233),(5044,'Binh Phuoc','58',1233),(5045,'Binh Thuan','40',1233),(5046,'Ca Mau','59',1233),(5047,'Can Tho','48',1233),(5048,'Cao Bang','04',1233),(5049,'Da Nang, thanh pho','60',1233),(5050,'Dong Nai','39',1233),(5051,'Dong Thap','45',1233),(5052,'Gia Lai','30',1233),(5053,'Ha Giang','03',1233),(5054,'Ha Nam','63',1233),(5055,'Ha Noi, thu do','64',1233),(5056,'Ha Tay','15',1233),(5057,'Ha Tinh','23',1233),(5058,'Hai Duong','61',1233),(5059,'Hai Phong, thanh pho','62',1233),(5060,'Hoa Binh','14',1233),(5061,'Ho Chi Minh, thanh pho [Sai Gon]','65',1233),(5062,'Hung Yen','66',1233),(5063,'Khanh Hoa','34',1233),(5064,'Kien Giang','47',1233),(5065,'Kon Tum','28',1233),(5066,'Lai Chau','01',1233),(5067,'Lam Dong','35',1233),(5068,'Lang Son','09',1233),(5069,'Lao Cai','02',1233),(5070,'Long An','41',1233),(5071,'Nam Dinh','67',1233),(5072,'Nghe An','22',1233),(5073,'Ninh Binh','18',1233),(5074,'Ninh Thuan','36',1233),(5075,'Phu Tho','68',1233),(5076,'Phu Yen','32',1233),(5077,'Quang Binh','24',1233),(5078,'Quang Nam','27',1233),(5079,'Quang Ngai','29',1233),(5080,'Quang Ninh','13',1233),(5081,'Quang Tri','25',1233),(5082,'Soc Trang','52',1233),(5083,'Son La','05',1233),(5084,'Tay Ninh','37',1233),(5085,'Thai Binh','20',1233),(5086,'Thai Nguyen','69',1233),(5087,'Thanh Hoa','21',1233),(5088,'Thua Thien-Hue','26',1233),(5089,'Tien Giang','46',1233),(5090,'Tra Vinh','51',1233),(5091,'Tuyen Quang','07',1233),(5092,'Vinh Long','49',1233),(5093,'Vinh Phuc','70',1233),(5094,'Yen Bai','06',1233),(5095,'Malampa','MAP',1231),(5096,'Penama','PAM',1231),(5097,'Sanma','SAM',1231),(5098,'Shefa','SEE',1231),(5099,'Tafea','TAE',1231),(5100,'Torba','TOB',1231),(5101,'A\'ana','AA',1185),(5102,'Aiga-i-le-Tai','AL',1185),(5103,'Atua','AT',1185),(5104,'Fa\'aaaleleaga','FA',1185),(5105,'Gaga\'emauga','GE',1185),(5106,'Gagaifomauga','GI',1185),(5107,'Palauli','PA',1185),(5108,'Satupa\'itea','SA',1185),(5109,'Tuamasaga','TU',1185),(5110,'Va\'a-o-Fonoti','VF',1185),(5111,'Vaisigano','VS',1185),(5112,'Crna Gora','CG',1243),(5113,'Srbija','SR',1242),(5114,'Kosovo-Metohija','KM',1242),(5115,'Vojvodina','VO',1242),(5116,'Abyan','AB',1237),(5117,'Adan','AD',1237),(5118,'Ad Dali','DA',1237),(5119,'Al Bayda\'','BA',1237),(5120,'Al Hudaydah','MU',1237),(5121,'Al Mahrah','MR',1237),(5122,'Al Mahwit','MW',1237),(5123,'Amran','AM',1237),(5124,'Dhamar','DH',1237),(5125,'Hadramawt','HD',1237),(5126,'Hajjah','HJ',1237),(5127,'Ibb','IB',1237),(5128,'Lahij','LA',1237),(5129,'Ma\'rib','MA',1237),(5130,'Sa\'dah','SD',1237),(5131,'San\'a\'','SN',1237),(5132,'Shabwah','SH',1237),(5133,'Ta\'izz','TA',1237),(5134,'Eastern Cape','EC',1196),(5135,'Free State','FS',1196),(5136,'Gauteng','GT',1196),(5137,'Kwazulu-Natal','NL',1196),(5138,'Mpumalanga','MP',1196),(5139,'Northern Cape','NC',1196),(5140,'Limpopo','NP',1196),(5141,'Western Cape','WC',1196),(5142,'Copperbelt','08',1239),(5143,'Luapula','04',1239),(5144,'Lusaka','09',1239),(5145,'North-Western','06',1239),(5146,'Bulawayo','BU',1240),(5147,'Harare','HA',1240),(5148,'Manicaland','MA',1240),(5149,'Mashonaland Central','MC',1240),(5150,'Mashonaland East','ME',1240),(5151,'Mashonaland West','MW',1240),(5152,'Masvingo','MV',1240),(5153,'Matabeleland North','MN',1240),(5154,'Matabeleland South','MS',1240),(5155,'Midlands','MI',1240),(5156,'South Karelia','SK',1075),(5157,'South Ostrobothnia','SO',1075),(5158,'Etel-Savo','ES',1075),(5159,'Hme','HH',1075),(5160,'It-Uusimaa','IU',1075),(5161,'Kainuu','KA',1075),(5162,'Central Ostrobothnia','CO',1075),(5163,'Central Finland','CF',1075),(5164,'Kymenlaakso','KY',1075),(5165,'Lapland','LA',1075),(5166,'Tampere Region','TR',1075),(5167,'Ostrobothnia','OB',1075),(5168,'North Karelia','NK',1075),(5169,'Nothern Ostrobothnia','NO',1075),(5170,'Northern Savo','NS',1075),(5171,'Pijt-Hme','PH',1075),(5172,'Satakunta','SK',1075),(5173,'Uusimaa','UM',1075),(5174,'South-West Finland','SW',1075),(5175,'land','AL',1075),(5176,'Limburg','LI',1152),(5177,'Central and Western','CW',1098),(5178,'Eastern','EA',1098),(5179,'Southern','SO',1098),(5180,'Wan Chai','WC',1098),(5181,'Kowloon City','KC',1098),(5182,'Kwun Tong','KU',1098),(5183,'Sham Shui Po','SS',1098),(5184,'Wong Tai Sin','WT',1098),(5185,'Yau Tsim Mong','YT',1098),(5186,'Islands','IS',1098),(5187,'Kwai Tsing','KI',1098),(5188,'North','NO',1098),(5189,'Sai Kung','SK',1098),(5190,'Sha Tin','ST',1098),(5191,'Tai Po','TP',1098),(5192,'Tsuen Wan','TW',1098),(5193,'Tuen Mun','TM',1098),(5194,'Yuen Long','YL',1098),(5195,'Manchester','MR',1108),(5196,'Al Manmah (Al imah)','13',1016),(5197,'Al Janbyah','14',1016),(5199,'Al Wus','16',1016),(5200,'Ash Shamlyah','17',1016),(5201,'Jenin','_A',1165),(5202,'Tubas','_B',1165),(5203,'Tulkarm','_C',1165),(5204,'Nablus','_D',1165),(5205,'Qalqilya','_E',1165),(5206,'Salfit','_F',1165),(5207,'Ramallah and Al-Bireh','_G',1165),(5208,'Jericho','_H',1165),(5209,'Jerusalem','_I',1165),(5210,'Bethlehem','_J',1165),(5211,'Hebron','_K',1165),(5212,'North Gaza','_L',1165),(5213,'Gaza','_M',1165),(5214,'Deir el-Balah','_N',1165),(5215,'Khan Yunis','_O',1165),(5216,'Rafah','_P',1165),(5217,'Brussels','BRU',1020),(5218,'Distrito Federal','DIF',1140),(5219,'Taichung City','TXG',1208),(5220,'Kaohsiung City','KHH',1208),(5221,'Taipei City','TPE',1208),(5222,'Chiayi City','CYI',1208),(5223,'Hsinchu City','HSZ',1208),(5224,'Tainan City','TNN',1208),(9000,'North West','NW',1196),(9986,'Tyne and Wear','TWR',1226),(9988,'Greater Manchester','GTM',1226),(9989,'Co Tyrone','TYR',1226),(9990,'West Yorkshire','WYK',1226),(9991,'South Yorkshire','SYK',1226),(9992,'Merseyside','MSY',1226),(9993,'Berkshire','BRK',1226),(9994,'West Midlands','WMD',1226),(9998,'West Glamorgan','WGM',1226),(9999,'Greater London','LON',1226),(10000,'Carbonia-Iglesias','CI',1107),(10001,'Olbia-Tempio','OT',1107),(10002,'Medio Campidano','VS',1107),(10003,'Ogliastra','OG',1107),(10009,'Jura','39',1076),(10010,'Barletta-Andria-Trani','Bar',1107),(10011,'Fermo','Fer',1107),(10012,'Monza e Brianza','Mon',1107),(10013,'Clwyd','CWD',1226),(10014,'Dyfed','DFD',1226),(10015,'South Glamorgan','SGM',1226),(10016,'Artibonite','AR',1094),(10017,'Centre','CE',1094),(10018,'Nippes','NI',1094),(10019,'Nord','ND',1094),(10020,'La Rioja','F',1010),(10021,'Andorra la Vella','07',1005),(10022,'Canillo','02',1005),(10023,'Encamp','03',1005),(10024,'Escaldes-Engordany','08',1005),(10025,'La Massana','04',1005),(10026,'Ordino','05',1005),(10027,'Sant Julia de Loria','06',1005),(10028,'Abaco Islands','AB',1212),(10029,'Andros Island','AN',1212),(10030,'Berry Islands','BR',1212),(10031,'Eleuthera','EL',1212),(10032,'Grand Bahama','GB',1212),(10033,'Rum Cay','RC',1212),(10034,'San Salvador Island','SS',1212),(10035,'Kongo central','01',1050),(10036,'Kwango','02',1050),(10037,'Kwilu','03',1050),(10038,'Mai-Ndombe','04',1050),(10039,'Kasai','05',1050),(10040,'Lulua','06',1050),(10041,'Lomami','07',1050),(10042,'Sankuru','08',1050),(10043,'Ituri','09',1050),(10044,'Haut-Uele','10',1050),(10045,'Tshopo','11',1050),(10046,'Bas-Uele','12',1050),(10047,'Nord-Ubangi','13',1050),(10048,'Mongala','14',1050),(10049,'Sud-Ubangi','15',1050),(10050,'Tshuapa','16',1050),(10051,'Haut-Lomami','17',1050),(10052,'Lualaba','18',1050),(10053,'Haut-Katanga','19',1050),(10054,'Tanganyika','20',1050),(10055,'Toledo','TO',1198),(10056,'Crdoba','CO',1198),(10057,'Metropolitan Manila','MNL',1170),(10058,'La Paz','LP',1097),(10059,'Yinchuan','YN',1045),(10060,'Shizuishan','SZ',1045),(10061,'Wuzhong','WZ',1045),(10062,'Guyuan','GY',1045),(10063,'Zhongwei','ZW',1045),(10064,'Luxembourg','L',1126);
/*!40000 ALTER TABLE `civicrm_state_province` ENABLE KEYS */;
UNLOCK TABLES;

--
-- Dumping data for table `civicrm_subscription_history`
--

LOCK TABLES `civicrm_subscription_history` WRITE;
/*!40000 ALTER TABLE `civicrm_subscription_history` DISABLE KEYS */;
INSERT INTO `civicrm_subscription_history` (`id`, `contact_id`, `group_id`, `date`, `method`, `status`, `tracking`) VALUES (1,186,2,'2012-07-14 10:59:27','Email','Added',NULL),(2,41,2,'2012-07-01 04:01:14','Email','Added',NULL),(3,15,2,'2012-01-20 09:05:09','Admin','Added',NULL),(4,160,2,'2012-08-02 11:13:27','Email','Added',NULL),(5,195,2,'2011-12-24 04:07:18','Email','Added',NULL),(6,62,2,'2012-06-03 01:20:03','Admin','Added',NULL),(7,85,2,'2012-06-15 07:44:46','Admin','Added',NULL),(8,73,2,'2012-05-16 09:15:03','Email','Added',NULL),(9,159,2,'2012-03-18 06:36:17','Email','Added',NULL),(10,64,2,'2012-06-18 06:55:17','Email','Added',NULL),(11,89,2,'2012-10-14 02:59:12','Email','Added',NULL),(12,120,2,'2012-02-13 07:09:04','Admin','Added',NULL),(13,192,2,'2012-01-19 03:22:06','Admin','Added',NULL),(14,103,2,'2012-12-02 07:34:08','Email','Added',NULL),(15,91,2,'2012-01-30 02:58:18','Email','Added',NULL),(16,148,2,'2012-02-25 11:48:15','Email','Added',NULL),(17,119,2,'2012-04-24 06:16:48','Email','Added',NULL),(18,71,2,'2012-09-06 08:25:00','Admin','Added',NULL),(19,110,2,'2011-12-23 06:38:37','Admin','Added',NULL),(20,30,2,'2012-09-25 04:41:06','Admin','Added',NULL),(21,146,2,'2012-11-06 10:55:14','Email','Added',NULL),(22,24,2,'2012-01-12 05:45:34','Admin','Added',NULL),(23,191,2,'2012-07-19 02:39:57','Email','Added',NULL),(24,197,2,'2012-02-17 08:59:08','Email','Added',NULL),(25,200,2,'2012-10-14 01:09:48','Admin','Added',NULL),(26,51,2,'2012-01-02 09:41:57','Admin','Added',NULL),(27,29,2,'2012-08-08 04:23:45','Admin','Added',NULL),(28,100,2,'2012-02-09 02:34:30','Email','Added',NULL),(29,180,2,'2012-11-20 11:37:31','Email','Added',NULL),(30,6,2,'2012-05-06 12:24:58','Admin','Added',NULL),(31,114,2,'2012-02-25 04:33:44','Email','Added',NULL),(32,57,2,'2012-07-14 05:24:10','Admin','Added',NULL),(33,47,2,'2012-08-27 12:36:42','Admin','Added',NULL),(34,83,2,'2012-11-25 08:51:31','Email','Added',NULL),(35,171,2,'2011-12-20 03:54:40','Admin','Added',NULL),(36,126,2,'2012-11-30 02:34:17','Admin','Added',NULL),(37,177,2,'2012-10-03 09:58:55','Admin','Added',NULL),(38,55,2,'2012-01-21 11:59:53','Admin','Added',NULL),(39,84,2,'2012-01-05 09:40:54','Admin','Added',NULL),(40,27,2,'2012-10-21 03:06:37','Email','Added',NULL),(41,135,2,'2012-07-29 11:15:27','Admin','Added',NULL),(42,101,2,'2012-10-28 06:47:42','Email','Added',NULL),(43,17,2,'2012-10-08 03:36:09','Email','Added',NULL),(44,31,2,'2011-12-15 12:06:21','Admin','Added',NULL),(45,167,2,'2012-04-23 08:24:30','Admin','Added',NULL),(46,13,2,'2012-10-22 05:51:34','Email','Added',NULL),(47,40,2,'2012-05-19 01:45:07','Email','Added',NULL),(48,5,2,'2012-07-20 02:27:23','Email','Added',NULL),(49,153,2,'2012-08-21 04:41:13','Admin','Added',NULL),(50,99,2,'2012-10-22 09:42:42','Admin','Added',NULL),(51,36,2,'2012-10-03 05:57:48','Admin','Added',NULL),(52,22,2,'2012-06-11 02:26:25','Email','Added',NULL),(53,141,2,'2012-02-18 11:35:25','Admin','Added',NULL),(54,42,2,'2012-06-26 02:11:00','Admin','Added',NULL),(55,149,2,'2012-10-06 06:48:52','Admin','Added',NULL),(56,48,2,'2012-08-25 12:45:52','Admin','Added',NULL),(57,118,2,'2012-03-25 03:22:50','Email','Added',NULL),(58,147,2,'2012-08-31 11:32:12','Email','Added',NULL),(59,145,2,'2012-04-30 04:30:06','Admin','Added',NULL),(60,131,2,'2012-01-04 01:29:54','Email','Added',NULL),(61,49,3,'2012-10-23 02:12:26','Admin','Added',NULL),(62,25,3,'2012-08-28 12:52:04','Email','Added',NULL),(63,151,3,'2012-01-14 03:07:10','Admin','Added',NULL),(64,188,3,'2012-03-15 02:45:31','Admin','Added',NULL),(65,176,3,'2012-05-10 10:19:31','Admin','Added',NULL),(66,70,3,'2012-09-27 04:07:43','Admin','Added',NULL),(67,107,3,'2012-07-27 04:49:30','Admin','Added',NULL),(68,112,3,'2012-12-01 07:58:45','Email','Added',NULL),(69,96,3,'2012-07-03 06:45:07','Email','Added',NULL),(70,16,3,'2012-07-14 04:55:11','Admin','Added',NULL),(71,21,3,'2012-06-15 12:43:49','Admin','Added',NULL),(72,132,3,'2012-09-22 06:58:32','Admin','Added',NULL),(73,23,3,'2012-10-27 06:02:40','Admin','Added',NULL),(74,130,3,'2012-11-10 02:23:15','Email','Added',NULL),(75,129,3,'2012-02-13 01:57:48','Admin','Added',NULL),(76,186,4,'2012-06-28 06:00:25','Admin','Added',NULL),(77,73,4,'2012-05-04 12:12:27','Admin','Added',NULL),(78,91,4,'2012-11-18 09:07:33','Email','Added',NULL),(79,24,4,'2012-08-07 10:28:13','Admin','Added',NULL),(80,180,4,'2012-07-25 07:16:50','Email','Added',NULL),(81,126,4,'2012-01-06 01:32:15','Admin','Added',NULL),(82,17,4,'2012-02-01 01:41:18','Email','Added',NULL),(83,99,4,'2012-01-24 06:37:02','Admin','Added',NULL);
/*!40000 ALTER TABLE `civicrm_subscription_history` ENABLE KEYS */;
UNLOCK TABLES;

--
-- Dumping data for table `civicrm_survey`
--

LOCK TABLES `civicrm_survey` WRITE;
/*!40000 ALTER TABLE `civicrm_survey` DISABLE KEYS */;
/*!40000 ALTER TABLE `civicrm_survey` ENABLE KEYS */;
UNLOCK TABLES;

--
-- Dumping data for table `civicrm_tag`
--

LOCK TABLES `civicrm_tag` WRITE;
/*!40000 ALTER TABLE `civicrm_tag` DISABLE KEYS */;
INSERT INTO `civicrm_tag` (`id`, `name`, `description`, `parent_id`, `is_selectable`, `is_reserved`, `is_tagset`, `used_for`, `created_id`, `created_date`) VALUES (1,'Non-profit','Any not-for-profit organization.',NULL,1,0,0,'civicrm_contact',NULL,NULL),(2,'Company','For-profit organization.',NULL,1,0,0,'civicrm_contact',NULL,NULL),(3,'Government Entity','Any governmental entity.',NULL,1,0,0,'civicrm_contact',NULL,NULL),(4,'Major Donor','High-value supporter of our organization.',NULL,1,0,0,'civicrm_contact',NULL,NULL),(5,'Volunteer','Active volunteers.',NULL,1,0,0,'civicrm_contact',NULL,NULL);
/*!40000 ALTER TABLE `civicrm_tag` ENABLE KEYS */;
UNLOCK TABLES;

--
-- Dumping data for table `civicrm_task`
--

LOCK TABLES `civicrm_task` WRITE;
/*!40000 ALTER TABLE `civicrm_task` DISABLE KEYS */;
/*!40000 ALTER TABLE `civicrm_task` ENABLE KEYS */;
UNLOCK TABLES;

--
-- Dumping data for table `civicrm_task_status`
--

LOCK TABLES `civicrm_task_status` WRITE;
/*!40000 ALTER TABLE `civicrm_task_status` DISABLE KEYS */;
/*!40000 ALTER TABLE `civicrm_task_status` ENABLE KEYS */;
UNLOCK TABLES;

--
-- Dumping data for table `civicrm_tell_friend`
--

LOCK TABLES `civicrm_tell_friend` WRITE;
/*!40000 ALTER TABLE `civicrm_tell_friend` DISABLE KEYS */;
INSERT INTO `civicrm_tell_friend` (`id`, `entity_table`, `entity_id`, `title`, `intro`, `suggested_message`, `general_link`, `thankyou_title`, `thankyou_text`, `is_active`) VALUES (1,'civicrm_contribution_page',1,'Tell A Friend','<p>Help us spread the word and leverage the power of your contribution by telling your friends. Use the space below to personalize your email message - let your friends know why you support us. Then fill in the name(s) and email address(es) and click \'Send Your Message\'.</p>','Thought you might be interested in learning about and helping this organization. I think they do important work.',NULL,'Thanks for Spreading the Word','<p><strong>Thanks for telling your friends about us and supporting our efforts. Together we can make a difference.</strong></p>',1),(2,'civicrm_event',1,'Tell A Friend','<p>Help us spread the word about this event. Use the space below to personalize your email message - let your friends know why you\'re attending. Then fill in the name(s) and email address(es) and click \'Send Your Message\'.</p>','Thought you might be interested in checking out this event. I\'m planning on attending.',NULL,'Thanks for Spreading the Word','<p>Thanks for spreading the word about this event to your friends.</p>',1),(3,'civicrm_event',1,'Tell A Friend','<p>Help us spread the word about this event. Use the space below to personalize your email message - let your friends know why you\'re attending. Then fill in the name(s) and email address(es) and click \'Send Your Message\'.</p>','Thought you might be interested in checking out this event. I\'m planning on attending.',NULL,'Thanks for Spreading the Word','<p>Thanks for spreading the word about this event to your friends.</p>',1),(4,'civicrm_event',2,'Tell A Friend','<p>Help us spread the word about this event. Use the space below to personalize your email message - let your friends know why you\'re attending. Then fill in the name(s) and email address(es) and click \'Send Your Message\'.</p>','Thought you might be interested in checking out this event. I\'m planning on attending.',NULL,'Thanks for Spreading the Word','<p>Thanks for spreading the word about this event to your friends.</p>',1),(5,'civicrm_event',3,'Tell A Friend','<p>Help us spread the word about this event. Use the space below to personalize your email message - let your friends know why you\'re attending. Then fill in the name(s) and email address(es) and click \'Send Your Message\'.</p>','Thought you might be interested in checking out this event. I\'m planning on attending.',NULL,'Thanks for Spreading the Word','<p>Thanks for spreading the word about this event to your friends.</p>',1),(6,'civicrm_event',4,'Tell A Friend','<p>Help us spread the word about this event. Use the space below to personalize your email message - let your friends know why you\'re attending. Then fill in the name(s) and email address(es) and click \'Send Your Message\'.</p>','Thought you might be interested in checking out this event. I\'m planning on attending.',NULL,'Thanks for Spreading the Word','<p>Thanks for spreading the word about this event to your friends.</p>',1),(7,'civicrm_event',5,'Tell A Friend','<p>Help us spread the word about this event. Use the space below to personalize your email message - let your friends know why you\'re attending. Then fill in the name(s) and email address(es) and click \'Send Your Message\'.</p>','Thought you might be interested in checking out this event. I\'m planning on attending.',NULL,'Thanks for Spreading the Word','<p>Thanks for spreading the word about this event to your friends.</p>',1),(8,'civicrm_event',6,'Tell A Friend','<p>Help us spread the word about this event. Use the space below to personalize your email message - let your friends know why you\'re attending. Then fill in the name(s) and email address(es) and click \'Send Your Message\'.</p>','Thought you might be interested in checking out this event. I\'m planning on attending.',NULL,'Thanks for Spreading the Word','<p>Thanks for spreading the word about this event to your friends.</p>',1);
/*!40000 ALTER TABLE `civicrm_tell_friend` ENABLE KEYS */;
UNLOCK TABLES;

--
-- Dumping data for table `civicrm_timezone`
--

LOCK TABLES `civicrm_timezone` WRITE;
/*!40000 ALTER TABLE `civicrm_timezone` DISABLE KEYS */;
/*!40000 ALTER TABLE `civicrm_timezone` ENABLE KEYS */;
UNLOCK TABLES;

--
-- Dumping data for table `civicrm_uf_field`
--

LOCK TABLES `civicrm_uf_field` WRITE;
/*!40000 ALTER TABLE `civicrm_uf_field` DISABLE KEYS */;
INSERT INTO `civicrm_uf_field` (`id`, `uf_group_id`, `field_name`, `is_active`, `is_view`, `is_required`, `weight`, `help_post`, `help_pre`, `visibility`, `in_selector`, `is_searchable`, `location_type_id`, `phone_type_id`, `label`, `field_type`, `is_reserved`, `is_multi_summary`) VALUES (1,1,'first_name',1,0,1,1,NULL,NULL,'User and User Admin Only',0,0,NULL,NULL,'First Name','Individual',0,0),(2,1,'last_name',1,0,1,2,NULL,NULL,'User and User Admin Only',0,0,NULL,NULL,'Last Name','Individual',0,0),(3,1,'street_address',1,0,0,3,NULL,NULL,'User and User Admin Only',0,0,1,NULL,'Street Address (Home)','Contact',0,0),(4,1,'city',1,0,0,4,NULL,NULL,'User and User Admin Only',0,0,1,NULL,'City (Home)','Contact',0,0),(5,1,'postal_code',1,0,0,5,NULL,NULL,'User and User Admin Only',0,0,1,NULL,'Postal Code (Home)','Contact',0,0),(6,1,'country',1,0,0,6,NULL,NULL,'User and User Admin Only',0,0,1,NULL,'Country (Home)','Contact',0,0),(7,1,'state_province',1,0,0,7,NULL,NULL,'User and User Admin Only',0,0,1,NULL,'State (Home)','Contact',0,0),(8,2,'first_name',1,0,1,1,NULL,NULL,'User and User Admin Only',0,0,NULL,NULL,'First Name','Individual',0,0),(9,2,'last_name',1,0,1,2,NULL,NULL,'User and User Admin Only',0,0,NULL,NULL,'Last Name','Individual',0,0),(10,2,'email',1,0,1,3,NULL,NULL,'User and User Admin Only',0,0,NULL,NULL,'Email Address','Contact',0,0),(11,3,'participant_status',1,0,1,1,NULL,NULL,'User and User Admin Only',0,0,NULL,NULL,'Participant Status','Participant',1,0),(12,4,'first_name',1,0,1,1,NULL,NULL,'User and User Admin Only',0,0,NULL,NULL,'First Name','Individual',0,0),(13,4,'last_name',1,0,1,2,NULL,NULL,'User and User Admin Only',0,0,NULL,NULL,'Last Name','Individual',0,0),(14,4,'email',1,0,0,3,NULL,NULL,'User and User Admin Only',0,0,NULL,NULL,'Email Address','Contact',0,0),(15,5,'organization_name',1,0,1,2,NULL,NULL,'User and User Admin Only',0,0,NULL,NULL,'Organization Name','Organization',0,0),(16,5,'email',1,0,0,3,NULL,NULL,'User and User Admin Only',0,0,NULL,NULL,'Email Address','Contact',0,0),(17,6,'household_name',1,0,1,2,NULL,NULL,'User and User Admin Only',0,0,NULL,NULL,'Household Name','Household',0,0),(18,6,'email',1,0,0,3,NULL,NULL,'User and User Admin Only',0,0,NULL,NULL,'Email Address','Contact',0,0),(19,7,'phone',1,0,1,1,NULL,NULL,'User and User Admin Only',0,0,1,1,'Home Phone','Contact',0,0),(20,7,'phone',1,0,1,2,NULL,NULL,'User and User Admin Only',0,0,1,2,'Home Mobile','Contact',0,0),(21,7,'street_address',1,0,1,3,NULL,NULL,'User and User Admin Only',0,0,NULL,NULL,'Primary Address','Contact',0,0),(22,7,'city',1,0,1,4,NULL,NULL,'User and User Admin Only',0,0,NULL,NULL,'City','Contact',0,0),(23,7,'state_province',1,0,1,5,NULL,NULL,'User and User Admin Only',0,0,NULL,NULL,'State','Contact',0,0),(24,7,'postal_code',1,0,1,6,NULL,NULL,'User and User Admin Only',0,0,NULL,NULL,'Postal Code','Contact',0,0),(25,7,'email',1,0,1,7,NULL,NULL,'User and User Admin Only',0,0,NULL,NULL,'Primary Email','Contact',0,0),(26,7,'group',1,0,1,8,NULL,NULL,'User and User Admin Only',0,0,NULL,NULL,'Groups','Contact',0,0),(27,7,'tag',1,0,1,9,NULL,NULL,'User and User Admin Only',0,0,NULL,NULL,'Tags','Contact',0,0),(28,7,'gender',1,0,1,10,NULL,NULL,'User and User Admin Only',0,0,NULL,NULL,'Gender','Individual',0,0),(29,7,'birth_date',1,0,1,11,NULL,NULL,'User and User Admin Only',0,0,NULL,NULL,'Date of Birth','Individual',0,0),(30,8,'street_address',1,0,1,1,NULL,NULL,'User and User Admin Only',0,0,1,NULL,'Street Address (Home)','Contact',1,0),(31,8,'city',1,0,1,2,NULL,NULL,'User and User Admin Only',0,0,1,NULL,'City (Home)','Contact',1,0),(32,8,'postal_code',1,0,0,3,NULL,NULL,'User and User Admin Only',0,0,1,NULL,'Postal Code (Home)','Contact',0,0),(33,8,'country',1,0,0,4,NULL,NULL,'User and User Admin Only',0,0,1,NULL,'Country (Home)','Contact',0,0),(34,8,'state_province',1,0,0,5,NULL,NULL,'User and User Admin Only',0,0,1,NULL,'State (Home)','Contact',0,0),(35,9,'organization_name',1,0,1,1,NULL,NULL,'User and User Admin Only',0,0,NULL,NULL,'Organization Name','Organization',0,0),(36,9,'phone',1,0,1,2,NULL,NULL,'User and User Admin Only',0,0,3,1,'Phone (Main) ','Contact',0,0),(37,9,'email',1,0,1,3,NULL,NULL,'User and User Admin Only',0,0,3,NULL,'Email (Main) ','Contact',0,0),(38,9,'street_address',1,0,1,4,NULL,NULL,'User and User Admin Only',0,0,3,NULL,'Street Address','Contact',0,0),(39,9,'city',1,0,1,5,NULL,NULL,'User and User Admin Only',0,0,3,NULL,'City','Contact',0,0),(40,9,'postal_code',1,0,1,6,NULL,NULL,'User and User Admin Only',0,0,3,NULL,'Postal Code','Contact',0,0),(41,9,'country',1,0,1,7,NULL,NULL,'User and User Admin Only',0,0,3,NULL,'Country','Contact',0,0),(42,9,'state_province',1,0,1,8,NULL,NULL,'User and User Admin Only',0,0,3,NULL,'State / Province','Contact',0,0),(43,10,'financial_type',1,0,1,1,NULL,NULL,'User and User Admin Only',0,0,NULL,NULL,'Type','Contribution',1,0),(44,10,'total_amount',1,0,1,2,NULL,NULL,'User and User Admin Only',0,0,NULL,NULL,'Amount','Contribution',1,0),(45,10,'contribution_status_id',1,0,1,3,NULL,NULL,'User and User Admin Only',0,0,NULL,NULL,'Status','Contribution',1,0),(46,10,'receive_date',1,0,1,4,NULL,NULL,'User and User Admin Only',0,0,NULL,NULL,'Received','Contribution',1,0),(47,10,'contribution_source',1,0,0,5,NULL,NULL,'User and User Admin Only',0,0,NULL,NULL,'Source','Contribution',0,0),(48,10,'payment_instrument',1,0,0,6,NULL,NULL,'User and User Admin Only',0,0,NULL,NULL,'Paid By','Contribution',0,0),(49,10,'check_number',1,0,0,7,NULL,NULL,'User and User Admin Only',0,0,NULL,NULL,'Check Number','Contribution',0,0),(50,10,'send_receipt',1,0,0,8,NULL,NULL,'User and User Admin Only',0,0,NULL,NULL,'Send Receipt','Contribution',0,0),(51,10,'invoice_id',1,0,0,9,NULL,NULL,'User and User Admin Only',0,0,NULL,NULL,'Invoice ID','Contribution',0,0),(52,11,'membership_type',1,0,1,1,NULL,NULL,'User and User Admin Only',0,0,NULL,NULL,'Type','Membership',1,0),(53,11,'join_date',1,0,1,2,NULL,NULL,'User and User Admin Only',0,0,NULL,NULL,'Member Since','Membership',1,0),(54,11,'membership_start_date',1,0,0,3,NULL,NULL,'User and User Admin Only',0,0,NULL,NULL,'Start Date','Membership',1,0),(55,11,'membership_end_date',1,0,0,4,NULL,NULL,'User and User Admin Only',0,0,NULL,NULL,'End Date','Membership',1,0),(56,11,'membership_source',1,0,0,5,NULL,NULL,'User and User Admin Only',0,0,NULL,NULL,'Source','Membership',0,0),(57,11,'send_receipt',1,0,0,6,NULL,NULL,'User and User Admin Only',0,0,NULL,NULL,'Send Receipt','Membership',0,0),(58,11,'financial_type',1,0,1,7,NULL,NULL,'User and User Admin Only',0,0,NULL,NULL,'Financial Type','Membership',1,0),(59,11,'total_amount',1,0,1,8,NULL,NULL,'User and User Admin Only',0,0,NULL,NULL,'Amount','Membership',1,0),(60,11,'receive_date',1,0,1,9,NULL,NULL,'User and User Admin Only',0,0,NULL,NULL,'Received','Membership',1,0),(61,11,'payment_instrument',1,0,0,10,NULL,NULL,'User and User Admin Only',0,0,NULL,NULL,'Paid By','Membership',0,0),(62,11,'check_number',1,0,0,11,NULL,NULL,'User and User Admin Only',0,0,NULL,NULL,'Check Number','Membership',0,0),(63,11,'contribution_status_id',1,0,1,12,NULL,NULL,'User and User Admin Only',0,0,NULL,NULL,'Payment Status','Membership',1,0),(64,12,'email',1,0,1,1,NULL,NULL,'User and User Admin Only',0,0,NULL,NULL,'Email Address','Contact',0,0);
/*!40000 ALTER TABLE `civicrm_uf_field` ENABLE KEYS */;
UNLOCK TABLES;

--
-- Dumping data for table `civicrm_uf_group`
--

LOCK TABLES `civicrm_uf_group` WRITE;
/*!40000 ALTER TABLE `civicrm_uf_group` DISABLE KEYS */;
INSERT INTO `civicrm_uf_group` (`id`, `is_active`, `group_type`, `title`, `help_pre`, `help_post`, `limit_listings_group_id`, `post_URL`, `add_to_group_id`, `add_captcha`, `is_map`, `is_edit_link`, `is_uf_link`, `is_update_dupe`, `cancel_URL`, `is_cms_user`, `notify`, `is_reserved`, `name`, `created_id`, `created_date`, `is_proximity_search`) VALUES (1,1,'Individual,Contact','Name and Address',NULL,NULL,NULL,NULL,NULL,0,0,0,0,0,NULL,0,NULL,0,'name_and_address',NULL,NULL,0),(2,1,'Individual,Contact','Supporter Profile',NULL,'<p><strong>The information you provide will NOT be shared with any third party organisations.</strong></p><p>Thank you for getting involved in our campaign!</p>',NULL,NULL,NULL,0,0,0,0,0,NULL,2,NULL,0,'supporter_profile',NULL,NULL,0),(3,1,'Participant','Participant Status',NULL,NULL,NULL,NULL,NULL,0,0,0,0,0,NULL,0,NULL,1,'participant_status',NULL,NULL,0),(4,1,'Individual,Contact','New Individual',NULL,NULL,NULL,NULL,NULL,0,0,0,0,0,NULL,0,NULL,1,'new_individual',NULL,NULL,0),(5,1,'Organization,Contact','New Organization',NULL,NULL,NULL,NULL,NULL,0,0,0,0,0,NULL,0,NULL,1,'new_organization',NULL,NULL,0),(6,1,'Household,Contact','New Household',NULL,NULL,NULL,NULL,NULL,0,0,0,0,0,NULL,0,NULL,1,'new_household',NULL,NULL,0),(7,1,'Contact','Summary Overlay',NULL,NULL,NULL,NULL,NULL,0,0,0,0,0,NULL,0,NULL,1,'summary_overlay',NULL,NULL,0),(8,1,'Contact','Shared Address',NULL,NULL,NULL,NULL,NULL,0,0,0,0,0,NULL,0,NULL,1,'shared_address',NULL,NULL,0),(9,1,'Contact,Organization,Contribution,Membership','On Behalf Of Organization',NULL,NULL,NULL,NULL,NULL,0,0,0,0,0,NULL,0,NULL,1,'on_behalf_organization',NULL,NULL,0),(10,1,'Contribution','Contribution Bulk Entry',NULL,NULL,NULL,NULL,NULL,0,0,0,0,0,NULL,0,NULL,1,'contribution_batch_entry',NULL,NULL,0),(11,1,'Membership','Membership Bulk Entry',NULL,NULL,NULL,NULL,NULL,0,0,0,0,0,NULL,0,NULL,1,'membership_batch_entry',NULL,NULL,0),(12,1,'Individual, Contact','Your Registration Info',NULL,NULL,NULL,NULL,NULL,0,0,0,0,0,NULL,0,NULL,0,'event_registration',NULL,NULL,0);
/*!40000 ALTER TABLE `civicrm_uf_group` ENABLE KEYS */;
UNLOCK TABLES;

--
-- Dumping data for table `civicrm_uf_join`
--

LOCK TABLES `civicrm_uf_join` WRITE;
/*!40000 ALTER TABLE `civicrm_uf_join` DISABLE KEYS */;
INSERT INTO `civicrm_uf_join` (`id`, `is_active`, `module`, `entity_table`, `entity_id`, `weight`, `uf_group_id`) VALUES (1,1,'User Registration',NULL,NULL,1,1),(2,1,'User Account',NULL,NULL,1,1),(3,1,'Profile',NULL,NULL,1,1),(4,1,'Profile',NULL,NULL,2,2),(5,1,'Profile',NULL,NULL,3,4),(6,1,'Profile',NULL,NULL,4,5),(7,1,'Profile',NULL,NULL,5,6),(8,1,'Profile',NULL,NULL,6,7),(9,1,'Profile',NULL,NULL,7,8),(10,1,'Profile',NULL,NULL,8,9),(11,1,'Profile',NULL,NULL,9,10),(12,1,'Profile',NULL,NULL,9,11),(13,1,'Profile',NULL,NULL,9,12),(14,1,'CiviEvent','civicrm_event',1,1,12),(15,1,'CiviEvent','civicrm_event',2,1,12),(16,1,'CiviEvent','civicrm_event',3,1,12),(17,1,'CiviEvent','civicrm_event',4,1,12),(18,1,'CiviEvent','civicrm_event',5,1,12),(19,1,'CiviEvent','civicrm_event',6,1,12);
/*!40000 ALTER TABLE `civicrm_uf_join` ENABLE KEYS */;
UNLOCK TABLES;

--
-- Dumping data for table `civicrm_uf_match`
--

LOCK TABLES `civicrm_uf_match` WRITE;
/*!40000 ALTER TABLE `civicrm_uf_match` DISABLE KEYS */;
/*!40000 ALTER TABLE `civicrm_uf_match` ENABLE KEYS */;
UNLOCK TABLES;

--
-- Dumping data for table `civicrm_website`
--

LOCK TABLES `civicrm_website` WRITE;
/*!40000 ALTER TABLE `civicrm_website` DISABLE KEYS */;
INSERT INTO `civicrm_website` (`id`, `contact_id`, `url`, `website_type_id`) VALUES (1,113,'http://ncculturefellowship.org',1),(2,56,'http://progressivepartnership.org',1),(3,81,'http://arkansasdevelopment.org',1),(4,75,'http://prsportspartnership.org',1),(5,172,'http://ohionetwork.org',1),(6,4,'http://cadelldevelopmentpartnership.org',1),(7,77,'http://sierrasustainability.org',1),(8,127,'http://naplesservices.org',1),(9,198,'http://dowlenarts.org',1),(10,26,'http://jacksonfellowship.org',1),(11,142,'http://dillsburgdevelopmenttrust.org',1),(12,18,'http://idahosolutions.org',1),(13,59,'http://grhealthinitiative.org',1),(14,165,'http://collegeculture.org',1);
/*!40000 ALTER TABLE `civicrm_website` ENABLE KEYS */;
UNLOCK TABLES;
/*!50003 SET @saved_cs_client      = @@character_set_client */ ;
/*!50003 SET @saved_cs_results     = @@character_set_results */ ;
/*!50003 SET @saved_col_connection = @@collation_connection */ ;
/*!50003 SET character_set_client  = utf8 */ ;
/*!50003 SET character_set_results = utf8 */ ;
/*!50003 SET collation_connection  = utf8_general_ci */ ;
/*!50003 SET @saved_sql_mode       = @@sql_mode */ ;
/*!50003 SET sql_mode              = 'STRICT_TRANS_TABLES' */ ;
DELIMITER ;;
/*!50003 CREATE*/ /*!50017 DEFINER=`root`@`localhost`*/ /*!50003 TRIGGER civicrm_website_after_insert after insert ON civicrm_website FOR EACH ROW BEGIN  
UPDATE civicrm_contact SET modified_date = CURRENT_TIMESTAMP WHERE id = NEW.contact_id;
 END */;;
DELIMITER ;
/*!50003 SET sql_mode              = @saved_sql_mode */ ;
/*!50003 SET character_set_client  = @saved_cs_client */ ;
/*!50003 SET character_set_results = @saved_cs_results */ ;
/*!50003 SET collation_connection  = @saved_col_connection */ ;
/*!50003 SET @saved_cs_client      = @@character_set_client */ ;
/*!50003 SET @saved_cs_results     = @@character_set_results */ ;
/*!50003 SET @saved_col_connection = @@collation_connection */ ;
/*!50003 SET character_set_client  = utf8 */ ;
/*!50003 SET character_set_results = utf8 */ ;
/*!50003 SET collation_connection  = utf8_general_ci */ ;
/*!50003 SET @saved_sql_mode       = @@sql_mode */ ;
/*!50003 SET sql_mode              = 'STRICT_TRANS_TABLES' */ ;
DELIMITER ;;
/*!50003 CREATE*/ /*!50017 DEFINER=`root`@`localhost`*/ /*!50003 TRIGGER civicrm_website_after_update after update ON civicrm_website FOR EACH ROW BEGIN  
UPDATE civicrm_contact SET modified_date = CURRENT_TIMESTAMP WHERE id = NEW.contact_id;
 END */;;
DELIMITER ;
/*!50003 SET sql_mode              = @saved_sql_mode */ ;
/*!50003 SET character_set_client  = @saved_cs_client */ ;
/*!50003 SET character_set_results = @saved_cs_results */ ;
/*!50003 SET collation_connection  = @saved_col_connection */ ;
/*!50003 SET @saved_cs_client      = @@character_set_client */ ;
/*!50003 SET @saved_cs_results     = @@character_set_results */ ;
/*!50003 SET @saved_col_connection = @@collation_connection */ ;
/*!50003 SET character_set_client  = utf8 */ ;
/*!50003 SET character_set_results = utf8 */ ;
/*!50003 SET collation_connection  = utf8_general_ci */ ;
/*!50003 SET @saved_sql_mode       = @@sql_mode */ ;
/*!50003 SET sql_mode              = 'STRICT_TRANS_TABLES' */ ;
DELIMITER ;;
/*!50003 CREATE*/ /*!50017 DEFINER=`root`@`localhost`*/ /*!50003 TRIGGER civicrm_website_after_delete after delete ON civicrm_website FOR EACH ROW BEGIN  
UPDATE civicrm_contact SET modified_date = CURRENT_TIMESTAMP WHERE id = OLD.contact_id;
 END */;;
DELIMITER ;
/*!50003 SET sql_mode              = @saved_sql_mode */ ;
/*!50003 SET character_set_client  = @saved_cs_client */ ;
/*!50003 SET character_set_results = @saved_cs_results */ ;
/*!50003 SET collation_connection  = @saved_col_connection */ ;

--
-- Dumping data for table `civicrm_worldregion`
--

LOCK TABLES `civicrm_worldregion` WRITE;
/*!40000 ALTER TABLE `civicrm_worldregion` DISABLE KEYS */;
INSERT INTO `civicrm_worldregion` (`id`, `name`) VALUES (1,'Europe and Central Asia'),(2,'America South, Central, North and Caribbean'),(3,'Middle East and North Africa'),(4,'Asia-Pacific'),(5,'Africa West, East, Central and Southern'),(99,'unassigned');
/*!40000 ALTER TABLE `civicrm_worldregion` ENABLE KEYS */;
UNLOCK TABLES;
/*!40103 SET TIME_ZONE=@OLD_TIME_ZONE */;

/*!40101 SET SQL_MODE=@OLD_SQL_MODE */;
/*!40014 SET FOREIGN_KEY_CHECKS=@OLD_FOREIGN_KEY_CHECKS */;
/*!40014 SET UNIQUE_CHECKS=@OLD_UNIQUE_CHECKS */;
/*!40101 SET CHARACTER_SET_CLIENT=@OLD_CHARACTER_SET_CLIENT */;
/*!40101 SET CHARACTER_SET_RESULTS=@OLD_CHARACTER_SET_RESULTS */;
/*!40101 SET COLLATION_CONNECTION=@OLD_COLLATION_CONNECTION */;
/*!40111 SET SQL_NOTES=@OLD_SQL_NOTES */;

-- Dump completed on 2012-12-04 14:37:11
-- +--------------------------------------------------------------------+
-- | CiviCRM version 3.4                                                |
-- +--------------------------------------------------------------------+
-- | Copyright CiviCRM LLC (c) 2004-2010                                |
-- +--------------------------------------------------------------------+
-- | This file is a part of CiviCRM.                                    |
-- |                                                                    |
-- | CiviCRM is free software; you can copy, modify, and distribute it  |
-- | under the terms of the GNU Affero General Public License           |
-- | Version 3, 19 November 2007 and the CiviCRM Licensing Exception.   |
-- |                                                                    |
-- | CiviCRM is distributed in the hope that it will be useful, but     |
-- | WITHOUT ANY WARRANTY; without even the implied warranty of         |
-- | MERCHANTABILITY or FITNESS FOR A PARTICULAR PURPOSE.               |
-- | See the GNU Affero General Public License for more details.        |
-- |                                                                    |
-- | You should have received a copy of the GNU Affero General Public   |
-- | License and the CiviCRM Licensing Exception along                  |
-- | with this program; if not, contact CiviCRM LLC                     |
-- | at info[AT]civicrm[DOT]org. If you have questions about the        |
-- | GNU Affero General Public License or the licensing of CiviCRM,     |
-- | see the CiviCRM license FAQ at http://civicrm.org/licensing        |
-- +--------------------------------------------------------------------+


-- /*******************************************************
-- *
-- * Sample Custom Data  
-- *
-- *******************************************************/

-- /*******************************************************
-- *
-- * create custom group
-- *
-- *******************************************************/
INSERT INTO `civicrm_custom_group` (`name`, `title`, `extends`, `style`, `collapse_display`, `help_pre`, `weight`, `is_active`, `table_name`, `is_multiple`) VALUES ( 'constituent_information', 'Constituent Information', 'Individual', 'Inline', 1, 'Please enter additional constituent information as data becomes available for this contact.', 1, 1,'civicrm_value_constituent_information_1', 0);



-- /*******************************************************
-- *
-- * create option group for storing custom options for custom fields
-- *
-- *******************************************************/
INSERT INTO  `civicrm_option_group` (`name`, `title`, `is_reserved`, `is_active`) VALUES ('custom_most_important_issue', 'Most Important Issue', 1, 1), ( 'custom_marital_status', 'Marital Status', 1, 1);

SELECT @option_most_id    := max(id) from civicrm_option_group where name = 'custom_most_important_issue';
SELECT @option_marital_id := max(id) from civicrm_option_group where name = 'custom_marital_status';



-- /*******************************************************
-- *
-- * create option values (custom options for custom fields)
-- *
-- *******************************************************/
INSERT INTO `civicrm_option_value` (`option_group_id`, `label`, `value`, `weight`, `is_active`, `is_default`) VALUES (@option_most_id   , 'Education', 'Edu', 1, 1,0), (@option_most_id   , 'Environment', 'Env', 2, 1,0), (@option_most_id   , 'Social Justice', 'SocJus', 3, 1,0),(@option_marital_id, 'Single', 'S', 1, 1,0),(@option_marital_id, 'Married', 'M', 2, 1,0), (@option_marital_id, 'Domestic Partner', 'D', 3, 1,0), (@option_marital_id, 'Widowed', 'W', 4, 1,0), (@option_marital_id, 'Other', 'O', 5, 1,0);


-- /*******************************************************
-- *
-- * create custom field
-- *
-- *******************************************************/
INSERT INTO `civicrm_custom_field` (`custom_group_id`, `name`, `label`, `data_type`, `html_type`, `text_length`, `is_required`, `weight`, `help_post`, `is_active`, `is_view`, `is_searchable`, `options_per_line`, `column_name`, `option_group_id`, `start_date_years`, `end_date_years`, `date_format`, `time_format` ) VALUES (1, 'Most_Important_Issue', 'Most Important Issue', 'String', 'Radio', 255, 0, 1, '', 1, 0, 1, NULL, 'most_important_issue_1', @option_most_id, NULL, NULL, NULL, NULL), (1, 'Marital_Status', 'Marital Status', 'String', 'Select', 255, 0, 2, '', 1, 0, 1, NULL, 'marital_status_2', @option_marital_id, NULL, NULL, NULL, NULL), (1, 'Marriage_Date', 'Marriage Date', 'Date', 'Select Date', NULL, 0, 3, '', 1, 0, 1, NULL, 'marriage_date_3', NULL, 30, 0, 'mm/dd/yy', 0);


-- /*******************************************************
-- *
-- * create table to store custom values of a custom group
-- *
-- *******************************************************/
DROP TABLE IF EXISTS `civicrm_value_constituent_information_1`;
CREATE TABLE `civicrm_value_constituent_information_1` (`id` int(10) unsigned NOT NULL auto_increment, `entity_id` int(10) unsigned NOT NULL,  `most_important_issue_1` varchar(255) default NULL,  `marital_status_2` varchar(255) default NULL, `marriage_date_3` datetime default NULL, PRIMARY KEY  (`id`), UNIQUE KEY `unique_entity_id` (`entity_id`), INDEX `INDEX_most_important_issue_1` (`most_important_issue_1`), INDEX `INDEX_marital_status_2` (`marital_status_2`), INDEX `INDEX_marriage_date_3` (`marriage_date_3`), CONSTRAINT `FK_civicrm_value_constituent_information_1_entity_id` FOREIGN KEY (`entity_id`) REFERENCES `civicrm_contact` (`id`) ON DELETE CASCADE) ENGINE=InnoDB DEFAULT CHARSET=utf8 COLLATE=utf8_unicode_ci;



-- Fall Fundraiser Dinner participants custom data

INSERT INTO civicrm_option_group  ( name, title, is_active, is_reserved ) VALUES  ('soup_selection', 'Soup Selection', 1, 1);
SELECT @ogid := MAX(id) FROM civicrm_option_group;

INSERT INTO civicrm_custom_group ( name, title,  extends, extends_entity_column_id, extends_entity_column_value, style, is_active, table_name) VALUES ('Food_Preference', 'Food Preference', 'Participant', 2, '1', 'Inline', 1, 'civicrm_value_food_preference_2');
SELECT @cgid := MAX(id) FROM civicrm_custom_group;

INSERT INTO civicrm_custom_field ( custom_group_id, label, name, data_type, html_type, is_active, text_length, note_columns, note_rows, column_name, option_group_id, is_searchable ) VALUES  ( @cgid, 'Soup Selection', 'Soup_Selection', 'String',  'Radio',   1,  255, 60, 4, 'soup_selection_4', @ogid, 1);

INSERT INTO civicrm_option_value ( option_group_id, label, value, name, weight ) VALUES  ( @ogid, 'Bean Broth', 'bean', 'Bean_Broth', 1 ), ( @ogid, 'Chicken Combo', 'chicken', 'Chicken_Combo', 2), ( @ogid, 'Salmon Stew',  'salmon', 'Salmon_Stew',   3);

DROP TABLE IF EXISTS `civicrm_value_food_preference_2`;
CREATE TABLE civicrm_value_food_preference_2 ( id INT(10) UNSIGNED NOT NULL AUTO_INCREMENT COMMENT 'Default MySQL primary key', entity_id INT(10) UNSIGNED NOT NULL COMMENT 'Table that this extends', soup_selection_4 VARCHAR(255) DEFAULT NULL, PRIMARY KEY (id), UNIQUE KEY unique_entity_id (entity_id), CONSTRAINT `FK_civicrm_value_food_preference_2_entity_id` FOREIGN KEY (`entity_id`) REFERENCES `civicrm_participant` (`id`) ON DELETE CASCADE ) ENGINE=InnoDB DEFAULT CHARSET=utf8 COLLATE=utf8_unicode_ci;

-- Donors custom data

INSERT INTO `civicrm_custom_group` (`name`, `title`, `extends`, `extends_entity_column_id`, `extends_entity_column_value`, `style`, `is_active`, `table_name`) VALUES ('Donor_Information', 'Donor Information', 'Contribution', NULL, NULL, 'Inline', 1, 'civicrm_value_donor_information_3');

SELECT @cgid_contribution := MAX(id) FROM civicrm_custom_group;

INSERT INTO civicrm_option_group  ( name, title, is_active ) VALUES ('how_long_have_you_been_a_donor', 'How long have you been a donor?', 1);

SELECT @ogid_contribution := MAX(id) FROM civicrm_option_group;

INSERT INTO `civicrm_custom_field` (`custom_group_id`, `label`, `name`, `data_type`, `html_type`, `is_active`,  `text_length`,`note_columns`, `note_rows`, `column_name`, `option_group_id`) VALUES (@cgid_contribution, 'Known areas of interest', 'Known_areas_of_interest', 'Memo', 'TextArea', 1, 255, 60, 4, 'known_areas_of_interest_5', NULL),(@cgid_contribution, 'How long have you been a donor?', 'How_long_have_you_been_a_donor_', 'String', 'Radio', 1, 255, 60, 4, 'how_long_have_you_been_a_donor_6', @ogid_contribution);

INSERT INTO `civicrm_option_value` (`option_group_id`, `label`, `value`, `name`, `weight`) VALUES (@ogid_contribution, 'Less than 1 year', '1', 'Less_than_1_year', 1), (@ogid_contribution, '1-3 years', '2', '1_3_years', 2),(@ogid_contribution, '4-6 years', '3', '4_6_years', 3),(@ogid_contribution, '7-9 years', '4', '7_9_years', 4),(@ogid_contribution, 'More than 9 years', '5', 'More_than_9_years', 5);

DROP TABLE IF EXISTS `civicrm_value_donor_information_3`;
CREATE TABLE IF NOT EXISTS `civicrm_value_donor_information_3` ( `id` int(10) unsigned NOT NULL AUTO_INCREMENT COMMENT 'Default MySQL primary key',  `entity_id` int(10) unsigned NOT NULL COMMENT 'Table that this extends', `known_areas_of_interest_5` text COLLATE utf8_unicode_ci, `how_long_have_you_been_a_donor_6` varchar(255) COLLATE utf8_unicode_ci DEFAULT NULL, PRIMARY KEY (`id`), UNIQUE KEY `unique_entity_id` (`entity_id`) ) ENGINE=InnoDB DEFAULT CHARSET=utf8 COLLATE=utf8_unicode_ci;
-- /**********************************************************************
-- *
-- * Configuration Data for CiviCase Component
-- * For: Sample Case Types - Housing Support and Adult Day Care Referral
-- *
-- **********************************************************************/

SELECT @caseCompId := id FROM `civicrm_component` where `name` like 'CiviCase';

-- /*******************************************************
-- *
-- * Case Types
-- *
-- *******************************************************/
SELECT @option_group_id_case_type        := max(id) from civicrm_option_group where name = 'case_type';
SELECT @max_val :=  IF ( value <> 'NULL',max(value) , 0 ) from civicrm_option_value where option_group_id=@option_group_id_case_type;
SELECT @max_wt  :=  IF ( value <> 'NULL',max(weight), 0 ) from civicrm_option_value where option_group_id=@option_group_id_case_type;

INSERT INTO `civicrm_option_value` (`option_group_id`, `label`, `value`, `name`, `grouping`, `filter`, `is_default`, `weight`, `description`, `is_optgroup`, `is_reserved`, `is_active`) VALUES (@option_group_id_case_type, 'Housing Support',  @max_val + 1, 'housing_support', NULL, 0,  0, @max_wt + 1, 'Help homeless individuals obtain temporary and long-term housing', 0, 0, 1), (@option_group_id_case_type, 'Adult Day Care Referral',  @max_val + 2, 'adult_day_care_referral', NULL, 0,  0, @max_wt + 2, 'Arranging adult day care for senior individuals', 0, 0, 1);

-- /*******************************************************
-- *
-- * Case Status - Set names for Open and Closed
-- *
-- *******************************************************/
SELECT @csgId        := max(id) from civicrm_option_group where name = 'case_status';
UPDATE civicrm_option_value SET name = 'Open' where option_group_id = @csgId AND label = 'Ongoing';
UPDATE civicrm_option_value SET name = 'Closed' where option_group_id = @csgId AND label = 'Resolved';

-- /*******************************************************
-- *
-- * Activity Types
-- *
-- *******************************************************/
SELECT @option_group_id_activity_type        := max(id) from civicrm_option_group where name = 'activity_type';

SELECT @max_val := MAX(ROUND(op.value)) FROM civicrm_option_value op WHERE op.option_group_id  = @option_group_id_activity_type;

INSERT INTO `civicrm_option_value` (`option_group_id`, `label`, `value`, `name`, `grouping`, `filter`, `is_default`, `weight`, `description`, `is_optgroup`, `is_reserved`, `is_active`, `component_id` ) VALUES (@option_group_id_activity_type, 'Medical evaluation', (SELECT @max_val := @max_val+1), 'Medical evaluation',  NULL, 0,  0, (SELECT @max_val := @max_val+1), '', 0, 0, 1, @caseCompId ), (@option_group_id_activity_type, 'Mental health evaluation', (SELECT @max_val := @max_val+1), 'Mental health evaluation',  NULL, 0,  0, (SELECT @max_val := @max_val+1), '', 0, 0, 1, @caseCompId ), (@option_group_id_activity_type, 'Secure temporary housing', (SELECT @max_val := @max_val+1), 'Secure temporary housing',  NULL, 0,  0, (SELECT @max_val := @max_val+1), '', 0, 0, 1, @caseCompId ), (@option_group_id_activity_type, 'Income and benefits stabilization', (SELECT @max_val := @max_val+1), 'Income and benefits stabilization',  NULL, 0,  0, (SELECT @max_val := @max_val+1), '', 0, 0, 1, @caseCompId ),  (@option_group_id_activity_type, 'Long-term housing plan', (SELECT @max_val := @max_val+1), 'Long-term housing plan',  NULL, 0,  0, (SELECT @max_val := @max_val+1), '', 0, 0, 1, @caseCompId ),  (@option_group_id_activity_type, 'ADC referral', (SELECT @max_val := @max_val+1), 'ADC referral',  NULL, 0,  0, (SELECT @max_val := @max_val+1), '', 0, 0, 1, @caseCompId ); 

-- Get Open Case id so we can add custom fields for this activity type if we need to
SELECT @at1        := max(value) from civicrm_option_value where name = 'Open Case';

-- /*******************************************************
-- *
-- * Relationship Types (Case Roles)
-- *
-- *******************************************************/

INSERT INTO `civicrm_relationship_type` ( name_a_b, label_a_b, name_b_a, label_b_a, description, contact_type_a, contact_type_b, is_reserved, is_active ) VALUES ('Homeless Services Coordinator is', 'Homeless Services Coordinator is', 'Homeless Services Coordinator', 'Homeless Services Coordinator',  'Homeless Services Coordinator', 'Individual', 'Individual', 0, 1), ('Health Services Coordinator is', 'Health Services Coordinator is', 'Health Services Coordinator', 'Health Services Coordinator',  'Health Services Coordinator', 'Individual', 'Individual', 0, 1), ('Senior Services Coordinator is', 'Senior Services Coordinator is', 'Senior Services Coordinator', 'Senior Services Coordinator', 'Senior Services Coordinator', 'Individual', 'Individual', 0, 1), ('Benefits Specialist is', 'Benefits Specialist is', 'Benefits Specialist', 'Benefits Specialist', 'Benefits Specialist', 'Individual', 'Individual', 0, 1);

-- /*******************************************************
-- *
-- * Case Resources Group
-- *
-- *******************************************************/

INSERT INTO `civicrm_group` (`name`, `title`, `description`, `source`, `saved_search_id`, `is_active`, `visibility`, `where_clause`, `select_tables`, `where_tables`, `group_type`, `cache_date`, `parents`, `children`, `is_hidden`) VALUES ('Case_Resources', 'Case Resources', 'Contacts in this group are listed with their phone number and email when viewing case. You also can send copies of case activities to these contacts.', NULL, NULL, 1, 'User and User Admin Only', ' ( `civicrm_group_contact-5`.group_id IN ( 5 ) AND `civicrm_group_contact-5`.status IN ("Added") ) ', 'a:10:{s:15:"civicrm_contact";i:1;s:15:"civicrm_address";i:1;s:22:"civicrm_state_province";i:1;s:15:"civicrm_country";i:1;s:13:"civicrm_email";i:1;s:13:"civicrm_phone";i:1;s:10:"civicrm_im";i:1;s:19:"civicrm_worldregion";i:1;s:25:"`civicrm_group_contact-5`";s:114:" LEFT JOIN civicrm_group_contact `civicrm_group_contact-5` ON contact_a.id = `civicrm_group_contact-5`.contact_id ";s:6:"gender";i:1;}', 'a:2:{s:15:"civicrm_contact";i:1;s:25:"`civicrm_group_contact-5`";s:114:" LEFT JOIN civicrm_group_contact `civicrm_group_contact-5` ON contact_a.id = `civicrm_group_contact-5`.contact_id ";}', '2', NULL, NULL, NULL, 0);
